"region","component","quantity","trait1","trait2","estimate","standard_error","z","p_value","undefined_reason","uncertainty_reason"
"chr10_100241302_100668400","region","h2","GWAS1",NA,2.69373154218362e-05,NA,NA,NA,NA,"Joint HESS uncertainty requires valid regional genetic and total residual parameters"
"chr10_100668400_102949239","region","h2","GWAS1",NA,4.54242395052033e-05,NA,NA,NA,NA,"Joint HESS uncertainty requires valid regional genetic and total residual parameters"
"chr10_10249396_12586797","region","h2","GWAS1",NA,5.40860353538331e-05,NA,NA,NA,NA,"Joint HESS uncertainty requires valid regional genetic and total residual parameters"
"chr10_102949239_104380410","region","h2","GWAS1",NA,7.55923852991663e-05,NA,NA,NA,NA,"Joint HESS uncertainty requires valid regional genetic and total residual parameters"
"chr10_104380410_106695048","region","h2","GWAS1",NA,6.06749151400697e-05,NA,NA,NA,NA,"Joint HESS uncertainty requires valid regional genetic and total residual parameters"
"chr10_106695048_108726686","region","h2","GWAS1",NA,1.32459738303277e-05,NA,NA,NA,NA,"Joint HESS uncertainty requires valid regional genetic and total residual parameters"
"chr10_108726686_110317705","region","h2","GWAS1",NA,4.253097567073e-05,NA,NA,NA,NA,"Joint HESS uncertainty requires valid regional genetic and total residual parameters"
"chr10_110317705_112561493","region","h2","GWAS1",NA,5.29646788356318e-05,NA,NA,NA,NA,"Joint HESS uncertainty requires valid regional genetic and total residual parameters"
"chr10_112561493_115328432","region","h2","GWAS1",NA,0.00177391473374358,NA,NA,NA,NA,"Joint HESS uncertainty requires valid regional genetic and total residual parameters"
"chr10_115328432_116421406","region","h2","GWAS1",NA,-3.62534383174003e-05,NA,NA,NA,NA,"Joint HESS uncertainty requires valid regional genetic and total residual parameters"
"chr10_116421406_119523934","region","h2","GWAS1",NA,1.89132060932962e-05,NA,NA,NA,NA,"Joint HESS uncertainty requires valid regional genetic and total residual parameters"
"chr10_119523934_120591353","region","h2","GWAS1",NA,2.08502994817341e-05,NA,NA,NA,NA,"Joint HESS uncertainty requires valid regional genetic and total residual parameters"
"chr10_120591353_122407323","region","h2","GWAS1",NA,5.55252338324972e-05,NA,NA,NA,NA,"Joint HESS uncertainty requires valid regional genetic and total residual parameters"
"chr10_122407323_123231465","region","h2","GWAS1",NA,7.83750347711566e-05,NA,NA,NA,NA,"Joint HESS uncertainty requires valid regional genetic and total residual parameters"
"chr10_123231465_123900545","region","h2","GWAS1",NA,3.77717211926929e-05,NA,NA,NA,NA,"Joint HESS uncertainty requires valid regional genetic and total residual parameters"
"chr10_123900545_125869346","region","h2","GWAS1",NA,8.80531852355083e-05,NA,NA,NA,NA,"Joint HESS uncertainty requires valid regional genetic and total residual parameters"
"chr10_12586797_13321600","region","h2","GWAS1",NA,-2.87718211534402e-05,NA,NA,NA,NA,"Joint HESS uncertainty requires valid regional genetic and total residual parameters"
"chr10_125869346_128001098","region","h2","GWAS1",NA,-1.29724473095556e-05,NA,NA,NA,NA,"Joint HESS uncertainty requires valid regional genetic and total residual parameters"
"chr10_128001098_129154362","region","h2","GWAS1",NA,7.84424367554995e-05,NA,NA,NA,NA,"Joint HESS uncertainty requires valid regional genetic and total residual parameters"
"chr10_129154362_130844284","region","h2","GWAS1",NA,-2.87043136071411e-05,NA,NA,NA,NA,"Joint HESS uncertainty requires valid regional genetic and total residual parameters"
"chr10_130844284_131741327","region","h2","GWAS1",NA,3.17856327788747e-05,NA,NA,NA,NA,"Joint HESS uncertainty requires valid regional genetic and total residual parameters"
"chr10_131741327_132580245","region","h2","GWAS1",NA,3.5272721549656e-05,NA,NA,NA,NA,"Joint HESS uncertainty requires valid regional genetic and total residual parameters"
"chr10_132580245_134336329","region","h2","GWAS1",NA,-9.38938347324933e-06,NA,NA,NA,NA,"Joint HESS uncertainty requires valid regional genetic and total residual parameters"
"chr10_13321600_15026068","region","h2","GWAS1",NA,3.70159284479752e-05,NA,NA,NA,NA,"Joint HESS uncertainty requires valid regional genetic and total residual parameters"
"chr10_134336329_134494673","region","h2","GWAS1",NA,-1.29986293643151e-05,NA,NA,NA,NA,"Joint HESS uncertainty requires valid regional genetic and total residual parameters"
"chr10_134494673_135523865","region","h2","GWAS1",NA,-2.86168036512121e-05,NA,NA,NA,NA,"Joint HESS uncertainty requires valid regional genetic and total residual parameters"
"chr10_15026068_16551767","region","h2","GWAS1",NA,4.19826887117168e-05,NA,NA,NA,NA,"Joint HESS uncertainty requires valid regional genetic and total residual parameters"
"chr10_1523544_2254500","region","h2","GWAS1",NA,-3.73001807810401e-05,NA,NA,NA,NA,"Joint HESS uncertainty requires valid regional genetic and total residual parameters"
"chr10_16551767_18537267","region","h2","GWAS1",NA,5.00816961159933e-05,NA,NA,NA,NA,"Joint HESS uncertainty requires valid regional genetic and total residual parameters"
"chr10_18537267_19716878","region","h2","GWAS1",NA,-5.72283826097323e-05,NA,NA,NA,NA,"Joint HESS uncertainty requires valid regional genetic and total residual parameters"
"chr10_19716878_22772283","region","h2","GWAS1",NA,-4.79854079962132e-06,NA,NA,NA,NA,"Joint HESS uncertainty requires valid regional genetic and total residual parameters"
"chr10_2254500_3352699","region","h2","GWAS1",NA,-3.37796255797841e-05,NA,NA,NA,NA,"Joint HESS uncertainty requires valid regional genetic and total residual parameters"
"chr10_22772283_23175132","region","h2","GWAS1",NA,2.08543665135631e-05,NA,NA,NA,NA,"Joint HESS uncertainty requires valid regional genetic and total residual parameters"
"chr10_23175132_25578596","region","h2","GWAS1",NA,3.64384620825463e-05,NA,NA,NA,NA,"Joint HESS uncertainty requires valid regional genetic and total residual parameters"
"chr10_25578596_26888684","region","h2","GWAS1",NA,2.84333752975982e-05,NA,NA,NA,NA,"Joint HESS uncertainty requires valid regional genetic and total residual parameters"
"chr10_26888684_29323236","region","h2","GWAS1",NA,2.38365793880337e-06,NA,NA,NA,NA,"Joint HESS uncertainty requires valid regional genetic and total residual parameters"
"chr10_29323236_29783692","region","h2","GWAS1",NA,-1.99889908769803e-05,NA,NA,NA,NA,"Joint HESS uncertainty requires valid regional genetic and total residual parameters"
"chr10_29783692_30458838","region","h2","GWAS1",NA,-2.32061483274585e-05,NA,NA,NA,NA,"Joint HESS uncertainty requires valid regional genetic and total residual parameters"
"chr10_30458838_31907519","region","h2","GWAS1",NA,2.11412443102875e-05,NA,NA,NA,NA,"Joint HESS uncertainty requires valid regional genetic and total residual parameters"
"chr10_31907519_33707968","region","h2","GWAS1",NA,-3.76810494668488e-06,NA,NA,NA,NA,"Joint HESS uncertainty requires valid regional genetic and total residual parameters"
"chr10_3352699_4572274","region","h2","GWAS1",NA,3.90783981360009e-05,NA,NA,NA,NA,"Joint HESS uncertainty requires valid regional genetic and total residual parameters"
"chr10_33707968_35109355","region","h2","GWAS1",NA,8.2487134488913e-05,NA,NA,NA,NA,"Joint HESS uncertainty requires valid regional genetic and total residual parameters"
"chr10_35109355_36572508","region","h2","GWAS1",NA,4.26496880685853e-05,NA,NA,NA,NA,"Joint HESS uncertainty requires valid regional genetic and total residual parameters"
"chr10_36572508_37790029","region","h2","GWAS1",NA,-2.37029677014959e-06,NA,NA,NA,NA,"Joint HESS uncertainty requires valid regional genetic and total residual parameters"
"chr10_37790029_42372579","region","h2","GWAS1",NA,2.86642564268721e-05,NA,NA,NA,NA,"Joint HESS uncertainty requires valid regional genetic and total residual parameters"
"chr10_42372579_43894771","region","h2","GWAS1",NA,3.10518255895658e-06,NA,NA,NA,NA,"Joint HESS uncertainty requires valid regional genetic and total residual parameters"
"chr10_43894771_44730075","region","h2","GWAS1",NA,3.4874469062308e-06,NA,NA,NA,NA,"Joint HESS uncertainty requires valid regional genetic and total residual parameters"
"chr10_44730075_48760450","region","h2","GWAS1",NA,1.73022998239995e-05,NA,NA,NA,NA,"Joint HESS uncertainty requires valid regional genetic and total residual parameters"
"chr10_4572274_5983762","region","h2","GWAS1",NA,8.44932461673315e-06,NA,NA,NA,NA,"Joint HESS uncertainty requires valid regional genetic and total residual parameters"
"chr10_48760450_50840915","region","h2","GWAS1",NA,-1.4927814732963e-05,NA,NA,NA,NA,"Joint HESS uncertainty requires valid regional genetic and total residual parameters"
"chr10_50840915_53616629","region","h2","GWAS1",NA,4.81162717114632e-05,NA,NA,NA,NA,"Joint HESS uncertainty requires valid regional genetic and total residual parameters"
"chr10_53616629_55103572","region","h2","GWAS1",NA,-2.37730508878037e-05,NA,NA,NA,NA,"Joint HESS uncertainty requires valid regional genetic and total residual parameters"
"chr10_55103572_57031140","region","h2","GWAS1",NA,3.41762740880863e-05,NA,NA,NA,NA,"Joint HESS uncertainty requires valid regional genetic and total residual parameters"
"chr10_57031140_57662146","region","h2","GWAS1",NA,-1.15272209598528e-05,NA,NA,NA,NA,"Joint HESS uncertainty requires valid regional genetic and total residual parameters"
"chr10_57662146_58959528","region","h2","GWAS1",NA,-2.17078642864841e-05,NA,NA,NA,NA,"Joint HESS uncertainty requires valid regional genetic and total residual parameters"
"chr10_58959528_60289987","region","h2","GWAS1",NA,-5.41722616722886e-06,NA,NA,NA,NA,"Joint HESS uncertainty requires valid regional genetic and total residual parameters"
"chr10_5983762_7171484","region","h2","GWAS1",NA,-1.6993136521993e-05,NA,NA,NA,NA,"Joint HESS uncertainty requires valid regional genetic and total residual parameters"
"chr10_60289987_61891409","region","h2","GWAS1",NA,-5.68703780157008e-06,NA,NA,NA,NA,"Joint HESS uncertainty requires valid regional genetic and total residual parameters"
"chr10_60523_751339","region","h2","GWAS1",NA,-1.81228289439865e-05,NA,NA,NA,NA,"Joint HESS uncertainty requires valid regional genetic and total residual parameters"
"chr10_61891409_62659679","region","h2","GWAS1",NA,-7.72372077202707e-06,NA,NA,NA,NA,"Joint HESS uncertainty requires valid regional genetic and total residual parameters"
"chr10_62659679_63341695","region","h2","GWAS1",NA,-9.10516665060149e-06,NA,NA,NA,NA,"Joint HESS uncertainty requires valid regional genetic and total residual parameters"
"chr10_63341695_65794114","region","h2","GWAS1",NA,6.74796607960281e-05,NA,NA,NA,NA,"Joint HESS uncertainty requires valid regional genetic and total residual parameters"
"chr10_65794114_67549615","region","h2","GWAS1",NA,-2.40728776467494e-06,NA,NA,NA,NA,"Joint HESS uncertainty requires valid regional genetic and total residual parameters"
"chr10_67549615_69900148","region","h2","GWAS1",NA,-5.94909894715953e-06,NA,NA,NA,NA,"Joint HESS uncertainty requires valid regional genetic and total residual parameters"
"chr10_69900148_70195991","region","h2","GWAS1",NA,7.0947136426484e-05,NA,NA,NA,NA,"Joint HESS uncertainty requires valid regional genetic and total residual parameters"
"chr10_70195991_72220850","region","h2","GWAS1",NA,0.000160483687164731,NA,NA,NA,NA,"Joint HESS uncertainty requires valid regional genetic and total residual parameters"
"chr10_7171484_8774665","region","h2","GWAS1",NA,-1.61036322001905e-05,NA,NA,NA,NA,"Joint HESS uncertainty requires valid regional genetic and total residual parameters"
"chr10_72220850_73508512","region","h2","GWAS1",NA,2.32495267577655e-05,NA,NA,NA,NA,"Joint HESS uncertainty requires valid regional genetic and total residual parameters"
"chr10_73508512_75422550","region","h2","GWAS1",NA,-6.4480545938543e-06,NA,NA,NA,NA,"Joint HESS uncertainty requires valid regional genetic and total residual parameters"
"chr10_751339_1523544","region","h2","GWAS1",NA,-1.36583377664565e-05,NA,NA,NA,NA,"Joint HESS uncertainty requires valid regional genetic and total residual parameters"
"chr10_75422550_78706814","region","h2","GWAS1",NA,7.75031076578919e-05,NA,NA,NA,NA,"Joint HESS uncertainty requires valid regional genetic and total residual parameters"
"chr10_78706814_80876749","region","h2","GWAS1",NA,4.00222230599776e-05,NA,NA,NA,NA,"Joint HESS uncertainty requires valid regional genetic and total residual parameters"
"chr10_80876749_82414679","region","h2","GWAS1",NA,0.000183220867914673,NA,NA,NA,NA,"Joint HESS uncertainty requires valid regional genetic and total residual parameters"
"chr10_82414679_84383745","region","h2","GWAS1",NA,1.08885595313665e-05,NA,NA,NA,NA,"Joint HESS uncertainty requires valid regional genetic and total residual parameters"
"chr10_84383745_85458703","region","h2","GWAS1",NA,3.25927058004888e-05,NA,NA,NA,NA,"Joint HESS uncertainty requires valid regional genetic and total residual parameters"
"chr10_85458703_87937577","region","h2","GWAS1",NA,3.23892109160573e-05,NA,NA,NA,NA,"Joint HESS uncertainty requires valid regional genetic and total residual parameters"
"chr10_8774665_10249396","region","h2","GWAS1",NA,1.51021915424448e-05,NA,NA,NA,NA,"Joint HESS uncertainty requires valid regional genetic and total residual parameters"
"chr10_87937577_89127064","region","h2","GWAS1",NA,5.84162971010901e-05,NA,NA,NA,NA,"Joint HESS uncertainty requires valid regional genetic and total residual parameters"
"chr10_89127064_91013381","region","h2","GWAS1",NA,6.08309811148482e-05,NA,NA,NA,NA,"Joint HESS uncertainty requires valid regional genetic and total residual parameters"
"chr10_91013381_92006581","region","h2","GWAS1",NA,2.04533341990385e-05,NA,NA,NA,NA,"Joint HESS uncertainty requires valid regional genetic and total residual parameters"
"chr10_92006581_93335047","region","h2","GWAS1",NA,-8.18035314688679e-06,NA,NA,NA,NA,"Joint HESS uncertainty requires valid regional genetic and total residual parameters"
"chr10_93335047_95396368","region","h2","GWAS1",NA,0.000396467320620498,NA,NA,NA,NA,"Joint HESS uncertainty requires valid regional genetic and total residual parameters"
"chr10_95396368_96221243","region","h2","GWAS1",NA,-1.94280755395096e-05,NA,NA,NA,NA,"Joint HESS uncertainty requires valid regional genetic and total residual parameters"
"chr10_96221243_97822357","region","h2","GWAS1",NA,-1.30110977610918e-05,NA,NA,NA,NA,"Joint HESS uncertainty requires valid regional genetic and total residual parameters"
"chr10_97822357_100241302","region","h2","GWAS1",NA,5.41962087450438e-05,NA,NA,NA,NA,"Joint HESS uncertainty requires valid regional genetic and total residual parameters"
"chr11_100417169_101331121","region","h2","GWAS1",NA,1.51635447168803e-05,NA,NA,NA,NA,"Joint HESS uncertainty requires valid regional genetic and total residual parameters"
"chr11_101331121_103959636","region","h2","GWAS1",NA,-1.72303535415234e-05,NA,NA,NA,NA,"Joint HESS uncertainty requires valid regional genetic and total residual parameters"
"chr11_103959636_104873284","region","h2","GWAS1",NA,1.10470077716282e-05,NA,NA,NA,NA,"Joint HESS uncertainty requires valid regional genetic and total residual parameters"
"chr11_104873284_106520894","region","h2","GWAS1",NA,4.19025272382331e-06,NA,NA,NA,NA,"Joint HESS uncertainty requires valid regional genetic and total residual parameters"
"chr11_106520894_107844200","region","h2","GWAS1",NA,1.56538630318411e-05,NA,NA,NA,NA,"Joint HESS uncertainty requires valid regional genetic and total residual parameters"
"chr11_107844200_108437037","region","h2","GWAS1",NA,2.67767910588032e-05,NA,NA,NA,NA,"Joint HESS uncertainty requires valid regional genetic and total residual parameters"
"chr11_108437037_109866116","region","h2","GWAS1",NA,6.39218658777314e-08,NA,NA,NA,NA,"Joint HESS uncertainty requires valid regional genetic and total residual parameters"
"chr11_10952027_12564229","region","h2","GWAS1",NA,-1.12218107482667e-05,NA,NA,NA,NA,"Joint HESS uncertainty requires valid regional genetic and total residual parameters"
"chr11_109866116_111114397","region","h2","GWAS1",NA,-6.02453379558374e-06,NA,NA,NA,NA,"Joint HESS uncertainty requires valid regional genetic and total residual parameters"
"chr11_111114397_112459488","region","h2","GWAS1",NA,4.27651083418182e-05,NA,NA,NA,NA,"Joint HESS uncertainty requires valid regional genetic and total residual parameters"
"chr11_112459488_114257728","region","h2","GWAS1",NA,6.79448379288279e-05,NA,NA,NA,NA,"Joint HESS uncertainty requires valid regional genetic and total residual parameters"
"chr11_114257728_114830666","region","h2","GWAS1",NA,3.7677455709174e-05,NA,NA,NA,NA,"Joint HESS uncertainty requires valid regional genetic and total residual parameters"
"chr11_114830666_116383348","region","h2","GWAS1",NA,4.193512776601e-05,NA,NA,NA,NA,"Joint HESS uncertainty requires valid regional genetic and total residual parameters"
"chr11_116383348_117747110","region","h2","GWAS1",NA,3.77762283929718e-05,NA,NA,NA,NA,"Joint HESS uncertainty requires valid regional genetic and total residual parameters"
"chr11_117747110_119215476","region","h2","GWAS1",NA,0.000110625787464091,NA,NA,NA,NA,"Joint HESS uncertainty requires valid regional genetic and total residual parameters"
"chr11_119215476_120766806","region","h2","GWAS1",NA,1.49790194169912e-06,NA,NA,NA,NA,"Joint HESS uncertainty requires valid regional genetic and total residual parameters"
"chr11_120766806_121175943","region","h2","GWAS1",NA,-2.09846238861857e-06,NA,NA,NA,NA,"Joint HESS uncertainty requires valid regional genetic and total residual parameters"
"chr11_121175943_122591910","region","h2","GWAS1",NA,5.45928062007462e-05,NA,NA,NA,NA,"Joint HESS uncertainty requires valid regional genetic and total residual parameters"
"chr11_1213590_3665481","region","h2","GWAS1",NA,0.00021019332486585,NA,NA,NA,NA,"Joint HESS uncertainty requires valid regional genetic and total residual parameters"
"chr11_122591910_123500117","region","h2","GWAS1",NA,-2.05555165087484e-05,NA,NA,NA,NA,"Joint HESS uncertainty requires valid regional genetic and total residual parameters"
"chr11_123500117_124495528","region","h2","GWAS1",NA,-1.8437803882035e-05,NA,NA,NA,NA,"Joint HESS uncertainty requires valid regional genetic and total residual parameters"
"chr11_124495528_126311320","region","h2","GWAS1",NA,3.98832546650638e-05,NA,NA,NA,NA,"Joint HESS uncertainty requires valid regional genetic and total residual parameters"
"chr11_12564229_13373124","region","h2","GWAS1",NA,2.21349292394809e-07,NA,NA,NA,NA,"Joint HESS uncertainty requires valid regional genetic and total residual parameters"
"chr11_126311320_127316679","region","h2","GWAS1",NA,3.52296909240009e-05,NA,NA,NA,NA,"Joint HESS uncertainty requires valid regional genetic and total residual parameters"
"chr11_127316679_128188537","region","h2","GWAS1",NA,9.54834789761528e-05,NA,NA,NA,NA,"Joint HESS uncertainty requires valid regional genetic and total residual parameters"
"chr11_128188537_130342575","region","h2","GWAS1",NA,5.94712457885696e-05,NA,NA,NA,NA,"Joint HESS uncertainty requires valid regional genetic and total residual parameters"
"chr11_130342575_131074612","region","h2","GWAS1",NA,-2.60085233564813e-05,NA,NA,NA,NA,"Joint HESS uncertainty requires valid regional genetic and total residual parameters"
"chr11_131074612_133000046","region","h2","GWAS1",NA,-6.84316045038818e-06,NA,NA,NA,NA,"Joint HESS uncertainty requires valid regional genetic and total residual parameters"
"chr11_133000046_134205993","region","h2","GWAS1",NA,3.81438388877683e-05,NA,NA,NA,NA,"Joint HESS uncertainty requires valid regional genetic and total residual parameters"
"chr11_13373124_15742552","region","h2","GWAS1",NA,-9.54918682079312e-06,NA,NA,NA,NA,"Joint HESS uncertainty requires valid regional genetic and total residual parameters"
"chr11_134205993_134946452","region","h2","GWAS1",NA,9.05479886705162e-06,NA,NA,NA,NA,"Joint HESS uncertainty requires valid regional genetic and total residual parameters"
"chr11_15742552_17578402","region","h2","GWAS1",NA,0.000178952028744784,NA,NA,NA,NA,"Joint HESS uncertainty requires valid regional genetic and total residual parameters"
"chr11_17578402_19569535","region","h2","GWAS1",NA,1.69609493869734e-05,NA,NA,NA,NA,"Joint HESS uncertainty requires valid regional genetic and total residual parameters"
"chr11_19569535_21017138","region","h2","GWAS1",NA,4.71785923295783e-06,NA,NA,NA,NA,"Joint HESS uncertainty requires valid regional genetic and total residual parameters"
"chr11_21017138_22374142","region","h2","GWAS1",NA,-6.30831896535002e-06,NA,NA,NA,NA,"Joint HESS uncertainty requires valid regional genetic and total residual parameters"
"chr11_22374142_24088517","region","h2","GWAS1",NA,9.85989427750895e-06,NA,NA,NA,NA,"Joint HESS uncertainty requires valid regional genetic and total residual parameters"
"chr11_24088517_26045753","region","h2","GWAS1",NA,-2.28428755739728e-05,NA,NA,NA,NA,"Joint HESS uncertainty requires valid regional genetic and total residual parameters"
"chr11_26045753_27020461","region","h2","GWAS1",NA,9.22112987584323e-06,NA,NA,NA,NA,"Joint HESS uncertainty requires valid regional genetic and total residual parameters"
"chr11_27020461_28481593","region","h2","GWAS1",NA,2.67939822101695e-05,NA,NA,NA,NA,"Joint HESS uncertainty requires valid regional genetic and total residual parameters"
"chr11_28481593_30141357","region","h2","GWAS1",NA,2.94524121175228e-05,NA,NA,NA,NA,"Joint HESS uncertainty requires valid regional genetic and total residual parameters"
"chr11_30141357_32276901","region","h2","GWAS1",NA,3.02085251393975e-05,NA,NA,NA,NA,"Joint HESS uncertainty requires valid regional genetic and total residual parameters"
"chr11_32276901_33958739","region","h2","GWAS1",NA,0.000126636485500084,NA,NA,NA,NA,"Joint HESS uncertainty requires valid regional genetic and total residual parameters"
"chr11_33958739_35502605","region","h2","GWAS1",NA,5.66167601601337e-05,NA,NA,NA,NA,"Joint HESS uncertainty requires valid regional genetic and total residual parameters"
"chr11_35502605_37116815","region","h2","GWAS1",NA,-1.82536846230381e-05,NA,NA,NA,NA,"Joint HESS uncertainty requires valid regional genetic and total residual parameters"
"chr11_3665481_4746709","region","h2","GWAS1",NA,-4.86927536643634e-06,NA,NA,NA,NA,"Joint HESS uncertainty requires valid regional genetic and total residual parameters"
"chr11_37116815_39382003","region","h2","GWAS1",NA,-1.44809465424566e-05,NA,NA,NA,NA,"Joint HESS uncertainty requires valid regional genetic and total residual parameters"
"chr11_39382003_42310003","region","h2","GWAS1",NA,-3.13724368156793e-06,NA,NA,NA,NA,"Joint HESS uncertainty requires valid regional genetic and total residual parameters"
"chr11_42310003_44693799","region","h2","GWAS1",NA,9.58482854945453e-05,NA,NA,NA,NA,"Joint HESS uncertainty requires valid regional genetic and total residual parameters"
"chr11_44693799_47006137","region","h2","GWAS1",NA,8.56268339165477e-05,NA,NA,NA,NA,"Joint HESS uncertainty requires valid regional genetic and total residual parameters"
"chr11_47006137_49866050","region","h2","GWAS1",NA,4.25215666341162e-05,NA,NA,NA,NA,"Joint HESS uncertainty requires valid regional genetic and total residual parameters"
"chr11_4746709_6322869","region","h2","GWAS1",NA,8.17302441925785e-06,NA,NA,NA,NA,"Joint HESS uncertainty requires valid regional genetic and total residual parameters"
"chr11_49866050_54695473","region","h2","GWAS1",NA,9.24243638265886e-05,NA,NA,NA,NA,"Joint HESS uncertainty requires valid regional genetic and total residual parameters"
"chr11_54695473_55082657","region","h2","GWAS1",NA,8.86967910959631e-06,NA,NA,NA,NA,"Joint HESS uncertainty requires valid regional genetic and total residual parameters"
"chr11_55082657_58457495","region","h2","GWAS1",NA,5.66916175943838e-05,NA,NA,NA,NA,"Joint HESS uncertainty requires valid regional genetic and total residual parameters"
"chr11_58457495_58780549","region","h2","GWAS1",NA,-1.71211769941935e-05,NA,NA,NA,NA,"Joint HESS uncertainty requires valid regional genetic and total residual parameters"
"chr11_58780549_62223771","region","h2","GWAS1",NA,2.62832487440478e-05,NA,NA,NA,NA,"Joint HESS uncertainty requires valid regional genetic and total residual parameters"
"chr11_62223771_63804569","region","h2","GWAS1",NA,-3.12011148311299e-05,NA,NA,NA,NA,"Joint HESS uncertainty requires valid regional genetic and total residual parameters"
"chr11_6322869_7436701","region","h2","GWAS1",NA,5.64235808338187e-06,NA,NA,NA,NA,"Joint HESS uncertainty requires valid regional genetic and total residual parameters"
"chr11_63804569_65898631","region","h2","GWAS1",NA,9.87723069405379e-05,NA,NA,NA,NA,"Joint HESS uncertainty requires valid regional genetic and total residual parameters"
"chr11_65898631_68005825","region","h2","GWAS1",NA,4.49362482880242e-05,NA,NA,NA,NA,"Joint HESS uncertainty requires valid regional genetic and total residual parameters"
"chr11_68005825_69516130","region","h2","GWAS1",NA,0.000103383176261293,NA,NA,NA,NA,"Joint HESS uncertainty requires valid regional genetic and total residual parameters"
"chr11_69516130_70926292","region","h2","GWAS1",NA,-3.54599139931058e-07,NA,NA,NA,NA,"Joint HESS uncertainty requires valid regional genetic and total residual parameters"
"chr11_70855_1213590","region","h2","GWAS1",NA,-2.52704305285062e-05,NA,NA,NA,NA,"Joint HESS uncertainty requires valid regional genetic and total residual parameters"
"chr11_70926292_72286017","region","h2","GWAS1",NA,3.93813640253393e-05,NA,NA,NA,NA,"Joint HESS uncertainty requires valid regional genetic and total residual parameters"
"chr11_72286017_74412351","region","h2","GWAS1",NA,0.000171728766327694,NA,NA,NA,NA,"Joint HESS uncertainty requires valid regional genetic and total residual parameters"
"chr11_7436701_8333274","region","h2","GWAS1",NA,-1.07175160551689e-05,NA,NA,NA,NA,"Joint HESS uncertainty requires valid regional genetic and total residual parameters"
"chr11_74412351_76797209","region","h2","GWAS1",NA,6.2946949348952e-05,NA,NA,NA,NA,"Joint HESS uncertainty requires valid regional genetic and total residual parameters"
"chr11_76797209_78355058","region","h2","GWAS1",NA,2.95424492941598e-05,NA,NA,NA,NA,"Joint HESS uncertainty requires valid regional genetic and total residual parameters"
"chr11_78355058_80722373","region","h2","GWAS1",NA,-6.224427116912e-06,NA,NA,NA,NA,"Joint HESS uncertainty requires valid regional genetic and total residual parameters"
"chr11_80722373_81266712","region","h2","GWAS1",NA,6.28986772281771e-06,NA,NA,NA,NA,"Joint HESS uncertainty requires valid regional genetic and total residual parameters"
"chr11_81266712_84381272","region","h2","GWAS1",NA,3.12336846318365e-05,NA,NA,NA,NA,"Joint HESS uncertainty requires valid regional genetic and total residual parameters"
"chr11_8333274_9087317","region","h2","GWAS1",NA,1.44038794246427e-05,NA,NA,NA,NA,"Joint HESS uncertainty requires valid regional genetic and total residual parameters"
"chr11_84381272_86619301","region","h2","GWAS1",NA,3.47576416564336e-05,NA,NA,NA,NA,"Joint HESS uncertainty requires valid regional genetic and total residual parameters"
"chr11_86619301_87430235","region","h2","GWAS1",NA,9.46508988062441e-06,NA,NA,NA,NA,"Joint HESS uncertainty requires valid regional genetic and total residual parameters"
"chr11_87430235_89208936","region","h2","GWAS1",NA,1.12773314667486e-05,NA,NA,NA,NA,"Joint HESS uncertainty requires valid regional genetic and total residual parameters"
"chr11_89208936_90966490","region","h2","GWAS1",NA,2.03053064035082e-05,NA,NA,NA,NA,"Joint HESS uncertainty requires valid regional genetic and total residual parameters"
"chr11_9087317_10952027","region","h2","GWAS1",NA,3.34956142442673e-05,NA,NA,NA,NA,"Joint HESS uncertainty requires valid regional genetic and total residual parameters"
"chr11_90966490_92077144","region","h2","GWAS1",NA,9.96636881835798e-06,NA,NA,NA,NA,"Joint HESS uncertainty requires valid regional genetic and total residual parameters"
"chr11_92077144_93276157","region","h2","GWAS1",NA,0.000227534471672013,NA,NA,NA,NA,"Joint HESS uncertainty requires valid regional genetic and total residual parameters"
"chr11_93276157_94242260","region","h2","GWAS1",NA,7.95160114076617e-06,NA,NA,NA,NA,"Joint HESS uncertainty requires valid regional genetic and total residual parameters"
"chr11_94242260_95726041","region","h2","GWAS1",NA,6.42928088795133e-05,NA,NA,NA,NA,"Joint HESS uncertainty requires valid regional genetic and total residual parameters"
"chr11_95726041_97057058","region","h2","GWAS1",NA,3.8548768491207e-07,NA,NA,NA,NA,"Joint HESS uncertainty requires valid regional genetic and total residual parameters"
"chr11_97057058_98705065","region","h2","GWAS1",NA,-1.13929570203661e-05,NA,NA,NA,NA,"Joint HESS uncertainty requires valid regional genetic and total residual parameters"
"chr11_98705065_100417169","region","h2","GWAS1",NA,5.83189102658552e-05,NA,NA,NA,NA,"Joint HESS uncertainty requires valid regional genetic and total residual parameters"
"chr12_101447641_101862690","region","h2","GWAS1",NA,-3.25703623943617e-05,NA,NA,NA,NA,"Joint HESS uncertainty requires valid regional genetic and total residual parameters"
"chr12_101862690_102964986","region","h2","GWAS1",NA,1.73405913292543e-05,NA,NA,NA,NA,"Joint HESS uncertainty requires valid regional genetic and total residual parameters"
"chr12_102964986_104848696","region","h2","GWAS1",NA,-3.28601288155663e-06,NA,NA,NA,NA,"Joint HESS uncertainty requires valid regional genetic and total residual parameters"
"chr12_10481534_11754846","region","h2","GWAS1",NA,1.83455346693397e-07,NA,NA,NA,NA,"Joint HESS uncertainty requires valid regional genetic and total residual parameters"
"chr12_104848696_106436213","region","h2","GWAS1",NA,2.76391437318352e-05,NA,NA,NA,NA,"Joint HESS uncertainty requires valid regional genetic and total residual parameters"
"chr12_106436213_106958748","region","h2","GWAS1",NA,-2.66455939716492e-06,NA,NA,NA,NA,"Joint HESS uncertainty requires valid regional genetic and total residual parameters"
"chr12_106958748_109025901","region","h2","GWAS1",NA,2.90788595941558e-05,NA,NA,NA,NA,"Joint HESS uncertainty requires valid regional genetic and total residual parameters"
"chr12_1080331_2544786","region","h2","GWAS1",NA,7.74462412752069e-06,NA,NA,NA,NA,"Joint HESS uncertainty requires valid regional genetic and total residual parameters"
"chr12_109025901_110336719","region","h2","GWAS1",NA,3.40549261549986e-05,NA,NA,NA,NA,"Joint HESS uncertainty requires valid regional genetic and total residual parameters"
"chr12_110336719_113263518","region","h2","GWAS1",NA,2.73046569252583e-05,NA,NA,NA,NA,"Joint HESS uncertainty requires valid regional genetic and total residual parameters"
"chr12_113263518_113986709","region","h2","GWAS1",NA,7.18093013207137e-07,NA,NA,NA,NA,"Joint HESS uncertainty requires valid regional genetic and total residual parameters"
"chr12_113986709_115036602","region","h2","GWAS1",NA,2.20368765498324e-05,NA,NA,NA,NA,"Joint HESS uncertainty requires valid regional genetic and total residual parameters"
"chr12_115036602_115503216","region","h2","GWAS1",NA,-1.00185473171974e-05,NA,NA,NA,NA,"Joint HESS uncertainty requires valid regional genetic and total residual parameters"
"chr12_115503216_117087471","region","h2","GWAS1",NA,2.37467662039125e-05,NA,NA,NA,NA,"Joint HESS uncertainty requires valid regional genetic and total residual parameters"
"chr12_117087471_118135375","region","h2","GWAS1",NA,6.71919829406841e-05,NA,NA,NA,NA,"Joint HESS uncertainty requires valid regional genetic and total residual parameters"
"chr12_11754846_12733528","region","h2","GWAS1",NA,1.16322710934786e-05,NA,NA,NA,NA,"Joint HESS uncertainty requires valid regional genetic and total residual parameters"
"chr12_118135375_119754110","region","h2","GWAS1",NA,5.15127240969527e-05,NA,NA,NA,NA,"Joint HESS uncertainty requires valid regional genetic and total residual parameters"
"chr12_119754110_122007651","region","h2","GWAS1",NA,0.000330171710271918,NA,NA,NA,NA,"Joint HESS uncertainty requires valid regional genetic and total residual parameters"
"chr12_122007651_124977980","region","h2","GWAS1",NA,6.89518887537846e-05,NA,NA,NA,NA,"Joint HESS uncertainty requires valid regional genetic and total residual parameters"
"chr12_124977980_126445505","region","h2","GWAS1",NA,-7.29447137798535e-06,NA,NA,NA,NA,"Joint HESS uncertainty requires valid regional genetic and total residual parameters"
"chr12_126445505_127875098","region","h2","GWAS1",NA,-3.90398888204117e-06,NA,NA,NA,NA,"Joint HESS uncertainty requires valid regional genetic and total residual parameters"
"chr12_12733528_15241484","region","h2","GWAS1",NA,5.13935757910349e-06,NA,NA,NA,NA,"Joint HESS uncertainty requires valid regional genetic and total residual parameters"
"chr12_127875098_129237297","region","h2","GWAS1",NA,-3.34015801279654e-06,NA,NA,NA,NA,"Joint HESS uncertainty requires valid regional genetic and total residual parameters"
"chr12_129237297_130377921","region","h2","GWAS1",NA,1.31893928489708e-05,NA,NA,NA,NA,"Joint HESS uncertainty requires valid regional genetic and total residual parameters"
"chr12_130377921_131786751","region","h2","GWAS1",NA,-4.73684044255652e-06,NA,NA,NA,NA,"Joint HESS uncertainty requires valid regional genetic and total residual parameters"
"chr12_131786751_132807034","region","h2","GWAS1",NA,1.80377452647332e-06,NA,NA,NA,NA,"Joint HESS uncertainty requires valid regional genetic and total residual parameters"
"chr12_132807034_133841511","region","h2","GWAS1",NA,0.00012198787757686,NA,NA,NA,NA,"Joint HESS uncertainty requires valid regional genetic and total residual parameters"
"chr12_15241484_16310460","region","h2","GWAS1",NA,1.27196246416342e-05,NA,NA,NA,NA,"Joint HESS uncertainty requires valid regional genetic and total residual parameters"
"chr12_16310460_18087873","region","h2","GWAS1",NA,2.94698375895311e-05,NA,NA,NA,NA,"Joint HESS uncertainty requires valid regional genetic and total residual parameters"
"chr12_18087873_20863943","region","h2","GWAS1",NA,8.37972369691806e-06,NA,NA,NA,NA,"Joint HESS uncertainty requires valid regional genetic and total residual parameters"
"chr12_20863943_23820634","region","h2","GWAS1",NA,3.06888224910569e-05,NA,NA,NA,NA,"Joint HESS uncertainty requires valid regional genetic and total residual parameters"
"chr12_23820634_25371083","region","h2","GWAS1",NA,2.73660606098328e-05,NA,NA,NA,NA,"Joint HESS uncertainty requires valid regional genetic and total residual parameters"
"chr12_25371083_27799773","region","h2","GWAS1",NA,6.12044278654527e-05,NA,NA,NA,NA,"Joint HESS uncertainty requires valid regional genetic and total residual parameters"
"chr12_2544786_3677037","region","h2","GWAS1",NA,4.78258816092373e-05,NA,NA,NA,NA,"Joint HESS uncertainty requires valid regional genetic and total residual parameters"
"chr12_27799773_29651255","region","h2","GWAS1",NA,0.000135105423530504,NA,NA,NA,NA,"Joint HESS uncertainty requires valid regional genetic and total residual parameters"
"chr12_29651255_30512406","region","h2","GWAS1",NA,2.47978437820801e-05,NA,NA,NA,NA,"Joint HESS uncertainty requires valid regional genetic and total residual parameters"
"chr12_30512406_32165592","region","h2","GWAS1",NA,5.96966576700682e-05,NA,NA,NA,NA,"Joint HESS uncertainty requires valid regional genetic and total residual parameters"
"chr12_32165592_33076989","region","h2","GWAS1",NA,2.73175865837505e-05,NA,NA,NA,NA,"Joint HESS uncertainty requires valid regional genetic and total residual parameters"
"chr12_33076989_37856717","region","h2","GWAS1",NA,4.49576741041291e-05,NA,NA,NA,NA,"Joint HESS uncertainty requires valid regional genetic and total residual parameters"
"chr12_3677037_4417679","region","h2","GWAS1",NA,0.000185225127887271,NA,NA,NA,NA,"Joint HESS uncertainty requires valid regional genetic and total residual parameters"
"chr12_37856717_39227169","region","h2","GWAS1",NA,-2.01192823501513e-06,NA,NA,NA,NA,"Joint HESS uncertainty requires valid regional genetic and total residual parameters"
"chr12_39227169_40816185","region","h2","GWAS1",NA,5.10370704824069e-05,NA,NA,NA,NA,"Joint HESS uncertainty requires valid regional genetic and total residual parameters"
"chr12_40816185_41658586","region","h2","GWAS1",NA,-2.4173437830947e-05,NA,NA,NA,NA,"Joint HESS uncertainty requires valid regional genetic and total residual parameters"
"chr12_41658586_43984474","region","h2","GWAS1",NA,5.43165588028662e-05,NA,NA,NA,NA,"Joint HESS uncertainty requires valid regional genetic and total residual parameters"
"chr12_43984474_46024229","region","h2","GWAS1",NA,3.73093573465897e-06,NA,NA,NA,NA,"Joint HESS uncertainty requires valid regional genetic and total residual parameters"
"chr12_4417679_5321472","region","h2","GWAS1",NA,9.25329285058035e-06,NA,NA,NA,NA,"Joint HESS uncertainty requires valid regional genetic and total residual parameters"
"chr12_46024229_47714793","region","h2","GWAS1",NA,2.47804879388291e-05,NA,NA,NA,NA,"Joint HESS uncertainty requires valid regional genetic and total residual parameters"
"chr12_47714793_49001866","region","h2","GWAS1",NA,2.77036488992552e-05,NA,NA,NA,NA,"Joint HESS uncertainty requires valid regional genetic and total residual parameters"
"chr12_49001866_51776494","region","h2","GWAS1",NA,4.70893759349438e-05,NA,NA,NA,NA,"Joint HESS uncertainty requires valid regional genetic and total residual parameters"
"chr12_51776494_53039004","region","h2","GWAS1",NA,8.2511333047731e-05,NA,NA,NA,NA,"Joint HESS uncertainty requires valid regional genetic and total residual parameters"
"chr12_53039004_54778823","region","h2","GWAS1",NA,4.72147504491512e-05,NA,NA,NA,NA,"Joint HESS uncertainty requires valid regional genetic and total residual parameters"
"chr12_5321472_6419753","region","h2","GWAS1",NA,6.33530609614821e-06,NA,NA,NA,NA,"Joint HESS uncertainty requires valid regional genetic and total residual parameters"
"chr12_54778823_55665837","region","h2","GWAS1",NA,1.42414496265888e-05,NA,NA,NA,NA,"Joint HESS uncertainty requires valid regional genetic and total residual parameters"
"chr12_55665837_57548860","region","h2","GWAS1",NA,4.59668059221778e-05,NA,NA,NA,NA,"Joint HESS uncertainty requires valid regional genetic and total residual parameters"
"chr12_57548860_59308666","region","h2","GWAS1",NA,-9.76613565142066e-07,NA,NA,NA,NA,"Joint HESS uncertainty requires valid regional genetic and total residual parameters"
"chr12_59308666_61123729","region","h2","GWAS1",NA,1.34312171342331e-05,NA,NA,NA,NA,"Joint HESS uncertainty requires valid regional genetic and total residual parameters"
"chr12_61107_1080331","region","h2","GWAS1",NA,-2.31428153510441e-06,NA,NA,NA,NA,"Joint HESS uncertainty requires valid regional genetic and total residual parameters"
"chr12_61123729_64032461","region","h2","GWAS1",NA,6.89640970565878e-05,NA,NA,NA,NA,"Joint HESS uncertainty requires valid regional genetic and total residual parameters"
"chr12_64032461_65559695","region","h2","GWAS1",NA,3.86445942038649e-05,NA,NA,NA,NA,"Joint HESS uncertainty requires valid regional genetic and total residual parameters"
"chr12_6419753_8377536","region","h2","GWAS1",NA,9.92093395678376e-06,NA,NA,NA,NA,"Joint HESS uncertainty requires valid regional genetic and total residual parameters"
"chr12_65559695_67181144","region","h2","GWAS1",NA,0.000231302033461732,NA,NA,NA,NA,"Joint HESS uncertainty requires valid regional genetic and total residual parameters"
"chr12_67181144_67909729","region","h2","GWAS1",NA,3.3726788911802e-05,NA,NA,NA,NA,"Joint HESS uncertainty requires valid regional genetic and total residual parameters"
"chr12_67909729_69826542","region","h2","GWAS1",NA,4.50266747040753e-08,NA,NA,NA,NA,"Joint HESS uncertainty requires valid regional genetic and total residual parameters"
"chr12_69826542_70957987","region","h2","GWAS1",NA,6.38205349295152e-06,NA,NA,NA,NA,"Joint HESS uncertainty requires valid regional genetic and total residual parameters"
"chr12_70957987_72645075","region","h2","GWAS1",NA,0.000121662079864973,NA,NA,NA,NA,"Joint HESS uncertainty requires valid regional genetic and total residual parameters"
"chr12_72645075_73818454","region","h2","GWAS1",NA,-1.71202141695497e-05,NA,NA,NA,NA,"Joint HESS uncertainty requires valid regional genetic and total residual parameters"
"chr12_73818454_76511314","region","h2","GWAS1",NA,5.36532671533469e-05,NA,NA,NA,NA,"Joint HESS uncertainty requires valid regional genetic and total residual parameters"
"chr12_76511314_78570570","region","h2","GWAS1",NA,3.16726598510488e-05,NA,NA,NA,NA,"Joint HESS uncertainty requires valid regional genetic and total residual parameters"
"chr12_78570570_80448150","region","h2","GWAS1",NA,1.83483071453921e-05,NA,NA,NA,NA,"Joint HESS uncertainty requires valid regional genetic and total residual parameters"
"chr12_80448150_81467767","region","h2","GWAS1",NA,-1.69675790409461e-05,NA,NA,NA,NA,"Joint HESS uncertainty requires valid regional genetic and total residual parameters"
"chr12_81467767_83502666","region","h2","GWAS1",NA,3.59983497111713e-05,NA,NA,NA,NA,"Joint HESS uncertainty requires valid regional genetic and total residual parameters"
"chr12_83502666_84303844","region","h2","GWAS1",NA,-3.51487523337323e-05,NA,NA,NA,NA,"Joint HESS uncertainty requires valid regional genetic and total residual parameters"
"chr12_84303844_85990426","region","h2","GWAS1",NA,-9.80150914414879e-06,NA,NA,NA,NA,"Joint HESS uncertainty requires valid regional genetic and total residual parameters"
"chr12_85990426_89682122","region","h2","GWAS1",NA,-3.61129189821542e-05,NA,NA,NA,NA,"Joint HESS uncertainty requires valid regional genetic and total residual parameters"
"chr12_89682122_92066155","region","h2","GWAS1",NA,5.59649210759803e-05,NA,NA,NA,NA,"Joint HESS uncertainty requires valid regional genetic and total residual parameters"
"chr12_9031395_10481534","region","h2","GWAS1",NA,-1.23971463692994e-05,NA,NA,NA,NA,"Joint HESS uncertainty requires valid regional genetic and total residual parameters"
"chr12_92066155_94514567","region","h2","GWAS1",NA,3.40060769126244e-05,NA,NA,NA,NA,"Joint HESS uncertainty requires valid regional genetic and total residual parameters"
"chr12_94514567_96020785","region","h2","GWAS1",NA,6.48686409631564e-05,NA,NA,NA,NA,"Joint HESS uncertainty requires valid regional genetic and total residual parameters"
"chr12_96020785_97108839","region","h2","GWAS1",NA,3.13623492056161e-05,NA,NA,NA,NA,"Joint HESS uncertainty requires valid regional genetic and total residual parameters"
"chr12_97108839_99305987","region","h2","GWAS1",NA,7.07632112893851e-05,NA,NA,NA,NA,"Joint HESS uncertainty requires valid regional genetic and total residual parameters"
"chr12_99305987_101447641","region","h2","GWAS1",NA,3.24441835596869e-06,NA,NA,NA,NA,"Joint HESS uncertainty requires valid regional genetic and total residual parameters"
"chr13_100574095_102300523","region","h2","GWAS1",NA,-1.40862803299307e-05,NA,NA,NA,NA,"Joint HESS uncertainty requires valid regional genetic and total residual parameters"
"chr13_102300523_104066710","region","h2","GWAS1",NA,-1.44990849612461e-05,NA,NA,NA,NA,"Joint HESS uncertainty requires valid regional genetic and total residual parameters"
"chr13_104066710_104844114","region","h2","GWAS1",NA,1.7238159693533e-05,NA,NA,NA,NA,"Joint HESS uncertainty requires valid regional genetic and total residual parameters"
"chr13_104844114_106247554","region","h2","GWAS1",NA,-6.78306800820855e-06,NA,NA,NA,NA,"Joint HESS uncertainty requires valid regional genetic and total residual parameters"
"chr13_106247554_106750000","region","h2","GWAS1",NA,9.9216434104402e-06,NA,NA,NA,NA,"Joint HESS uncertainty requires valid regional genetic and total residual parameters"
"chr13_106750000_108189877","region","h2","GWAS1",NA,3.40260634819197e-05,NA,NA,NA,NA,"Joint HESS uncertainty requires valid regional genetic and total residual parameters"
"chr13_108189877_109121210","region","h2","GWAS1",NA,-1.14460022902004e-05,NA,NA,NA,NA,"Joint HESS uncertainty requires valid regional genetic and total residual parameters"
"chr13_109121210_109815112","region","h2","GWAS1",NA,2.70411682060168e-05,NA,NA,NA,NA,"Joint HESS uncertainty requires valid regional genetic and total residual parameters"
"chr13_109815112_111232073","region","h2","GWAS1",NA,6.87790158205234e-05,NA,NA,NA,NA,"Joint HESS uncertainty requires valid regional genetic and total residual parameters"
"chr13_111232073_112247592","region","h2","GWAS1",NA,1.11884559371492e-05,NA,NA,NA,NA,"Joint HESS uncertainty requires valid regional genetic and total residual parameters"
"chr13_112247592_113572488","region","h2","GWAS1",NA,-2.3379461157981e-05,NA,NA,NA,NA,"Joint HESS uncertainty requires valid regional genetic and total residual parameters"
"chr13_113572488_115109853","region","h2","GWAS1",NA,-8.45848092162737e-07,NA,NA,NA,NA,"Joint HESS uncertainty requires valid regional genetic and total residual parameters"
"chr13_19020013_20686720","region","h2","GWAS1",NA,-4.81411303603138e-06,NA,NA,NA,NA,"Joint HESS uncertainty requires valid regional genetic and total residual parameters"
"chr13_20686720_22242174","region","h2","GWAS1",NA,-6.98742359032892e-06,NA,NA,NA,NA,"Joint HESS uncertainty requires valid regional genetic and total residual parameters"
"chr13_22242174_23594702","region","h2","GWAS1",NA,4.03176114292096e-05,NA,NA,NA,NA,"Joint HESS uncertainty requires valid regional genetic and total residual parameters"
"chr13_23594702_24531937","region","h2","GWAS1",NA,2.59218031870238e-05,NA,NA,NA,NA,"Joint HESS uncertainty requires valid regional genetic and total residual parameters"
"chr13_24531937_25784362","region","h2","GWAS1",NA,-1.94798505442301e-05,NA,NA,NA,NA,"Joint HESS uncertainty requires valid regional genetic and total residual parameters"
"chr13_25784362_27284362","region","h2","GWAS1",NA,0.00012893472752967,NA,NA,NA,NA,"Joint HESS uncertainty requires valid regional genetic and total residual parameters"
"chr13_27284362_29257551","region","h2","GWAS1",NA,6.07034437369499e-05,NA,NA,NA,NA,"Joint HESS uncertainty requires valid regional genetic and total residual parameters"
"chr13_29257551_30483267","region","h2","GWAS1",NA,-3.17344171994176e-06,NA,NA,NA,NA,"Joint HESS uncertainty requires valid regional genetic and total residual parameters"
"chr13_30483267_32301815","region","h2","GWAS1",NA,3.85121677464394e-05,NA,NA,NA,NA,"Joint HESS uncertainty requires valid regional genetic and total residual parameters"
"chr13_32301815_33776903","region","h2","GWAS1",NA,0.000115941450901525,NA,NA,NA,NA,"Joint HESS uncertainty requires valid regional genetic and total residual parameters"
"chr13_33776903_35026464","region","h2","GWAS1",NA,-2.96260113573495e-05,NA,NA,NA,NA,"Joint HESS uncertainty requires valid regional genetic and total residual parameters"
"chr13_35026464_36046367","region","h2","GWAS1",NA,5.1748516789212e-05,NA,NA,NA,NA,"Joint HESS uncertainty requires valid regional genetic and total residual parameters"
"chr13_36046367_37498185","region","h2","GWAS1",NA,4.88488787336188e-05,NA,NA,NA,NA,"Joint HESS uncertainty requires valid regional genetic and total residual parameters"
"chr13_37498185_38878163","region","h2","GWAS1",NA,4.84152184920391e-05,NA,NA,NA,NA,"Joint HESS uncertainty requires valid regional genetic and total residual parameters"
"chr13_38878163_41069263","region","h2","GWAS1",NA,3.00962493962533e-05,NA,NA,NA,NA,"Joint HESS uncertainty requires valid regional genetic and total residual parameters"
"chr13_41069263_43101027","region","h2","GWAS1",NA,4.4132285453115e-05,NA,NA,NA,NA,"Joint HESS uncertainty requires valid regional genetic and total residual parameters"
"chr13_43101027_44901409","region","h2","GWAS1",NA,5.00475940725498e-05,NA,NA,NA,NA,"Joint HESS uncertainty requires valid regional genetic and total residual parameters"
"chr13_44901409_46495214","region","h2","GWAS1",NA,2.93482351886815e-05,NA,NA,NA,NA,"Joint HESS uncertainty requires valid regional genetic and total residual parameters"
"chr13_46495214_47431079","region","h2","GWAS1",NA,2.6798294419491e-05,NA,NA,NA,NA,"Joint HESS uncertainty requires valid regional genetic and total residual parameters"
"chr13_47431079_49383962","region","h2","GWAS1",NA,7.36475904168283e-06,NA,NA,NA,NA,"Joint HESS uncertainty requires valid regional genetic and total residual parameters"
"chr13_49383962_51591091","region","h2","GWAS1",NA,7.02434610080366e-05,NA,NA,NA,NA,"Joint HESS uncertainty requires valid regional genetic and total residual parameters"
"chr13_51591091_53339622","region","h2","GWAS1",NA,-2.92447843713544e-05,NA,NA,NA,NA,"Joint HESS uncertainty requires valid regional genetic and total residual parameters"
"chr13_53339622_54682864","region","h2","GWAS1",NA,2.24427386592415e-05,NA,NA,NA,NA,"Joint HESS uncertainty requires valid regional genetic and total residual parameters"
"chr13_54682864_55817131","region","h2","GWAS1",NA,4.86756879591597e-05,NA,NA,NA,NA,"Joint HESS uncertainty requires valid regional genetic and total residual parameters"
"chr13_55817131_57554217","region","h2","GWAS1",NA,3.52000563107827e-05,NA,NA,NA,NA,"Joint HESS uncertainty requires valid regional genetic and total residual parameters"
"chr13_57554217_58410626","region","h2","GWAS1",NA,4.1133464955498e-05,NA,NA,NA,NA,"Joint HESS uncertainty requires valid regional genetic and total residual parameters"
"chr13_58410626_59302271","region","h2","GWAS1",NA,3.69829018450679e-05,NA,NA,NA,NA,"Joint HESS uncertainty requires valid regional genetic and total residual parameters"
"chr13_59302271_60854778","region","h2","GWAS1",NA,-1.74396371703945e-05,NA,NA,NA,NA,"Joint HESS uncertainty requires valid regional genetic and total residual parameters"
"chr13_60854778_61591949","region","h2","GWAS1",NA,5.72159519056621e-06,NA,NA,NA,NA,"Joint HESS uncertainty requires valid regional genetic and total residual parameters"
"chr13_61591949_63971559","region","h2","GWAS1",NA,-1.324042494469e-05,NA,NA,NA,NA,"Joint HESS uncertainty requires valid regional genetic and total residual parameters"
"chr13_63971559_65200602","region","h2","GWAS1",NA,2.8199767433533e-06,NA,NA,NA,NA,"Joint HESS uncertainty requires valid regional genetic and total residual parameters"
"chr13_65200602_67844453","region","h2","GWAS1",NA,7.45019907651163e-05,NA,NA,NA,NA,"Joint HESS uncertainty requires valid regional genetic and total residual parameters"
"chr13_67844453_70724516","region","h2","GWAS1",NA,2.39191756742258e-05,NA,NA,NA,NA,"Joint HESS uncertainty requires valid regional genetic and total residual parameters"
"chr13_70724516_71526791","region","h2","GWAS1",NA,2.00906347097083e-06,NA,NA,NA,NA,"Joint HESS uncertainty requires valid regional genetic and total residual parameters"
"chr13_71526791_73934089","region","h2","GWAS1",NA,3.40262270908427e-05,NA,NA,NA,NA,"Joint HESS uncertainty requires valid regional genetic and total residual parameters"
"chr13_73934089_75670143","region","h2","GWAS1",NA,-1.89874250878487e-05,NA,NA,NA,NA,"Joint HESS uncertainty requires valid regional genetic and total residual parameters"
"chr13_75670143_77410555","region","h2","GWAS1",NA,4.33629006589494e-05,NA,NA,NA,NA,"Joint HESS uncertainty requires valid regional genetic and total residual parameters"
"chr13_77410555_78808813","region","h2","GWAS1",NA,8.19424774999857e-05,NA,NA,NA,NA,"Joint HESS uncertainty requires valid regional genetic and total residual parameters"
"chr13_78808813_80585676","region","h2","GWAS1",NA,3.75982889861823e-05,NA,NA,NA,NA,"Joint HESS uncertainty requires valid regional genetic and total residual parameters"
"chr13_80585676_82581814","region","h2","GWAS1",NA,0.000154073472244565,NA,NA,NA,NA,"Joint HESS uncertainty requires valid regional genetic and total residual parameters"
"chr13_82581814_84133144","region","h2","GWAS1",NA,1.43274547116511e-05,NA,NA,NA,NA,"Joint HESS uncertainty requires valid regional genetic and total residual parameters"
"chr13_84133144_85610916","region","h2","GWAS1",NA,9.76170933510616e-06,NA,NA,NA,NA,"Joint HESS uncertainty requires valid regional genetic and total residual parameters"
"chr13_85610916_88559882","region","h2","GWAS1",NA,1.45044646437161e-05,NA,NA,NA,NA,"Joint HESS uncertainty requires valid regional genetic and total residual parameters"
"chr13_88559882_90521311","region","h2","GWAS1",NA,6.96622734177419e-06,NA,NA,NA,NA,"Joint HESS uncertainty requires valid regional genetic and total residual parameters"
"chr13_90521311_93129691","region","h2","GWAS1",NA,6.12497921554239e-05,NA,NA,NA,NA,"Joint HESS uncertainty requires valid regional genetic and total residual parameters"
"chr13_93129691_93586455","region","h2","GWAS1",NA,-7.46537221820003e-06,NA,NA,NA,NA,"Joint HESS uncertainty requires valid regional genetic and total residual parameters"
"chr13_93586455_96087558","region","h2","GWAS1",NA,8.26264624311621e-05,NA,NA,NA,NA,"Joint HESS uncertainty requires valid regional genetic and total residual parameters"
"chr13_96087558_97519210","region","h2","GWAS1",NA,2.53217985511253e-05,NA,NA,NA,NA,"Joint HESS uncertainty requires valid regional genetic and total residual parameters"
"chr13_97519210_98938919","region","h2","GWAS1",NA,2.46973231885482e-05,NA,NA,NA,NA,"Joint HESS uncertainty requires valid regional genetic and total residual parameters"
"chr13_98938919_100574095","region","h2","GWAS1",NA,3.23457867740668e-05,NA,NA,NA,NA,"Joint HESS uncertainty requires valid regional genetic and total residual parameters"
"chr14_101534307_103012102","region","h2","GWAS1",NA,5.52135474999965e-05,NA,NA,NA,NA,"Joint HESS uncertainty requires valid regional genetic and total residual parameters"
"chr14_103012102_105001723","region","h2","GWAS1",NA,5.36354086722411e-05,NA,NA,NA,NA,"Joint HESS uncertainty requires valid regional genetic and total residual parameters"
"chr14_105001723_106340358","region","h2","GWAS1",NA,-3.05597553450459e-06,NA,NA,NA,NA,"Joint HESS uncertainty requires valid regional genetic and total residual parameters"
"chr14_106340358_107289454","region","h2","GWAS1",NA,-5.82461296002187e-06,NA,NA,NA,NA,"Joint HESS uncertainty requires valid regional genetic and total residual parameters"
"chr14_19002084_21589402","region","h2","GWAS1",NA,-7.42742518401309e-06,NA,NA,NA,NA,"Joint HESS uncertainty requires valid regional genetic and total residual parameters"
"chr14_21589402_23018665","region","h2","GWAS1",NA,3.96958513221449e-05,NA,NA,NA,NA,"Joint HESS uncertainty requires valid regional genetic and total residual parameters"
"chr14_23018665_24905123","region","h2","GWAS1",NA,3.25444791742038e-05,NA,NA,NA,NA,"Joint HESS uncertainty requires valid regional genetic and total residual parameters"
"chr14_24905123_26135686","region","h2","GWAS1",NA,2.17590100939689e-05,NA,NA,NA,NA,"Joint HESS uncertainty requires valid regional genetic and total residual parameters"
"chr14_26135686_28466533","region","h2","GWAS1",NA,-1.91026905293138e-05,NA,NA,NA,NA,"Joint HESS uncertainty requires valid regional genetic and total residual parameters"
"chr14_28466533_29972145","region","h2","GWAS1",NA,-1.15113397429496e-06,NA,NA,NA,NA,"Joint HESS uncertainty requires valid regional genetic and total residual parameters"
"chr14_29972145_32383265","region","h2","GWAS1",NA,-2.33022551955444e-05,NA,NA,NA,NA,"Joint HESS uncertainty requires valid regional genetic and total residual parameters"
"chr14_32383265_34846251","region","h2","GWAS1",NA,7.26442558814631e-06,NA,NA,NA,NA,"Joint HESS uncertainty requires valid regional genetic and total residual parameters"
"chr14_34846251_35859593","region","h2","GWAS1",NA,-3.96585546298157e-06,NA,NA,NA,NA,"Joint HESS uncertainty requires valid regional genetic and total residual parameters"
"chr14_35859593_38667725","region","h2","GWAS1",NA,-3.4033493234268e-05,NA,NA,NA,NA,"Joint HESS uncertainty requires valid regional genetic and total residual parameters"
"chr14_38667725_40341990","region","h2","GWAS1",NA,-3.73659405894495e-06,NA,NA,NA,NA,"Joint HESS uncertainty requires valid regional genetic and total residual parameters"
"chr14_40341990_41615502","region","h2","GWAS1",NA,1.55735958686158e-05,NA,NA,NA,NA,"Joint HESS uncertainty requires valid regional genetic and total residual parameters"
"chr14_41615502_43137389","region","h2","GWAS1",NA,3.3863677668909e-05,NA,NA,NA,NA,"Joint HESS uncertainty requires valid regional genetic and total residual parameters"
"chr14_43137389_44543227","region","h2","GWAS1",NA,-1.82439825276229e-05,NA,NA,NA,NA,"Joint HESS uncertainty requires valid regional genetic and total residual parameters"
"chr14_44543227_46081896","region","h2","GWAS1",NA,-8.58025382577636e-06,NA,NA,NA,NA,"Joint HESS uncertainty requires valid regional genetic and total residual parameters"
"chr14_46081896_46749130","region","h2","GWAS1",NA,-1.14124207147257e-05,NA,NA,NA,NA,"Joint HESS uncertainty requires valid regional genetic and total residual parameters"
"chr14_46749130_48573586","region","h2","GWAS1",NA,1.15565166290513e-06,NA,NA,NA,NA,"Joint HESS uncertainty requires valid regional genetic and total residual parameters"
"chr14_48573586_49005471","region","h2","GWAS1",NA,-1.57317476717354e-06,NA,NA,NA,NA,"Joint HESS uncertainty requires valid regional genetic and total residual parameters"
"chr14_49005471_50507760","region","h2","GWAS1",NA,1.56731937692322e-06,NA,NA,NA,NA,"Joint HESS uncertainty requires valid regional genetic and total residual parameters"
"chr14_50507760_51493572","region","h2","GWAS1",NA,3.00745429752492e-05,NA,NA,NA,NA,"Joint HESS uncertainty requires valid regional genetic and total residual parameters"
"chr14_51493572_53474383","region","h2","GWAS1",NA,-1.79468522577696e-06,NA,NA,NA,NA,"Joint HESS uncertainty requires valid regional genetic and total residual parameters"
"chr14_53474383_53997831","region","h2","GWAS1",NA,-7.12197636871286e-06,NA,NA,NA,NA,"Joint HESS uncertainty requires valid regional genetic and total residual parameters"
"chr14_53997831_55233681","region","h2","GWAS1",NA,-5.20143641522345e-06,NA,NA,NA,NA,"Joint HESS uncertainty requires valid regional genetic and total residual parameters"
"chr14_55233681_56216880","region","h2","GWAS1",NA,-1.7212512668839e-05,NA,NA,NA,NA,"Joint HESS uncertainty requires valid regional genetic and total residual parameters"
"chr14_56216880_57481262","region","h2","GWAS1",NA,3.77134449996399e-05,NA,NA,NA,NA,"Joint HESS uncertainty requires valid regional genetic and total residual parameters"
"chr14_57481262_59448336","region","h2","GWAS1",NA,6.23855113700058e-05,NA,NA,NA,NA,"Joint HESS uncertainty requires valid regional genetic and total residual parameters"
"chr14_59448336_61680424","region","h2","GWAS1",NA,9.67765022884913e-06,NA,NA,NA,NA,"Joint HESS uncertainty requires valid regional genetic and total residual parameters"
"chr14_61680424_63790015","region","h2","GWAS1",NA,4.53982196991711e-05,NA,NA,NA,NA,"Joint HESS uncertainty requires valid regional genetic and total residual parameters"
"chr14_63790015_65220298","region","h2","GWAS1",NA,1.4238894507477e-05,NA,NA,NA,NA,"Joint HESS uncertainty requires valid regional genetic and total residual parameters"
"chr14_65220298_66399555","region","h2","GWAS1",NA,3.99197283544186e-05,NA,NA,NA,NA,"Joint HESS uncertainty requires valid regional genetic and total residual parameters"
"chr14_66399555_67992317","region","h2","GWAS1",NA,1.15300835399731e-05,NA,NA,NA,NA,"Joint HESS uncertainty requires valid regional genetic and total residual parameters"
"chr14_67992317_71131957","region","h2","GWAS1",NA,1.82576250594952e-05,NA,NA,NA,NA,"Joint HESS uncertainty requires valid regional genetic and total residual parameters"
"chr14_71131957_72889615","region","h2","GWAS1",NA,-1.85166658476947e-05,NA,NA,NA,NA,"Joint HESS uncertainty requires valid regional genetic and total residual parameters"
"chr14_72889615_76444767","region","h2","GWAS1",NA,1.29070223912284e-05,NA,NA,NA,NA,"Joint HESS uncertainty requires valid regional genetic and total residual parameters"
"chr14_76444767_77229472","region","h2","GWAS1",NA,-7.97662800153618e-06,NA,NA,NA,NA,"Joint HESS uncertainty requires valid regional genetic and total residual parameters"
"chr14_77229472_78561945","region","h2","GWAS1",NA,1.11354137139443e-05,NA,NA,NA,NA,"Joint HESS uncertainty requires valid regional genetic and total residual parameters"
"chr14_78561945_80186579","region","h2","GWAS1",NA,8.89855509079554e-05,NA,NA,NA,NA,"Joint HESS uncertainty requires valid regional genetic and total residual parameters"
"chr14_80186579_81579714","region","h2","GWAS1",NA,8.57080366340124e-05,NA,NA,NA,NA,"Joint HESS uncertainty requires valid regional genetic and total residual parameters"
"chr14_81579714_83138097","region","h2","GWAS1",NA,4.65414395179535e-05,NA,NA,NA,NA,"Joint HESS uncertainty requires valid regional genetic and total residual parameters"
"chr14_83138097_84241633","region","h2","GWAS1",NA,-2.86001252538392e-06,NA,NA,NA,NA,"Joint HESS uncertainty requires valid regional genetic and total residual parameters"
"chr14_84241633_85746319","region","h2","GWAS1",NA,4.72149150791601e-05,NA,NA,NA,NA,"Joint HESS uncertainty requires valid regional genetic and total residual parameters"
"chr14_85746319_86647002","region","h2","GWAS1",NA,-1.00979837350358e-06,NA,NA,NA,NA,"Joint HESS uncertainty requires valid regional genetic and total residual parameters"
"chr14_86647002_87635341","region","h2","GWAS1",NA,1.51372948392114e-06,NA,NA,NA,NA,"Joint HESS uncertainty requires valid regional genetic and total residual parameters"
"chr14_87635341_89497643","region","h2","GWAS1",NA,-1.34218328594975e-05,NA,NA,NA,NA,"Joint HESS uncertainty requires valid regional genetic and total residual parameters"
"chr14_89497643_91296860","region","h2","GWAS1",NA,1.35423262735754e-06,NA,NA,NA,NA,"Joint HESS uncertainty requires valid regional genetic and total residual parameters"
"chr14_91296860_93132299","region","h2","GWAS1",NA,5.65896328931747e-05,NA,NA,NA,NA,"Joint HESS uncertainty requires valid regional genetic and total residual parameters"
"chr14_93132299_94325285","region","h2","GWAS1",NA,2.57390726426449e-05,NA,NA,NA,NA,"Joint HESS uncertainty requires valid regional genetic and total residual parameters"
"chr14_94325285_95750867","region","h2","GWAS1",NA,-4.14256759123039e-06,NA,NA,NA,NA,"Joint HESS uncertainty requires valid regional genetic and total residual parameters"
"chr14_95750867_96262415","region","h2","GWAS1",NA,7.34398087447699e-06,NA,NA,NA,NA,"Joint HESS uncertainty requires valid regional genetic and total residual parameters"
"chr14_96262415_98341162","region","h2","GWAS1",NA,-1.18136986769796e-05,NA,NA,NA,NA,"Joint HESS uncertainty requires valid regional genetic and total residual parameters"
"chr14_98341162_99138532","region","h2","GWAS1",NA,-1.04225558683801e-05,NA,NA,NA,NA,"Joint HESS uncertainty requires valid regional genetic and total residual parameters"
"chr14_99138532_101534307","region","h2","GWAS1",NA,1.47519168484699e-05,NA,NA,NA,NA,"Joint HESS uncertainty requires valid regional genetic and total residual parameters"
"chr15_100636847_101552694","region","h2","GWAS1",NA,-1.3407005621988e-06,NA,NA,NA,NA,"Joint HESS uncertainty requires valid regional genetic and total residual parameters"
"chr15_101552694_102520966","region","h2","GWAS1",NA,2.97730842228786e-05,NA,NA,NA,NA,"Joint HESS uncertainty requires valid regional genetic and total residual parameters"
"chr15_20001200_21131604","region","h2","GWAS1",NA,-7.28342528324156e-06,NA,NA,NA,NA,"Joint HESS uncertainty requires valid regional genetic and total residual parameters"
"chr15_21131604_24195127","region","h2","GWAS1",NA,2.50155587386572e-05,NA,NA,NA,NA,"Joint HESS uncertainty requires valid regional genetic and total residual parameters"
"chr15_24195127_25108590","region","h2","GWAS1",NA,-1.78562931716616e-05,NA,NA,NA,NA,"Joint HESS uncertainty requires valid regional genetic and total residual parameters"
"chr15_25108590_27298112","region","h2","GWAS1",NA,-2.13298864245109e-06,NA,NA,NA,NA,"Joint HESS uncertainty requires valid regional genetic and total residual parameters"
"chr15_27298112_29338502","region","h2","GWAS1",NA,9.56615320395679e-06,NA,NA,NA,NA,"Joint HESS uncertainty requires valid regional genetic and total residual parameters"
"chr15_29338502_30165568","region","h2","GWAS1",NA,-1.31098953480659e-05,NA,NA,NA,NA,"Joint HESS uncertainty requires valid regional genetic and total residual parameters"
"chr15_30165568_31591821","region","h2","GWAS1",NA,3.46247606767197e-06,NA,NA,NA,NA,"Joint HESS uncertainty requires valid regional genetic and total residual parameters"
"chr15_31591821_32441811","region","h2","GWAS1",NA,5.00901312113235e-06,NA,NA,NA,NA,"Joint HESS uncertainty requires valid regional genetic and total residual parameters"
"chr15_32441811_34015425","region","h2","GWAS1",NA,1.65567789622726e-05,NA,NA,NA,NA,"Joint HESS uncertainty requires valid regional genetic and total residual parameters"
"chr15_34015425_35083251","region","h2","GWAS1",NA,-1.22852586764702e-05,NA,NA,NA,NA,"Joint HESS uncertainty requires valid regional genetic and total residual parameters"
"chr15_35083251_37456502","region","h2","GWAS1",NA,4.40386523226106e-05,NA,NA,NA,NA,"Joint HESS uncertainty requires valid regional genetic and total residual parameters"
"chr15_37456502_38530777","region","h2","GWAS1",NA,1.00968122227712e-05,NA,NA,NA,NA,"Joint HESS uncertainty requires valid regional genetic and total residual parameters"
"chr15_38530777_40384132","region","h2","GWAS1",NA,9.83696139139979e-05,NA,NA,NA,NA,"Joint HESS uncertainty requires valid regional genetic and total residual parameters"
"chr15_40384132_41177514","region","h2","GWAS1",NA,5.82503662250483e-05,NA,NA,NA,NA,"Joint HESS uncertainty requires valid regional genetic and total residual parameters"
"chr15_41177514_42776399","region","h2","GWAS1",NA,6.69845729271304e-05,NA,NA,NA,NA,"Joint HESS uncertainty requires valid regional genetic and total residual parameters"
"chr15_42776399_44198049","region","h2","GWAS1",NA,4.93772858100546e-05,NA,NA,NA,NA,"Joint HESS uncertainty requires valid regional genetic and total residual parameters"
"chr15_44198049_46618787","region","h2","GWAS1",NA,2.04527819381123e-05,NA,NA,NA,NA,"Joint HESS uncertainty requires valid regional genetic and total residual parameters"
"chr15_46618787_48136048","region","h2","GWAS1",NA,3.83304574119401e-05,NA,NA,NA,NA,"Joint HESS uncertainty requires valid regional genetic and total residual parameters"
"chr15_48136048_50008043","region","h2","GWAS1",NA,3.00169412057626e-05,NA,NA,NA,NA,"Joint HESS uncertainty requires valid regional genetic and total residual parameters"
"chr15_50008043_51677560","region","h2","GWAS1",NA,-2.47393788528666e-06,NA,NA,NA,NA,"Joint HESS uncertainty requires valid regional genetic and total residual parameters"
"chr15_51677560_53069096","region","h2","GWAS1",NA,0.000114739119224442,NA,NA,NA,NA,"Joint HESS uncertainty requires valid regional genetic and total residual parameters"
"chr15_53069096_54508528","region","h2","GWAS1",NA,7.4129960759514e-05,NA,NA,NA,NA,"Joint HESS uncertainty requires valid regional genetic and total residual parameters"
"chr15_54508528_55136269","region","h2","GWAS1",NA,1.85440909764032e-05,NA,NA,NA,NA,"Joint HESS uncertainty requires valid regional genetic and total residual parameters"
"chr15_55136269_56901773","region","h2","GWAS1",NA,4.52556161733748e-05,NA,NA,NA,NA,"Joint HESS uncertainty requires valid regional genetic and total residual parameters"
"chr15_56901773_58441366","region","h2","GWAS1",NA,7.98122437323017e-05,NA,NA,NA,NA,"Joint HESS uncertainty requires valid regional genetic and total residual parameters"
"chr15_58441366_59694116","region","h2","GWAS1",NA,1.86930116542163e-05,NA,NA,NA,NA,"Joint HESS uncertainty requires valid regional genetic and total residual parameters"
"chr15_59694116_61265836","region","h2","GWAS1",NA,7.19380727122319e-05,NA,NA,NA,NA,"Joint HESS uncertainty requires valid regional genetic and total residual parameters"
"chr15_61265836_63215222","region","h2","GWAS1",NA,0.000160890097238313,NA,NA,NA,NA,"Joint HESS uncertainty requires valid regional genetic and total residual parameters"
"chr15_63215222_65104668","region","h2","GWAS1",NA,7.32786029066635e-05,NA,NA,NA,NA,"Joint HESS uncertainty requires valid regional genetic and total residual parameters"
"chr15_65104668_67094767","region","h2","GWAS1",NA,5.98799601573109e-05,NA,NA,NA,NA,"Joint HESS uncertainty requires valid regional genetic and total residual parameters"
"chr15_67094767_69017999","region","h2","GWAS1",NA,9.63072710261061e-05,NA,NA,NA,NA,"Joint HESS uncertainty requires valid regional genetic and total residual parameters"
"chr15_69017999_70133341","region","h2","GWAS1",NA,-1.68022636658057e-05,NA,NA,NA,NA,"Joint HESS uncertainty requires valid regional genetic and total residual parameters"
"chr15_70133341_71922649","region","h2","GWAS1",NA,3.21931612136448e-05,NA,NA,NA,NA,"Joint HESS uncertainty requires valid regional genetic and total residual parameters"
"chr15_71922649_73628714","region","h2","GWAS1",NA,7.92799145877102e-05,NA,NA,NA,NA,"Joint HESS uncertainty requires valid regional genetic and total residual parameters"
"chr15_73628714_76398624","region","h2","GWAS1",NA,7.2616018133568e-05,NA,NA,NA,NA,"Joint HESS uncertainty requires valid regional genetic and total residual parameters"
"chr15_76398624_78516053","region","h2","GWAS1",NA,0.000191318993581241,NA,NA,NA,NA,"Joint HESS uncertainty requires valid regional genetic and total residual parameters"
"chr15_78516053_80860978","region","h2","GWAS1",NA,2.26901191240338e-05,NA,NA,NA,NA,"Joint HESS uncertainty requires valid regional genetic and total residual parameters"
"chr15_80860978_84260468","region","h2","GWAS1",NA,-1.34427847840271e-05,NA,NA,NA,NA,"Joint HESS uncertainty requires valid regional genetic and total residual parameters"
"chr15_84260468_86652905","region","h2","GWAS1",NA,3.10328432011769e-05,NA,NA,NA,NA,"Joint HESS uncertainty requires valid regional genetic and total residual parameters"
"chr15_86652905_88369943","region","h2","GWAS1",NA,5.78370266506012e-06,NA,NA,NA,NA,"Joint HESS uncertainty requires valid regional genetic and total residual parameters"
"chr15_88369943_90475551","region","h2","GWAS1",NA,0.000125704429857993,NA,NA,NA,NA,"Joint HESS uncertainty requires valid regional genetic and total residual parameters"
"chr15_90475551_92164392","region","h2","GWAS1",NA,7.63906805337138e-05,NA,NA,NA,NA,"Joint HESS uncertainty requires valid regional genetic and total residual parameters"
"chr15_92164392_93780902","region","h2","GWAS1",NA,-2.87882614791319e-05,NA,NA,NA,NA,"Joint HESS uncertainty requires valid regional genetic and total residual parameters"
"chr15_93780902_94924330","region","h2","GWAS1",NA,3.23527699146235e-05,NA,NA,NA,NA,"Joint HESS uncertainty requires valid regional genetic and total residual parameters"
"chr15_94924330_96141596","region","h2","GWAS1",NA,2.21634088825845e-05,NA,NA,NA,NA,"Joint HESS uncertainty requires valid regional genetic and total residual parameters"
"chr15_96141596_98030910","region","h2","GWAS1",NA,7.13327266933702e-06,NA,NA,NA,NA,"Joint HESS uncertainty requires valid regional genetic and total residual parameters"
"chr15_98030910_99244059","region","h2","GWAS1",NA,2.13204223469037e-05,NA,NA,NA,NA,"Joint HESS uncertainty requires valid regional genetic and total residual parameters"
"chr15_99244059_100636847","region","h2","GWAS1",NA,2.94499659136124e-05,NA,NA,NA,NA,"Joint HESS uncertainty requires valid regional genetic and total residual parameters"
"chr16_10426032_11520161","region","h2","GWAS1",NA,1.05077096389289e-05,NA,NA,NA,NA,"Joint HESS uncertainty requires valid regional genetic and total residual parameters"
"chr16_11520161_12613098","region","h2","GWAS1",NA,6.45991232090409e-05,NA,NA,NA,NA,"Joint HESS uncertainty requires valid regional genetic and total residual parameters"
"chr16_1207206_2764829","region","h2","GWAS1",NA,7.77874480919996e-05,NA,NA,NA,NA,"Joint HESS uncertainty requires valid regional genetic and total residual parameters"
"chr16_12613098_13154437","region","h2","GWAS1",NA,2.74373279531423e-06,NA,NA,NA,NA,"Joint HESS uncertainty requires valid regional genetic and total residual parameters"
"chr16_13154437_14464002","region","h2","GWAS1",NA,4.9348447495655e-06,NA,NA,NA,NA,"Joint HESS uncertainty requires valid regional genetic and total residual parameters"
"chr16_14464002_16154060","region","h2","GWAS1",NA,7.29781564719726e-05,NA,NA,NA,NA,"Joint HESS uncertainty requires valid regional genetic and total residual parameters"
"chr16_16154060_17644749","region","h2","GWAS1",NA,4.30137605704165e-05,NA,NA,NA,NA,"Joint HESS uncertainty requires valid regional genetic and total residual parameters"
"chr16_17644749_18643607","region","h2","GWAS1",NA,2.84272533069497e-05,NA,NA,NA,NA,"Joint HESS uncertainty requires valid regional genetic and total residual parameters"
"chr16_18643607_20150571","region","h2","GWAS1",NA,5.22119484653899e-05,NA,NA,NA,NA,"Joint HESS uncertainty requires valid regional genetic and total residual parameters"
"chr16_20150571_22448904","region","h2","GWAS1",NA,6.70438782870572e-05,NA,NA,NA,NA,"Joint HESS uncertainty requires valid regional genetic and total residual parameters"
"chr16_22448904_24136875","region","h2","GWAS1",NA,2.48752997412833e-05,NA,NA,NA,NA,"Joint HESS uncertainty requires valid regional genetic and total residual parameters"
"chr16_24136875_25986862","region","h2","GWAS1",NA,1.67704165960861e-05,NA,NA,NA,NA,"Joint HESS uncertainty requires valid regional genetic and total residual parameters"
"chr16_25986862_27445755","region","h2","GWAS1",NA,-2.46949059407736e-05,NA,NA,NA,NA,"Joint HESS uncertainty requires valid regional genetic and total residual parameters"
"chr16_27445755_29036613","region","h2","GWAS1",NA,1.03869379716623e-05,NA,NA,NA,NA,"Joint HESS uncertainty requires valid regional genetic and total residual parameters"
"chr16_2764829_4001196","region","h2","GWAS1",NA,6.37555615428052e-05,NA,NA,NA,NA,"Joint HESS uncertainty requires valid regional genetic and total residual parameters"
"chr16_29036613_31382943","region","h2","GWAS1",NA,6.89664469918786e-05,NA,NA,NA,NA,"Joint HESS uncertainty requires valid regional genetic and total residual parameters"
"chr16_31382943_46399473","region","h2","GWAS1",NA,-2.25348306782732e-05,NA,NA,NA,NA,"Joint HESS uncertainty requires valid regional genetic and total residual parameters"
"chr16_4001196_5118345","region","h2","GWAS1",NA,3.13490543829351e-05,NA,NA,NA,NA,"Joint HESS uncertainty requires valid regional genetic and total residual parameters"
"chr16_46399473_49007926","region","h2","GWAS1",NA,-5.84015038118638e-06,NA,NA,NA,NA,"Joint HESS uncertainty requires valid regional genetic and total residual parameters"
"chr16_49007926_52035823","region","h2","GWAS1",NA,1.82499736731661e-05,NA,NA,NA,NA,"Joint HESS uncertainty requires valid regional genetic and total residual parameters"
"chr16_5118345_5891580","region","h2","GWAS1",NA,-3.29046914360563e-06,NA,NA,NA,NA,"Joint HESS uncertainty requires valid regional genetic and total residual parameters"
"chr16_52035823_53382572","region","h2","GWAS1",NA,5.30137594622286e-05,NA,NA,NA,NA,"Joint HESS uncertainty requires valid regional genetic and total residual parameters"
"chr16_53382572_55903774","region","h2","GWAS1",NA,0.000458502408837655,NA,NA,NA,NA,"Joint HESS uncertainty requires valid regional genetic and total residual parameters"
"chr16_55903774_57664330","region","h2","GWAS1",NA,5.0286077278668e-05,NA,NA,NA,NA,"Joint HESS uncertainty requires valid regional genetic and total residual parameters"
"chr16_57664330_59045405","region","h2","GWAS1",NA,2.10039141445724e-05,NA,NA,NA,NA,"Joint HESS uncertainty requires valid regional genetic and total residual parameters"
"chr16_5891580_6893551","region","h2","GWAS1",NA,3.04720264065803e-05,NA,NA,NA,NA,"Joint HESS uncertainty requires valid regional genetic and total residual parameters"
"chr16_59045405_60745694","region","h2","GWAS1",NA,2.29439012881628e-06,NA,NA,NA,NA,"Joint HESS uncertainty requires valid regional genetic and total residual parameters"
"chr16_60054_1207206","region","h2","GWAS1",NA,0.000112681492779459,NA,NA,NA,NA,"Joint HESS uncertainty requires valid regional genetic and total residual parameters"
"chr16_60745694_62229849","region","h2","GWAS1",NA,-1.20249701784288e-05,NA,NA,NA,NA,"Joint HESS uncertainty requires valid regional genetic and total residual parameters"
"chr16_62229849_63691589","region","h2","GWAS1",NA,2.67466411364259e-05,NA,NA,NA,NA,"Joint HESS uncertainty requires valid regional genetic and total residual parameters"
"chr16_63691589_65938566","region","h2","GWAS1",NA,3.29698427218639e-05,NA,NA,NA,NA,"Joint HESS uncertainty requires valid regional genetic and total residual parameters"
"chr16_65938566_68841363","region","h2","GWAS1",NA,3.78321601541729e-06,NA,NA,NA,NA,"Joint HESS uncertainty requires valid regional genetic and total residual parameters"
"chr16_68841363_71054028","region","h2","GWAS1",NA,6.70903983773705e-05,NA,NA,NA,NA,"Joint HESS uncertainty requires valid regional genetic and total residual parameters"
"chr16_6893551_7529121","region","h2","GWAS1",NA,1.19861903179132e-05,NA,NA,NA,NA,"Joint HESS uncertainty requires valid regional genetic and total residual parameters"
"chr16_71054028_72935150","region","h2","GWAS1",NA,3.82210213511591e-05,NA,NA,NA,NA,"Joint HESS uncertainty requires valid regional genetic and total residual parameters"
"chr16_72935150_74971503","region","h2","GWAS1",NA,-2.25290157466947e-05,NA,NA,NA,NA,"Joint HESS uncertainty requires valid regional genetic and total residual parameters"
"chr16_74971503_75977954","region","h2","GWAS1",NA,0.000186814961725679,NA,NA,NA,NA,"Joint HESS uncertainty requires valid regional genetic and total residual parameters"
"chr16_7529121_8338519","region","h2","GWAS1",NA,-1.77821081531311e-05,NA,NA,NA,NA,"Joint HESS uncertainty requires valid regional genetic and total residual parameters"
"chr16_75977954_77523678","region","h2","GWAS1",NA,-1.09724868589862e-05,NA,NA,NA,NA,"Joint HESS uncertainty requires valid regional genetic and total residual parameters"
"chr16_77523678_78456292","region","h2","GWAS1",NA,4.02231733148235e-06,NA,NA,NA,NA,"Joint HESS uncertainty requires valid regional genetic and total residual parameters"
"chr16_78456292_79134815","region","h2","GWAS1",NA,-1.92765614262333e-05,NA,NA,NA,NA,"Joint HESS uncertainty requires valid regional genetic and total residual parameters"
"chr16_79134815_80297374","region","h2","GWAS1",NA,9.07541822030498e-05,NA,NA,NA,NA,"Joint HESS uncertainty requires valid regional genetic and total residual parameters"
"chr16_80297374_81772536","region","h2","GWAS1",NA,9.34684991592577e-05,NA,NA,NA,NA,"Joint HESS uncertainty requires valid regional genetic and total residual parameters"
"chr16_81772536_82747728","region","h2","GWAS1",NA,-1.4555239207034e-05,NA,NA,NA,NA,"Joint HESS uncertainty requires valid regional genetic and total residual parameters"
"chr16_82747728_83477208","region","h2","GWAS1",NA,2.42596177783194e-05,NA,NA,NA,NA,"Joint HESS uncertainty requires valid regional genetic and total residual parameters"
"chr16_8338519_9799419","region","h2","GWAS1",NA,-1.76903055755089e-05,NA,NA,NA,NA,"Joint HESS uncertainty requires valid regional genetic and total residual parameters"
"chr16_83477208_84445883","region","h2","GWAS1",NA,6.51727426525366e-06,NA,NA,NA,NA,"Joint HESS uncertainty requires valid regional genetic and total residual parameters"
"chr16_84445883_85148685","region","h2","GWAS1",NA,6.90229460926626e-06,NA,NA,NA,NA,"Joint HESS uncertainty requires valid regional genetic and total residual parameters"
"chr16_85148685_86156599","region","h2","GWAS1",NA,6.1567515400531e-06,NA,NA,NA,NA,"Joint HESS uncertainty requires valid regional genetic and total residual parameters"
"chr16_86156599_86815411","region","h2","GWAS1",NA,2.72474325509662e-05,NA,NA,NA,NA,"Joint HESS uncertainty requires valid regional genetic and total residual parameters"
"chr16_86815411_87647349","region","h2","GWAS1",NA,1.68723146751895e-05,NA,NA,NA,NA,"Joint HESS uncertainty requires valid regional genetic and total residual parameters"
"chr16_87647349_89041165","region","h2","GWAS1",NA,4.66408659050204e-05,NA,NA,NA,NA,"Joint HESS uncertainty requires valid regional genetic and total residual parameters"
"chr16_89041165_90292812","region","h2","GWAS1",NA,5.42565642331575e-05,NA,NA,NA,NA,"Joint HESS uncertainty requires valid regional genetic and total residual parameters"
"chr16_9799419_10426032","region","h2","GWAS1",NA,-2.99182772119394e-05,NA,NA,NA,NA,"Joint HESS uncertainty requires valid regional genetic and total residual parameters"
"chr17_11102815_12534769","region","h2","GWAS1",NA,5.59656364633752e-07,NA,NA,NA,NA,"Joint HESS uncertainty requires valid regional genetic and total residual parameters"
"chr17_1172399_1928731","region","h2","GWAS1",NA,5.26626425646842e-05,NA,NA,NA,NA,"Joint HESS uncertainty requires valid regional genetic and total residual parameters"
"chr17_12534769_13180372","region","h2","GWAS1",NA,5.22704145828634e-06,NA,NA,NA,NA,"Joint HESS uncertainty requires valid regional genetic and total residual parameters"
"chr17_13180372_13894637","region","h2","GWAS1",NA,-2.11619381000226e-05,NA,NA,NA,NA,"Joint HESS uncertainty requires valid regional genetic and total residual parameters"
"chr17_13894637_15019097","region","h2","GWAS1",NA,5.75281444920092e-06,NA,NA,NA,NA,"Joint HESS uncertainty requires valid regional genetic and total residual parameters"
"chr17_15019097_16412342","region","h2","GWAS1",NA,9.48829142110933e-06,NA,NA,NA,NA,"Joint HESS uncertainty requires valid regional genetic and total residual parameters"
"chr17_16412342_18856320","region","h2","GWAS1",NA,0.000108617479028171,NA,NA,NA,NA,"Joint HESS uncertainty requires valid regional genetic and total residual parameters"
"chr17_18856320_21290357","region","h2","GWAS1",NA,3.85378828879389e-05,NA,NA,NA,NA,"Joint HESS uncertainty requires valid regional genetic and total residual parameters"
"chr17_1928731_3702312","region","h2","GWAS1",NA,3.93705409224014e-05,NA,NA,NA,NA,"Joint HESS uncertainty requires valid regional genetic and total residual parameters"
"chr17_21290357_27334244","region","h2","GWAS1",NA,-1.99684175441214e-05,NA,NA,NA,NA,"Joint HESS uncertainty requires valid regional genetic and total residual parameters"
"chr17_27334244_29786491","region","h2","GWAS1",NA,0.00014142413274437,NA,NA,NA,NA,"Joint HESS uncertainty requires valid regional genetic and total residual parameters"
"chr17_29786491_31538425","region","h2","GWAS1",NA,8.78390067304588e-06,NA,NA,NA,NA,"Joint HESS uncertainty requires valid regional genetic and total residual parameters"
"chr17_31538425_32912798","region","h2","GWAS1",NA,2.64954645878914e-05,NA,NA,NA,NA,"Joint HESS uncertainty requires valid regional genetic and total residual parameters"
"chr17_32912798_34469036","region","h2","GWAS1",NA,-1.81684881317046e-06,NA,NA,NA,NA,"Joint HESS uncertainty requires valid regional genetic and total residual parameters"
"chr17_34469036_36809344","region","h2","GWAS1",NA,0.000136818104722472,NA,NA,NA,NA,"Joint HESS uncertainty requires valid regional genetic and total residual parameters"
"chr17_36809344_38877404","region","h2","GWAS1",NA,-3.94673392531129e-06,NA,NA,NA,NA,"Joint HESS uncertainty requires valid regional genetic and total residual parameters"
"chr17_3702312_4696261","region","h2","GWAS1",NA,9.74541555775188e-05,NA,NA,NA,NA,"Joint HESS uncertainty requires valid regional genetic and total residual parameters"
"chr17_38877404_39899810","region","h2","GWAS1",NA,-2.68068010274922e-05,NA,NA,NA,NA,"Joint HESS uncertainty requires valid regional genetic and total residual parameters"
"chr17_39899810_41772087","region","h2","GWAS1",NA,5.96431643613445e-05,NA,NA,NA,NA,"Joint HESS uncertainty requires valid regional genetic and total residual parameters"
"chr17_41772087_43056905","region","h2","GWAS1",NA,6.88032038211305e-05,NA,NA,NA,NA,"Joint HESS uncertainty requires valid regional genetic and total residual parameters"
"chr17_43056905_45876022","region","h2","GWAS1",NA,8.30918710191084e-05,NA,NA,NA,NA,"Joint HESS uncertainty requires valid regional genetic and total residual parameters"
"chr17_45876022_47517400","region","h2","GWAS1",NA,0.000137003867620883,NA,NA,NA,NA,"Joint HESS uncertainty requires valid regional genetic and total residual parameters"
"chr17_4696261_5741334","region","h2","GWAS1",NA,1.3462889850675e-05,NA,NA,NA,NA,"Joint HESS uncertainty requires valid regional genetic and total residual parameters"
"chr17_47517400_49898957","region","h2","GWAS1",NA,4.69932380728021e-06,NA,NA,NA,NA,"Joint HESS uncertainty requires valid regional genetic and total residual parameters"
"chr17_49898957_50719055","region","h2","GWAS1",NA,1.73766706088122e-05,NA,NA,NA,NA,"Joint HESS uncertainty requires valid regional genetic and total residual parameters"
"chr17_50719055_51826118","region","h2","GWAS1",NA,3.35410655897245e-05,NA,NA,NA,NA,"Joint HESS uncertainty requires valid regional genetic and total residual parameters"
"chr17_51826118_53599432","region","h2","GWAS1",NA,3.17951118424683e-05,NA,NA,NA,NA,"Joint HESS uncertainty requires valid regional genetic and total residual parameters"
"chr17_53599432_55357541","region","h2","GWAS1",NA,2.2172930691039e-05,NA,NA,NA,NA,"Joint HESS uncertainty requires valid regional genetic and total residual parameters"
"chr17_55357541_57487512","region","h2","GWAS1",NA,2.8944841481032e-05,NA,NA,NA,NA,"Joint HESS uncertainty requires valid regional genetic and total residual parameters"
"chr17_56_1172399","region","h2","GWAS1",NA,1.54742552189984e-05,NA,NA,NA,NA,"Joint HESS uncertainty requires valid regional genetic and total residual parameters"
"chr17_5741334_7317398","region","h2","GWAS1",NA,1.78292026560844e-05,NA,NA,NA,NA,"Joint HESS uncertainty requires valid regional genetic and total residual parameters"
"chr17_57487512_59312755","region","h2","GWAS1",NA,4.33186432571204e-05,NA,NA,NA,NA,"Joint HESS uncertainty requires valid regional genetic and total residual parameters"
"chr17_59312755_61545589","region","h2","GWAS1",NA,6.02572444088648e-05,NA,NA,NA,NA,"Joint HESS uncertainty requires valid regional genetic and total residual parameters"
"chr17_61545589_63148128","region","h2","GWAS1",NA,8.44898643435103e-05,NA,NA,NA,NA,"Joint HESS uncertainty requires valid regional genetic and total residual parameters"
"chr17_63148128_64800430","region","h2","GWAS1",NA,2.66428853252891e-05,NA,NA,NA,NA,"Joint HESS uncertainty requires valid regional genetic and total residual parameters"
"chr17_64800430_67858770","region","h2","GWAS1",NA,0.000106240651118387,NA,NA,NA,NA,"Joint HESS uncertainty requires valid regional genetic and total residual parameters"
"chr17_67858770_69387817","region","h2","GWAS1",NA,-2.11921882341371e-05,NA,NA,NA,NA,"Joint HESS uncertainty requires valid regional genetic and total residual parameters"
"chr17_69387817_72672203","region","h2","GWAS1",NA,-1.03280010021961e-05,NA,NA,NA,NA,"Joint HESS uncertainty requires valid regional genetic and total residual parameters"
"chr17_72672203_74375560","region","h2","GWAS1",NA,7.06533052848275e-05,NA,NA,NA,NA,"Joint HESS uncertainty requires valid regional genetic and total residual parameters"
"chr17_7317398_8306425","region","h2","GWAS1",NA,4.16559016861152e-05,NA,NA,NA,NA,"Joint HESS uncertainty requires valid regional genetic and total residual parameters"
"chr17_74375560_76263413","region","h2","GWAS1",NA,4.20867188725938e-07,NA,NA,NA,NA,"Joint HESS uncertainty requires valid regional genetic and total residual parameters"
"chr17_76263413_77298636","region","h2","GWAS1",NA,5.38622873560894e-05,NA,NA,NA,NA,"Joint HESS uncertainty requires valid regional genetic and total residual parameters"
"chr17_77298636_78837588","region","h2","GWAS1",NA,4.59095552716103e-06,NA,NA,NA,NA,"Joint HESS uncertainty requires valid regional genetic and total residual parameters"
"chr17_78837588_80034408","region","h2","GWAS1",NA,3.73779915416652e-05,NA,NA,NA,NA,"Joint HESS uncertainty requires valid regional genetic and total residual parameters"
"chr17_80034408_81194908","region","h2","GWAS1",NA,-2.29548231224089e-05,NA,NA,NA,NA,"Joint HESS uncertainty requires valid regional genetic and total residual parameters"
"chr17_8306425_9965921","region","h2","GWAS1",NA,4.29919775697379e-05,NA,NA,NA,NA,"Joint HESS uncertainty requires valid regional genetic and total residual parameters"
"chr17_9965921_11102815","region","h2","GWAS1",NA,-6.31744188793607e-06,NA,NA,NA,NA,"Joint HESS uncertainty requires valid regional genetic and total residual parameters"
"chr18_10644_912486","region","h2","GWAS1",NA,-4.38904067452607e-05,NA,NA,NA,NA,"Joint HESS uncertainty requires valid regional genetic and total residual parameters"
"chr18_11075913_11905440","region","h2","GWAS1",NA,-1.21752908797494e-05,NA,NA,NA,NA,"Joint HESS uncertainty requires valid regional genetic and total residual parameters"
"chr18_11905440_14440799","region","h2","GWAS1",NA,3.00711697603633e-05,NA,NA,NA,NA,"Joint HESS uncertainty requires valid regional genetic and total residual parameters"
"chr18_14440799_19485844","region","h2","GWAS1",NA,1.01336107253158e-06,NA,NA,NA,NA,"Joint HESS uncertainty requires valid regional genetic and total residual parameters"
"chr18_1942911_3891658","region","h2","GWAS1",NA,-3.21579338967907e-05,NA,NA,NA,NA,"Joint HESS uncertainty requires valid regional genetic and total residual parameters"
"chr18_19485844_20649472","region","h2","GWAS1",NA,4.35361224600326e-05,NA,NA,NA,NA,"Joint HESS uncertainty requires valid regional genetic and total residual parameters"
"chr18_20649472_22996651","region","h2","GWAS1",NA,3.63950326459015e-05,NA,NA,NA,NA,"Joint HESS uncertainty requires valid regional genetic and total residual parameters"
"chr18_22996651_24026191","region","h2","GWAS1",NA,1.52083782172924e-05,NA,NA,NA,NA,"Joint HESS uncertainty requires valid regional genetic and total residual parameters"
"chr18_24026191_25927682","region","h2","GWAS1",NA,-1.26402795263391e-05,NA,NA,NA,NA,"Joint HESS uncertainty requires valid regional genetic and total residual parameters"
"chr18_25927682_26875587","region","h2","GWAS1",NA,-6.97235073145911e-06,NA,NA,NA,NA,"Joint HESS uncertainty requires valid regional genetic and total residual parameters"
"chr18_26875587_27866478","region","h2","GWAS1",NA,-1.91245528752926e-05,NA,NA,NA,NA,"Joint HESS uncertainty requires valid regional genetic and total residual parameters"
"chr18_27866478_30264066","region","h2","GWAS1",NA,1.56323181946526e-05,NA,NA,NA,NA,"Joint HESS uncertainty requires valid regional genetic and total residual parameters"
"chr18_30264066_31780067","region","h2","GWAS1",NA,4.08043956981173e-05,NA,NA,NA,NA,"Joint HESS uncertainty requires valid regional genetic and total residual parameters"
"chr18_31780067_33861964","region","h2","GWAS1",NA,-1.23879111689316e-05,NA,NA,NA,NA,"Joint HESS uncertainty requires valid regional genetic and total residual parameters"
"chr18_33861964_35075250","region","h2","GWAS1",NA,-1.98684474722484e-05,NA,NA,NA,NA,"Joint HESS uncertainty requires valid regional genetic and total residual parameters"
"chr18_35075250_36365490","region","h2","GWAS1",NA,6.06339484680397e-05,NA,NA,NA,NA,"Joint HESS uncertainty requires valid regional genetic and total residual parameters"
"chr18_36365490_37684367","region","h2","GWAS1",NA,3.42897485884876e-05,NA,NA,NA,NA,"Joint HESS uncertainty requires valid regional genetic and total residual parameters"
"chr18_37684367_39892648","region","h2","GWAS1",NA,7.91064018938766e-05,NA,NA,NA,NA,"Joint HESS uncertainty requires valid regional genetic and total residual parameters"
"chr18_3891658_5834180","region","h2","GWAS1",NA,3.44118830087121e-05,NA,NA,NA,NA,"Joint HESS uncertainty requires valid regional genetic and total residual parameters"
"chr18_39892648_42922106","region","h2","GWAS1",NA,0.000121344873002662,NA,NA,NA,NA,"Joint HESS uncertainty requires valid regional genetic and total residual parameters"
"chr18_42922106_44299246","region","h2","GWAS1",NA,2.53260420750402e-05,NA,NA,NA,NA,"Joint HESS uncertainty requires valid regional genetic and total residual parameters"
"chr18_44299246_45939732","region","h2","GWAS1",NA,-3.21045572033699e-05,NA,NA,NA,NA,"Joint HESS uncertainty requires valid regional genetic and total residual parameters"
"chr18_45939732_47730584","region","h2","GWAS1",NA,5.25339991380238e-05,NA,NA,NA,NA,"Joint HESS uncertainty requires valid regional genetic and total residual parameters"
"chr18_47730584_51062185","region","h2","GWAS1",NA,1.39601241032084e-05,NA,NA,NA,NA,"Joint HESS uncertainty requires valid regional genetic and total residual parameters"
"chr18_51062185_51554175","region","h2","GWAS1",NA,3.1647726627941e-06,NA,NA,NA,NA,"Joint HESS uncertainty requires valid regional genetic and total residual parameters"
"chr18_51554175_55213838","region","h2","GWAS1",NA,0.000176704324111197,NA,NA,NA,NA,"Joint HESS uncertainty requires valid regional genetic and total residual parameters"
"chr18_55213838_56530220","region","h2","GWAS1",NA,2.03179063257236e-05,NA,NA,NA,NA,"Joint HESS uncertainty requires valid regional genetic and total residual parameters"
"chr18_56530220_57630483","region","h2","GWAS1",NA,4.36194148254397e-05,NA,NA,NA,NA,"Joint HESS uncertainty requires valid regional genetic and total residual parameters"
"chr18_57630483_59020751","region","h2","GWAS1",NA,0.000110895940656184,NA,NA,NA,NA,"Joint HESS uncertainty requires valid regional genetic and total residual parameters"
"chr18_5834180_7090485","region","h2","GWAS1",NA,1.8341197439577e-05,NA,NA,NA,NA,"Joint HESS uncertainty requires valid regional genetic and total residual parameters"
"chr18_59020751_60277715","region","h2","GWAS1",NA,-2.10377950138606e-07,NA,NA,NA,NA,"Joint HESS uncertainty requires valid regional genetic and total residual parameters"
"chr18_60277715_61820252","region","h2","GWAS1",NA,5.26803136420896e-05,NA,NA,NA,NA,"Joint HESS uncertainty requires valid regional genetic and total residual parameters"
"chr18_61820252_63463402","region","h2","GWAS1",NA,7.72477219736732e-05,NA,NA,NA,NA,"Joint HESS uncertainty requires valid regional genetic and total residual parameters"
"chr18_63463402_64252801","region","h2","GWAS1",NA,8.00126547554129e-05,NA,NA,NA,NA,"Joint HESS uncertainty requires valid regional genetic and total residual parameters"
"chr18_64252801_66125817","region","h2","GWAS1",NA,1.6753422364449e-05,NA,NA,NA,NA,"Joint HESS uncertainty requires valid regional genetic and total residual parameters"
"chr18_66125817_67175820","region","h2","GWAS1",NA,-1.41190945627969e-05,NA,NA,NA,NA,"Joint HESS uncertainty requires valid regional genetic and total residual parameters"
"chr18_67175820_68621179","region","h2","GWAS1",NA,-1.8223134935601e-05,NA,NA,NA,NA,"Joint HESS uncertainty requires valid regional genetic and total residual parameters"
"chr18_68621179_69621618","region","h2","GWAS1",NA,-1.03580846579841e-06,NA,NA,NA,NA,"Joint HESS uncertainty requires valid regional genetic and total residual parameters"
"chr18_69621618_71038474","region","h2","GWAS1",NA,1.47967148208769e-05,NA,NA,NA,NA,"Joint HESS uncertainty requires valid regional genetic and total residual parameters"
"chr18_7090485_8498931","region","h2","GWAS1",NA,-1.08399532699328e-05,NA,NA,NA,NA,"Joint HESS uncertainty requires valid regional genetic and total residual parameters"
"chr18_71038474_71971462","region","h2","GWAS1",NA,1.85403948957219e-05,NA,NA,NA,NA,"Joint HESS uncertainty requires valid regional genetic and total residual parameters"
"chr18_71971462_73526987","region","h2","GWAS1",NA,1.06015575283435e-05,NA,NA,NA,NA,"Joint HESS uncertainty requires valid regional genetic and total residual parameters"
"chr18_73526987_74813815","region","h2","GWAS1",NA,4.31627287760876e-05,NA,NA,NA,NA,"Joint HESS uncertainty requires valid regional genetic and total residual parameters"
"chr18_74813815_75976317","region","h2","GWAS1",NA,3.95369305995276e-06,NA,NA,NA,NA,"Joint HESS uncertainty requires valid regional genetic and total residual parameters"
"chr18_75976317_77149991","region","h2","GWAS1",NA,2.89122424894378e-05,NA,NA,NA,NA,"Joint HESS uncertainty requires valid regional genetic and total residual parameters"
"chr18_77149991_78017158","region","h2","GWAS1",NA,3.32901267992551e-05,NA,NA,NA,NA,"Joint HESS uncertainty requires valid regional genetic and total residual parameters"
"chr18_8498931_11075913","region","h2","GWAS1",NA,-1.04058140164687e-05,NA,NA,NA,NA,"Joint HESS uncertainty requires valid regional genetic and total residual parameters"
"chr18_912486_1942911","region","h2","GWAS1",NA,3.58741374921892e-05,NA,NA,NA,NA,"Joint HESS uncertainty requires valid regional genetic and total residual parameters"
"chr19_11284028_13471127","region","h2","GWAS1",NA,8.2723588275848e-05,NA,NA,NA,NA,"Joint HESS uncertainty requires valid regional genetic and total residual parameters"
"chr19_13471127_14486347","region","h2","GWAS1",NA,1.08675218033304e-05,NA,NA,NA,NA,"Joint HESS uncertainty requires valid regional genetic and total residual parameters"
"chr19_14486347_15648610","region","h2","GWAS1",NA,4.64325910255139e-06,NA,NA,NA,NA,"Joint HESS uncertainty requires valid regional genetic and total residual parameters"
"chr19_15648610_16374416","region","h2","GWAS1",NA,1.92075825465532e-05,NA,NA,NA,NA,"Joint HESS uncertainty requires valid regional genetic and total residual parameters"
"chr19_16374416_18409862","region","h2","GWAS1",NA,4.76434299852235e-05,NA,NA,NA,NA,"Joint HESS uncertainty requires valid regional genetic and total residual parameters"
"chr19_18409862_19877471","region","h2","GWAS1",NA,6.5431045437262e-05,NA,NA,NA,NA,"Joint HESS uncertainty requires valid regional genetic and total residual parameters"
"chr19_19877471_20905757","region","h2","GWAS1",NA,3.59401785606295e-05,NA,NA,NA,NA,"Joint HESS uncertainty requires valid regional genetic and total residual parameters"
"chr19_20905757_22732896","region","h2","GWAS1",NA,3.02080671752759e-05,NA,NA,NA,NA,"Joint HESS uncertainty requires valid regional genetic and total residual parameters"
"chr19_2098396_3019660","region","h2","GWAS1",NA,6.90611857089742e-05,NA,NA,NA,NA,"Joint HESS uncertainty requires valid regional genetic and total residual parameters"
"chr19_22732896_23467746","region","h2","GWAS1",NA,3.96236670902141e-05,NA,NA,NA,NA,"Joint HESS uncertainty requires valid regional genetic and total residual parameters"
"chr19_23467746_28557893","region","h2","GWAS1",NA,6.82169639221871e-05,NA,NA,NA,NA,"Joint HESS uncertainty requires valid regional genetic and total residual parameters"
"chr19_28557893_29790947","region","h2","GWAS1",NA,2.76240848211782e-05,NA,NA,NA,NA,"Joint HESS uncertainty requires valid regional genetic and total residual parameters"
"chr19_29790947_30727954","region","h2","GWAS1",NA,-1.7949825319564e-05,NA,NA,NA,NA,"Joint HESS uncertainty requires valid regional genetic and total residual parameters"
"chr19_3019660_4348967","region","h2","GWAS1",NA,-2.14391431342461e-05,NA,NA,NA,NA,"Joint HESS uncertainty requires valid regional genetic and total residual parameters"
"chr19_30727954_32746520","region","h2","GWAS1",NA,1.72812779237664e-05,NA,NA,NA,NA,"Joint HESS uncertainty requires valid regional genetic and total residual parameters"
"chr19_32746520_34262952","region","h2","GWAS1",NA,3.97832977597607e-06,NA,NA,NA,NA,"Joint HESS uncertainty requires valid regional genetic and total residual parameters"
"chr19_34262952_36469295","region","h2","GWAS1",NA,-3.55940870150002e-05,NA,NA,NA,NA,"Joint HESS uncertainty requires valid regional genetic and total residual parameters"
"chr19_36469295_37527033","region","h2","GWAS1",NA,-2.57913228463162e-05,NA,NA,NA,NA,"Joint HESS uncertainty requires valid regional genetic and total residual parameters"
"chr19_37527033_40170619","region","h2","GWAS1",NA,-2.78930933634121e-07,NA,NA,NA,NA,"Joint HESS uncertainty requires valid regional genetic and total residual parameters"
"chr19_40170619_40984601","region","h2","GWAS1",NA,1.34426115318086e-05,NA,NA,NA,NA,"Joint HESS uncertainty requires valid regional genetic and total residual parameters"
"chr19_40984601_42131573","region","h2","GWAS1",NA,3.67602366274509e-05,NA,NA,NA,NA,"Joint HESS uncertainty requires valid regional genetic and total residual parameters"
"chr19_42131573_43862455","region","h2","GWAS1",NA,3.29873023278175e-05,NA,NA,NA,NA,"Joint HESS uncertainty requires valid regional genetic and total residual parameters"
"chr19_4348967_5811852","region","h2","GWAS1",NA,2.05125421728858e-05,NA,NA,NA,NA,"Joint HESS uncertainty requires valid regional genetic and total residual parameters"
"chr19_43862455_44744108","region","h2","GWAS1",NA,-2.14774657823915e-06,NA,NA,NA,NA,"Joint HESS uncertainty requires valid regional genetic and total residual parameters"
"chr19_44744108_46102697","region","h2","GWAS1",NA,0.000113222771395758,NA,NA,NA,NA,"Joint HESS uncertainty requires valid regional genetic and total residual parameters"
"chr19_46102697_47150082","region","h2","GWAS1",NA,7.56771184822702e-05,NA,NA,NA,NA,"Joint HESS uncertainty requires valid regional genetic and total residual parameters"
"chr19_47150082_49282227","region","h2","GWAS1",NA,3.57395751470922e-05,NA,NA,NA,NA,"Joint HESS uncertainty requires valid regional genetic and total residual parameters"
"chr19_49282227_51532567","region","h2","GWAS1",NA,4.91809405417573e-06,NA,NA,NA,NA,"Joint HESS uncertainty requires valid regional genetic and total residual parameters"
"chr19_51532567_52985290","region","h2","GWAS1",NA,2.00175402695185e-05,NA,NA,NA,NA,"Joint HESS uncertainty requires valid regional genetic and total residual parameters"
"chr19_52985290_54602362","region","h2","GWAS1",NA,6.55739834650323e-06,NA,NA,NA,NA,"Joint HESS uncertainty requires valid regional genetic and total residual parameters"
"chr19_54602362_55728080","region","h2","GWAS1",NA,-1.60297856487141e-05,NA,NA,NA,NA,"Joint HESS uncertainty requires valid regional genetic and total residual parameters"
"chr19_55728080_57521335","region","h2","GWAS1",NA,5.63229347861355e-07,NA,NA,NA,NA,"Joint HESS uncertainty requires valid regional genetic and total residual parameters"
"chr19_57521335_59118839","region","h2","GWAS1",NA,7.52064298287797e-06,NA,NA,NA,NA,"Joint HESS uncertainty requires valid regional genetic and total residual parameters"
"chr19_5811852_6684885","region","h2","GWAS1",NA,6.32606465686673e-06,NA,NA,NA,NA,"Joint HESS uncertainty requires valid regional genetic and total residual parameters"
"chr19_610729_2098396","region","h2","GWAS1",NA,5.39711977175429e-05,NA,NA,NA,NA,"Joint HESS uncertainty requires valid regional genetic and total residual parameters"
"chr19_6684885_8347513","region","h2","GWAS1",NA,8.89032708601578e-05,NA,NA,NA,NA,"Joint HESS uncertainty requires valid regional genetic and total residual parameters"
"chr19_80840_610729","region","h2","GWAS1",NA,2.92831651664568e-05,NA,NA,NA,NA,"Joint HESS uncertainty requires valid regional genetic and total residual parameters"
"chr19_8347513_9238393","region","h2","GWAS1",NA,-1.4351162671716e-05,NA,NA,NA,NA,"Joint HESS uncertainty requires valid regional genetic and total residual parameters"
"chr19_9238393_11284028","region","h2","GWAS1",NA,4.63115102282706e-05,NA,NA,NA,NA,"Joint HESS uncertainty requires valid regional genetic and total residual parameters"
"chr1_100826405_102041016","region","h2","GWAS1",NA,4.72357946688064e-06,NA,NA,NA,NA,"Joint HESS uncertainty requires valid regional genetic and total residual parameters"
"chr1_102041016_102898745","region","h2","GWAS1",NA,-2.47324360359914e-07,NA,NA,NA,NA,"Joint HESS uncertainty requires valid regional genetic and total residual parameters"
"chr1_102898745_103914211","region","h2","GWAS1",NA,2.8167753378513e-05,NA,NA,NA,NA,"Joint HESS uncertainty requires valid regional genetic and total residual parameters"
"chr1_103914211_106087842","region","h2","GWAS1",NA,3.33362398923218e-05,NA,NA,NA,NA,"Joint HESS uncertainty requires valid regional genetic and total residual parameters"
"chr1_10583_1892607","region","h2","GWAS1",NA,1.40942628717521e-05,NA,NA,NA,NA,"Joint HESS uncertainty requires valid regional genetic and total residual parameters"
"chr1_106087842_108409665","region","h2","GWAS1",NA,4.42190689913238e-05,NA,NA,NA,NA,"Joint HESS uncertainty requires valid regional genetic and total residual parameters"
"chr1_10806984_11777841","region","h2","GWAS1",NA,1.68372195323817e-05,NA,NA,NA,NA,"Joint HESS uncertainty requires valid regional genetic and total residual parameters"
"chr1_108409665_110303931","region","h2","GWAS1",NA,6.32859946070924e-05,NA,NA,NA,NA,"Joint HESS uncertainty requires valid regional genetic and total residual parameters"
"chr1_110303931_111741737","region","h2","GWAS1",NA,1.2026185197903e-07,NA,NA,NA,NA,"Joint HESS uncertainty requires valid regional genetic and total residual parameters"
"chr1_111741737_113273306","region","h2","GWAS1",NA,1.05081852589436e-05,NA,NA,NA,NA,"Joint HESS uncertainty requires valid regional genetic and total residual parameters"
"chr1_113273306_114873845","region","h2","GWAS1",NA,3.822209133997e-05,NA,NA,NA,NA,"Joint HESS uncertainty requires valid regional genetic and total residual parameters"
"chr1_114873845_115880593","region","h2","GWAS1",NA,4.18278615112796e-05,NA,NA,NA,NA,"Joint HESS uncertainty requires valid regional genetic and total residual parameters"
"chr1_115880593_118839067","region","h2","GWAS1",NA,0.000105753492878835,NA,NA,NA,NA,"Joint HESS uncertainty requires valid regional genetic and total residual parameters"
"chr1_11777841_12779466","region","h2","GWAS1",NA,-1.53942502427476e-05,NA,NA,NA,NA,"Joint HESS uncertainty requires valid regional genetic and total residual parameters"
"chr1_118839067_144977494","region","h2","GWAS1",NA,8.59001437482406e-05,NA,NA,NA,NA,"Joint HESS uncertainty requires valid regional genetic and total residual parameters"
"chr1_12779466_14891511","region","h2","GWAS1",NA,2.28125526532833e-05,NA,NA,NA,NA,"Joint HESS uncertainty requires valid regional genetic and total residual parameters"
"chr1_144977494_148361253","region","h2","GWAS1",NA,2.11084549858086e-05,NA,NA,NA,NA,"Joint HESS uncertainty requires valid regional genetic and total residual parameters"
"chr1_148361253_151538881","region","h2","GWAS1",NA,8.6962473021524e-05,NA,NA,NA,NA,"Joint HESS uncertainty requires valid regional genetic and total residual parameters"
"chr1_14891511_16897730","region","h2","GWAS1",NA,2.81915401710205e-05,NA,NA,NA,NA,"Joint HESS uncertainty requires valid regional genetic and total residual parameters"
"chr1_151538881_153180829","region","h2","GWAS1",NA,-4.66293471531625e-06,NA,NA,NA,NA,"Joint HESS uncertainty requires valid regional genetic and total residual parameters"
"chr1_153180829_154770403","region","h2","GWAS1",NA,6.03921678439517e-05,NA,NA,NA,NA,"Joint HESS uncertainty requires valid regional genetic and total residual parameters"
"chr1_154770403_156336133","region","h2","GWAS1",NA,6.78171540167571e-05,NA,NA,NA,NA,"Joint HESS uncertainty requires valid regional genetic and total residual parameters"
"chr1_156336133_158027412","region","h2","GWAS1",NA,-1.45215096222789e-05,NA,NA,NA,NA,"Joint HESS uncertainty requires valid regional genetic and total residual parameters"
"chr1_158027412_159913048","region","h2","GWAS1",NA,-2.70874495643294e-05,NA,NA,NA,NA,"Joint HESS uncertainty requires valid regional genetic and total residual parameters"
"chr1_159913048_162346721","region","h2","GWAS1",NA,-7.88444859857686e-06,NA,NA,NA,NA,"Joint HESS uncertainty requires valid regional genetic and total residual parameters"
"chr1_162346721_165191702","region","h2","GWAS1",NA,-1.92524099903428e-05,NA,NA,NA,NA,"Joint HESS uncertainty requires valid regional genetic and total residual parameters"
"chr1_165191702_166460517","region","h2","GWAS1",NA,3.43969635107923e-05,NA,NA,NA,NA,"Joint HESS uncertainty requires valid regional genetic and total residual parameters"
"chr1_166460517_169086324","region","h2","GWAS1",NA,-1.35146927813063e-05,NA,NA,NA,NA,"Joint HESS uncertainty requires valid regional genetic and total residual parameters"
"chr1_16897730_18662899","region","h2","GWAS1",NA,4.55168077373595e-06,NA,NA,NA,NA,"Joint HESS uncertainty requires valid regional genetic and total residual parameters"
"chr1_169086324_170557776","region","h2","GWAS1",NA,-3.19672761865342e-05,NA,NA,NA,NA,"Joint HESS uncertainty requires valid regional genetic and total residual parameters"
"chr1_170557776_173097907","region","h2","GWAS1",NA,2.03698511863707e-05,NA,NA,NA,NA,"Joint HESS uncertainty requires valid regional genetic and total residual parameters"
"chr1_173097907_175089768","region","h2","GWAS1",NA,-9.85299324012032e-06,NA,NA,NA,NA,"Joint HESS uncertainty requires valid regional genetic and total residual parameters"
"chr1_175089768_177433381","region","h2","GWAS1",NA,3.08052690755091e-05,NA,NA,NA,NA,"Joint HESS uncertainty requires valid regional genetic and total residual parameters"
"chr1_177433381_178944309","region","h2","GWAS1",NA,5.31051540095936e-05,NA,NA,NA,NA,"Joint HESS uncertainty requires valid regional genetic and total residual parameters"
"chr1_178944309_178954470","region","h2","GWAS1",NA,5.3893898007799e-06,NA,NA,NA,NA,"Joint HESS uncertainty requires valid regional genetic and total residual parameters"
"chr1_178954470_181144121","region","h2","GWAS1",NA,2.04403005380309e-05,NA,NA,NA,NA,"Joint HESS uncertainty requires valid regional genetic and total residual parameters"
"chr1_181144121_182755356","region","h2","GWAS1",NA,-1.2315333113485e-05,NA,NA,NA,NA,"Joint HESS uncertainty requires valid regional genetic and total residual parameters"
"chr1_182755356_184595513","region","h2","GWAS1",NA,-1.2602044316281e-05,NA,NA,NA,NA,"Joint HESS uncertainty requires valid regional genetic and total residual parameters"
"chr1_184595513_186810023","region","h2","GWAS1",NA,-3.32035542638878e-05,NA,NA,NA,NA,"Joint HESS uncertainty requires valid regional genetic and total residual parameters"
"chr1_18662899_20469149","region","h2","GWAS1",NA,-9.92045607690792e-06,NA,NA,NA,NA,"Joint HESS uncertainty requires valid regional genetic and total residual parameters"
"chr1_186810023_188759945","region","h2","GWAS1",NA,2.41631099673725e-05,NA,NA,NA,NA,"Joint HESS uncertainty requires valid regional genetic and total residual parameters"
"chr1_188759945_189904130","region","h2","GWAS1",NA,-2.17344640460737e-05,NA,NA,NA,NA,"Joint HESS uncertainty requires valid regional genetic and total residual parameters"
"chr1_1892607_3582736","region","h2","GWAS1",NA,-8.64904047515956e-06,NA,NA,NA,NA,"Joint HESS uncertainty requires valid regional genetic and total residual parameters"
"chr1_189904130_191868930","region","h2","GWAS1",NA,7.14513683330037e-05,NA,NA,NA,NA,"Joint HESS uncertainty requires valid regional genetic and total residual parameters"
"chr1_191868930_194107442","region","h2","GWAS1",NA,4.73894714809707e-05,NA,NA,NA,NA,"Joint HESS uncertainty requires valid regional genetic and total residual parameters"
"chr1_194107442_196176201","region","h2","GWAS1",NA,2.17329751675101e-05,NA,NA,NA,NA,"Joint HESS uncertainty requires valid regional genetic and total residual parameters"
"chr1_196176201_197311514","region","h2","GWAS1",NA,-1.16652414964866e-05,NA,NA,NA,NA,"Joint HESS uncertainty requires valid regional genetic and total residual parameters"
"chr1_197311514_199239884","region","h2","GWAS1",NA,-4.78176585353512e-06,NA,NA,NA,NA,"Joint HESS uncertainty requires valid regional genetic and total residual parameters"
"chr1_199239884_200137649","region","h2","GWAS1",NA,1.95220494990928e-05,NA,NA,NA,NA,"Joint HESS uncertainty requires valid regional genetic and total residual parameters"
"chr1_200137649_201589975","region","h2","GWAS1",NA,3.70622800218795e-06,NA,NA,NA,NA,"Joint HESS uncertainty requires valid regional genetic and total residual parameters"
"chr1_201589975_203334734","region","h2","GWAS1",NA,9.16814384574999e-05,NA,NA,NA,NA,"Joint HESS uncertainty requires valid regional genetic and total residual parameters"
"chr1_203334734_204681068","region","h2","GWAS1",NA,4.97766508532387e-05,NA,NA,NA,NA,"Joint HESS uncertainty requires valid regional genetic and total residual parameters"
"chr1_204681068_206073265","region","h2","GWAS1",NA,0.000141755640214527,NA,NA,NA,NA,"Joint HESS uncertainty requires valid regional genetic and total residual parameters"
"chr1_20469149_21736588","region","h2","GWAS1",NA,9.45908493664862e-05,NA,NA,NA,NA,"Joint HESS uncertainty requires valid regional genetic and total residual parameters"
"chr1_206073265_208410364","region","h2","GWAS1",NA,4.74585885526895e-05,NA,NA,NA,NA,"Joint HESS uncertainty requires valid regional genetic and total residual parameters"
"chr1_208410364_210787750","region","h2","GWAS1",NA,5.3212464303725e-06,NA,NA,NA,NA,"Joint HESS uncertainty requires valid regional genetic and total residual parameters"
"chr1_210787750_212842330","region","h2","GWAS1",NA,3.52121739817268e-05,NA,NA,NA,NA,"Joint HESS uncertainty requires valid regional genetic and total residual parameters"
"chr1_212842330_214578266","region","h2","GWAS1",NA,0.000184522317033841,NA,NA,NA,NA,"Joint HESS uncertainty requires valid regional genetic and total residual parameters"
"chr1_214578266_216243634","region","h2","GWAS1",NA,6.42781443019156e-05,NA,NA,NA,NA,"Joint HESS uncertainty requires valid regional genetic and total residual parameters"
"chr1_216243634_218705513","region","h2","GWAS1",NA,-6.39358395331762e-06,NA,NA,NA,NA,"Joint HESS uncertainty requires valid regional genetic and total residual parameters"
"chr1_21736588_23086883","region","h2","GWAS1",NA,5.51148177703169e-05,NA,NA,NA,NA,"Joint HESS uncertainty requires valid regional genetic and total residual parameters"
"chr1_218705513_219590571","region","h2","GWAS1",NA,2.906690822201e-05,NA,NA,NA,NA,"Joint HESS uncertainty requires valid regional genetic and total residual parameters"
"chr1_219590571_221858231","region","h2","GWAS1",NA,0.000154268044494171,NA,NA,NA,NA,"Joint HESS uncertainty requires valid regional genetic and total residual parameters"
"chr1_221858231_222230220","region","h2","GWAS1",NA,5.03108831587932e-06,NA,NA,NA,NA,"Joint HESS uncertainty requires valid regional genetic and total residual parameters"
"chr1_222230220_224938520","region","h2","GWAS1",NA,2.78195676551244e-06,NA,NA,NA,NA,"Joint HESS uncertainty requires valid regional genetic and total residual parameters"
"chr1_224938520_226810860","region","h2","GWAS1",NA,6.9780256147209e-05,NA,NA,NA,NA,"Joint HESS uncertainty requires valid regional genetic and total residual parameters"
"chr1_226810860_229156248","region","h2","GWAS1",NA,4.18663759250453e-05,NA,NA,NA,NA,"Joint HESS uncertainty requires valid regional genetic and total residual parameters"
"chr1_229156248_230685255","region","h2","GWAS1",NA,6.38824526795799e-05,NA,NA,NA,NA,"Joint HESS uncertainty requires valid regional genetic and total residual parameters"
"chr1_230685255_232090252","region","h2","GWAS1",NA,-9.51869019106042e-06,NA,NA,NA,NA,"Joint HESS uncertainty requires valid regional genetic and total residual parameters"
"chr1_23086883_23920590","region","h2","GWAS1",NA,-8.47992735202835e-06,NA,NA,NA,NA,"Joint HESS uncertainty requires valid regional genetic and total residual parameters"
"chr1_232090252_233429284","region","h2","GWAS1",NA,1.09065714103347e-05,NA,NA,NA,NA,"Joint HESS uncertainty requires valid regional genetic and total residual parameters"
"chr1_233429284_234599434","region","h2","GWAS1",NA,-3.26876477269744e-05,NA,NA,NA,NA,"Joint HESS uncertainty requires valid regional genetic and total residual parameters"
"chr1_234599434_235819436","region","h2","GWAS1",NA,5.88689022798495e-05,NA,NA,NA,NA,"Joint HESS uncertainty requires valid regional genetic and total residual parameters"
"chr1_235819436_237555628","region","h2","GWAS1",NA,1.19984247292566e-05,NA,NA,NA,NA,"Joint HESS uncertainty requires valid regional genetic and total residual parameters"
"chr1_237555628_238567807","region","h2","GWAS1",NA,-6.91766705855717e-06,NA,NA,NA,NA,"Joint HESS uncertainty requires valid regional genetic and total residual parameters"
"chr1_238567807_239925314","region","h2","GWAS1",NA,-1.58007203741357e-05,NA,NA,NA,NA,"Joint HESS uncertainty requires valid regional genetic and total residual parameters"
"chr1_23920590_25516845","region","h2","GWAS1",NA,4.30465603391273e-05,NA,NA,NA,NA,"Joint HESS uncertainty requires valid regional genetic and total residual parameters"
"chr1_239925314_240564091","region","h2","GWAS1",NA,1.49127146796638e-05,NA,NA,NA,NA,"Joint HESS uncertainty requires valid regional genetic and total residual parameters"
"chr1_240564091_241582220","region","h2","GWAS1",NA,3.00315701165048e-05,NA,NA,NA,NA,"Joint HESS uncertainty requires valid regional genetic and total residual parameters"
"chr1_241582220_242071602","region","h2","GWAS1",NA,5.25334881622075e-05,NA,NA,NA,NA,"Joint HESS uncertainty requires valid regional genetic and total residual parameters"
"chr1_242071602_244109499","region","h2","GWAS1",NA,-7.30296268011427e-07,NA,NA,NA,NA,"Joint HESS uncertainty requires valid regional genetic and total residual parameters"
"chr1_244109499_245506746","region","h2","GWAS1",NA,-2.46061077815788e-05,NA,NA,NA,NA,"Joint HESS uncertainty requires valid regional genetic and total residual parameters"
"chr1_245506746_247344518","region","h2","GWAS1",NA,-1.43136677835505e-05,NA,NA,NA,NA,"Joint HESS uncertainty requires valid regional genetic and total residual parameters"
"chr1_247344518_249239466","region","h2","GWAS1",NA,1.47835579739129e-05,NA,NA,NA,NA,"Joint HESS uncertainty requires valid regional genetic and total residual parameters"
"chr1_25516845_27401867","region","h2","GWAS1",NA,9.61828247804446e-05,NA,NA,NA,NA,"Joint HESS uncertainty requires valid regional genetic and total residual parameters"
"chr1_27401867_30161881","region","h2","GWAS1",NA,4.4940908006845e-05,NA,NA,NA,NA,"Joint HESS uncertainty requires valid regional genetic and total residual parameters"
"chr1_30161881_32438685","region","h2","GWAS1",NA,3.93610300097151e-05,NA,NA,NA,NA,"Joint HESS uncertainty requires valid regional genetic and total residual parameters"
"chr1_32438685_34799758","region","h2","GWAS1",NA,1.10872176018059e-05,NA,NA,NA,NA,"Joint HESS uncertainty requires valid regional genetic and total residual parameters"
"chr1_34799758_37549183","region","h2","GWAS1",NA,3.76203525368999e-05,NA,NA,NA,NA,"Joint HESS uncertainty requires valid regional genetic and total residual parameters"
"chr1_3582736_4380811","region","h2","GWAS1",NA,-1.75464328013349e-05,NA,NA,NA,NA,"Joint HESS uncertainty requires valid regional genetic and total residual parameters"
"chr1_37549183_38731847","region","h2","GWAS1",NA,8.33505140726228e-07,NA,NA,NA,NA,"Joint HESS uncertainty requires valid regional genetic and total residual parameters"
"chr1_38731847_40200567","region","h2","GWAS1",NA,0.000184969553695572,NA,NA,NA,NA,"Joint HESS uncertainty requires valid regional genetic and total residual parameters"
"chr1_40200567_41975327","region","h2","GWAS1",NA,-1.88939862217877e-05,NA,NA,NA,NA,"Joint HESS uncertainty requires valid regional genetic and total residual parameters"
"chr1_41975327_43758457","region","h2","GWAS1",NA,1.1023326305479e-05,NA,NA,NA,NA,"Joint HESS uncertainty requires valid regional genetic and total residual parameters"
"chr1_43758457_44969183","region","h2","GWAS1",NA,3.39104332001825e-05,NA,NA,NA,NA,"Joint HESS uncertainty requires valid regional genetic and total residual parameters"
"chr1_4380811_5913893","region","h2","GWAS1",NA,-2.75010322610385e-05,NA,NA,NA,NA,"Joint HESS uncertainty requires valid regional genetic and total residual parameters"
"chr1_44969183_46899501","region","h2","GWAS1",NA,3.97869051085934e-05,NA,NA,NA,NA,"Joint HESS uncertainty requires valid regional genetic and total residual parameters"
"chr1_46899501_48002576","region","h2","GWAS1",NA,-2.24648483549846e-05,NA,NA,NA,NA,"Joint HESS uncertainty requires valid regional genetic and total residual parameters"
"chr1_48002576_48978188","region","h2","GWAS1",NA,-5.83859517611039e-06,NA,NA,NA,NA,"Joint HESS uncertainty requires valid regional genetic and total residual parameters"
"chr1_48978188_49894177","region","h2","GWAS1",NA,8.22782694712237e-05,NA,NA,NA,NA,"Joint HESS uncertainty requires valid regional genetic and total residual parameters"
"chr1_49894177_51713726","region","h2","GWAS1",NA,7.54244356964472e-05,NA,NA,NA,NA,"Joint HESS uncertainty requires valid regional genetic and total residual parameters"
"chr1_51713726_54226262","region","h2","GWAS1",NA,4.94327486639203e-05,NA,NA,NA,NA,"Joint HESS uncertainty requires valid regional genetic and total residual parameters"
"chr1_54226262_56413117","region","h2","GWAS1",NA,1.72335612856225e-05,NA,NA,NA,NA,"Joint HESS uncertainty requires valid regional genetic and total residual parameters"
"chr1_56413117_57021728","region","h2","GWAS1",NA,5.1623950982896e-05,NA,NA,NA,NA,"Joint HESS uncertainty requires valid regional genetic and total residual parameters"
"chr1_57021728_58865399","region","h2","GWAS1",NA,2.39601872291441e-05,NA,NA,NA,NA,"Joint HESS uncertainty requires valid regional genetic and total residual parameters"
"chr1_58865399_59890409","region","h2","GWAS1",NA,4.69486936511499e-06,NA,NA,NA,NA,"Joint HESS uncertainty requires valid regional genetic and total residual parameters"
"chr1_5913893_7247335","region","h2","GWAS1",NA,-1.33486847030504e-06,NA,NA,NA,NA,"Joint HESS uncertainty requires valid regional genetic and total residual parameters"
"chr1_59890409_61922365","region","h2","GWAS1",NA,-2.18510793850777e-05,NA,NA,NA,NA,"Joint HESS uncertainty requires valid regional genetic and total residual parameters"
"chr1_61922365_63455089","region","h2","GWAS1",NA,1.71098049410335e-05,NA,NA,NA,NA,"Joint HESS uncertainty requires valid regional genetic and total residual parameters"
"chr1_63455089_65041704","region","h2","GWAS1",NA,7.28840652188525e-05,NA,NA,NA,NA,"Joint HESS uncertainty requires valid regional genetic and total residual parameters"
"chr1_65041704_66939404","region","h2","GWAS1",NA,3.54776194531543e-05,NA,NA,NA,NA,"Joint HESS uncertainty requires valid regional genetic and total residual parameters"
"chr1_66939404_68477895","region","h2","GWAS1",NA,4.90564825712083e-05,NA,NA,NA,NA,"Joint HESS uncertainty requires valid regional genetic and total residual parameters"
"chr1_68477895_69687616","region","h2","GWAS1",NA,-2.7277372119385e-06,NA,NA,NA,NA,"Joint HESS uncertainty requires valid regional genetic and total residual parameters"
"chr1_69687616_71372470","region","h2","GWAS1",NA,1.06848569940101e-05,NA,NA,NA,NA,"Joint HESS uncertainty requires valid regional genetic and total residual parameters"
"chr1_71372470_71684405","region","h2","GWAS1",NA,4.77149273885544e-05,NA,NA,NA,NA,"Joint HESS uncertainty requires valid regional genetic and total residual parameters"
"chr1_71684405_74326907","region","h2","GWAS1",NA,6.93003078485398e-05,NA,NA,NA,NA,"Joint HESS uncertainty requires valid regional genetic and total residual parameters"
"chr1_7247335_9365199","region","h2","GWAS1",NA,-1.73431442377853e-05,NA,NA,NA,NA,"Joint HESS uncertainty requires valid regional genetic and total residual parameters"
"chr1_74326907_76728135","region","h2","GWAS1",NA,6.51149754926165e-05,NA,NA,NA,NA,"Joint HESS uncertainty requires valid regional genetic and total residual parameters"
"chr1_76728135_79661198","region","h2","GWAS1",NA,4.67380314105111e-05,NA,NA,NA,NA,"Joint HESS uncertainty requires valid regional genetic and total residual parameters"
"chr1_79661198_81354191","region","h2","GWAS1",NA,-3.85176125213584e-05,NA,NA,NA,NA,"Joint HESS uncertainty requires valid regional genetic and total residual parameters"
"chr1_81354191_83991748","region","h2","GWAS1",NA,4.03527569041619e-05,NA,NA,NA,NA,"Joint HESS uncertainty requires valid regional genetic and total residual parameters"
"chr1_83991748_84844495","region","h2","GWAS1",NA,-1.20049665252305e-05,NA,NA,NA,NA,"Joint HESS uncertainty requires valid regional genetic and total residual parameters"
"chr1_84844495_86454751","region","h2","GWAS1",NA,-1.98007737800429e-05,NA,NA,NA,NA,"Joint HESS uncertainty requires valid regional genetic and total residual parameters"
"chr1_86454751_88128631","region","h2","GWAS1",NA,-1.15634474732643e-05,NA,NA,NA,NA,"Joint HESS uncertainty requires valid regional genetic and total residual parameters"
"chr1_88128631_90066303","region","h2","GWAS1",NA,5.97899055262123e-05,NA,NA,NA,NA,"Joint HESS uncertainty requires valid regional genetic and total residual parameters"
"chr1_90066303_91886317","region","h2","GWAS1",NA,2.43834195303896e-05,NA,NA,NA,NA,"Joint HESS uncertainty requires valid regional genetic and total residual parameters"
"chr1_91886317_93536459","region","h2","GWAS1",NA,8.55709212033043e-05,NA,NA,NA,NA,"Joint HESS uncertainty requires valid regional genetic and total residual parameters"
"chr1_93536459_94506191","region","h2","GWAS1",NA,-2.0497529563211e-06,NA,NA,NA,NA,"Joint HESS uncertainty requires valid regional genetic and total residual parameters"
"chr1_9365199_10806984","region","h2","GWAS1",NA,2.02448150620355e-05,NA,NA,NA,NA,"Joint HESS uncertainty requires valid regional genetic and total residual parameters"
"chr1_94506191_96150893","region","h2","GWAS1",NA,-5.95228218678947e-06,NA,NA,NA,NA,"Joint HESS uncertainty requires valid regional genetic and total residual parameters"
"chr1_96150893_97885249","region","h2","GWAS1",NA,3.97005043064232e-05,NA,NA,NA,NA,"Joint HESS uncertainty requires valid regional genetic and total residual parameters"
"chr1_97885249_99800604","region","h2","GWAS1",NA,4.35351308770543e-05,NA,NA,NA,NA,"Joint HESS uncertainty requires valid regional genetic and total residual parameters"
"chr1_99800604_100826405","region","h2","GWAS1",NA,5.79570239293424e-05,NA,NA,NA,NA,"Joint HESS uncertainty requires valid regional genetic and total residual parameters"
"chr20_11249536_12447499","region","h2","GWAS1",NA,-2.37968971226427e-06,NA,NA,NA,NA,"Joint HESS uncertainty requires valid regional genetic and total residual parameters"
"chr20_12447499_13689864","region","h2","GWAS1",NA,5.7891802943958e-05,NA,NA,NA,NA,"Joint HESS uncertainty requires valid regional genetic and total residual parameters"
"chr20_13689864_15958359","region","h2","GWAS1",NA,3.49400220447264e-05,NA,NA,NA,NA,"Joint HESS uncertainty requires valid regional genetic and total residual parameters"
"chr20_15958359_17487232","region","h2","GWAS1",NA,2.55794090006902e-06,NA,NA,NA,NA,"Joint HESS uncertainty requires valid regional genetic and total residual parameters"
"chr20_17487232_18972203","region","h2","GWAS1",NA,1.1626694507438e-05,NA,NA,NA,NA,"Joint HESS uncertainty requires valid regional genetic and total residual parameters"
"chr20_18972203_20959710","region","h2","GWAS1",NA,1.46154286430988e-05,NA,NA,NA,NA,"Joint HESS uncertainty requires valid regional genetic and total residual parameters"
"chr20_20959710_22491456","region","h2","GWAS1",NA,8.30612335321104e-05,NA,NA,NA,NA,"Joint HESS uncertainty requires valid regional genetic and total residual parameters"
"chr20_22491456_23293790","region","h2","GWAS1",NA,1.96387744832233e-06,NA,NA,NA,NA,"Joint HESS uncertainty requires valid regional genetic and total residual parameters"
"chr20_23293790_24717724","region","h2","GWAS1",NA,-2.54408213333425e-05,NA,NA,NA,NA,"Joint HESS uncertainty requires valid regional genetic and total residual parameters"
"chr20_2469501_3828413","region","h2","GWAS1",NA,-1.76225603472385e-05,NA,NA,NA,NA,"Joint HESS uncertainty requires valid regional genetic and total residual parameters"
"chr20_24717724_25344231","region","h2","GWAS1",NA,7.38362796863119e-06,NA,NA,NA,NA,"Joint HESS uncertainty requires valid regional genetic and total residual parameters"
"chr20_25344231_31614823","region","h2","GWAS1",NA,3.67583056089496e-06,NA,NA,NA,NA,"Joint HESS uncertainty requires valid regional genetic and total residual parameters"
"chr20_31614823_32813441","region","h2","GWAS1",NA,9.48128681809205e-05,NA,NA,NA,NA,"Joint HESS uncertainty requires valid regional genetic and total residual parameters"
"chr20_32813441_34960446","region","h2","GWAS1",NA,4.47550163876509e-06,NA,NA,NA,NA,"Joint HESS uncertainty requires valid regional genetic and total residual parameters"
"chr20_34960446_36909530","region","h2","GWAS1",NA,7.87660345755291e-06,NA,NA,NA,NA,"Joint HESS uncertainty requires valid regional genetic and total residual parameters"
"chr20_36909530_38436761","region","h2","GWAS1",NA,4.95434337871472e-05,NA,NA,NA,NA,"Joint HESS uncertainty requires valid regional genetic and total residual parameters"
"chr20_3828413_5477850","region","h2","GWAS1",NA,-1.74972880154799e-05,NA,NA,NA,NA,"Joint HESS uncertainty requires valid regional genetic and total residual parameters"
"chr20_38436761_39610856","region","h2","GWAS1",NA,-3.30119359784523e-06,NA,NA,NA,NA,"Joint HESS uncertainty requires valid regional genetic and total residual parameters"
"chr20_39610856_40585689","region","h2","GWAS1",NA,3.94993258294218e-05,NA,NA,NA,NA,"Joint HESS uncertainty requires valid regional genetic and total residual parameters"
"chr20_40585689_41615460","region","h2","GWAS1",NA,-1.06047333507463e-05,NA,NA,NA,NA,"Joint HESS uncertainty requires valid regional genetic and total residual parameters"
"chr20_41615460_42680176","region","h2","GWAS1",NA,3.98185131349411e-05,NA,NA,NA,NA,"Joint HESS uncertainty requires valid regional genetic and total residual parameters"
"chr20_42680176_44839056","region","h2","GWAS1",NA,5.1053738884727e-05,NA,NA,NA,NA,"Joint HESS uncertainty requires valid regional genetic and total residual parameters"
"chr20_44839056_47199980","region","h2","GWAS1",NA,3.16484879418333e-05,NA,NA,NA,NA,"Joint HESS uncertainty requires valid regional genetic and total residual parameters"
"chr20_47199980_49239658","region","h2","GWAS1",NA,1.545168952938e-05,NA,NA,NA,NA,"Joint HESS uncertainty requires valid regional genetic and total residual parameters"
"chr20_49239658_52472549","region","h2","GWAS1",NA,6.81255760618899e-05,NA,NA,NA,NA,"Joint HESS uncertainty requires valid regional genetic and total residual parameters"
"chr20_52472549_54055266","region","h2","GWAS1",NA,-4.36258679163923e-06,NA,NA,NA,NA,"Joint HESS uncertainty requires valid regional genetic and total residual parameters"
"chr20_54055266_56447959","region","h2","GWAS1",NA,2.8803155784475e-05,NA,NA,NA,NA,"Joint HESS uncertainty requires valid regional genetic and total residual parameters"
"chr20_5477850_7084073","region","h2","GWAS1",NA,1.90694335540314e-05,NA,NA,NA,NA,"Joint HESS uncertainty requires valid regional genetic and total residual parameters"
"chr20_56447959_58406572","region","h2","GWAS1",NA,6.97931112761393e-05,NA,NA,NA,NA,"Joint HESS uncertainty requires valid regional genetic and total residual parameters"
"chr20_58406572_59561724","region","h2","GWAS1",NA,-3.16772823026323e-05,NA,NA,NA,NA,"Joint HESS uncertainty requires valid regional genetic and total residual parameters"
"chr20_59561724_61301855","region","h2","GWAS1",NA,-1.28351626741412e-05,NA,NA,NA,NA,"Joint HESS uncertainty requires valid regional genetic and total residual parameters"
"chr20_60479_697600","region","h2","GWAS1",NA,1.77511839054972e-05,NA,NA,NA,NA,"Joint HESS uncertainty requires valid regional genetic and total residual parameters"
"chr20_61301855_62190180","region","h2","GWAS1",NA,-9.61487263704503e-06,NA,NA,NA,NA,"Joint HESS uncertainty requires valid regional genetic and total residual parameters"
"chr20_62190180_62965163","region","h2","GWAS1",NA,2.16160232892534e-05,NA,NA,NA,NA,"Joint HESS uncertainty requires valid regional genetic and total residual parameters"
"chr20_697600_2469501","region","h2","GWAS1",NA,3.50801333372683e-05,NA,NA,NA,NA,"Joint HESS uncertainty requires valid regional genetic and total residual parameters"
"chr20_7084073_8117011","region","h2","GWAS1",NA,-2.28594414004586e-05,NA,NA,NA,NA,"Joint HESS uncertainty requires valid regional genetic and total residual parameters"
"chr20_8117011_9730921","region","h2","GWAS1",NA,-4.28670474564154e-05,NA,NA,NA,NA,"Joint HESS uncertainty requires valid regional genetic and total residual parameters"
"chr20_9730921_11249536","region","h2","GWAS1",NA,3.59826740550345e-05,NA,NA,NA,NA,"Joint HESS uncertainty requires valid regional genetic and total residual parameters"
"chr21_15950982_18053165","region","h2","GWAS1",NA,4.24187561189698e-05,NA,NA,NA,NA,"Joint HESS uncertainty requires valid regional genetic and total residual parameters"
"chr21_18053165_19480375","region","h2","GWAS1",NA,-2.36930667267085e-05,NA,NA,NA,NA,"Joint HESS uncertainty requires valid regional genetic and total residual parameters"
"chr21_19480375_20962339","region","h2","GWAS1",NA,2.72959233486329e-05,NA,NA,NA,NA,"Joint HESS uncertainty requires valid regional genetic and total residual parameters"
"chr21_20962339_22072764","region","h2","GWAS1",NA,5.50948777609872e-06,NA,NA,NA,NA,"Joint HESS uncertainty requires valid regional genetic and total residual parameters"
"chr21_22072764_23362875","region","h2","GWAS1",NA,2.44367872775831e-05,NA,NA,NA,NA,"Joint HESS uncertainty requires valid regional genetic and total residual parameters"
"chr21_23362875_24696231","region","h2","GWAS1",NA,-2.3442609537132e-05,NA,NA,NA,NA,"Joint HESS uncertainty requires valid regional genetic and total residual parameters"
"chr21_24696231_26469122","region","h2","GWAS1",NA,2.26497253874418e-06,NA,NA,NA,NA,"Joint HESS uncertainty requires valid regional genetic and total residual parameters"
"chr21_26469122_27271019","region","h2","GWAS1",NA,-2.34660669442978e-05,NA,NA,NA,NA,"Joint HESS uncertainty requires valid regional genetic and total residual parameters"
"chr21_27271019_29125226","region","h2","GWAS1",NA,-1.29164047181374e-06,NA,NA,NA,NA,"Joint HESS uncertainty requires valid regional genetic and total residual parameters"
"chr21_29125226_31197025","region","h2","GWAS1",NA,-8.40326422043241e-06,NA,NA,NA,NA,"Joint HESS uncertainty requires valid regional genetic and total residual parameters"
"chr21_31197025_32668642","region","h2","GWAS1",NA,2.61591469541082e-05,NA,NA,NA,NA,"Joint HESS uncertainty requires valid regional genetic and total residual parameters"
"chr21_32668642_34376999","region","h2","GWAS1",NA,3.19354226938609e-05,NA,NA,NA,NA,"Joint HESS uncertainty requires valid regional genetic and total residual parameters"
"chr21_34376999_35225465","region","h2","GWAS1",NA,2.29375056095296e-05,NA,NA,NA,NA,"Joint HESS uncertainty requires valid regional genetic and total residual parameters"
"chr21_35225465_36524373","region","h2","GWAS1",NA,5.37675709824793e-06,NA,NA,NA,NA,"Joint HESS uncertainty requires valid regional genetic and total residual parameters"
"chr21_36524373_37870779","region","h2","GWAS1",NA,7.89280639629001e-06,NA,NA,NA,NA,"Joint HESS uncertainty requires valid regional genetic and total residual parameters"
"chr21_37870779_38711704","region","h2","GWAS1",NA,2.95322436781508e-07,NA,NA,NA,NA,"Joint HESS uncertainty requires valid regional genetic and total residual parameters"
"chr21_38711704_40482902","region","h2","GWAS1",NA,2.86190128147457e-05,NA,NA,NA,NA,"Joint HESS uncertainty requires valid regional genetic and total residual parameters"
"chr21_40482902_41389527","region","h2","GWAS1",NA,-2.30743882497001e-05,NA,NA,NA,NA,"Joint HESS uncertainty requires valid regional genetic and total residual parameters"
"chr21_41389527_43321528","region","h2","GWAS1",NA,-2.46377538404104e-05,NA,NA,NA,NA,"Joint HESS uncertainty requires valid regional genetic and total residual parameters"
"chr21_43321528_44506268","region","h2","GWAS1",NA,-3.80760859343739e-06,NA,NA,NA,NA,"Joint HESS uncertainty requires valid regional genetic and total residual parameters"
"chr21_44506268_46177105","region","h2","GWAS1",NA,2.16415569502064e-05,NA,NA,NA,NA,"Joint HESS uncertainty requires valid regional genetic and total residual parameters"
"chr21_46177105_47492226","region","h2","GWAS1",NA,-4.36780887853899e-06,NA,NA,NA,NA,"Joint HESS uncertainty requires valid regional genetic and total residual parameters"
"chr21_47492226_48119752","region","h2","GWAS1",NA,5.93049573642804e-05,NA,NA,NA,NA,"Joint HESS uncertainty requires valid regional genetic and total residual parameters"
"chr21_9411243_15950982","region","h2","GWAS1",NA,-3.41373791087223e-06,NA,NA,NA,NA,"Joint HESS uncertainty requires valid regional genetic and total residual parameters"
"chr22_16050408_17674295","region","h2","GWAS1",NA,1.29152871779374e-05,NA,NA,NA,NA,"Joint HESS uncertainty requires valid regional genetic and total residual parameters"
"chr22_17674295_18296088","region","h2","GWAS1",NA,1.52502530592355e-05,NA,NA,NA,NA,"Joint HESS uncertainty requires valid regional genetic and total residual parameters"
"chr22_18296088_19912358","region","h2","GWAS1",NA,8.00624193350886e-05,NA,NA,NA,NA,"Joint HESS uncertainty requires valid regional genetic and total residual parameters"
"chr22_19912358_22357325","region","h2","GWAS1",NA,5.78449101325793e-05,NA,NA,NA,NA,"Joint HESS uncertainty requires valid regional genetic and total residual parameters"
"chr22_22357325_23712647","region","h2","GWAS1",NA,8.58726663301415e-07,NA,NA,NA,NA,"Joint HESS uncertainty requires valid regional genetic and total residual parameters"
"chr22_23712647_24984204","region","h2","GWAS1",NA,-7.93998499557482e-06,NA,NA,NA,NA,"Joint HESS uncertainty requires valid regional genetic and total residual parameters"
"chr22_24984204_26791628","region","h2","GWAS1",NA,4.22281439724416e-05,NA,NA,NA,NA,"Joint HESS uncertainty requires valid regional genetic and total residual parameters"
"chr22_26791628_27834752","region","h2","GWAS1",NA,1.3080027721499e-06,NA,NA,NA,NA,"Joint HESS uncertainty requires valid regional genetic and total residual parameters"
"chr22_27834752_29651799","region","h2","GWAS1",NA,5.17239258216326e-05,NA,NA,NA,NA,"Joint HESS uncertainty requires valid regional genetic and total residual parameters"
"chr22_29651799_31439918","region","h2","GWAS1",NA,7.23510030412397e-05,NA,NA,NA,NA,"Joint HESS uncertainty requires valid regional genetic and total residual parameters"
"chr22_31439918_32664986","region","h2","GWAS1",NA,3.14617822782207e-05,NA,NA,NA,NA,"Joint HESS uncertainty requires valid regional genetic and total residual parameters"
"chr22_32664986_34494914","region","h2","GWAS1",NA,-2.1488003737759e-05,NA,NA,NA,NA,"Joint HESS uncertainty requires valid regional genetic and total residual parameters"
"chr22_34494914_35530985","region","h2","GWAS1",NA,-2.36357799484632e-05,NA,NA,NA,NA,"Joint HESS uncertainty requires valid regional genetic and total residual parameters"
"chr22_35530985_37570269","region","h2","GWAS1",NA,-1.5794215051921e-05,NA,NA,NA,NA,"Joint HESS uncertainty requires valid regional genetic and total residual parameters"
"chr22_37570269_39307894","region","h2","GWAS1",NA,-1.94279352244212e-05,NA,NA,NA,NA,"Joint HESS uncertainty requires valid regional genetic and total residual parameters"
"chr22_39307894_40545797","region","h2","GWAS1",NA,6.36748278847779e-05,NA,NA,NA,NA,"Joint HESS uncertainty requires valid regional genetic and total residual parameters"
"chr22_40545797_42690818","region","h2","GWAS1",NA,6.3718470743154e-05,NA,NA,NA,NA,"Joint HESS uncertainty requires valid regional genetic and total residual parameters"
"chr22_42690818_43714200","region","h2","GWAS1",NA,3.83012981899892e-05,NA,NA,NA,NA,"Joint HESS uncertainty requires valid regional genetic and total residual parameters"
"chr22_43714200_44995308","region","h2","GWAS1",NA,4.45592755489671e-05,NA,NA,NA,NA,"Joint HESS uncertainty requires valid regional genetic and total residual parameters"
"chr22_44995308_46470495","region","h2","GWAS1",NA,1.00529701033158e-05,NA,NA,NA,NA,"Joint HESS uncertainty requires valid regional genetic and total residual parameters"
"chr22_46470495_47596318","region","h2","GWAS1",NA,2.9788944564947e-05,NA,NA,NA,NA,"Joint HESS uncertainty requires valid regional genetic and total residual parameters"
"chr22_47596318_48903703","region","h2","GWAS1",NA,2.90120950303358e-05,NA,NA,NA,NA,"Joint HESS uncertainty requires valid regional genetic and total residual parameters"
"chr22_48903703_49824534","region","h2","GWAS1",NA,2.32430353212696e-05,NA,NA,NA,NA,"Joint HESS uncertainty requires valid regional genetic and total residual parameters"
"chr22_49824534_51243298","region","h2","GWAS1",NA,9.85590940716364e-05,NA,NA,NA,NA,"Joint HESS uncertainty requires valid regional genetic and total residual parameters"
"chr2_10133_1781022","region","h2","GWAS1",NA,4.9706809057955e-05,NA,NA,NA,NA,"Joint HESS uncertainty requires valid regional genetic and total residual parameters"
"chr2_101822329_102688765","region","h2","GWAS1",NA,2.96529255572594e-05,NA,NA,NA,NA,"Joint HESS uncertainty requires valid regional genetic and total residual parameters"
"chr2_102688765_103588215","region","h2","GWAS1",NA,6.53171811545712e-07,NA,NA,NA,NA,"Joint HESS uncertainty requires valid regional genetic and total residual parameters"
"chr2_10298469_12419150","region","h2","GWAS1",NA,1.83010008655688e-06,NA,NA,NA,NA,"Joint HESS uncertainty requires valid regional genetic and total residual parameters"
"chr2_103588215_105125034","region","h2","GWAS1",NA,5.56983547301138e-06,NA,NA,NA,NA,"Joint HESS uncertainty requires valid regional genetic and total residual parameters"
"chr2_105125034_106210058","region","h2","GWAS1",NA,1.46549278002108e-05,NA,NA,NA,NA,"Joint HESS uncertainty requires valid regional genetic and total residual parameters"
"chr2_106210058_107408267","region","h2","GWAS1",NA,-3.8712126668729e-05,NA,NA,NA,NA,"Joint HESS uncertainty requires valid regional genetic and total residual parameters"
"chr2_107408267_108429177","region","h2","GWAS1",NA,8.50184583567966e-06,NA,NA,NA,NA,"Joint HESS uncertainty requires valid regional genetic and total residual parameters"
"chr2_108429177_110572432","region","h2","GWAS1",NA,2.44502866298285e-05,NA,NA,NA,NA,"Joint HESS uncertainty requires valid regional genetic and total residual parameters"
"chr2_110572432_113921856","region","h2","GWAS1",NA,7.19062909612574e-05,NA,NA,NA,NA,"Joint HESS uncertainty requires valid regional genetic and total residual parameters"
"chr2_113921856_116772470","region","h2","GWAS1",NA,3.05840273560899e-06,NA,NA,NA,NA,"Joint HESS uncertainty requires valid regional genetic and total residual parameters"
"chr2_116772470_118367466","region","h2","GWAS1",NA,-3.46691478006716e-05,NA,NA,NA,NA,"Joint HESS uncertainty requires valid regional genetic and total residual parameters"
"chr2_118367466_121303783","region","h2","GWAS1",NA,-8.21282189703954e-06,NA,NA,NA,NA,"Joint HESS uncertainty requires valid regional genetic and total residual parameters"
"chr2_121303783_123302906","region","h2","GWAS1",NA,0.000104558607038736,NA,NA,NA,NA,"Joint HESS uncertainty requires valid regional genetic and total residual parameters"
"chr2_123302906_124732250","region","h2","GWAS1",NA,1.98738981905872e-05,NA,NA,NA,NA,"Joint HESS uncertainty requires valid regional genetic and total residual parameters"
"chr2_12419150_14335308","region","h2","GWAS1",NA,9.93886460514903e-06,NA,NA,NA,NA,"Joint HESS uncertainty requires valid regional genetic and total residual parameters"
"chr2_124732250_125840921","region","h2","GWAS1",NA,2.48521990108148e-05,NA,NA,NA,NA,"Joint HESS uncertainty requires valid regional genetic and total residual parameters"
"chr2_125840921_127373764","region","h2","GWAS1",NA,4.94923140183743e-05,NA,NA,NA,NA,"Joint HESS uncertainty requires valid regional genetic and total residual parameters"
"chr2_127373764_128034347","region","h2","GWAS1",NA,5.47741312017935e-05,NA,NA,NA,NA,"Joint HESS uncertainty requires valid regional genetic and total residual parameters"
"chr2_128034347_129474441","region","h2","GWAS1",NA,9.29658884429307e-07,NA,NA,NA,NA,"Joint HESS uncertainty requires valid regional genetic and total residual parameters"
"chr2_129474441_130067170","region","h2","GWAS1",NA,8.03991135591278e-06,NA,NA,NA,NA,"Joint HESS uncertainty requires valid regional genetic and total residual parameters"
"chr2_130067170_130658085","region","h2","GWAS1",NA,5.64266456911339e-06,NA,NA,NA,NA,"Joint HESS uncertainty requires valid regional genetic and total residual parameters"
"chr2_130658085_133042784","region","h2","GWAS1",NA,-1.43748060445012e-05,NA,NA,NA,NA,"Joint HESS uncertainty requires valid regional genetic and total residual parameters"
"chr2_133042784_135158578","region","h2","GWAS1",NA,4.17964503488923e-07,NA,NA,NA,NA,"Joint HESS uncertainty requires valid regional genetic and total residual parameters"
"chr2_135158578_137042794","region","h2","GWAS1",NA,3.67346006707354e-05,NA,NA,NA,NA,"Joint HESS uncertainty requires valid regional genetic and total residual parameters"
"chr2_137042794_138698117","region","h2","GWAS1",NA,3.38041540197804e-05,NA,NA,NA,NA,"Joint HESS uncertainty requires valid regional genetic and total residual parameters"
"chr2_138698117_140100271","region","h2","GWAS1",NA,2.14986839386297e-05,NA,NA,NA,NA,"Joint HESS uncertainty requires valid regional genetic and total residual parameters"
"chr2_140100271_141805351","region","h2","GWAS1",NA,7.85420383670492e-06,NA,NA,NA,NA,"Joint HESS uncertainty requires valid regional genetic and total residual parameters"
"chr2_141805351_142518602","region","h2","GWAS1",NA,3.28425126732572e-05,NA,NA,NA,NA,"Joint HESS uncertainty requires valid regional genetic and total residual parameters"
"chr2_142518602_144519484","region","h2","GWAS1",NA,1.79026110756331e-05,NA,NA,NA,NA,"Joint HESS uncertainty requires valid regional genetic and total residual parameters"
"chr2_14335308_16329735","region","h2","GWAS1",NA,4.11541790068527e-05,NA,NA,NA,NA,"Joint HESS uncertainty requires valid regional genetic and total residual parameters"
"chr2_144519484_146445570","region","h2","GWAS1",NA,3.86044912205217e-05,NA,NA,NA,NA,"Joint HESS uncertainty requires valid regional genetic and total residual parameters"
"chr2_146445570_147277162","region","h2","GWAS1",NA,8.00851341467345e-06,NA,NA,NA,NA,"Joint HESS uncertainty requires valid regional genetic and total residual parameters"
"chr2_147277162_150210292","region","h2","GWAS1",NA,7.16075279301284e-05,NA,NA,NA,NA,"Joint HESS uncertainty requires valid regional genetic and total residual parameters"
"chr2_150210292_151731462","region","h2","GWAS1",NA,-8.97191824257867e-06,NA,NA,NA,NA,"Joint HESS uncertainty requires valid regional genetic and total residual parameters"
"chr2_151731462_152486782","region","h2","GWAS1",NA,3.61471622622052e-05,NA,NA,NA,NA,"Joint HESS uncertainty requires valid regional genetic and total residual parameters"
"chr2_152486782_154005056","region","h2","GWAS1",NA,-2.49220941859451e-05,NA,NA,NA,NA,"Joint HESS uncertainty requires valid regional genetic and total residual parameters"
"chr2_154005056_155391135","region","h2","GWAS1",NA,-1.8257200103104e-05,NA,NA,NA,NA,"Joint HESS uncertainty requires valid regional genetic and total residual parameters"
"chr2_155391135_157560635","region","h2","GWAS1",NA,-2.51534165060852e-05,NA,NA,NA,NA,"Joint HESS uncertainty requires valid regional genetic and total residual parameters"
"chr2_157560635_158533218","region","h2","GWAS1",NA,9.22562391616695e-05,NA,NA,NA,NA,"Joint HESS uncertainty requires valid regional genetic and total residual parameters"
"chr2_158533218_159577082","region","h2","GWAS1",NA,6.84966467440704e-05,NA,NA,NA,NA,"Joint HESS uncertainty requires valid regional genetic and total residual parameters"
"chr2_159577082_161769733","region","h2","GWAS1",NA,0.000132646895832545,NA,NA,NA,NA,"Joint HESS uncertainty requires valid regional genetic and total residual parameters"
"chr2_161769733_163503551","region","h2","GWAS1",NA,6.10192543716365e-05,NA,NA,NA,NA,"Joint HESS uncertainty requires valid regional genetic and total residual parameters"
"chr2_16329735_18647423","region","h2","GWAS1",NA,3.30223353967434e-06,NA,NA,NA,NA,"Joint HESS uncertainty requires valid regional genetic and total residual parameters"
"chr2_163503551_164466638","region","h2","GWAS1",NA,4.72104414719526e-05,NA,NA,NA,NA,"Joint HESS uncertainty requires valid regional genetic and total residual parameters"
"chr2_164466638_165178840","region","h2","GWAS1",NA,-4.908578876064e-06,NA,NA,NA,NA,"Joint HESS uncertainty requires valid regional genetic and total residual parameters"
"chr2_165178840_167160270","region","h2","GWAS1",NA,0.000154991416356759,NA,NA,NA,NA,"Joint HESS uncertainty requires valid regional genetic and total residual parameters"
"chr2_167160270_167355970","region","h2","GWAS1",NA,2.07769344438412e-05,NA,NA,NA,NA,"Joint HESS uncertainty requires valid regional genetic and total residual parameters"
"chr2_167355970_169968236","region","h2","GWAS1",NA,4.79726556760832e-05,NA,NA,NA,NA,"Joint HESS uncertainty requires valid regional genetic and total residual parameters"
"chr2_169968236_171226245","region","h2","GWAS1",NA,-2.88958891605432e-05,NA,NA,NA,NA,"Joint HESS uncertainty requires valid regional genetic and total residual parameters"
"chr2_171226245_173138905","region","h2","GWAS1",NA,5.25621928171753e-05,NA,NA,NA,NA,"Joint HESS uncertainty requires valid regional genetic and total residual parameters"
"chr2_173138905_175588929","region","h2","GWAS1",NA,7.91352828302808e-06,NA,NA,NA,NA,"Joint HESS uncertainty requires valid regional genetic and total residual parameters"
"chr2_175588929_177363636","region","h2","GWAS1",NA,8.46096664798655e-07,NA,NA,NA,NA,"Joint HESS uncertainty requires valid regional genetic and total residual parameters"
"chr2_177363636_178553183","region","h2","GWAS1",NA,1.46449161448316e-05,NA,NA,NA,NA,"Joint HESS uncertainty requires valid regional genetic and total residual parameters"
"chr2_1781022_3973779","region","h2","GWAS1",NA,-1.59837031805253e-05,NA,NA,NA,NA,"Joint HESS uncertainty requires valid regional genetic and total residual parameters"
"chr2_178553183_181312739","region","h2","GWAS1",NA,9.83766916435826e-05,NA,NA,NA,NA,"Joint HESS uncertainty requires valid regional genetic and total residual parameters"
"chr2_181312739_182266031","region","h2","GWAS1",NA,1.01789124228541e-05,NA,NA,NA,NA,"Joint HESS uncertainty requires valid regional genetic and total residual parameters"
"chr2_182266031_184357608","region","h2","GWAS1",NA,-2.58409285339063e-05,NA,NA,NA,NA,"Joint HESS uncertainty requires valid regional genetic and total residual parameters"
"chr2_184357608_185280173","region","h2","GWAS1",NA,2.15253402713078e-05,NA,NA,NA,NA,"Joint HESS uncertainty requires valid regional genetic and total residual parameters"
"chr2_185280173_189882065","region","h2","GWAS1",NA,4.94769995413368e-06,NA,NA,NA,NA,"Joint HESS uncertainty requires valid regional genetic and total residual parameters"
"chr2_18647423_19692404","region","h2","GWAS1",NA,2.07135588981904e-05,NA,NA,NA,NA,"Joint HESS uncertainty requires valid regional genetic and total residual parameters"
"chr2_189882065_191973357","region","h2","GWAS1",NA,4.03438225474692e-05,NA,NA,NA,NA,"Joint HESS uncertainty requires valid regional genetic and total residual parameters"
"chr2_191973357_195861164","region","h2","GWAS1",NA,4.90261530811165e-05,NA,NA,NA,NA,"Joint HESS uncertainty requires valid regional genetic and total residual parameters"
"chr2_195861164_196447456","region","h2","GWAS1",NA,2.2863532135925e-05,NA,NA,NA,NA,"Joint HESS uncertainty requires valid regional genetic and total residual parameters"
"chr2_196447456_198078110","region","h2","GWAS1",NA,2.35649976175466e-05,NA,NA,NA,NA,"Joint HESS uncertainty requires valid regional genetic and total residual parameters"
"chr2_19692404_21050490","region","h2","GWAS1",NA,-2.74186453724505e-05,NA,NA,NA,NA,"Joint HESS uncertainty requires valid regional genetic and total residual parameters"
"chr2_198078110_199311125","region","h2","GWAS1",NA,3.47938534914135e-05,NA,NA,NA,NA,"Joint HESS uncertainty requires valid regional genetic and total residual parameters"
"chr2_199311125_201576284","region","h2","GWAS1",NA,4.44959158418485e-05,NA,NA,NA,NA,"Joint HESS uncertainty requires valid regional genetic and total residual parameters"
"chr2_201576284_202818637","region","h2","GWAS1",NA,9.21262143389338e-06,NA,NA,NA,NA,"Joint HESS uncertainty requires valid regional genetic and total residual parameters"
"chr2_202818637_205799241","region","h2","GWAS1",NA,2.53520942742104e-05,NA,NA,NA,NA,"Joint HESS uncertainty requires valid regional genetic and total residual parameters"
"chr2_205799241_206735704","region","h2","GWAS1",NA,2.69105960141017e-05,NA,NA,NA,NA,"Joint HESS uncertainty requires valid regional genetic and total residual parameters"
"chr2_206735704_208645399","region","h2","GWAS1",NA,4.8649406053733e-05,NA,NA,NA,NA,"Joint HESS uncertainty requires valid regional genetic and total residual parameters"
"chr2_208645399_209941529","region","h2","GWAS1",NA,1.37772123670719e-05,NA,NA,NA,NA,"Joint HESS uncertainty requires valid regional genetic and total residual parameters"
"chr2_209941529_212379518","region","h2","GWAS1",NA,3.16362095435e-05,NA,NA,NA,NA,"Joint HESS uncertainty requires valid regional genetic and total residual parameters"
"chr2_21050490_23341383","region","h2","GWAS1",NA,-2.42901057434518e-06,NA,NA,NA,NA,"Joint HESS uncertainty requires valid regional genetic and total residual parameters"
"chr2_212379518_214014282","region","h2","GWAS1",NA,8.73231087145003e-05,NA,NA,NA,NA,"Joint HESS uncertainty requires valid regional genetic and total residual parameters"
"chr2_214014282_215573795","region","h2","GWAS1",NA,-3.16031205164394e-06,NA,NA,NA,NA,"Joint HESS uncertainty requires valid regional genetic and total residual parameters"
"chr2_215573795_217715661","region","h2","GWAS1",NA,-2.46940881651051e-05,NA,NA,NA,NA,"Joint HESS uncertainty requires valid regional genetic and total residual parameters"
"chr2_217715661_218395480","region","h2","GWAS1",NA,-1.95257725482069e-05,NA,NA,NA,NA,"Joint HESS uncertainty requires valid regional genetic and total residual parameters"
"chr2_218395480_220454551","region","h2","GWAS1",NA,3.84811489700775e-05,NA,NA,NA,NA,"Joint HESS uncertainty requires valid regional genetic and total residual parameters"
"chr2_220454551_222521176","region","h2","GWAS1",NA,-1.13131824771798e-05,NA,NA,NA,NA,"Joint HESS uncertainty requires valid regional genetic and total residual parameters"
"chr2_222521176_224859419","region","h2","GWAS1",NA,1.79192653580125e-05,NA,NA,NA,NA,"Joint HESS uncertainty requires valid regional genetic and total residual parameters"
"chr2_224859419_225840004","region","h2","GWAS1",NA,1.13129163108167e-05,NA,NA,NA,NA,"Joint HESS uncertainty requires valid regional genetic and total residual parameters"
"chr2_225840004_228119842","region","h2","GWAS1",NA,0.000369996810294366,NA,NA,NA,NA,"Joint HESS uncertainty requires valid regional genetic and total residual parameters"
"chr2_228119842_229370787","region","h2","GWAS1",NA,1.46617718123402e-05,NA,NA,NA,NA,"Joint HESS uncertainty requires valid regional genetic and total residual parameters"
"chr2_229370787_231843389","region","h2","GWAS1",NA,-1.53647452617026e-05,NA,NA,NA,NA,"Joint HESS uncertainty requires valid regional genetic and total residual parameters"
"chr2_231843389_233550003","region","h2","GWAS1",NA,-2.67434630052512e-05,NA,NA,NA,NA,"Joint HESS uncertainty requires valid regional genetic and total residual parameters"
"chr2_23341383_24686918","region","h2","GWAS1",NA,5.975018672675e-06,NA,NA,NA,NA,"Joint HESS uncertainty requires valid regional genetic and total residual parameters"
"chr2_233550003_235150987","region","h2","GWAS1",NA,2.5896622403851e-05,NA,NA,NA,NA,"Joint HESS uncertainty requires valid regional genetic and total residual parameters"
"chr2_235150987_236043550","region","h2","GWAS1",NA,-7.02053237769606e-06,NA,NA,NA,NA,"Joint HESS uncertainty requires valid regional genetic and total residual parameters"
"chr2_236043550_237449032","region","h2","GWAS1",NA,3.55137511275028e-05,NA,NA,NA,NA,"Joint HESS uncertainty requires valid regional genetic and total residual parameters"
"chr2_237449032_238760981","region","h2","GWAS1",NA,-7.97095221036448e-06,NA,NA,NA,NA,"Joint HESS uncertainty requires valid regional genetic and total residual parameters"
"chr2_238760981_239952643","region","h2","GWAS1",NA,2.85493018199328e-05,NA,NA,NA,NA,"Joint HESS uncertainty requires valid regional genetic and total residual parameters"
"chr2_239952643_241560084","region","h2","GWAS1",NA,3.40722706551989e-05,NA,NA,NA,NA,"Joint HESS uncertainty requires valid regional genetic and total residual parameters"
"chr2_241560084_242149921","region","h2","GWAS1",NA,-4.26080503967923e-05,NA,NA,NA,NA,"Joint HESS uncertainty requires valid regional genetic and total residual parameters"
"chr2_242149921_243188920","region","h2","GWAS1",NA,-1.86071879493258e-05,NA,NA,NA,NA,"Joint HESS uncertainty requires valid regional genetic and total residual parameters"
"chr2_24686918_26894985","region","h2","GWAS1",NA,6.81413345835032e-05,NA,NA,NA,NA,"Joint HESS uncertainty requires valid regional genetic and total residual parameters"
"chr2_26894985_28598777","region","h2","GWAS1",NA,8.09548070084302e-05,NA,NA,NA,NA,"Joint HESS uncertainty requires valid regional genetic and total residual parameters"
"chr2_28598777_29217559","region","h2","GWAS1",NA,6.39702790667838e-06,NA,NA,NA,NA,"Joint HESS uncertainty requires valid regional genetic and total residual parameters"
"chr2_29217559_30463711","region","h2","GWAS1",NA,3.9036904990433e-06,NA,NA,NA,NA,"Joint HESS uncertainty requires valid regional genetic and total residual parameters"
"chr2_30463711_31550450","region","h2","GWAS1",NA,3.76712677188021e-05,NA,NA,NA,NA,"Joint HESS uncertainty requires valid regional genetic and total residual parameters"
"chr2_31550450_33363777","region","h2","GWAS1",NA,1.95065969975269e-05,NA,NA,NA,NA,"Joint HESS uncertainty requires valid regional genetic and total residual parameters"
"chr2_33363777_35345028","region","h2","GWAS1",NA,-4.07378114763817e-05,NA,NA,NA,NA,"Joint HESS uncertainty requires valid regional genetic and total residual parameters"
"chr2_35345028_36122006","region","h2","GWAS1",NA,1.1012387894422e-05,NA,NA,NA,NA,"Joint HESS uncertainty requires valid regional genetic and total residual parameters"
"chr2_36122006_38132712","region","h2","GWAS1",NA,8.06242257177418e-06,NA,NA,NA,NA,"Joint HESS uncertainty requires valid regional genetic and total residual parameters"
"chr2_38132712_39031337","region","h2","GWAS1",NA,2.2796132561919e-05,NA,NA,NA,NA,"Joint HESS uncertainty requires valid regional genetic and total residual parameters"
"chr2_39031337_40281483","region","h2","GWAS1",NA,9.53910838146193e-05,NA,NA,NA,NA,"Joint HESS uncertainty requires valid regional genetic and total residual parameters"
"chr2_3973779_5708337","region","h2","GWAS1",NA,-8.22742394431745e-06,NA,NA,NA,NA,"Joint HESS uncertainty requires valid regional genetic and total residual parameters"
"chr2_40281483_43309590","region","h2","GWAS1",NA,7.52288807361174e-05,NA,NA,NA,NA,"Joint HESS uncertainty requires valid regional genetic and total residual parameters"
"chr2_43309590_44313803","region","h2","GWAS1",NA,0.000233843195041856,NA,NA,NA,NA,"Joint HESS uncertainty requires valid regional genetic and total residual parameters"
"chr2_44313803_46482634","region","h2","GWAS1",NA,8.58894252375493e-06,NA,NA,NA,NA,"Joint HESS uncertainty requires valid regional genetic and total residual parameters"
"chr2_46482634_47318772","region","h2","GWAS1",NA,4.07796670068194e-05,NA,NA,NA,NA,"Joint HESS uncertainty requires valid regional genetic and total residual parameters"
"chr2_47318772_48213001","region","h2","GWAS1",NA,4.07473437442709e-05,NA,NA,NA,NA,"Joint HESS uncertainty requires valid regional genetic and total residual parameters"
"chr2_48213001_50022257","region","h2","GWAS1",NA,6.51591190551968e-06,NA,NA,NA,NA,"Joint HESS uncertainty requires valid regional genetic and total residual parameters"
"chr2_50022257_50818928","region","h2","GWAS1",NA,3.75484433641865e-05,NA,NA,NA,NA,"Joint HESS uncertainty requires valid regional genetic and total residual parameters"
"chr2_50818928_52491133","region","h2","GWAS1",NA,2.53438362995841e-05,NA,NA,NA,NA,"Joint HESS uncertainty requires valid regional genetic and total residual parameters"
"chr2_52491133_53508452","region","h2","GWAS1",NA,-2.98158642053632e-05,NA,NA,NA,NA,"Joint HESS uncertainty requires valid regional genetic and total residual parameters"
"chr2_53508452_54685226","region","h2","GWAS1",NA,4.46742633592888e-05,NA,NA,NA,NA,"Joint HESS uncertainty requires valid regional genetic and total residual parameters"
"chr2_54685226_56203345","region","h2","GWAS1",NA,5.49259292258461e-05,NA,NA,NA,NA,"Joint HESS uncertainty requires valid regional genetic and total residual parameters"
"chr2_56203345_57429100","region","h2","GWAS1",NA,5.08980367662822e-05,NA,NA,NA,NA,"Joint HESS uncertainty requires valid regional genetic and total residual parameters"
"chr2_5708337_6836254","region","h2","GWAS1",NA,1.03050082432699e-05,NA,NA,NA,NA,"Joint HESS uncertainty requires valid regional genetic and total residual parameters"
"chr2_57429100_58297315","region","h2","GWAS1",NA,4.0351802023228e-05,NA,NA,NA,NA,"Joint HESS uncertainty requires valid regional genetic and total residual parameters"
"chr2_58297315_60292000","region","h2","GWAS1",NA,0.000102565831278478,NA,NA,NA,NA,"Joint HESS uncertainty requires valid regional genetic and total residual parameters"
"chr2_60292000_62429044","region","h2","GWAS1",NA,0.00012839528855104,NA,NA,NA,NA,"Joint HESS uncertainty requires valid regional genetic and total residual parameters"
"chr2_62429044_64625913","region","h2","GWAS1",NA,3.88978691241045e-05,NA,NA,NA,NA,"Joint HESS uncertainty requires valid regional genetic and total residual parameters"
"chr2_64625913_65933444","region","h2","GWAS1",NA,0.000155791434044764,NA,NA,NA,NA,"Joint HESS uncertainty requires valid regional genetic and total residual parameters"
"chr2_65933444_67226166","region","h2","GWAS1",NA,5.1241422264031e-05,NA,NA,NA,NA,"Joint HESS uncertainty requires valid regional genetic and total residual parameters"
"chr2_67226166_68010176","region","h2","GWAS1",NA,3.32906576782448e-05,NA,NA,NA,NA,"Joint HESS uncertainty requires valid regional genetic and total residual parameters"
"chr2_68010176_69139564","region","h2","GWAS1",NA,1.95419879759877e-05,NA,NA,NA,NA,"Joint HESS uncertainty requires valid regional genetic and total residual parameters"
"chr2_6836254_8422147","region","h2","GWAS1",NA,1.8138683235453e-05,NA,NA,NA,NA,"Joint HESS uncertainty requires valid regional genetic and total residual parameters"
"chr2_69139564_70755198","region","h2","GWAS1",NA,4.581075404268e-06,NA,NA,NA,NA,"Joint HESS uncertainty requires valid regional genetic and total residual parameters"
"chr2_70755198_73174848","region","h2","GWAS1",NA,2.89452905977355e-05,NA,NA,NA,NA,"Joint HESS uncertainty requires valid regional genetic and total residual parameters"
"chr2_73174848_75630086","region","h2","GWAS1",NA,2.95942242798088e-05,NA,NA,NA,NA,"Joint HESS uncertainty requires valid regional genetic and total residual parameters"
"chr2_75630086_76913661","region","h2","GWAS1",NA,2.44776898153571e-05,NA,NA,NA,NA,"Joint HESS uncertainty requires valid regional genetic and total residual parameters"
"chr2_76913661_78079264","region","h2","GWAS1",NA,3.32933888575316e-05,NA,NA,NA,NA,"Joint HESS uncertainty requires valid regional genetic and total residual parameters"
"chr2_78079264_80050403","region","h2","GWAS1",NA,9.15344037150303e-05,NA,NA,NA,NA,"Joint HESS uncertainty requires valid regional genetic and total residual parameters"
"chr2_80050403_81620841","region","h2","GWAS1",NA,-6.55951890388557e-06,NA,NA,NA,NA,"Joint HESS uncertainty requires valid regional genetic and total residual parameters"
"chr2_81620841_85140680","region","h2","GWAS1",NA,3.87944949132033e-05,NA,NA,NA,NA,"Joint HESS uncertainty requires valid regional genetic and total residual parameters"
"chr2_8422147_10298469","region","h2","GWAS1",NA,3.95623909174927e-05,NA,NA,NA,NA,"Joint HESS uncertainty requires valid regional genetic and total residual parameters"
"chr2_85140680_88038507","region","h2","GWAS1",NA,2.69833477884238e-05,NA,NA,NA,NA,"Joint HESS uncertainty requires valid regional genetic and total residual parameters"
"chr2_88038507_89154526","region","h2","GWAS1",NA,-3.01019845200961e-05,NA,NA,NA,NA,"Joint HESS uncertainty requires valid regional genetic and total residual parameters"
"chr2_89154526_95326452","region","h2","GWAS1",NA,-3.16981239171413e-06,NA,NA,NA,NA,"Joint HESS uncertainty requires valid regional genetic and total residual parameters"
"chr2_95326452_98995201","region","h2","GWAS1",NA,-3.04770642422072e-05,NA,NA,NA,NA,"Joint HESS uncertainty requires valid regional genetic and total residual parameters"
"chr2_98995201_101822329","region","h2","GWAS1",NA,5.24712807776539e-05,NA,NA,NA,NA,"Joint HESS uncertainty requires valid regional genetic and total residual parameters"
"chr3_100592217_103084960","region","h2","GWAS1",NA,-2.19803831811706e-05,NA,NA,NA,NA,"Joint HESS uncertainty requires valid regional genetic and total residual parameters"
"chr3_103084960_104581613","region","h2","GWAS1",NA,-4.05864087496069e-05,NA,NA,NA,NA,"Joint HESS uncertainty requires valid regional genetic and total residual parameters"
"chr3_104581613_106982811","region","h2","GWAS1",NA,3.87493617398145e-05,NA,NA,NA,NA,"Joint HESS uncertainty requires valid regional genetic and total residual parameters"
"chr3_106982811_109522395","region","h2","GWAS1",NA,2.95612460309345e-05,NA,NA,NA,NA,"Joint HESS uncertainty requires valid regional genetic and total residual parameters"
"chr3_109522395_110513770","region","h2","GWAS1",NA,-2.2845637264802e-05,NA,NA,NA,NA,"Joint HESS uncertainty requires valid regional genetic and total residual parameters"
"chr3_11019665_13070799","region","h2","GWAS1",NA,0.000294892802825117,NA,NA,NA,NA,"Joint HESS uncertainty requires valid regional genetic and total residual parameters"
"chr3_110513770_112815699","region","h2","GWAS1",NA,1.69897201777413e-05,NA,NA,NA,NA,"Joint HESS uncertainty requires valid regional genetic and total residual parameters"
"chr3_112815699_113947863","region","h2","GWAS1",NA,4.13383416970557e-05,NA,NA,NA,NA,"Joint HESS uncertainty requires valid regional genetic and total residual parameters"
"chr3_113947863_115447080","region","h2","GWAS1",NA,0.000114166108062483,NA,NA,NA,NA,"Joint HESS uncertainty requires valid regional genetic and total residual parameters"
"chr3_115447080_116800153","region","h2","GWAS1",NA,-2.61406075391086e-05,NA,NA,NA,NA,"Joint HESS uncertainty requires valid regional genetic and total residual parameters"
"chr3_116800153_118530251","region","h2","GWAS1",NA,6.49672482113454e-05,NA,NA,NA,NA,"Joint HESS uncertainty requires valid regional genetic and total residual parameters"
"chr3_118530251_120523055","region","h2","GWAS1",NA,-1.03087686660407e-05,NA,NA,NA,NA,"Joint HESS uncertainty requires valid regional genetic and total residual parameters"
"chr3_120523055_121974097","region","h2","GWAS1",NA,3.02446905070289e-05,NA,NA,NA,NA,"Joint HESS uncertainty requires valid regional genetic and total residual parameters"
"chr3_121974097_123517768","region","h2","GWAS1",NA,0.000245260981808825,NA,NA,NA,NA,"Joint HESS uncertainty requires valid regional genetic and total residual parameters"
"chr3_123517768_124936642","region","h2","GWAS1",NA,3.74733342552748e-05,NA,NA,NA,NA,"Joint HESS uncertainty requires valid regional genetic and total residual parameters"
"chr3_124936642_126214943","region","h2","GWAS1",NA,6.45996650425833e-06,NA,NA,NA,NA,"Joint HESS uncertainty requires valid regional genetic and total residual parameters"
"chr3_126214943_128194861","region","h2","GWAS1",NA,8.020958935478e-05,NA,NA,NA,NA,"Joint HESS uncertainty requires valid regional genetic and total residual parameters"
"chr3_128194861_130244735","region","h2","GWAS1",NA,9.61048599985002e-05,NA,NA,NA,NA,"Joint HESS uncertainty requires valid regional genetic and total residual parameters"
"chr3_130244735_131836516","region","h2","GWAS1",NA,1.09599720482828e-05,NA,NA,NA,NA,"Joint HESS uncertainty requires valid regional genetic and total residual parameters"
"chr3_13070799_14816900","region","h2","GWAS1",NA,-6.26302086649465e-06,NA,NA,NA,NA,"Joint HESS uncertainty requires valid regional genetic and total residual parameters"
"chr3_131836516_133252173","region","h2","GWAS1",NA,-2.98341717499462e-05,NA,NA,NA,NA,"Joint HESS uncertainty requires valid regional genetic and total residual parameters"
"chr3_133252173_135456906","region","h2","GWAS1",NA,5.27325477467593e-05,NA,NA,NA,NA,"Joint HESS uncertainty requires valid regional genetic and total residual parameters"
"chr3_135456906_137371083","region","h2","GWAS1",NA,4.13504647563479e-05,NA,NA,NA,NA,"Joint HESS uncertainty requires valid regional genetic and total residual parameters"
"chr3_137371083_139954597","region","h2","GWAS1",NA,6.23901101189461e-05,NA,NA,NA,NA,"Joint HESS uncertainty requires valid regional genetic and total residual parameters"
"chr3_139954597_141339097","region","h2","GWAS1",NA,2.3871757036357e-05,NA,NA,NA,NA,"Joint HESS uncertainty requires valid regional genetic and total residual parameters"
"chr3_141339097_143164628","region","h2","GWAS1",NA,1.72834018635217e-05,NA,NA,NA,NA,"Joint HESS uncertainty requires valid regional genetic and total residual parameters"
"chr3_143164628_144410816","region","h2","GWAS1",NA,-7.41823935839132e-06,NA,NA,NA,NA,"Joint HESS uncertainty requires valid regional genetic and total residual parameters"
"chr3_1441779_2992120","region","h2","GWAS1",NA,-3.58878690891754e-05,NA,NA,NA,NA,"Joint HESS uncertainty requires valid regional genetic and total residual parameters"
"chr3_144410816_145664619","region","h2","GWAS1",NA,-1.15947767348072e-05,NA,NA,NA,NA,"Joint HESS uncertainty requires valid regional genetic and total residual parameters"
"chr3_145664619_146726629","region","h2","GWAS1",NA,-6.72583332386831e-06,NA,NA,NA,NA,"Joint HESS uncertainty requires valid regional genetic and total residual parameters"
"chr3_146726629_149043237","region","h2","GWAS1",NA,1.5932990606382e-05,NA,NA,NA,NA,"Joint HESS uncertainty requires valid regional genetic and total residual parameters"
"chr3_14816900_16282442","region","h2","GWAS1",NA,2.18583143616347e-05,NA,NA,NA,NA,"Joint HESS uncertainty requires valid regional genetic and total residual parameters"
"chr3_149043237_150252004","region","h2","GWAS1",NA,0.000159845798021855,NA,NA,NA,NA,"Joint HESS uncertainty requires valid regional genetic and total residual parameters"
"chr3_150252004_151348730","region","h2","GWAS1",NA,5.96531722129322e-05,NA,NA,NA,NA,"Joint HESS uncertainty requires valid regional genetic and total residual parameters"
"chr3_151348730_153256571","region","h2","GWAS1",NA,0.000131247896401608,NA,NA,NA,NA,"Joint HESS uncertainty requires valid regional genetic and total residual parameters"
"chr3_153256571_154714218","region","h2","GWAS1",NA,2.35985613067397e-05,NA,NA,NA,NA,"Joint HESS uncertainty requires valid regional genetic and total residual parameters"
"chr3_154714218_156008700","region","h2","GWAS1",NA,3.85831906004712e-06,NA,NA,NA,NA,"Joint HESS uncertainty requires valid regional genetic and total residual parameters"
"chr3_156008700_157312028","region","h2","GWAS1",NA,1.22583436918841e-05,NA,NA,NA,NA,"Joint HESS uncertainty requires valid regional genetic and total residual parameters"
"chr3_157312028_159477890","region","h2","GWAS1",NA,1.15324222712305e-05,NA,NA,NA,NA,"Joint HESS uncertainty requires valid regional genetic and total residual parameters"
"chr3_159477890_161524504","region","h2","GWAS1",NA,6.0714120548276e-05,NA,NA,NA,NA,"Joint HESS uncertainty requires valid regional genetic and total residual parameters"
"chr3_161524504_163253205","region","h2","GWAS1",NA,-1.30658900805305e-05,NA,NA,NA,NA,"Joint HESS uncertainty requires valid regional genetic and total residual parameters"
"chr3_16282442_17891118","region","h2","GWAS1",NA,5.80946067097646e-06,NA,NA,NA,NA,"Joint HESS uncertainty requires valid regional genetic and total residual parameters"
"chr3_163253205_165055469","region","h2","GWAS1",NA,2.6894006248894e-05,NA,NA,NA,NA,"Joint HESS uncertainty requires valid regional genetic and total residual parameters"
"chr3_165055469_167117429","region","h2","GWAS1",NA,2.79350029864685e-05,NA,NA,NA,NA,"Joint HESS uncertainty requires valid regional genetic and total residual parameters"
"chr3_167117429_168580960","region","h2","GWAS1",NA,9.33343438694728e-05,NA,NA,NA,NA,"Joint HESS uncertainty requires valid regional genetic and total residual parameters"
"chr3_168580960_170964909","region","h2","GWAS1",NA,0.000144796802470507,NA,NA,NA,NA,"Joint HESS uncertainty requires valid regional genetic and total residual parameters"
"chr3_170964909_172295731","region","h2","GWAS1",NA,-4.31193820739838e-05,NA,NA,NA,NA,"Joint HESS uncertainty requires valid regional genetic and total residual parameters"
"chr3_172295731_173477285","region","h2","GWAS1",NA,6.39924973697872e-05,NA,NA,NA,NA,"Joint HESS uncertainty requires valid regional genetic and total residual parameters"
"chr3_173477285_175116539","region","h2","GWAS1",NA,2.94917899813262e-05,NA,NA,NA,NA,"Joint HESS uncertainty requires valid regional genetic and total residual parameters"
"chr3_175116539_176320287","region","h2","GWAS1",NA,1.29547062217446e-05,NA,NA,NA,NA,"Joint HESS uncertainty requires valid regional genetic and total residual parameters"
"chr3_176320287_178107165","region","h2","GWAS1",NA,-1.44827455260127e-05,NA,NA,NA,NA,"Joint HESS uncertainty requires valid regional genetic and total residual parameters"
"chr3_178107165_179374586","region","h2","GWAS1",NA,-6.93785421200363e-06,NA,NA,NA,NA,"Joint HESS uncertainty requires valid regional genetic and total residual parameters"
"chr3_17891118_19125144","region","h2","GWAS1",NA,1.05142307841262e-05,NA,NA,NA,NA,"Joint HESS uncertainty requires valid regional genetic and total residual parameters"
"chr3_179374586_181511166","region","h2","GWAS1",NA,2.21325860685466e-05,NA,NA,NA,NA,"Joint HESS uncertainty requires valid regional genetic and total residual parameters"
"chr3_181511166_183769683","region","h2","GWAS1",NA,4.1130168123162e-05,NA,NA,NA,NA,"Joint HESS uncertainty requires valid regional genetic and total residual parameters"
"chr3_183769683_185068255","region","h2","GWAS1",NA,2.27999838140004e-05,NA,NA,NA,NA,"Joint HESS uncertainty requires valid regional genetic and total residual parameters"
"chr3_185068255_186890344","region","h2","GWAS1",NA,0.000388811097818239,NA,NA,NA,NA,"Joint HESS uncertainty requires valid regional genetic and total residual parameters"
"chr3_186890344_188856214","region","h2","GWAS1",NA,4.64012015795636e-05,NA,NA,NA,NA,"Joint HESS uncertainty requires valid regional genetic and total residual parameters"
"chr3_188856214_190226607","region","h2","GWAS1",NA,-2.95904241852908e-05,NA,NA,NA,NA,"Joint HESS uncertainty requires valid regional genetic and total residual parameters"
"chr3_190226607_192343814","region","h2","GWAS1",NA,5.54616333805832e-07,NA,NA,NA,NA,"Joint HESS uncertainty requires valid regional genetic and total residual parameters"
"chr3_19125144_20091348","region","h2","GWAS1",NA,1.38464277158724e-05,NA,NA,NA,NA,"Joint HESS uncertainty requires valid regional genetic and total residual parameters"
"chr3_192343814_194059671","region","h2","GWAS1",NA,-6.17002858739624e-07,NA,NA,NA,NA,"Joint HESS uncertainty requires valid regional genetic and total residual parameters"
"chr3_194059671_194786674","region","h2","GWAS1",NA,2.43854447712825e-05,NA,NA,NA,NA,"Joint HESS uncertainty requires valid regional genetic and total residual parameters"
"chr3_194786674_195971408","region","h2","GWAS1",NA,4.11968397064984e-05,NA,NA,NA,NA,"Joint HESS uncertainty requires valid regional genetic and total residual parameters"
"chr3_195971408_197075987","region","h2","GWAS1",NA,2.20828694861073e-05,NA,NA,NA,NA,"Joint HESS uncertainty requires valid regional genetic and total residual parameters"
"chr3_197075987_197946622","region","h2","GWAS1",NA,-2.7087646727046e-05,NA,NA,NA,NA,"Joint HESS uncertainty requires valid regional genetic and total residual parameters"
"chr3_20091348_21643707","region","h2","GWAS1",NA,1.40061788800864e-05,NA,NA,NA,NA,"Joint HESS uncertainty requires valid regional genetic and total residual parameters"
"chr3_21643707_22204244","region","h2","GWAS1",NA,7.29384065358868e-06,NA,NA,NA,NA,"Joint HESS uncertainty requires valid regional genetic and total residual parameters"
"chr3_22204244_23804865","region","h2","GWAS1",NA,0.000111516250309954,NA,NA,NA,NA,"Joint HESS uncertainty requires valid regional genetic and total residual parameters"
"chr3_23804865_25461558","region","h2","GWAS1",NA,3.55798559886698e-05,NA,NA,NA,NA,"Joint HESS uncertainty requires valid regional genetic and total residual parameters"
"chr3_25461558_26877769","region","h2","GWAS1",NA,3.18412496618305e-05,NA,NA,NA,NA,"Joint HESS uncertainty requires valid regional genetic and total residual parameters"
"chr3_26877769_27840910","region","h2","GWAS1",NA,-5.38038583624371e-06,NA,NA,NA,NA,"Joint HESS uncertainty requires valid regional genetic and total residual parameters"
"chr3_27840910_29142260","region","h2","GWAS1",NA,3.36232779400175e-05,NA,NA,NA,NA,"Joint HESS uncertainty requires valid regional genetic and total residual parameters"
"chr3_29142260_30717955","region","h2","GWAS1",NA,8.03649971303425e-06,NA,NA,NA,NA,"Joint HESS uncertainty requires valid regional genetic and total residual parameters"
"chr3_2992120_4431647","region","h2","GWAS1",NA,-1.96948772377164e-05,NA,NA,NA,NA,"Joint HESS uncertainty requires valid regional genetic and total residual parameters"
"chr3_30717955_32351715","region","h2","GWAS1",NA,-2.66936889589835e-05,NA,NA,NA,NA,"Joint HESS uncertainty requires valid regional genetic and total residual parameters"
"chr3_32351715_33255592","region","h2","GWAS1",NA,8.43236425674928e-06,NA,NA,NA,NA,"Joint HESS uncertainty requires valid regional genetic and total residual parameters"
"chr3_33255592_35283458","region","h2","GWAS1",NA,1.19406790590064e-05,NA,NA,NA,NA,"Joint HESS uncertainty requires valid regional genetic and total residual parameters"
"chr3_35283458_36486842","region","h2","GWAS1",NA,3.55778481061667e-05,NA,NA,NA,NA,"Joint HESS uncertainty requires valid regional genetic and total residual parameters"
"chr3_36486842_38356116","region","h2","GWAS1",NA,1.35664465282638e-05,NA,NA,NA,NA,"Joint HESS uncertainty requires valid regional genetic and total residual parameters"
"chr3_38356116_40221298","region","h2","GWAS1",NA,3.89328196011059e-05,NA,NA,NA,NA,"Joint HESS uncertainty requires valid regional genetic and total residual parameters"
"chr3_40221298_41064528","region","h2","GWAS1",NA,-1.21603882054614e-06,NA,NA,NA,NA,"Joint HESS uncertainty requires valid regional genetic and total residual parameters"
"chr3_41064528_42540002","region","h2","GWAS1",NA,-1.16226808249517e-05,NA,NA,NA,NA,"Joint HESS uncertainty requires valid regional genetic and total residual parameters"
"chr3_42540002_45165153","region","h2","GWAS1",NA,4.67373016993501e-05,NA,NA,NA,NA,"Joint HESS uncertainty requires valid regional genetic and total residual parameters"
"chr3_4431647_6083183","region","h2","GWAS1",NA,2.35748365918223e-05,NA,NA,NA,NA,"Joint HESS uncertainty requires valid regional genetic and total residual parameters"
"chr3_45165153_46657500","region","h2","GWAS1",NA,6.12990090005765e-05,NA,NA,NA,NA,"Joint HESS uncertainty requires valid regional genetic and total residual parameters"
"chr3_46657500_47727212","region","h2","GWAS1",NA,0.000108270803350351,NA,NA,NA,NA,"Joint HESS uncertainty requires valid regional genetic and total residual parameters"
"chr3_47727212_49316972","region","h2","GWAS1",NA,7.23621217756118e-05,NA,NA,NA,NA,"Joint HESS uncertainty requires valid regional genetic and total residual parameters"
"chr3_49316972_51832015","region","h2","GWAS1",NA,4.83413170346033e-05,NA,NA,NA,NA,"Joint HESS uncertainty requires valid regional genetic and total residual parameters"
"chr3_51832015_54081390","region","h2","GWAS1",NA,9.12526327885145e-05,NA,NA,NA,NA,"Joint HESS uncertainty requires valid regional genetic and total residual parameters"
"chr3_54081390_55348860","region","h2","GWAS1",NA,-2.27923504401809e-06,NA,NA,NA,NA,"Joint HESS uncertainty requires valid regional genetic and total residual parameters"
"chr3_55348860_56433907","region","h2","GWAS1",NA,-2.97036896333512e-05,NA,NA,NA,NA,"Joint HESS uncertainty requires valid regional genetic and total residual parameters"
"chr3_56433907_58157519","region","h2","GWAS1",NA,3.06908983804612e-05,NA,NA,NA,NA,"Joint HESS uncertainty requires valid regional genetic and total residual parameters"
"chr3_58157519_60272906","region","h2","GWAS1",NA,1.53103854975996e-05,NA,NA,NA,NA,"Joint HESS uncertainty requires valid regional genetic and total residual parameters"
"chr3_60157_1441779","region","h2","GWAS1",NA,-5.85889350762707e-07,NA,NA,NA,NA,"Joint HESS uncertainty requires valid regional genetic and total residual parameters"
"chr3_60272906_62355666","region","h2","GWAS1",NA,1.40077822369929e-05,NA,NA,NA,NA,"Joint HESS uncertainty requires valid regional genetic and total residual parameters"
"chr3_6083183_7083387","region","h2","GWAS1",NA,-2.74820875518143e-06,NA,NA,NA,NA,"Joint HESS uncertainty requires valid regional genetic and total residual parameters"
"chr3_62355666_63669286","region","h2","GWAS1",NA,3.12150153912363e-05,NA,NA,NA,NA,"Joint HESS uncertainty requires valid regional genetic and total residual parameters"
"chr3_63669286_65273538","region","h2","GWAS1",NA,0.000133293277784179,NA,NA,NA,NA,"Joint HESS uncertainty requires valid regional genetic and total residual parameters"
"chr3_65273538_66270447","region","h2","GWAS1",NA,4.6928098654915e-05,NA,NA,NA,NA,"Joint HESS uncertainty requires valid regional genetic and total residual parameters"
"chr3_66270447_68286914","region","h2","GWAS1",NA,7.78121491156378e-05,NA,NA,NA,NA,"Joint HESS uncertainty requires valid regional genetic and total residual parameters"
"chr3_68286914_69276762","region","h2","GWAS1",NA,4.31307443022127e-05,NA,NA,NA,NA,"Joint HESS uncertainty requires valid regional genetic and total residual parameters"
"chr3_69276762_70449028","region","h2","GWAS1",NA,1.78009734904208e-05,NA,NA,NA,NA,"Joint HESS uncertainty requires valid regional genetic and total residual parameters"
"chr3_70449028_72529329","region","h2","GWAS1",NA,2.96615528987144e-05,NA,NA,NA,NA,"Joint HESS uncertainty requires valid regional genetic and total residual parameters"
"chr3_7083387_8648561","region","h2","GWAS1",NA,-1.07267603011864e-05,NA,NA,NA,NA,"Joint HESS uncertainty requires valid regional genetic and total residual parameters"
"chr3_72529329_74321817","region","h2","GWAS1",NA,0.000112493205569366,NA,NA,NA,NA,"Joint HESS uncertainty requires valid regional genetic and total residual parameters"
"chr3_74321817_75704949","region","h2","GWAS1",NA,1.02446416817388e-05,NA,NA,NA,NA,"Joint HESS uncertainty requires valid regional genetic and total residual parameters"
"chr3_75704949_77508835","region","h2","GWAS1",NA,8.00702344085512e-05,NA,NA,NA,NA,"Joint HESS uncertainty requires valid regional genetic and total residual parameters"
"chr3_77508835_79024541","region","h2","GWAS1",NA,5.93161757741358e-05,NA,NA,NA,NA,"Joint HESS uncertainty requires valid regional genetic and total residual parameters"
"chr3_79024541_81427310","region","h2","GWAS1",NA,-9.09451062575868e-07,NA,NA,NA,NA,"Joint HESS uncertainty requires valid regional genetic and total residual parameters"
"chr3_81427310_82643886","region","h2","GWAS1",NA,2.02138348643859e-05,NA,NA,NA,NA,"Joint HESS uncertainty requires valid regional genetic and total residual parameters"
"chr3_82643886_84367479","region","h2","GWAS1",NA,-8.89833326348248e-06,NA,NA,NA,NA,"Joint HESS uncertainty requires valid regional genetic and total residual parameters"
"chr3_84367479_85582231","region","h2","GWAS1",NA,-4.42642435034985e-06,NA,NA,NA,NA,"Joint HESS uncertainty requires valid regional genetic and total residual parameters"
"chr3_85582231_87409732","region","h2","GWAS1",NA,1.06976708104669e-05,NA,NA,NA,NA,"Joint HESS uncertainty requires valid regional genetic and total residual parameters"
"chr3_8648561_9543183","region","h2","GWAS1",NA,4.75072694264794e-05,NA,NA,NA,NA,"Joint HESS uncertainty requires valid regional genetic and total residual parameters"
"chr3_87409732_88298373","region","h2","GWAS1",NA,1.32341792618095e-05,NA,NA,NA,NA,"Joint HESS uncertainty requires valid regional genetic and total residual parameters"
"chr3_88298373_94255316","region","h2","GWAS1",NA,4.60944375591343e-05,NA,NA,NA,NA,"Joint HESS uncertainty requires valid regional genetic and total residual parameters"
"chr3_94255316_95311971","region","h2","GWAS1",NA,3.82326595044009e-05,NA,NA,NA,NA,"Joint HESS uncertainty requires valid regional genetic and total residual parameters"
"chr3_95311971_98215950","region","h2","GWAS1",NA,4.35401608629501e-05,NA,NA,NA,NA,"Joint HESS uncertainty requires valid regional genetic and total residual parameters"
"chr3_9543183_11019665","region","h2","GWAS1",NA,-2.25612562087288e-05,NA,NA,NA,NA,"Joint HESS uncertainty requires valid regional genetic and total residual parameters"
"chr3_98215950_99373762","region","h2","GWAS1",NA,-6.88882671524165e-06,NA,NA,NA,NA,"Joint HESS uncertainty requires valid regional genetic and total residual parameters"
"chr3_99373762_100592217","region","h2","GWAS1",NA,1.83581605808401e-05,NA,NA,NA,NA,"Joint HESS uncertainty requires valid regional genetic and total residual parameters"
"chr4_100678360_103221356","region","h2","GWAS1",NA,4.03776640985964e-05,NA,NA,NA,NA,"Joint HESS uncertainty requires valid regional genetic and total residual parameters"
"chr4_10240_694715","region","h2","GWAS1",NA,3.16530646344444e-05,NA,NA,NA,NA,"Joint HESS uncertainty requires valid regional genetic and total residual parameters"
"chr4_103221356_105305294","region","h2","GWAS1",NA,0.000136911515182379,NA,NA,NA,NA,"Joint HESS uncertainty requires valid regional genetic and total residual parameters"
"chr4_105305294_107501305","region","h2","GWAS1",NA,8.36280007234244e-05,NA,NA,NA,NA,"Joint HESS uncertainty requires valid regional genetic and total residual parameters"
"chr4_10699152_12323034","region","h2","GWAS1",NA,1.68845308013281e-05,NA,NA,NA,NA,"Joint HESS uncertainty requires valid regional genetic and total residual parameters"
"chr4_107501305_108815348","region","h2","GWAS1",NA,2.16601130676588e-05,NA,NA,NA,NA,"Joint HESS uncertainty requires valid regional genetic and total residual parameters"
"chr4_108815348_111256567","region","h2","GWAS1",NA,2.34952491607267e-05,NA,NA,NA,NA,"Joint HESS uncertainty requires valid regional genetic and total residual parameters"
"chr4_111256567_113870102","region","h2","GWAS1",NA,-1.4756600852308e-06,NA,NA,NA,NA,"Joint HESS uncertainty requires valid regional genetic and total residual parameters"
"chr4_113870102_115666246","region","h2","GWAS1",NA,3.40882860795485e-05,NA,NA,NA,NA,"Joint HESS uncertainty requires valid regional genetic and total residual parameters"
"chr4_115666246_117276929","region","h2","GWAS1",NA,1.11028208628688e-05,NA,NA,NA,NA,"Joint HESS uncertainty requires valid regional genetic and total residual parameters"
"chr4_117276929_118479918","region","h2","GWAS1",NA,3.20530845133986e-05,NA,NA,NA,NA,"Joint HESS uncertainty requires valid regional genetic and total residual parameters"
"chr4_118479918_119933512","region","h2","GWAS1",NA,1.67453918996323e-05,NA,NA,NA,NA,"Joint HESS uncertainty requires valid regional genetic and total residual parameters"
"chr4_119933512_120392684","region","h2","GWAS1",NA,-1.87489650622366e-06,NA,NA,NA,NA,"Joint HESS uncertainty requires valid regional genetic and total residual parameters"
"chr4_120392684_122657987","region","h2","GWAS1",NA,1.90689321593906e-05,NA,NA,NA,NA,"Joint HESS uncertainty requires valid regional genetic and total residual parameters"
"chr4_122657987_124286481","region","h2","GWAS1",NA,1.77280806851141e-05,NA,NA,NA,NA,"Joint HESS uncertainty requires valid regional genetic and total residual parameters"
"chr4_12323034_14272001","region","h2","GWAS1",NA,-1.76869314437436e-05,NA,NA,NA,NA,"Joint HESS uncertainty requires valid regional genetic and total residual parameters"
"chr4_124286481_125210862","region","h2","GWAS1",NA,4.205244493012e-06,NA,NA,NA,NA,"Joint HESS uncertainty requires valid regional genetic and total residual parameters"
"chr4_125210862_126480886","region","h2","GWAS1",NA,3.92993360907442e-05,NA,NA,NA,NA,"Joint HESS uncertainty requires valid regional genetic and total residual parameters"
"chr4_126480886_127275477","region","h2","GWAS1",NA,3.16384556279654e-06,NA,NA,NA,NA,"Joint HESS uncertainty requires valid regional genetic and total residual parameters"
"chr4_127275477_127830293","region","h2","GWAS1",NA,-1.70338520116201e-05,NA,NA,NA,NA,"Joint HESS uncertainty requires valid regional genetic and total residual parameters"
"chr4_127830293_128996665","region","h2","GWAS1",NA,5.49178229809588e-05,NA,NA,NA,NA,"Joint HESS uncertainty requires valid regional genetic and total residual parameters"
"chr4_128996665_130591885","region","h2","GWAS1",NA,6.93599291699458e-05,NA,NA,NA,NA,"Joint HESS uncertainty requires valid regional genetic and total residual parameters"
"chr4_130591885_131283821","region","h2","GWAS1",NA,-9.58422584831469e-06,NA,NA,NA,NA,"Joint HESS uncertainty requires valid regional genetic and total residual parameters"
"chr4_131283821_132954033","region","h2","GWAS1",NA,3.00869735771717e-05,NA,NA,NA,NA,"Joint HESS uncertainty requires valid regional genetic and total residual parameters"
"chr4_132954033_134628434","region","h2","GWAS1",NA,-2.91588998863758e-06,NA,NA,NA,NA,"Joint HESS uncertainty requires valid regional genetic and total residual parameters"
"chr4_134628434_136566407","region","h2","GWAS1",NA,2.90691086707239e-05,NA,NA,NA,NA,"Joint HESS uncertainty requires valid regional genetic and total residual parameters"
"chr4_136566407_138541971","region","h2","GWAS1",NA,2.2899837807362e-05,NA,NA,NA,NA,"Joint HESS uncertainty requires valid regional genetic and total residual parameters"
"chr4_138541971_139556511","region","h2","GWAS1",NA,-1.59779284504155e-05,NA,NA,NA,NA,"Joint HESS uncertainty requires valid regional genetic and total residual parameters"
"chr4_139556511_141084631","region","h2","GWAS1",NA,8.37236869181228e-06,NA,NA,NA,NA,"Joint HESS uncertainty requires valid regional genetic and total residual parameters"
"chr4_141084631_143443265","region","h2","GWAS1",NA,8.18204002960967e-06,NA,NA,NA,NA,"Joint HESS uncertainty requires valid regional genetic and total residual parameters"
"chr4_14272001_15147446","region","h2","GWAS1",NA,-5.38963100206936e-06,NA,NA,NA,NA,"Joint HESS uncertainty requires valid regional genetic and total residual parameters"
"chr4_143443265_146178187","region","h2","GWAS1",NA,2.15717222316842e-05,NA,NA,NA,NA,"Joint HESS uncertainty requires valid regional genetic and total residual parameters"
"chr4_146178187_148521873","region","h2","GWAS1",NA,-1.0072344825863e-06,NA,NA,NA,NA,"Joint HESS uncertainty requires valid regional genetic and total residual parameters"
"chr4_1478711_2842979","region","h2","GWAS1",NA,4.68416799797721e-05,NA,NA,NA,NA,"Joint HESS uncertainty requires valid regional genetic and total residual parameters"
"chr4_148521873_150683580","region","h2","GWAS1",NA,-1.63506420459186e-05,NA,NA,NA,NA,"Joint HESS uncertainty requires valid regional genetic and total residual parameters"
"chr4_150683580_152782184","region","h2","GWAS1",NA,-3.03376720027263e-05,NA,NA,NA,NA,"Joint HESS uncertainty requires valid regional genetic and total residual parameters"
"chr4_15147446_15927009","region","h2","GWAS1",NA,4.3800553152803e-05,NA,NA,NA,NA,"Joint HESS uncertainty requires valid regional genetic and total residual parameters"
"chr4_152782184_154477641","region","h2","GWAS1",NA,0.000112494985335788,NA,NA,NA,NA,"Joint HESS uncertainty requires valid regional genetic and total residual parameters"
"chr4_154477641_155056126","region","h2","GWAS1",NA,-2.83703918801777e-06,NA,NA,NA,NA,"Joint HESS uncertainty requires valid regional genetic and total residual parameters"
"chr4_155056126_157485097","region","h2","GWAS1",NA,4.23195437360347e-05,NA,NA,NA,NA,"Joint HESS uncertainty requires valid regional genetic and total residual parameters"
"chr4_157485097_158743718","region","h2","GWAS1",NA,2.55090559793545e-05,NA,NA,NA,NA,"Joint HESS uncertainty requires valid regional genetic and total residual parameters"
"chr4_158743718_161058864","region","h2","GWAS1",NA,4.20590244844193e-05,NA,NA,NA,NA,"Joint HESS uncertainty requires valid regional genetic and total residual parameters"
"chr4_15927009_17383322","region","h2","GWAS1",NA,-1.09535298400218e-05,NA,NA,NA,NA,"Joint HESS uncertainty requires valid regional genetic and total residual parameters"
"chr4_161058864_161826435","region","h2","GWAS1",NA,1.08215610067097e-05,NA,NA,NA,NA,"Joint HESS uncertainty requires valid regional genetic and total residual parameters"
"chr4_161826435_163243679","region","h2","GWAS1",NA,3.39763169687443e-05,NA,NA,NA,NA,"Joint HESS uncertainty requires valid regional genetic and total residual parameters"
"chr4_163243679_164478234","region","h2","GWAS1",NA,7.01752488852418e-06,NA,NA,NA,NA,"Joint HESS uncertainty requires valid regional genetic and total residual parameters"
"chr4_164478234_165823448","region","h2","GWAS1",NA,2.56796724874202e-05,NA,NA,NA,NA,"Joint HESS uncertainty requires valid regional genetic and total residual parameters"
"chr4_165823448_167018858","region","h2","GWAS1",NA,1.89049688262486e-05,NA,NA,NA,NA,"Joint HESS uncertainty requires valid regional genetic and total residual parameters"
"chr4_167018858_167852917","region","h2","GWAS1",NA,1.01186718068223e-05,NA,NA,NA,NA,"Joint HESS uncertainty requires valid regional genetic and total residual parameters"
"chr4_167852917_169676825","region","h2","GWAS1",NA,-2.82223131668038e-05,NA,NA,NA,NA,"Joint HESS uncertainty requires valid regional genetic and total residual parameters"
"chr4_169676825_170776510","region","h2","GWAS1",NA,-7.47492200150875e-06,NA,NA,NA,NA,"Joint HESS uncertainty requires valid regional genetic and total residual parameters"
"chr4_170776510_172558635","region","h2","GWAS1",NA,4.73499607909698e-05,NA,NA,NA,NA,"Joint HESS uncertainty requires valid regional genetic and total residual parameters"
"chr4_172558635_174264132","region","h2","GWAS1",NA,4.60346487352217e-05,NA,NA,NA,NA,"Joint HESS uncertainty requires valid regional genetic and total residual parameters"
"chr4_17383322_18841874","region","h2","GWAS1",NA,0.000120381866968629,NA,NA,NA,NA,"Joint HESS uncertainty requires valid regional genetic and total residual parameters"
"chr4_174264132_176570716","region","h2","GWAS1",NA,7.94935756266127e-07,NA,NA,NA,NA,"Joint HESS uncertainty requires valid regional genetic and total residual parameters"
"chr4_176570716_178991910","region","h2","GWAS1",NA,-1.09856013346543e-05,NA,NA,NA,NA,"Joint HESS uncertainty requires valid regional genetic and total residual parameters"
"chr4_178991910_180122043","region","h2","GWAS1",NA,3.48968345078071e-05,NA,NA,NA,NA,"Joint HESS uncertainty requires valid regional genetic and total residual parameters"
"chr4_180122043_182066807","region","h2","GWAS1",NA,-1.43617006248905e-05,NA,NA,NA,NA,"Joint HESS uncertainty requires valid regional genetic and total residual parameters"
"chr4_182066807_183371275","region","h2","GWAS1",NA,-1.4021578938167e-05,NA,NA,NA,NA,"Joint HESS uncertainty requires valid regional genetic and total residual parameters"
"chr4_183371275_184929455","region","h2","GWAS1",NA,1.07473382256083e-05,NA,NA,NA,NA,"Joint HESS uncertainty requires valid regional genetic and total residual parameters"
"chr4_184929455_186909090","region","h2","GWAS1",NA,6.42868767054942e-05,NA,NA,NA,NA,"Joint HESS uncertainty requires valid regional genetic and total residual parameters"
"chr4_186909090_188472981","region","h2","GWAS1",NA,5.57900330847952e-06,NA,NA,NA,NA,"Joint HESS uncertainty requires valid regional genetic and total residual parameters"
"chr4_18841874_20544557","region","h2","GWAS1",NA,2.23003710852417e-05,NA,NA,NA,NA,"Joint HESS uncertainty requires valid regional genetic and total residual parameters"
"chr4_188472981_189693511","region","h2","GWAS1",NA,3.21066008095094e-05,NA,NA,NA,NA,"Joint HESS uncertainty requires valid regional genetic and total residual parameters"
"chr4_189693511_191043594","region","h2","GWAS1",NA,2.06235278941838e-05,NA,NA,NA,NA,"Joint HESS uncertainty requires valid regional genetic and total residual parameters"
"chr4_20544557_22319347","region","h2","GWAS1",NA,3.24903986482707e-06,NA,NA,NA,NA,"Joint HESS uncertainty requires valid regional genetic and total residual parameters"
"chr4_22319347_24135529","region","h2","GWAS1",NA,-6.24411152203389e-06,NA,NA,NA,NA,"Joint HESS uncertainty requires valid regional genetic and total residual parameters"
"chr4_24135529_25609322","region","h2","GWAS1",NA,3.90364283367827e-05,NA,NA,NA,NA,"Joint HESS uncertainty requires valid regional genetic and total residual parameters"
"chr4_25609322_27343722","region","h2","GWAS1",NA,5.5773992581322e-05,NA,NA,NA,NA,"Joint HESS uncertainty requires valid regional genetic and total residual parameters"
"chr4_27343722_27965868","region","h2","GWAS1",NA,-1.63882858419168e-05,NA,NA,NA,NA,"Joint HESS uncertainty requires valid regional genetic and total residual parameters"
"chr4_27965868_29762208","region","h2","GWAS1",NA,8.128028711713e-05,NA,NA,NA,NA,"Joint HESS uncertainty requires valid regional genetic and total residual parameters"
"chr4_2842979_3846040","region","h2","GWAS1",NA,3.5240260984314e-05,NA,NA,NA,NA,"Joint HESS uncertainty requires valid regional genetic and total residual parameters"
"chr4_29762208_30454535","region","h2","GWAS1",NA,8.34185727908112e-06,NA,NA,NA,NA,"Joint HESS uncertainty requires valid regional genetic and total residual parameters"
"chr4_30454535_31782981","region","h2","GWAS1",NA,-1.95289028322337e-05,NA,NA,NA,NA,"Joint HESS uncertainty requires valid regional genetic and total residual parameters"
"chr4_31782981_33172766","region","h2","GWAS1",NA,3.65371474204136e-05,NA,NA,NA,NA,"Joint HESS uncertainty requires valid regional genetic and total residual parameters"
"chr4_33172766_35151415","region","h2","GWAS1",NA,4.53077249599364e-05,NA,NA,NA,NA,"Joint HESS uncertainty requires valid regional genetic and total residual parameters"
"chr4_35151415_36020436","region","h2","GWAS1",NA,1.24448090852069e-05,NA,NA,NA,NA,"Joint HESS uncertainty requires valid regional genetic and total residual parameters"
"chr4_36020436_37255047","region","h2","GWAS1",NA,-1.43188102966114e-05,NA,NA,NA,NA,"Joint HESS uncertainty requires valid regional genetic and total residual parameters"
"chr4_37255047_38907022","region","h2","GWAS1",NA,1.89929289742302e-05,NA,NA,NA,NA,"Joint HESS uncertainty requires valid regional genetic and total residual parameters"
"chr4_3846040_4684116","region","h2","GWAS1",NA,-6.42131575108649e-06,NA,NA,NA,NA,"Joint HESS uncertainty requires valid regional genetic and total residual parameters"
"chr4_38907022_40202609","region","h2","GWAS1",NA,1.90732697948098e-05,NA,NA,NA,NA,"Joint HESS uncertainty requires valid regional genetic and total residual parameters"
"chr4_40202609_42213058","region","h2","GWAS1",NA,-2.67412120758684e-05,NA,NA,NA,NA,"Joint HESS uncertainty requires valid regional genetic and total residual parameters"
"chr4_42213058_43965045","region","h2","GWAS1",NA,-2.01968177466217e-05,NA,NA,NA,NA,"Joint HESS uncertainty requires valid regional genetic and total residual parameters"
"chr4_43965045_45189157","region","h2","GWAS1",NA,0.000127126666677403,NA,NA,NA,NA,"Joint HESS uncertainty requires valid regional genetic and total residual parameters"
"chr4_45189157_47411896","region","h2","GWAS1",NA,5.83616359808252e-05,NA,NA,NA,NA,"Joint HESS uncertainty requires valid regional genetic and total residual parameters"
"chr4_4684116_5502388","region","h2","GWAS1",NA,2.05594995966511e-05,NA,NA,NA,NA,"Joint HESS uncertainty requires valid regional genetic and total residual parameters"
"chr4_47411896_48123600","region","h2","GWAS1",NA,-1.73207981662667e-05,NA,NA,NA,NA,"Joint HESS uncertainty requires valid regional genetic and total residual parameters"
"chr4_48123600_53877433","region","h2","GWAS1",NA,5.72134520570486e-05,NA,NA,NA,NA,"Joint HESS uncertainty requires valid regional genetic and total residual parameters"
"chr4_53877433_55429556","region","h2","GWAS1",NA,2.61436094883316e-05,NA,NA,NA,NA,"Joint HESS uncertainty requires valid regional genetic and total residual parameters"
"chr4_5502388_6773043","region","h2","GWAS1",NA,0.000211691943533781,NA,NA,NA,NA,"Joint HESS uncertainty requires valid regional genetic and total residual parameters"
"chr4_55429556_56547644","region","h2","GWAS1",NA,2.43475214182084e-05,NA,NA,NA,NA,"Joint HESS uncertainty requires valid regional genetic and total residual parameters"
"chr4_56547644_58935008","region","h2","GWAS1",NA,-1.41026856422749e-05,NA,NA,NA,NA,"Joint HESS uncertainty requires valid regional genetic and total residual parameters"
"chr4_58935008_60741087","region","h2","GWAS1",NA,4.62134403996527e-05,NA,NA,NA,NA,"Joint HESS uncertainty requires valid regional genetic and total residual parameters"
"chr4_60741087_62371763","region","h2","GWAS1",NA,-2.38361523508846e-05,NA,NA,NA,NA,"Joint HESS uncertainty requires valid regional genetic and total residual parameters"
"chr4_62371763_64341001","region","h2","GWAS1",NA,8.21525080876227e-06,NA,NA,NA,NA,"Joint HESS uncertainty requires valid regional genetic and total residual parameters"
"chr4_64341001_66600492","region","h2","GWAS1",NA,1.37242503191655e-05,NA,NA,NA,NA,"Joint HESS uncertainty requires valid regional genetic and total residual parameters"
"chr4_66600492_68059497","region","h2","GWAS1",NA,5.57268991678164e-06,NA,NA,NA,NA,"Joint HESS uncertainty requires valid regional genetic and total residual parameters"
"chr4_6773043_7539692","region","h2","GWAS1",NA,2.60722951297972e-05,NA,NA,NA,NA,"Joint HESS uncertainty requires valid regional genetic and total residual parameters"
"chr4_68059497_68854765","region","h2","GWAS1",NA,3.15310418591697e-05,NA,NA,NA,NA,"Joint HESS uncertainty requires valid regional genetic and total residual parameters"
"chr4_68854765_71049152","region","h2","GWAS1",NA,1.63904023018174e-05,NA,NA,NA,NA,"Joint HESS uncertainty requires valid regional genetic and total residual parameters"
"chr4_694715_1478711","region","h2","GWAS1",NA,0.000141200597430779,NA,NA,NA,NA,"Joint HESS uncertainty requires valid regional genetic and total residual parameters"
"chr4_71049152_72140558","region","h2","GWAS1",NA,3.30284271686787e-05,NA,NA,NA,NA,"Joint HESS uncertainty requires valid regional genetic and total residual parameters"
"chr4_72140558_74592390","region","h2","GWAS1",NA,1.47514055159587e-05,NA,NA,NA,NA,"Joint HESS uncertainty requires valid regional genetic and total residual parameters"
"chr4_74592390_77130707","region","h2","GWAS1",NA,6.55609482079559e-06,NA,NA,NA,NA,"Joint HESS uncertainty requires valid regional genetic and total residual parameters"
"chr4_7539692_8152235","region","h2","GWAS1",NA,3.92958245497944e-05,NA,NA,NA,NA,"Joint HESS uncertainty requires valid regional genetic and total residual parameters"
"chr4_77130707_79093979","region","h2","GWAS1",NA,7.53426428884679e-05,NA,NA,NA,NA,"Joint HESS uncertainty requires valid regional genetic and total residual parameters"
"chr4_79093979_80990297","region","h2","GWAS1",NA,2.05570107880966e-05,NA,NA,NA,NA,"Joint HESS uncertainty requires valid regional genetic and total residual parameters"
"chr4_80990297_82125315","region","h2","GWAS1",NA,2.44548322427264e-06,NA,NA,NA,NA,"Joint HESS uncertainty requires valid regional genetic and total residual parameters"
"chr4_8152235_9326479","region","h2","GWAS1",NA,4.39326097747769e-06,NA,NA,NA,NA,"Joint HESS uncertainty requires valid regional genetic and total residual parameters"
"chr4_82125315_83372593","region","h2","GWAS1",NA,-9.52484145186558e-06,NA,NA,NA,NA,"Joint HESS uncertainty requires valid regional genetic and total residual parameters"
"chr4_83372593_84799656","region","h2","GWAS1",NA,5.00323651289338e-05,NA,NA,NA,NA,"Joint HESS uncertainty requires valid regional genetic and total residual parameters"
"chr4_84799656_86930609","region","h2","GWAS1",NA,1.26080902659291e-05,NA,NA,NA,NA,"Joint HESS uncertainty requires valid regional genetic and total residual parameters"
"chr4_86930609_87534648","region","h2","GWAS1",NA,3.38937806575127e-05,NA,NA,NA,NA,"Joint HESS uncertainty requires valid regional genetic and total residual parameters"
"chr4_87534648_89238028","region","h2","GWAS1",NA,-1.84039152035713e-05,NA,NA,NA,NA,"Joint HESS uncertainty requires valid regional genetic and total residual parameters"
"chr4_89238028_90231564","region","h2","GWAS1",NA,3.13780776617387e-05,NA,NA,NA,NA,"Joint HESS uncertainty requires valid regional genetic and total residual parameters"
"chr4_90231564_91560677","region","h2","GWAS1",NA,1.21679587405709e-05,NA,NA,NA,NA,"Joint HESS uncertainty requires valid regional genetic and total residual parameters"
"chr4_91560677_94233299","region","h2","GWAS1",NA,7.33424586189139e-06,NA,NA,NA,NA,"Joint HESS uncertainty requires valid regional genetic and total residual parameters"
"chr4_9326479_10699152","region","h2","GWAS1",NA,-1.97933161564395e-06,NA,NA,NA,NA,"Joint HESS uncertainty requires valid regional genetic and total residual parameters"
"chr4_94233299_96182188","region","h2","GWAS1",NA,0.000137065082300528,NA,NA,NA,NA,"Joint HESS uncertainty requires valid regional genetic and total residual parameters"
"chr4_96182188_97540703","region","h2","GWAS1",NA,1.30196482192334e-05,NA,NA,NA,NA,"Joint HESS uncertainty requires valid regional genetic and total residual parameters"
"chr4_97540703_99424067","region","h2","GWAS1",NA,1.39240791436956e-05,NA,NA,NA,NA,"Joint HESS uncertainty requires valid regional genetic and total residual parameters"
"chr4_99424067_100678360","region","h2","GWAS1",NA,2.43901117492555e-05,NA,NA,NA,NA,"Joint HESS uncertainty requires valid regional genetic and total residual parameters"
"chr5_101578769_103320005","region","h2","GWAS1",NA,0.000100044818399494,NA,NA,NA,NA,"Joint HESS uncertainty requires valid regional genetic and total residual parameters"
"chr5_103320005_104851483","region","h2","GWAS1",NA,4.33747838951301e-05,NA,NA,NA,NA,"Joint HESS uncertainty requires valid regional genetic and total residual parameters"
"chr5_104851483_105893055","region","h2","GWAS1",NA,3.27603451969044e-05,NA,NA,NA,NA,"Joint HESS uncertainty requires valid regional genetic and total residual parameters"
"chr5_105893055_107264196","region","h2","GWAS1",NA,4.65294322164464e-05,NA,NA,NA,NA,"Joint HESS uncertainty requires valid regional genetic and total residual parameters"
"chr5_107264196_108633934","region","h2","GWAS1",NA,-2.56899043775263e-06,NA,NA,NA,NA,"Joint HESS uncertainty requires valid regional genetic and total residual parameters"
"chr5_108633934_110821144","region","h2","GWAS1",NA,2.95764838901723e-05,NA,NA,NA,NA,"Joint HESS uncertainty requires valid regional genetic and total residual parameters"
"chr5_110821144_111981562","region","h2","GWAS1",NA,-7.1002844711228e-06,NA,NA,NA,NA,"Joint HESS uncertainty requires valid regional genetic and total residual parameters"
"chr5_11173271_13464832","region","h2","GWAS1",NA,3.4202954982126e-05,NA,NA,NA,NA,"Joint HESS uncertainty requires valid regional genetic and total residual parameters"
"chr5_111981562_113396285","region","h2","GWAS1",NA,4.61544089488611e-05,NA,NA,NA,NA,"Joint HESS uncertainty requires valid regional genetic and total residual parameters"
"chr5_113396285_114830370","region","h2","GWAS1",NA,5.95560915634005e-06,NA,NA,NA,NA,"Joint HESS uncertainty requires valid regional genetic and total residual parameters"
"chr5_114830370_115831047","region","h2","GWAS1",NA,-1.40664140076983e-05,NA,NA,NA,NA,"Joint HESS uncertainty requires valid regional genetic and total residual parameters"
"chr5_115831047_117346213","region","h2","GWAS1",NA,-9.42287744748891e-06,NA,NA,NA,NA,"Joint HESS uncertainty requires valid regional genetic and total residual parameters"
"chr5_117346213_118608820","region","h2","GWAS1",NA,3.09148512182661e-05,NA,NA,NA,NA,"Joint HESS uncertainty requires valid regional genetic and total residual parameters"
"chr5_118608820_119669042","region","h2","GWAS1",NA,4.29262963936139e-05,NA,NA,NA,NA,"Joint HESS uncertainty requires valid regional genetic and total residual parameters"
"chr5_11940_982252","region","h2","GWAS1",NA,1.68829008884782e-05,NA,NA,NA,NA,"Joint HESS uncertainty requires valid regional genetic and total residual parameters"
"chr5_119669042_120452166","region","h2","GWAS1",NA,2.32751314833047e-05,NA,NA,NA,NA,"Joint HESS uncertainty requires valid regional genetic and total residual parameters"
"chr5_120452166_122556905","region","h2","GWAS1",NA,-2.0400717179928e-05,NA,NA,NA,NA,"Joint HESS uncertainty requires valid regional genetic and total residual parameters"
"chr5_122556905_123798100","region","h2","GWAS1",NA,6.17091016426687e-05,NA,NA,NA,NA,"Joint HESS uncertainty requires valid regional genetic and total residual parameters"
"chr5_123798100_125785649","region","h2","GWAS1",NA,-1.81400612016558e-05,NA,NA,NA,NA,"Joint HESS uncertainty requires valid regional genetic and total residual parameters"
"chr5_125785649_127344604","region","h2","GWAS1",NA,5.08951010052744e-05,NA,NA,NA,NA,"Joint HESS uncertainty requires valid regional genetic and total residual parameters"
"chr5_127344604_129519025","region","h2","GWAS1",NA,-9.21991939843746e-06,NA,NA,NA,NA,"Joint HESS uncertainty requires valid regional genetic and total residual parameters"
"chr5_129519025_132139649","region","h2","GWAS1",NA,3.00481003410783e-05,NA,NA,NA,NA,"Joint HESS uncertainty requires valid regional genetic and total residual parameters"
"chr5_132139649_134777401","region","h2","GWAS1",NA,3.65094331194893e-05,NA,NA,NA,NA,"Joint HESS uncertainty requires valid regional genetic and total residual parameters"
"chr5_13464832_14757804","region","h2","GWAS1",NA,3.20339705306761e-05,NA,NA,NA,NA,"Joint HESS uncertainty requires valid regional genetic and total residual parameters"
"chr5_134777401_136376050","region","h2","GWAS1",NA,2.69825008786188e-05,NA,NA,NA,NA,"Joint HESS uncertainty requires valid regional genetic and total residual parameters"
"chr5_136376050_139265072","region","h2","GWAS1",NA,1.47275996450861e-05,NA,NA,NA,NA,"Joint HESS uncertainty requires valid regional genetic and total residual parameters"
"chr5_139265072_140645971","region","h2","GWAS1",NA,4.27638009815194e-05,NA,NA,NA,NA,"Joint HESS uncertainty requires valid regional genetic and total residual parameters"
"chr5_140645971_142981248","region","h2","GWAS1",NA,7.33707358570546e-05,NA,NA,NA,NA,"Joint HESS uncertainty requires valid regional genetic and total residual parameters"
"chr5_142981248_144943354","region","h2","GWAS1",NA,-2.67538147088824e-07,NA,NA,NA,NA,"Joint HESS uncertainty requires valid regional genetic and total residual parameters"
"chr5_144943354_147181998","region","h2","GWAS1",NA,2.58607864876505e-05,NA,NA,NA,NA,"Joint HESS uncertainty requires valid regional genetic and total residual parameters"
"chr5_147181998_148662624","region","h2","GWAS1",NA,2.73300660945762e-05,NA,NA,NA,NA,"Joint HESS uncertainty requires valid regional genetic and total residual parameters"
"chr5_14757804_16963613","region","h2","GWAS1",NA,9.95712715898e-05,NA,NA,NA,NA,"Joint HESS uncertainty requires valid regional genetic and total residual parameters"
"chr5_148662624_150561298","region","h2","GWAS1",NA,2.37227437853873e-05,NA,NA,NA,NA,"Joint HESS uncertainty requires valid regional genetic and total residual parameters"
"chr5_150561298_152867774","region","h2","GWAS1",NA,2.53377860980476e-05,NA,NA,NA,NA,"Joint HESS uncertainty requires valid regional genetic and total residual parameters"
"chr5_152867774_153773088","region","h2","GWAS1",NA,3.55694890898582e-05,NA,NA,NA,NA,"Joint HESS uncertainty requires valid regional genetic and total residual parameters"
"chr5_153773088_155373505","region","h2","GWAS1",NA,-1.23510738680392e-05,NA,NA,NA,NA,"Joint HESS uncertainty requires valid regional genetic and total residual parameters"
"chr5_155373505_156628700","region","h2","GWAS1",NA,1.83515464456323e-05,NA,NA,NA,NA,"Joint HESS uncertainty requires valid regional genetic and total residual parameters"
"chr5_156628700_158825698","region","h2","GWAS1",NA,7.68622573673976e-05,NA,NA,NA,NA,"Joint HESS uncertainty requires valid regional genetic and total residual parameters"
"chr5_158825698_159973944","region","h2","GWAS1",NA,1.64534530293858e-05,NA,NA,NA,NA,"Joint HESS uncertainty requires valid regional genetic and total residual parameters"
"chr5_159973944_161482133","region","h2","GWAS1",NA,-2.62986119385039e-05,NA,NA,NA,NA,"Joint HESS uncertainty requires valid regional genetic and total residual parameters"
"chr5_161482133_162743908","region","h2","GWAS1",NA,-1.02410606264157e-05,NA,NA,NA,NA,"Joint HESS uncertainty requires valid regional genetic and total residual parameters"
"chr5_162743908_163771582","region","h2","GWAS1",NA,3.60315590622565e-05,NA,NA,NA,NA,"Joint HESS uncertainty requires valid regional genetic and total residual parameters"
"chr5_163771582_165642395","region","h2","GWAS1",NA,3.86632068289407e-05,NA,NA,NA,NA,"Joint HESS uncertainty requires valid regional genetic and total residual parameters"
"chr5_165642395_166847740","region","h2","GWAS1",NA,-1.19641108336647e-05,NA,NA,NA,NA,"Joint HESS uncertainty requires valid regional genetic and total residual parameters"
"chr5_166847740_168525318","region","h2","GWAS1",NA,2.60292482556706e-05,NA,NA,NA,NA,"Joint HESS uncertainty requires valid regional genetic and total residual parameters"
"chr5_168525318_169505664","region","h2","GWAS1",NA,-2.03164761416173e-05,NA,NA,NA,NA,"Joint HESS uncertainty requires valid regional genetic and total residual parameters"
"chr5_169505664_171074292","region","h2","GWAS1",NA,2.22750721633917e-05,NA,NA,NA,NA,"Joint HESS uncertainty requires valid regional genetic and total residual parameters"
"chr5_16963613_18051592","region","h2","GWAS1",NA,-3.02240222645028e-05,NA,NA,NA,NA,"Joint HESS uncertainty requires valid regional genetic and total residual parameters"
"chr5_171074292_172678327","region","h2","GWAS1",NA,-1.10271108290491e-05,NA,NA,NA,NA,"Joint HESS uncertainty requires valid regional genetic and total residual parameters"
"chr5_172678327_173642871","region","h2","GWAS1",NA,6.17979289298842e-06,NA,NA,NA,NA,"Joint HESS uncertainty requires valid regional genetic and total residual parameters"
"chr5_173642871_175450595","region","h2","GWAS1",NA,1.08506162471694e-05,NA,NA,NA,NA,"Joint HESS uncertainty requires valid regional genetic and total residual parameters"
"chr5_175450595_177251507","region","h2","GWAS1",NA,-4.09708245462067e-06,NA,NA,NA,NA,"Joint HESS uncertainty requires valid regional genetic and total residual parameters"
"chr5_177251507_178413464","region","h2","GWAS1",NA,-3.56077023776525e-06,NA,NA,NA,NA,"Joint HESS uncertainty requires valid regional genetic and total residual parameters"
"chr5_178413464_179401244","region","h2","GWAS1",NA,-7.81538380128216e-06,NA,NA,NA,NA,"Joint HESS uncertainty requires valid regional genetic and total residual parameters"
"chr5_179401244_180559933","region","h2","GWAS1",NA,4.59104472971776e-05,NA,NA,NA,NA,"Joint HESS uncertainty requires valid regional genetic and total residual parameters"
"chr5_18051592_19917716","region","h2","GWAS1",NA,3.87106848710202e-05,NA,NA,NA,NA,"Joint HESS uncertainty requires valid regional genetic and total residual parameters"
"chr5_180559933_180885156","region","h2","GWAS1",NA,-3.91567963224411e-06,NA,NA,NA,NA,"Joint HESS uncertainty requires valid regional genetic and total residual parameters"
"chr5_19917716_22152073","region","h2","GWAS1",NA,-1.17451669268455e-05,NA,NA,NA,NA,"Joint HESS uncertainty requires valid regional genetic and total residual parameters"
"chr5_2132442_3361941","region","h2","GWAS1",NA,-1.85028316178397e-05,NA,NA,NA,NA,"Joint HESS uncertainty requires valid regional genetic and total residual parameters"
"chr5_22152073_23494324","region","h2","GWAS1",NA,4.76452257215568e-06,NA,NA,NA,NA,"Joint HESS uncertainty requires valid regional genetic and total residual parameters"
"chr5_23494324_26184851","region","h2","GWAS1",NA,5.73738154900173e-06,NA,NA,NA,NA,"Joint HESS uncertainty requires valid regional genetic and total residual parameters"
"chr5_26184851_26857604","region","h2","GWAS1",NA,3.09822123633808e-05,NA,NA,NA,NA,"Joint HESS uncertainty requires valid regional genetic and total residual parameters"
"chr5_26857604_27984513","region","h2","GWAS1",NA,2.93604410976671e-05,NA,NA,NA,NA,"Joint HESS uncertainty requires valid regional genetic and total residual parameters"
"chr5_27984513_29714820","region","h2","GWAS1",NA,2.72753628182318e-05,NA,NA,NA,NA,"Joint HESS uncertainty requires valid regional genetic and total residual parameters"
"chr5_29714820_31390249","region","h2","GWAS1",NA,1.88276570095366e-05,NA,NA,NA,NA,"Joint HESS uncertainty requires valid regional genetic and total residual parameters"
"chr5_31390249_33500180","region","h2","GWAS1",NA,-3.18084817505194e-05,NA,NA,NA,NA,"Joint HESS uncertainty requires valid regional genetic and total residual parameters"
"chr5_33500180_35048970","region","h2","GWAS1",NA,-1.59088013416801e-05,NA,NA,NA,NA,"Joint HESS uncertainty requires valid regional genetic and total residual parameters"
"chr5_3361941_4632110","region","h2","GWAS1",NA,1.41519333538902e-05,NA,NA,NA,NA,"Joint HESS uncertainty requires valid regional genetic and total residual parameters"
"chr5_35048970_36433954","region","h2","GWAS1",NA,3.03665518694708e-06,NA,NA,NA,NA,"Joint HESS uncertainty requires valid regional genetic and total residual parameters"
"chr5_36433954_38802410","region","h2","GWAS1",NA,2.6856305979519e-06,NA,NA,NA,NA,"Joint HESS uncertainty requires valid regional genetic and total residual parameters"
"chr5_38802410_40287729","region","h2","GWAS1",NA,1.83322713044613e-06,NA,NA,NA,NA,"Joint HESS uncertainty requires valid regional genetic and total residual parameters"
"chr5_40287729_41888710","region","h2","GWAS1",NA,-1.74276223450749e-05,NA,NA,NA,NA,"Joint HESS uncertainty requires valid regional genetic and total residual parameters"
"chr5_41888710_43983499","region","h2","GWAS1",NA,3.67209006442596e-05,NA,NA,NA,NA,"Joint HESS uncertainty requires valid regional genetic and total residual parameters"
"chr5_43983499_50163398","region","h2","GWAS1",NA,0.000104581188962517,NA,NA,NA,NA,"Joint HESS uncertainty requires valid regional genetic and total residual parameters"
"chr5_4632110_5973233","region","h2","GWAS1",NA,4.11207001766178e-05,NA,NA,NA,NA,"Joint HESS uncertainty requires valid regional genetic and total residual parameters"
"chr5_50163398_52134622","region","h2","GWAS1",NA,8.26370924118002e-05,NA,NA,NA,NA,"Joint HESS uncertainty requires valid regional genetic and total residual parameters"
"chr5_52134622_53703044","region","h2","GWAS1",NA,0.000170920898493071,NA,NA,NA,NA,"Joint HESS uncertainty requires valid regional genetic and total residual parameters"
"chr5_53703044_55417349","region","h2","GWAS1",NA,2.98412529703558e-05,NA,NA,NA,NA,"Joint HESS uncertainty requires valid regional genetic and total residual parameters"
"chr5_55417349_56621102","region","h2","GWAS1",NA,0.000222828753259027,NA,NA,NA,NA,"Joint HESS uncertainty requires valid regional genetic and total residual parameters"
"chr5_56621102_57340073","region","h2","GWAS1",NA,-4.68656716377471e-05,NA,NA,NA,NA,"Joint HESS uncertainty requires valid regional genetic and total residual parameters"
"chr5_57340073_58524622","region","h2","GWAS1",NA,1.91355336928467e-05,NA,NA,NA,NA,"Joint HESS uncertainty requires valid regional genetic and total residual parameters"
"chr5_58524622_60935907","region","h2","GWAS1",NA,1.49793098118842e-05,NA,NA,NA,NA,"Joint HESS uncertainty requires valid regional genetic and total residual parameters"
"chr5_5973233_7143218","region","h2","GWAS1",NA,4.66834404756897e-06,NA,NA,NA,NA,"Joint HESS uncertainty requires valid regional genetic and total residual parameters"
"chr5_60935907_61672995","region","h2","GWAS1",NA,2.0199187246078e-05,NA,NA,NA,NA,"Joint HESS uncertainty requires valid regional genetic and total residual parameters"
"chr5_61672995_63218987","region","h2","GWAS1",NA,4.87620598785762e-05,NA,NA,NA,NA,"Joint HESS uncertainty requires valid regional genetic and total residual parameters"
"chr5_63218987_63968304","region","h2","GWAS1",NA,1.60135424657574e-05,NA,NA,NA,NA,"Joint HESS uncertainty requires valid regional genetic and total residual parameters"
"chr5_63968304_65911286","region","h2","GWAS1",NA,3.25423704832403e-05,NA,NA,NA,NA,"Joint HESS uncertainty requires valid regional genetic and total residual parameters"
"chr5_65911286_67850860","region","h2","GWAS1",NA,4.72511183766265e-05,NA,NA,NA,NA,"Joint HESS uncertainty requires valid regional genetic and total residual parameters"
"chr5_67850860_71240456","region","h2","GWAS1",NA,-5.57257326340913e-06,NA,NA,NA,NA,"Joint HESS uncertainty requires valid regional genetic and total residual parameters"
"chr5_71240456_73759326","region","h2","GWAS1",NA,1.60466182192704e-05,NA,NA,NA,NA,"Joint HESS uncertainty requires valid regional genetic and total residual parameters"
"chr5_7143218_8446336","region","h2","GWAS1",NA,9.2583806656627e-06,NA,NA,NA,NA,"Joint HESS uncertainty requires valid regional genetic and total residual parameters"
"chr5_73759326_75798866","region","h2","GWAS1",NA,0.000102905220879227,NA,NA,NA,NA,"Joint HESS uncertainty requires valid regional genetic and total residual parameters"
"chr5_75798866_77623332","region","h2","GWAS1",NA,5.24330975340604e-05,NA,NA,NA,NA,"Joint HESS uncertainty requires valid regional genetic and total residual parameters"
"chr5_77623332_79393144","region","h2","GWAS1",NA,0.000119296197103981,NA,NA,NA,NA,"Joint HESS uncertainty requires valid regional genetic and total residual parameters"
"chr5_79393144_80481471","region","h2","GWAS1",NA,-4.60935993685893e-06,NA,NA,NA,NA,"Joint HESS uncertainty requires valid regional genetic and total residual parameters"
"chr5_80481471_82025648","region","h2","GWAS1",NA,2.41955141225318e-05,NA,NA,NA,NA,"Joint HESS uncertainty requires valid regional genetic and total residual parameters"
"chr5_82025648_83972689","region","h2","GWAS1",NA,-1.27507502293126e-05,NA,NA,NA,NA,"Joint HESS uncertainty requires valid regional genetic and total residual parameters"
"chr5_83972689_85767290","region","h2","GWAS1",NA,1.94517354087865e-05,NA,NA,NA,NA,"Joint HESS uncertainty requires valid regional genetic and total residual parameters"
"chr5_8446336_9718832","region","h2","GWAS1",NA,1.99847495701624e-05,NA,NA,NA,NA,"Joint HESS uncertainty requires valid regional genetic and total residual parameters"
"chr5_85767290_87389991","region","h2","GWAS1",NA,3.91909660518078e-05,NA,NA,NA,NA,"Joint HESS uncertainty requires valid regional genetic and total residual parameters"
"chr5_87389991_88891530","region","h2","GWAS1",NA,1.12039106353849e-05,NA,NA,NA,NA,"Joint HESS uncertainty requires valid regional genetic and total residual parameters"
"chr5_88891530_90422654","region","h2","GWAS1",NA,-7.62797147719745e-06,NA,NA,NA,NA,"Joint HESS uncertainty requires valid regional genetic and total residual parameters"
"chr5_90422654_91840542","region","h2","GWAS1",NA,-3.63749303739819e-05,NA,NA,NA,NA,"Joint HESS uncertainty requires valid regional genetic and total residual parameters"
"chr5_91840542_93809984","region","h2","GWAS1",NA,8.82573471733612e-06,NA,NA,NA,NA,"Joint HESS uncertainty requires valid regional genetic and total residual parameters"
"chr5_93809984_95963519","region","h2","GWAS1",NA,1.12649158799196e-05,NA,NA,NA,NA,"Joint HESS uncertainty requires valid regional genetic and total residual parameters"
"chr5_95963519_97315601","region","h2","GWAS1",NA,-1.51471789883727e-06,NA,NA,NA,NA,"Joint HESS uncertainty requires valid regional genetic and total residual parameters"
"chr5_9718832_11173271","region","h2","GWAS1",NA,2.6489790756616e-05,NA,NA,NA,NA,"Joint HESS uncertainty requires valid regional genetic and total residual parameters"
"chr5_97315601_99260992","region","h2","GWAS1",NA,1.83208486728146e-05,NA,NA,NA,NA,"Joint HESS uncertainty requires valid regional genetic and total residual parameters"
"chr5_982252_2132442","region","h2","GWAS1",NA,1.10298896833667e-05,NA,NA,NA,NA,"Joint HESS uncertainty requires valid regional genetic and total residual parameters"
"chr5_99260992_101578769","region","h2","GWAS1",NA,5.19249910361648e-05,NA,NA,NA,NA,"Joint HESS uncertainty requires valid regional genetic and total residual parameters"
"chr6_100630146_102636772","region","h2","GWAS1",NA,2.80549261920813e-05,NA,NA,NA,NA,"Joint HESS uncertainty requires valid regional genetic and total residual parameters"
"chr6_102636772_103983395","region","h2","GWAS1",NA,4.19967874348726e-05,NA,NA,NA,NA,"Joint HESS uncertainty requires valid regional genetic and total residual parameters"
"chr6_103983395_106056733","region","h2","GWAS1",NA,1.32062680910586e-05,NA,NA,NA,NA,"Joint HESS uncertainty requires valid regional genetic and total residual parameters"
"chr6_10540317_11790816","region","h2","GWAS1",NA,9.05410557538148e-06,NA,NA,NA,NA,"Joint HESS uncertainty requires valid regional genetic and total residual parameters"
"chr6_106056733_107450306","region","h2","GWAS1",NA,2.53794717591829e-05,NA,NA,NA,NA,"Joint HESS uncertainty requires valid regional genetic and total residual parameters"
"chr6_107450306_108464380","region","h2","GWAS1",NA,7.20028031186525e-05,NA,NA,NA,NA,"Joint HESS uncertainty requires valid regional genetic and total residual parameters"
"chr6_108464380_110304247","region","h2","GWAS1",NA,1.8989861198864e-05,NA,NA,NA,NA,"Joint HESS uncertainty requires valid regional genetic and total residual parameters"
"chr6_110304247_112345014","region","h2","GWAS1",NA,2.96050019284544e-05,NA,NA,NA,NA,"Joint HESS uncertainty requires valid regional genetic and total residual parameters"
"chr6_112345014_114220833","region","h2","GWAS1",NA,2.12657927948114e-05,NA,NA,NA,NA,"Joint HESS uncertainty requires valid regional genetic and total residual parameters"
"chr6_114220833_116131396","region","h2","GWAS1",NA,2.91583818935202e-05,NA,NA,NA,NA,"Joint HESS uncertainty requires valid regional genetic and total residual parameters"
"chr6_116131396_117672972","region","h2","GWAS1",NA,6.52165769412364e-05,NA,NA,NA,NA,"Joint HESS uncertainty requires valid regional genetic and total residual parameters"
"chr6_117672972_118963115","region","h2","GWAS1",NA,7.00953340538215e-05,NA,NA,NA,NA,"Joint HESS uncertainty requires valid regional genetic and total residual parameters"
"chr6_11790816_13209388","region","h2","GWAS1",NA,-4.42852314287879e-06,NA,NA,NA,NA,"Joint HESS uncertainty requires valid regional genetic and total residual parameters"
"chr6_118963115_119963278","region","h2","GWAS1",NA,0.000102573692644204,NA,NA,NA,NA,"Joint HESS uncertainty requires valid regional genetic and total residual parameters"
"chr6_119963278_120512128","region","h2","GWAS1",NA,7.78651171157145e-05,NA,NA,NA,NA,"Joint HESS uncertainty requires valid regional genetic and total residual parameters"
"chr6_120512128_121905676","region","h2","GWAS1",NA,8.46094475670342e-06,NA,NA,NA,NA,"Joint HESS uncertainty requires valid regional genetic and total residual parameters"
"chr6_121905676_123856181","region","h2","GWAS1",NA,9.97339035948169e-06,NA,NA,NA,NA,"Joint HESS uncertainty requires valid regional genetic and total residual parameters"
"chr6_123856181_125424383","region","h2","GWAS1",NA,-3.76063548234805e-06,NA,NA,NA,NA,"Joint HESS uncertainty requires valid regional genetic and total residual parameters"
"chr6_125424383_127540461","region","h2","GWAS1",NA,0.00013223862988545,NA,NA,NA,NA,"Joint HESS uncertainty requires valid regional genetic and total residual parameters"
"chr6_127540461_129861031","region","h2","GWAS1",NA,8.77452208225569e-05,NA,NA,NA,NA,"Joint HESS uncertainty requires valid regional genetic and total residual parameters"
"chr6_129861031_130935454","region","h2","GWAS1",NA,5.57864592392191e-05,NA,NA,NA,NA,"Joint HESS uncertainty requires valid regional genetic and total residual parameters"
"chr6_130935454_132765669","region","h2","GWAS1",NA,4.65388985215961e-06,NA,NA,NA,NA,"Joint HESS uncertainty requires valid regional genetic and total residual parameters"
"chr6_13209388_14802924","region","h2","GWAS1",NA,6.82674490814965e-05,NA,NA,NA,NA,"Joint HESS uncertainty requires valid regional genetic and total residual parameters"
"chr6_132765669_134244243","region","h2","GWAS1",NA,2.47185789235053e-05,NA,NA,NA,NA,"Joint HESS uncertainty requires valid regional genetic and total residual parameters"
"chr6_134244243_136224177","region","h2","GWAS1",NA,-1.84167426340959e-05,NA,NA,NA,NA,"Joint HESS uncertainty requires valid regional genetic and total residual parameters"
"chr6_136224177_137614218","region","h2","GWAS1",NA,0.00010096123303973,NA,NA,NA,NA,"Joint HESS uncertainty requires valid regional genetic and total residual parameters"
"chr6_137614218_138822629","region","h2","GWAS1",NA,6.37515020244348e-05,NA,NA,NA,NA,"Joint HESS uncertainty requires valid regional genetic and total residual parameters"
"chr6_138822629_139845436","region","h2","GWAS1",NA,2.0589986397485e-05,NA,NA,NA,NA,"Joint HESS uncertainty requires valid regional genetic and total residual parameters"
"chr6_139845436_142288479","region","h2","GWAS1",NA,3.32751618777003e-05,NA,NA,NA,NA,"Joint HESS uncertainty requires valid regional genetic and total residual parameters"
"chr6_142288479_145319810","region","h2","GWAS1",NA,5.08092540291275e-05,NA,NA,NA,NA,"Joint HESS uncertainty requires valid regional genetic and total residual parameters"
"chr6_1452362_2458936","region","h2","GWAS1",NA,3.98367226196988e-05,NA,NA,NA,NA,"Joint HESS uncertainty requires valid regional genetic and total residual parameters"
"chr6_145319810_146665424","region","h2","GWAS1",NA,2.58453298747219e-05,NA,NA,NA,NA,"Joint HESS uncertainty requires valid regional genetic and total residual parameters"
"chr6_146665424_148920352","region","h2","GWAS1",NA,1.05213540534978e-05,NA,NA,NA,NA,"Joint HESS uncertainty requires valid regional genetic and total residual parameters"
"chr6_14802924_17386405","region","h2","GWAS1",NA,6.1099091370379e-05,NA,NA,NA,NA,"Joint HESS uncertainty requires valid regional genetic and total residual parameters"
"chr6_148920352_150253404","region","h2","GWAS1",NA,3.09260379628756e-05,NA,NA,NA,NA,"Joint HESS uncertainty requires valid regional genetic and total residual parameters"
"chr6_150253404_151912703","region","h2","GWAS1",NA,-4.04169165824271e-07,NA,NA,NA,NA,"Joint HESS uncertainty requires valid regional genetic and total residual parameters"
"chr6_151912703_153094496","region","h2","GWAS1",NA,5.68188492673402e-05,NA,NA,NA,NA,"Joint HESS uncertainty requires valid regional genetic and total residual parameters"
"chr6_153094496_154974120","region","h2","GWAS1",NA,4.74123335704934e-05,NA,NA,NA,NA,"Joint HESS uncertainty requires valid regional genetic and total residual parameters"
"chr6_154974120_156763326","region","h2","GWAS1",NA,-4.81417886189517e-07,NA,NA,NA,NA,"Joint HESS uncertainty requires valid regional genetic and total residual parameters"
"chr6_156763326_158218719","region","h2","GWAS1",NA,-2.84313056697661e-05,NA,NA,NA,NA,"Joint HESS uncertainty requires valid regional genetic and total residual parameters"
"chr6_158218719_160580497","region","h2","GWAS1",NA,5.59414872029101e-06,NA,NA,NA,NA,"Joint HESS uncertainty requires valid regional genetic and total residual parameters"
"chr6_160580497_162169564","region","h2","GWAS1",NA,0.000117534435920613,NA,NA,NA,NA,"Joint HESS uncertainty requires valid regional genetic and total residual parameters"
"chr6_162169564_162931203","region","h2","GWAS1",NA,-1.97163387362125e-05,NA,NA,NA,NA,"Joint HESS uncertainty requires valid regional genetic and total residual parameters"
"chr6_162931203_164383521","region","h2","GWAS1",NA,3.61239601385257e-05,NA,NA,NA,NA,"Joint HESS uncertainty requires valid regional genetic and total residual parameters"
"chr6_164383521_165586864","region","h2","GWAS1",NA,1.293158378996e-05,NA,NA,NA,NA,"Joint HESS uncertainty requires valid regional genetic and total residual parameters"
"chr6_165586864_167024733","region","h2","GWAS1",NA,1.2561169349391e-05,NA,NA,NA,NA,"Joint HESS uncertainty requires valid regional genetic and total residual parameters"
"chr6_167024733_168042835","region","h2","GWAS1",NA,8.79803114170256e-06,NA,NA,NA,NA,"Joint HESS uncertainty requires valid regional genetic and total residual parameters"
"chr6_168042835_169382050","region","h2","GWAS1",NA,-1.3717344573471e-05,NA,NA,NA,NA,"Joint HESS uncertainty requires valid regional genetic and total residual parameters"
"chr6_169382050_170330173","region","h2","GWAS1",NA,7.95664277316961e-06,NA,NA,NA,NA,"Joint HESS uncertainty requires valid regional genetic and total residual parameters"
"chr6_170330173_171051270","region","h2","GWAS1",NA,2.8558225256463e-05,NA,NA,NA,NA,"Joint HESS uncertainty requires valid regional genetic and total residual parameters"
"chr6_17386405_19207487","region","h2","GWAS1",NA,6.48839477580792e-05,NA,NA,NA,NA,"Joint HESS uncertainty requires valid regional genetic and total residual parameters"
"chr6_19207487_21684065","region","h2","GWAS1",NA,0.000528803022464704,NA,NA,NA,NA,"Joint HESS uncertainty requires valid regional genetic and total residual parameters"
"chr6_21684065_22748307","region","h2","GWAS1",NA,1.04250358880961e-05,NA,NA,NA,NA,"Joint HESS uncertainty requires valid regional genetic and total residual parameters"
"chr6_22748307_23936619","region","h2","GWAS1",NA,2.95193242072158e-05,NA,NA,NA,NA,"Joint HESS uncertainty requires valid regional genetic and total residual parameters"
"chr6_23936619_24852275","region","h2","GWAS1",NA,2.37617797977648e-05,NA,NA,NA,NA,"Joint HESS uncertainty requires valid regional genetic and total residual parameters"
"chr6_2458936_3573593","region","h2","GWAS1",NA,2.37974032968449e-05,NA,NA,NA,NA,"Joint HESS uncertainty requires valid regional genetic and total residual parameters"
"chr6_24852275_25684587","region","h2","GWAS1",NA,1.60907586879419e-05,NA,NA,NA,NA,"Joint HESS uncertainty requires valid regional genetic and total residual parameters"
"chr6_25684587_26791233","region","h2","GWAS1",NA,6.6525927787392e-05,NA,NA,NA,NA,"Joint HESS uncertainty requires valid regional genetic and total residual parameters"
"chr6_26791233_28017819","region","h2","GWAS1",NA,1.75110915200391e-05,NA,NA,NA,NA,"Joint HESS uncertainty requires valid regional genetic and total residual parameters"
"chr6_28017819_28917608","region","h2","GWAS1",NA,5.26866698813641e-05,NA,NA,NA,NA,"Joint HESS uncertainty requires valid regional genetic and total residual parameters"
"chr6_28917608_29737971","region","h2","GWAS1",NA,3.66517339543175e-05,NA,NA,NA,NA,"Joint HESS uncertainty requires valid regional genetic and total residual parameters"
"chr6_29737971_30798168","region","h2","GWAS1",NA,2.45071522625325e-05,NA,NA,NA,NA,"Joint HESS uncertainty requires valid regional genetic and total residual parameters"
"chr6_30798168_31571218","region","h2","GWAS1",NA,0.000253407753656488,NA,NA,NA,NA,"Joint HESS uncertainty requires valid regional genetic and total residual parameters"
"chr6_31571218_32682664","region","h2","GWAS1",NA,0.000253148174510789,NA,NA,NA,NA,"Joint HESS uncertainty requires valid regional genetic and total residual parameters"
"chr6_32682664_33236497","region","h2","GWAS1",NA,0.000154970547293917,NA,NA,NA,NA,"Joint HESS uncertainty requires valid regional genetic and total residual parameters"
"chr6_33236497_35455756","region","h2","GWAS1",NA,1.1599667291193e-05,NA,NA,NA,NA,"Joint HESS uncertainty requires valid regional genetic and total residual parameters"
"chr6_35455756_37572596","region","h2","GWAS1",NA,3.77092841501888e-05,NA,NA,NA,NA,"Joint HESS uncertainty requires valid regional genetic and total residual parameters"
"chr6_3573593_4617817","region","h2","GWAS1",NA,-1.30412666047173e-05,NA,NA,NA,NA,"Joint HESS uncertainty requires valid regional genetic and total residual parameters"
"chr6_37572596_39295677","region","h2","GWAS1",NA,8.83107732714778e-05,NA,NA,NA,NA,"Joint HESS uncertainty requires valid regional genetic and total residual parameters"
"chr6_39295677_40345115","region","h2","GWAS1",NA,3.18000560251383e-05,NA,NA,NA,NA,"Joint HESS uncertainty requires valid regional genetic and total residual parameters"
"chr6_40345115_42038721","region","h2","GWAS1",NA,3.46910752078217e-05,NA,NA,NA,NA,"Joint HESS uncertainty requires valid regional genetic and total residual parameters"
"chr6_42038721_43756169","region","h2","GWAS1",NA,5.60971957702565e-05,NA,NA,NA,NA,"Joint HESS uncertainty requires valid regional genetic and total residual parameters"
"chr6_43756169_45406563","region","h2","GWAS1",NA,0.00010319841224362,NA,NA,NA,NA,"Joint HESS uncertainty requires valid regional genetic and total residual parameters"
"chr6_45406563_47311898","region","h2","GWAS1",NA,1.41766949633997e-05,NA,NA,NA,NA,"Joint HESS uncertainty requires valid regional genetic and total residual parameters"
"chr6_4617817_5791472","region","h2","GWAS1",NA,-1.45640644385196e-05,NA,NA,NA,NA,"Joint HESS uncertainty requires valid regional genetic and total residual parameters"
"chr6_47311898_48391125","region","h2","GWAS1",NA,6.65315006744377e-06,NA,NA,NA,NA,"Joint HESS uncertainty requires valid regional genetic and total residual parameters"
"chr6_48391125_50386145","region","h2","GWAS1",NA,2.89945104509227e-06,NA,NA,NA,NA,"Joint HESS uncertainty requires valid regional genetic and total residual parameters"
"chr6_50386145_52210476","region","h2","GWAS1",NA,0.000104677320962699,NA,NA,NA,NA,"Joint HESS uncertainty requires valid regional genetic and total residual parameters"
"chr6_52210476_53279102","region","h2","GWAS1",NA,2.981486210134e-05,NA,NA,NA,NA,"Joint HESS uncertainty requires valid regional genetic and total residual parameters"
"chr6_53279102_55468270","region","h2","GWAS1",NA,2.63405267637213e-05,NA,NA,NA,NA,"Joint HESS uncertainty requires valid regional genetic and total residual parameters"
"chr6_55468270_56105313","region","h2","GWAS1",NA,2.0249612615366e-05,NA,NA,NA,NA,"Joint HESS uncertainty requires valid regional genetic and total residual parameters"
"chr6_56105313_57599465","region","h2","GWAS1",NA,8.47788358785649e-06,NA,NA,NA,NA,"Joint HESS uncertainty requires valid regional genetic and total residual parameters"
"chr6_57599465_61880512","region","h2","GWAS1",NA,-3.34101527976211e-05,NA,NA,NA,NA,"Joint HESS uncertainty requires valid regional genetic and total residual parameters"
"chr6_5791472_6785207","region","h2","GWAS1",NA,6.34021743420271e-06,NA,NA,NA,NA,"Joint HESS uncertainty requires valid regional genetic and total residual parameters"
"chr6_61880512_63552888","region","h2","GWAS1",NA,2.45245193622681e-05,NA,NA,NA,NA,"Joint HESS uncertainty requires valid regional genetic and total residual parameters"
"chr6_63552888_65765742","region","h2","GWAS1",NA,4.99973753461594e-06,NA,NA,NA,NA,"Joint HESS uncertainty requires valid regional genetic and total residual parameters"
"chr6_65765742_67329215","region","h2","GWAS1",NA,-1.75362823771139e-05,NA,NA,NA,NA,"Joint HESS uncertainty requires valid regional genetic and total residual parameters"
"chr6_67329215_68849483","region","h2","GWAS1",NA,-2.20502657432745e-05,NA,NA,NA,NA,"Joint HESS uncertainty requires valid regional genetic and total residual parameters"
"chr6_6785207_7808936","region","h2","GWAS1",NA,0.000109075982507146,NA,NA,NA,NA,"Joint HESS uncertainty requires valid regional genetic and total residual parameters"
"chr6_68849483_69523448","region","h2","GWAS1",NA,2.22628075037165e-05,NA,NA,NA,NA,"Joint HESS uncertainty requires valid regional genetic and total residual parameters"
"chr6_69523448_71609510","region","h2","GWAS1",NA,-4.56824940911612e-07,NA,NA,NA,NA,"Joint HESS uncertainty requires valid regional genetic and total residual parameters"
"chr6_71609510_73450097","region","h2","GWAS1",NA,1.41958104514544e-05,NA,NA,NA,NA,"Joint HESS uncertainty requires valid regional genetic and total residual parameters"
"chr6_73450097_75462003","region","h2","GWAS1",NA,1.60148440424737e-05,NA,NA,NA,NA,"Joint HESS uncertainty requires valid regional genetic and total residual parameters"
"chr6_73924_1452362","region","h2","GWAS1",NA,1.86332296237598e-05,NA,NA,NA,NA,"Joint HESS uncertainty requires valid regional genetic and total residual parameters"
"chr6_75462003_77414881","region","h2","GWAS1",NA,2.67362138586162e-05,NA,NA,NA,NA,"Joint HESS uncertainty requires valid regional genetic and total residual parameters"
"chr6_77414881_78957728","region","h2","GWAS1",NA,6.15951688344049e-06,NA,NA,NA,NA,"Joint HESS uncertainty requires valid regional genetic and total residual parameters"
"chr6_7808936_9020026","region","h2","GWAS1",NA,7.9848379457152e-06,NA,NA,NA,NA,"Joint HESS uncertainty requires valid regional genetic and total residual parameters"
"chr6_78957728_80691170","region","h2","GWAS1",NA,2.99652128149721e-05,NA,NA,NA,NA,"Joint HESS uncertainty requires valid regional genetic and total residual parameters"
"chr6_80691170_81929222","region","h2","GWAS1",NA,3.46249365590385e-05,NA,NA,NA,NA,"Joint HESS uncertainty requires valid regional genetic and total residual parameters"
"chr6_81929222_83127149","region","h2","GWAS1",NA,4.10491700833588e-05,NA,NA,NA,NA,"Joint HESS uncertainty requires valid regional genetic and total residual parameters"
"chr6_83127149_85209989","region","h2","GWAS1",NA,3.05484501910292e-05,NA,NA,NA,NA,"Joint HESS uncertainty requires valid regional genetic and total residual parameters"
"chr6_85209989_87069500","region","h2","GWAS1",NA,-1.36604230900642e-05,NA,NA,NA,NA,"Joint HESS uncertainty requires valid regional genetic and total residual parameters"
"chr6_87069500_88822140","region","h2","GWAS1",NA,-8.69155222125915e-06,NA,NA,NA,NA,"Joint HESS uncertainty requires valid regional genetic and total residual parameters"
"chr6_88822140_89973052","region","h2","GWAS1",NA,3.86211942635999e-06,NA,NA,NA,NA,"Joint HESS uncertainty requires valid regional genetic and total residual parameters"
"chr6_89973052_91843196","region","h2","GWAS1",NA,-1.86785112944935e-06,NA,NA,NA,NA,"Joint HESS uncertainty requires valid regional genetic and total residual parameters"
"chr6_9020026_10540317","region","h2","GWAS1",NA,9.28378115340909e-06,NA,NA,NA,NA,"Joint HESS uncertainty requires valid regional genetic and total residual parameters"
"chr6_91843196_93428644","region","h2","GWAS1",NA,-1.05822084365872e-06,NA,NA,NA,NA,"Joint HESS uncertainty requires valid regional genetic and total residual parameters"
"chr6_93428644_94118142","region","h2","GWAS1",NA,3.47559984648729e-05,NA,NA,NA,NA,"Joint HESS uncertainty requires valid regional genetic and total residual parameters"
"chr6_94118142_94441175","region","h2","GWAS1",NA,-1.18262339195034e-05,NA,NA,NA,NA,"Joint HESS uncertainty requires valid regional genetic and total residual parameters"
"chr6_94441175_97093511","region","h2","GWAS1",NA,4.79622895513346e-05,NA,NA,NA,NA,"Joint HESS uncertainty requires valid regional genetic and total residual parameters"
"chr6_97093511_97842284","region","h2","GWAS1",NA,9.50520312509638e-06,NA,NA,NA,NA,"Joint HESS uncertainty requires valid regional genetic and total residual parameters"
"chr6_97842284_100630146","region","h2","GWAS1",NA,9.9255359666255e-07,NA,NA,NA,NA,"Joint HESS uncertainty requires valid regional genetic and total residual parameters"
"chr7_100196651_101199253","region","h2","GWAS1",NA,6.80448846585383e-05,NA,NA,NA,NA,"Joint HESS uncertainty requires valid regional genetic and total residual parameters"
"chr7_101199253_103197510","region","h2","GWAS1",NA,7.18996165998697e-05,NA,NA,NA,NA,"Joint HESS uncertainty requires valid regional genetic and total residual parameters"
"chr7_103197510_104159525","region","h2","GWAS1",NA,8.76710526643294e-05,NA,NA,NA,NA,"Joint HESS uncertainty requires valid regional genetic and total residual parameters"
"chr7_104159525_105682905","region","h2","GWAS1",NA,4.19847183992314e-05,NA,NA,NA,NA,"Joint HESS uncertainty requires valid regional genetic and total residual parameters"
"chr7_105682905_107780178","region","h2","GWAS1",NA,8.28194088317276e-05,NA,NA,NA,NA,"Joint HESS uncertainty requires valid regional genetic and total residual parameters"
"chr7_107780178_109647594","region","h2","GWAS1",NA,1.1604728645016e-05,NA,NA,NA,NA,"Joint HESS uncertainty requires valid regional genetic and total residual parameters"
"chr7_109647594_112618684","region","h2","GWAS1",NA,3.66049407218985e-05,NA,NA,NA,NA,"Joint HESS uncertainty requires valid regional genetic and total residual parameters"
"chr7_112618684_113712387","region","h2","GWAS1",NA,3.05573603161114e-05,NA,NA,NA,NA,"Joint HESS uncertainty requires valid regional genetic and total residual parameters"
"chr7_11299198_12635461","region","h2","GWAS1",NA,5.86907704736222e-05,NA,NA,NA,NA,"Joint HESS uncertainty requires valid regional genetic and total residual parameters"
"chr7_113712387_116780178","region","h2","GWAS1",NA,6.36821899429362e-05,NA,NA,NA,NA,"Joint HESS uncertainty requires valid regional genetic and total residual parameters"
"chr7_116780178_118351581","region","h2","GWAS1",NA,4.42710535143517e-05,NA,NA,NA,NA,"Joint HESS uncertainty requires valid regional genetic and total residual parameters"
"chr7_118351581_121045273","region","h2","GWAS1",NA,-9.25329274488951e-06,NA,NA,NA,NA,"Joint HESS uncertainty requires valid regional genetic and total residual parameters"
"chr7_121045273_121933630","region","h2","GWAS1",NA,-1.46380872323136e-05,NA,NA,NA,NA,"Joint HESS uncertainty requires valid regional genetic and total residual parameters"
"chr7_121933630_124156805","region","h2","GWAS1",NA,4.03812298687477e-05,NA,NA,NA,NA,"Joint HESS uncertainty requires valid regional genetic and total residual parameters"
"chr7_124156805_124167552","region","h2","GWAS1",NA,2.75599454872488e-06,NA,NA,NA,NA,"Joint HESS uncertainty requires valid regional genetic and total residual parameters"
"chr7_124167552_126519170","region","h2","GWAS1",NA,2.99732464052427e-05,NA,NA,NA,NA,"Joint HESS uncertainty requires valid regional genetic and total residual parameters"
"chr7_12635461_13884202","region","h2","GWAS1",NA,2.12230600463655e-05,NA,NA,NA,NA,"Joint HESS uncertainty requires valid regional genetic and total residual parameters"
"chr7_126519170_126869221","region","h2","GWAS1",NA,6.50609352393905e-06,NA,NA,NA,NA,"Joint HESS uncertainty requires valid regional genetic and total residual parameters"
"chr7_126869221_128778386","region","h2","GWAS1",NA,3.38303911368897e-05,NA,NA,NA,NA,"Joint HESS uncertainty requires valid regional genetic and total residual parameters"
"chr7_128778386_130422414","region","h2","GWAS1",NA,1.86330567420801e-05,NA,NA,NA,NA,"Joint HESS uncertainty requires valid regional genetic and total residual parameters"
"chr7_130422414_132805848","region","h2","GWAS1",NA,0.000148165913953417,NA,NA,NA,NA,"Joint HESS uncertainty requires valid regional genetic and total residual parameters"
"chr7_132805848_134307596","region","h2","GWAS1",NA,4.04585129633741e-05,NA,NA,NA,NA,"Joint HESS uncertainty requires valid regional genetic and total residual parameters"
"chr7_134307596_135591083","region","h2","GWAS1",NA,-2.16125290856894e-05,NA,NA,NA,NA,"Joint HESS uncertainty requires valid regional genetic and total residual parameters"
"chr7_1353067_2062398","region","h2","GWAS1",NA,-9.49053047180147e-06,NA,NA,NA,NA,"Joint HESS uncertainty requires valid regional genetic and total residual parameters"
"chr7_135591083_136876562","region","h2","GWAS1",NA,1.37864401838109e-05,NA,NA,NA,NA,"Joint HESS uncertainty requires valid regional genetic and total residual parameters"
"chr7_136876562_138744679","region","h2","GWAS1",NA,1.06074662030265e-05,NA,NA,NA,NA,"Joint HESS uncertainty requires valid regional genetic and total residual parameters"
"chr7_138744679_139933177","region","h2","GWAS1",NA,2.58247288614688e-05,NA,NA,NA,NA,"Joint HESS uncertainty requires valid regional genetic and total residual parameters"
"chr7_13884202_15143657","region","h2","GWAS1",NA,0.000217650103092453,NA,NA,NA,NA,"Joint HESS uncertainty requires valid regional genetic and total residual parameters"
"chr7_139933177_140235210","region","h2","GWAS1",NA,3.68097364625115e-05,NA,NA,NA,NA,"Joint HESS uncertainty requires valid regional genetic and total residual parameters"
"chr7_140235210_141226557","region","h2","GWAS1",NA,5.13141861950595e-05,NA,NA,NA,NA,"Joint HESS uncertainty requires valid regional genetic and total residual parameters"
"chr7_141226557_142656310","region","h2","GWAS1",NA,-1.66078304165045e-05,NA,NA,NA,NA,"Joint HESS uncertainty requires valid regional genetic and total residual parameters"
"chr7_142656310_144968289","region","h2","GWAS1",NA,-1.32090338971341e-05,NA,NA,NA,NA,"Joint HESS uncertainty requires valid regional genetic and total residual parameters"
"chr7_144968289_146427960","region","h2","GWAS1",NA,2.62385289425128e-05,NA,NA,NA,NA,"Joint HESS uncertainty requires valid regional genetic and total residual parameters"
"chr7_146427960_147815318","region","h2","GWAS1",NA,5.10729976823528e-05,NA,NA,NA,NA,"Joint HESS uncertainty requires valid regional genetic and total residual parameters"
"chr7_147815318_149840658","region","h2","GWAS1",NA,-1.78355101058783e-05,NA,NA,NA,NA,"Joint HESS uncertainty requires valid regional genetic and total residual parameters"
"chr7_149840658_150711505","region","h2","GWAS1",NA,7.68789825233113e-05,NA,NA,NA,NA,"Joint HESS uncertainty requires valid regional genetic and total residual parameters"
"chr7_150711505_152249806","region","h2","GWAS1",NA,2.8914064965284e-05,NA,NA,NA,NA,"Joint HESS uncertainty requires valid regional genetic and total residual parameters"
"chr7_15143657_16902069","region","h2","GWAS1",NA,-9.39739830347998e-06,NA,NA,NA,NA,"Joint HESS uncertainty requires valid regional genetic and total residual parameters"
"chr7_152249806_153674019","region","h2","GWAS1",NA,3.19057250378776e-06,NA,NA,NA,NA,"Joint HESS uncertainty requires valid regional genetic and total residual parameters"
"chr7_153674019_154964730","region","h2","GWAS1",NA,-7.67418738945913e-06,NA,NA,NA,NA,"Joint HESS uncertainty requires valid regional genetic and total residual parameters"
"chr7_154964730_156065250","region","h2","GWAS1",NA,6.6377758826872e-06,NA,NA,NA,NA,"Joint HESS uncertainty requires valid regional genetic and total residual parameters"
"chr7_156065250_157634597","region","h2","GWAS1",NA,9.58703784270742e-05,NA,NA,NA,NA,"Joint HESS uncertainty requires valid regional genetic and total residual parameters"
"chr7_157634597_159128575","region","h2","GWAS1",NA,-4.8410598141703e-06,NA,NA,NA,NA,"Joint HESS uncertainty requires valid regional genetic and total residual parameters"
"chr7_16161_972752","region","h2","GWAS1",NA,-1.29895506633929e-05,NA,NA,NA,NA,"Joint HESS uncertainty requires valid regional genetic and total residual parameters"
"chr7_16902069_19481547","region","h2","GWAS1",NA,5.26908364823753e-05,NA,NA,NA,NA,"Joint HESS uncertainty requires valid regional genetic and total residual parameters"
"chr7_19481547_20124908","region","h2","GWAS1",NA,-2.71335347263693e-05,NA,NA,NA,NA,"Joint HESS uncertainty requires valid regional genetic and total residual parameters"
"chr7_20124908_22507629","region","h2","GWAS1",NA,-6.03603232431055e-06,NA,NA,NA,NA,"Joint HESS uncertainty requires valid regional genetic and total residual parameters"
"chr7_2062398_2772227","region","h2","GWAS1",NA,8.75473198999926e-05,NA,NA,NA,NA,"Joint HESS uncertainty requires valid regional genetic and total residual parameters"
"chr7_22507629_23471442","region","h2","GWAS1",NA,5.04249938810982e-05,NA,NA,NA,NA,"Joint HESS uncertainty requires valid regional genetic and total residual parameters"
"chr7_23471442_25077259","region","h2","GWAS1",NA,2.92377179327255e-06,NA,NA,NA,NA,"Joint HESS uncertainty requires valid regional genetic and total residual parameters"
"chr7_25077259_25909555","region","h2","GWAS1",NA,-1.28378936803605e-05,NA,NA,NA,NA,"Joint HESS uncertainty requires valid regional genetic and total residual parameters"
"chr7_25909555_28360309","region","h2","GWAS1",NA,0.000155145458227223,NA,NA,NA,NA,"Joint HESS uncertainty requires valid regional genetic and total residual parameters"
"chr7_2772227_4573428","region","h2","GWAS1",NA,-1.87998542555552e-05,NA,NA,NA,NA,"Joint HESS uncertainty requires valid regional genetic and total residual parameters"
"chr7_28360309_31137289","region","h2","GWAS1",NA,-1.01309876458653e-05,NA,NA,NA,NA,"Joint HESS uncertainty requires valid regional genetic and total residual parameters"
"chr7_31137289_33555768","region","h2","GWAS1",NA,2.24963609713707e-05,NA,NA,NA,NA,"Joint HESS uncertainty requires valid regional genetic and total residual parameters"
"chr7_33555768_36213538","region","h2","GWAS1",NA,-9.0064568064691e-06,NA,NA,NA,NA,"Joint HESS uncertainty requires valid regional genetic and total residual parameters"
"chr7_36213538_37555184","region","h2","GWAS1",NA,-5.53288695231613e-07,NA,NA,NA,NA,"Joint HESS uncertainty requires valid regional genetic and total residual parameters"
"chr7_37555184_38966703","region","h2","GWAS1",NA,6.79955087764127e-05,NA,NA,NA,NA,"Joint HESS uncertainty requires valid regional genetic and total residual parameters"
"chr7_38966703_39862670","region","h2","GWAS1",NA,9.36721600152677e-06,NA,NA,NA,NA,"Joint HESS uncertainty requires valid regional genetic and total residual parameters"
"chr7_39862670_42001811","region","h2","GWAS1",NA,0.000130557694872951,NA,NA,NA,NA,"Joint HESS uncertainty requires valid regional genetic and total residual parameters"
"chr7_42001811_43159074","region","h2","GWAS1",NA,6.15840620760216e-05,NA,NA,NA,NA,"Joint HESS uncertainty requires valid regional genetic and total residual parameters"
"chr7_43159074_44763828","region","h2","GWAS1",NA,0.000182381036857012,NA,NA,NA,NA,"Joint HESS uncertainty requires valid regional genetic and total residual parameters"
"chr7_44763828_45952922","region","h2","GWAS1",NA,8.53508371304154e-05,NA,NA,NA,NA,"Joint HESS uncertainty requires valid regional genetic and total residual parameters"
"chr7_4573428_5416232","region","h2","GWAS1",NA,5.5388331621655e-05,NA,NA,NA,NA,"Joint HESS uncertainty requires valid regional genetic and total residual parameters"
"chr7_45952922_46986720","region","h2","GWAS1",NA,-1.64158105631177e-05,NA,NA,NA,NA,"Joint HESS uncertainty requires valid regional genetic and total residual parameters"
"chr7_46986720_49212278","region","h2","GWAS1",NA,4.19324435129226e-05,NA,NA,NA,NA,"Joint HESS uncertainty requires valid regional genetic and total residual parameters"
"chr7_49212278_51675322","region","h2","GWAS1",NA,2.69945348748192e-05,NA,NA,NA,NA,"Joint HESS uncertainty requires valid regional genetic and total residual parameters"
"chr7_51675322_53176312","region","h2","GWAS1",NA,2.2918955358854e-05,NA,NA,NA,NA,"Joint HESS uncertainty requires valid regional genetic and total residual parameters"
"chr7_53176312_54222976","region","h2","GWAS1",NA,-2.44588462463707e-06,NA,NA,NA,NA,"Joint HESS uncertainty requires valid regional genetic and total residual parameters"
"chr7_5416232_5854526","region","h2","GWAS1",NA,1.20383510524698e-05,NA,NA,NA,NA,"Joint HESS uncertainty requires valid regional genetic and total residual parameters"
"chr7_54222976_55691584","region","h2","GWAS1",NA,3.68943604125245e-06,NA,NA,NA,NA,"Joint HESS uncertainty requires valid regional genetic and total residual parameters"
"chr7_55691584_57382638","region","h2","GWAS1",NA,1.63795399366461e-06,NA,NA,NA,NA,"Joint HESS uncertainty requires valid regional genetic and total residual parameters"
"chr7_57382638_63307359","region","h2","GWAS1",NA,2.53130539121029e-06,NA,NA,NA,NA,"Joint HESS uncertainty requires valid regional genetic and total residual parameters"
"chr7_5854526_6573857","region","h2","GWAS1",NA,3.43726114787047e-05,NA,NA,NA,NA,"Joint HESS uncertainty requires valid regional genetic and total residual parameters"
"chr7_63307359_63641125","region","h2","GWAS1",NA,1.41896115856729e-05,NA,NA,NA,NA,"Joint HESS uncertainty requires valid regional genetic and total residual parameters"
"chr7_63641125_65689809","region","h2","GWAS1",NA,1.77950881605211e-05,NA,NA,NA,NA,"Joint HESS uncertainty requires valid regional genetic and total residual parameters"
"chr7_65689809_68234074","region","h2","GWAS1",NA,-1.32786720757012e-05,NA,NA,NA,NA,"Joint HESS uncertainty requires valid regional genetic and total residual parameters"
"chr7_6573857_7808752","region","h2","GWAS1",NA,-2.08104580544384e-06,NA,NA,NA,NA,"Joint HESS uncertainty requires valid regional genetic and total residual parameters"
"chr7_68234074_69085364","region","h2","GWAS1",NA,2.90293259356236e-05,NA,NA,NA,NA,"Joint HESS uncertainty requires valid regional genetic and total residual parameters"
"chr7_69085364_71874885","region","h2","GWAS1",NA,4.32575140963874e-05,NA,NA,NA,NA,"Joint HESS uncertainty requires valid regional genetic and total residual parameters"
"chr7_71874885_73334602","region","h2","GWAS1",NA,6.00096352409735e-05,NA,NA,NA,NA,"Joint HESS uncertainty requires valid regional genetic and total residual parameters"
"chr7_73334602_76458564","region","h2","GWAS1",NA,6.92339235597836e-05,NA,NA,NA,NA,"Joint HESS uncertainty requires valid regional genetic and total residual parameters"
"chr7_76458564_78093859","region","h2","GWAS1",NA,8.04098834183113e-05,NA,NA,NA,NA,"Joint HESS uncertainty requires valid regional genetic and total residual parameters"
"chr7_7808752_9123423","region","h2","GWAS1",NA,1.99754920812879e-05,NA,NA,NA,NA,"Joint HESS uncertainty requires valid regional genetic and total residual parameters"
"chr7_78093859_79888069","region","h2","GWAS1",NA,2.69558818777175e-06,NA,NA,NA,NA,"Joint HESS uncertainty requires valid regional genetic and total residual parameters"
"chr7_79888069_82022686","region","h2","GWAS1",NA,1.17805627274737e-05,NA,NA,NA,NA,"Joint HESS uncertainty requires valid regional genetic and total residual parameters"
"chr7_82022686_83801203","region","h2","GWAS1",NA,6.25197524950838e-06,NA,NA,NA,NA,"Joint HESS uncertainty requires valid regional genetic and total residual parameters"
"chr7_83801203_85572182","region","h2","GWAS1",NA,-4.32329438546469e-06,NA,NA,NA,NA,"Joint HESS uncertainty requires valid regional genetic and total residual parameters"
"chr7_85572182_87825004","region","h2","GWAS1",NA,-2.53309413411048e-05,NA,NA,NA,NA,"Joint HESS uncertainty requires valid regional genetic and total residual parameters"
"chr7_87825004_90661784","region","h2","GWAS1",NA,3.44849777861863e-05,NA,NA,NA,NA,"Joint HESS uncertainty requires valid regional genetic and total residual parameters"
"chr7_90661784_92493752","region","h2","GWAS1",NA,4.655463938215e-05,NA,NA,NA,NA,"Joint HESS uncertainty requires valid regional genetic and total residual parameters"
"chr7_9123423_9987499","region","h2","GWAS1",NA,1.92493894726354e-05,NA,NA,NA,NA,"Joint HESS uncertainty requires valid regional genetic and total residual parameters"
"chr7_92493752_93966601","region","h2","GWAS1",NA,1.32394820672727e-06,NA,NA,NA,NA,"Joint HESS uncertainty requires valid regional genetic and total residual parameters"
"chr7_93966601_96073508","region","h2","GWAS1",NA,-3.25343059825011e-05,NA,NA,NA,NA,"Joint HESS uncertainty requires valid regional genetic and total residual parameters"
"chr7_96073508_97099570","region","h2","GWAS1",NA,-2.95117059148824e-05,NA,NA,NA,NA,"Joint HESS uncertainty requires valid regional genetic and total residual parameters"
"chr7_97099570_98715474","region","h2","GWAS1",NA,4.745958971984e-05,NA,NA,NA,NA,"Joint HESS uncertainty requires valid regional genetic and total residual parameters"
"chr7_972752_1353067","region","h2","GWAS1",NA,-2.94309564257157e-05,NA,NA,NA,NA,"Joint HESS uncertainty requires valid regional genetic and total residual parameters"
"chr7_98715474_100196651","region","h2","GWAS1",NA,3.20213935900817e-05,NA,NA,NA,NA,"Joint HESS uncertainty requires valid regional genetic and total residual parameters"
"chr7_9987499_11299198","region","h2","GWAS1",NA,1.50685122455895e-06,NA,NA,NA,NA,"Joint HESS uncertainty requires valid regional genetic and total residual parameters"
"chr8_101620958_104123306","region","h2","GWAS1",NA,3.18916831160118e-05,NA,NA,NA,NA,"Joint HESS uncertainty requires valid regional genetic and total residual parameters"
"chr8_104123306_104988752","region","h2","GWAS1",NA,2.98905195350783e-05,NA,NA,NA,NA,"Joint HESS uncertainty requires valid regional genetic and total residual parameters"
"chr8_10422_1044217","region","h2","GWAS1",NA,1.62254609871259e-05,NA,NA,NA,NA,"Joint HESS uncertainty requires valid regional genetic and total residual parameters"
"chr8_1044217_1163245","region","h2","GWAS1",NA,8.34561147300921e-06,NA,NA,NA,NA,"Joint HESS uncertainty requires valid regional genetic and total residual parameters"
"chr8_10463197_11278998","region","h2","GWAS1",NA,0.0001103178838187,NA,NA,NA,NA,"Joint HESS uncertainty requires valid regional genetic and total residual parameters"
"chr8_104988752_107410754","region","h2","GWAS1",NA,6.97681234402264e-05,NA,NA,NA,NA,"Joint HESS uncertainty requires valid regional genetic and total residual parameters"
"chr8_107410754_108648177","region","h2","GWAS1",NA,9.44850437163497e-06,NA,NA,NA,NA,"Joint HESS uncertainty requires valid regional genetic and total residual parameters"
"chr8_108648177_109248173","region","h2","GWAS1",NA,1.38393713926134e-05,NA,NA,NA,NA,"Joint HESS uncertainty requires valid regional genetic and total residual parameters"
"chr8_109248173_110484314","region","h2","GWAS1",NA,1.61213159922406e-05,NA,NA,NA,NA,"Joint HESS uncertainty requires valid regional genetic and total residual parameters"
"chr8_110484314_111850847","region","h2","GWAS1",NA,4.57198354976498e-06,NA,NA,NA,NA,"Joint HESS uncertainty requires valid regional genetic and total residual parameters"
"chr8_111850847_113064320","region","h2","GWAS1",NA,1.93356445065725e-05,NA,NA,NA,NA,"Joint HESS uncertainty requires valid regional genetic and total residual parameters"
"chr8_11278998_13491775","region","h2","GWAS1",NA,6.3412808426425e-05,NA,NA,NA,NA,"Joint HESS uncertainty requires valid regional genetic and total residual parameters"
"chr8_113064320_116096495","region","h2","GWAS1",NA,1.97015192309758e-05,NA,NA,NA,NA,"Joint HESS uncertainty requires valid regional genetic and total residual parameters"
"chr8_116096495_119685457","region","h2","GWAS1",NA,0.000198008551978949,NA,NA,NA,NA,"Joint HESS uncertainty requires valid regional genetic and total residual parameters"
"chr8_1163245_2042942","region","h2","GWAS1",NA,-3.23498432443795e-06,NA,NA,NA,NA,"Joint HESS uncertainty requires valid regional genetic and total residual parameters"
"chr8_119685457_121201700","region","h2","GWAS1",NA,2.03289751793229e-05,NA,NA,NA,NA,"Joint HESS uncertainty requires valid regional genetic and total residual parameters"
"chr8_121201700_124861459","region","h2","GWAS1",NA,-2.6872269022435e-06,NA,NA,NA,NA,"Joint HESS uncertainty requires valid regional genetic and total residual parameters"
"chr8_124861459_125683719","region","h2","GWAS1",NA,-3.25764442844154e-05,NA,NA,NA,NA,"Joint HESS uncertainty requires valid regional genetic and total residual parameters"
"chr8_125683719_126410917","region","h2","GWAS1",NA,-8.37676470955649e-06,NA,NA,NA,NA,"Joint HESS uncertainty requires valid regional genetic and total residual parameters"
"chr8_126410917_128659111","region","h2","GWAS1",NA,4.0797363955158e-06,NA,NA,NA,NA,"Joint HESS uncertainty requires valid regional genetic and total residual parameters"
"chr8_128659111_130381139","region","h2","GWAS1",NA,4.02597514894341e-05,NA,NA,NA,NA,"Joint HESS uncertainty requires valid regional genetic and total residual parameters"
"chr8_130381139_131639625","region","h2","GWAS1",NA,-1.34434345588658e-05,NA,NA,NA,NA,"Joint HESS uncertainty requires valid regional genetic and total residual parameters"
"chr8_131639625_133351144","region","h2","GWAS1",NA,1.4841366427267e-05,NA,NA,NA,NA,"Joint HESS uncertainty requires valid regional genetic and total residual parameters"
"chr8_133351144_134570001","region","h2","GWAS1",NA,-1.22509548538633e-05,NA,NA,NA,NA,"Joint HESS uncertainty requires valid regional genetic and total residual parameters"
"chr8_134570001_136035605","region","h2","GWAS1",NA,4.1335982938728e-05,NA,NA,NA,NA,"Joint HESS uncertainty requires valid regional genetic and total residual parameters"
"chr8_13491775_13944992","region","h2","GWAS1",NA,3.60580363391932e-05,NA,NA,NA,NA,"Joint HESS uncertainty requires valid regional genetic and total residual parameters"
"chr8_136035605_137524151","region","h2","GWAS1",NA,5.65788905625649e-05,NA,NA,NA,NA,"Joint HESS uncertainty requires valid regional genetic and total residual parameters"
"chr8_137524151_139254830","region","h2","GWAS1",NA,3.79774948063898e-05,NA,NA,NA,NA,"Joint HESS uncertainty requires valid regional genetic and total residual parameters"
"chr8_139254830_140725643","region","h2","GWAS1",NA,2.45853937372341e-05,NA,NA,NA,NA,"Joint HESS uncertainty requires valid regional genetic and total residual parameters"
"chr8_13944992_15991660","region","h2","GWAS1",NA,4.52349530695511e-05,NA,NA,NA,NA,"Joint HESS uncertainty requires valid regional genetic and total residual parameters"
"chr8_140725643_143044914","region","h2","GWAS1",NA,-1.71951771855167e-05,NA,NA,NA,NA,"Joint HESS uncertainty requires valid regional genetic and total residual parameters"
"chr8_143044914_144236881","region","h2","GWAS1",NA,4.63374648792861e-05,NA,NA,NA,NA,"Joint HESS uncertainty requires valid regional genetic and total residual parameters"
"chr8_144236881_146303867","region","h2","GWAS1",NA,0.000169772436291102,NA,NA,NA,NA,"Joint HESS uncertainty requires valid regional genetic and total residual parameters"
"chr8_15991660_17387876","region","h2","GWAS1",NA,7.26351838046088e-05,NA,NA,NA,NA,"Joint HESS uncertainty requires valid regional genetic and total residual parameters"
"chr8_17387876_17836399","region","h2","GWAS1",NA,6.39993492819501e-05,NA,NA,NA,NA,"Joint HESS uncertainty requires valid regional genetic and total residual parameters"
"chr8_17836399_19492840","region","h2","GWAS1",NA,5.77748377376227e-06,NA,NA,NA,NA,"Joint HESS uncertainty requires valid regional genetic and total residual parameters"
"chr8_19492840_20060856","region","h2","GWAS1",NA,2.50548967327344e-05,NA,NA,NA,NA,"Joint HESS uncertainty requires valid regional genetic and total residual parameters"
"chr8_20060856_21661737","region","h2","GWAS1",NA,2.55721079339662e-05,NA,NA,NA,NA,"Joint HESS uncertainty requires valid regional genetic and total residual parameters"
"chr8_2042942_2573279","region","h2","GWAS1",NA,-1.78726671417358e-05,NA,NA,NA,NA,"Joint HESS uncertainty requires valid regional genetic and total residual parameters"
"chr8_21661737_22897057","region","h2","GWAS1",NA,1.09122672167046e-05,NA,NA,NA,NA,"Joint HESS uncertainty requires valid regional genetic and total residual parameters"
"chr8_22897057_24674718","region","h2","GWAS1",NA,1.32354172274321e-05,NA,NA,NA,NA,"Joint HESS uncertainty requires valid regional genetic and total residual parameters"
"chr8_24674718_25483454","region","h2","GWAS1",NA,4.41818390627548e-05,NA,NA,NA,NA,"Joint HESS uncertainty requires valid regional genetic and total residual parameters"
"chr8_25483454_26682525","region","h2","GWAS1",NA,9.4291681232165e-05,NA,NA,NA,NA,"Joint HESS uncertainty requires valid regional genetic and total residual parameters"
"chr8_2573279_3392926","region","h2","GWAS1",NA,4.39813571144715e-06,NA,NA,NA,NA,"Joint HESS uncertainty requires valid regional genetic and total residual parameters"
"chr8_26682525_28162392","region","h2","GWAS1",NA,5.63841536677759e-05,NA,NA,NA,NA,"Joint HESS uncertainty requires valid regional genetic and total residual parameters"
"chr8_28162392_29327896","region","h2","GWAS1",NA,-1.23287221707387e-05,NA,NA,NA,NA,"Joint HESS uncertainty requires valid regional genetic and total residual parameters"
"chr8_29327896_31133729","region","h2","GWAS1",NA,4.2710347914863e-05,NA,NA,NA,NA,"Joint HESS uncertainty requires valid regional genetic and total residual parameters"
"chr8_31133729_31548360","region","h2","GWAS1",NA,2.89276085432439e-06,NA,NA,NA,NA,"Joint HESS uncertainty requires valid regional genetic and total residual parameters"
"chr8_31548360_32977218","region","h2","GWAS1",NA,-8.59110397169524e-06,NA,NA,NA,NA,"Joint HESS uncertainty requires valid regional genetic and total residual parameters"
"chr8_32977218_35317232","region","h2","GWAS1",NA,2.15698685230499e-05,NA,NA,NA,NA,"Joint HESS uncertainty requires valid regional genetic and total residual parameters"
"chr8_3392926_3783017","region","h2","GWAS1",NA,-3.73192585566643e-05,NA,NA,NA,NA,"Joint HESS uncertainty requires valid regional genetic and total residual parameters"
"chr8_35317232_37379389","region","h2","GWAS1",NA,3.56977125688e-05,NA,NA,NA,NA,"Joint HESS uncertainty requires valid regional genetic and total residual parameters"
"chr8_37379389_38938806","region","h2","GWAS1",NA,6.55896332642643e-05,NA,NA,NA,NA,"Joint HESS uncertainty requires valid regional genetic and total residual parameters"
"chr8_3783017_4480476","region","h2","GWAS1",NA,-1.19629524703002e-05,NA,NA,NA,NA,"Joint HESS uncertainty requires valid regional genetic and total residual parameters"
"chr8_38938806_40703337","region","h2","GWAS1",NA,-3.28810951216177e-05,NA,NA,NA,NA,"Joint HESS uncertainty requires valid regional genetic and total residual parameters"
"chr8_40703337_41721454","region","h2","GWAS1",NA,0.000213865710318044,NA,NA,NA,NA,"Joint HESS uncertainty requires valid regional genetic and total residual parameters"
"chr8_41721454_42773823","region","h2","GWAS1",NA,2.341823603894e-05,NA,NA,NA,NA,"Joint HESS uncertainty requires valid regional genetic and total residual parameters"
"chr8_42773823_46841315","region","h2","GWAS1",NA,-1.27825505291832e-05,NA,NA,NA,NA,"Joint HESS uncertainty requires valid regional genetic and total residual parameters"
"chr8_4480476_5146927","region","h2","GWAS1",NA,6.14592227961294e-05,NA,NA,NA,NA,"Joint HESS uncertainty requires valid regional genetic and total residual parameters"
"chr8_46841315_50082470","region","h2","GWAS1",NA,-1.02962689101815e-05,NA,NA,NA,NA,"Joint HESS uncertainty requires valid regional genetic and total residual parameters"
"chr8_50082470_53302930","region","h2","GWAS1",NA,4.61753395933176e-05,NA,NA,NA,NA,"Joint HESS uncertainty requires valid regional genetic and total residual parameters"
"chr8_5146927_6142797","region","h2","GWAS1",NA,-2.446352555302e-05,NA,NA,NA,NA,"Joint HESS uncertainty requires valid regional genetic and total residual parameters"
"chr8_53302930_54418044","region","h2","GWAS1",NA,1.64697131949531e-05,NA,NA,NA,NA,"Joint HESS uncertainty requires valid regional genetic and total residual parameters"
"chr8_54418044_55945581","region","h2","GWAS1",NA,-7.67992497976934e-06,NA,NA,NA,NA,"Joint HESS uncertainty requires valid regional genetic and total residual parameters"
"chr8_55945581_56956383","region","h2","GWAS1",NA,5.22245928466142e-05,NA,NA,NA,NA,"Joint HESS uncertainty requires valid regional genetic and total residual parameters"
"chr8_56956383_59068651","region","h2","GWAS1",NA,1.10246726522115e-05,NA,NA,NA,NA,"Joint HESS uncertainty requires valid regional genetic and total residual parameters"
"chr8_59068651_59728100","region","h2","GWAS1",NA,2.55527707885098e-05,NA,NA,NA,NA,"Joint HESS uncertainty requires valid regional genetic and total residual parameters"
"chr8_59728100_62329099","region","h2","GWAS1",NA,1.02616133517591e-05,NA,NA,NA,NA,"Joint HESS uncertainty requires valid regional genetic and total residual parameters"
"chr8_6142797_7153079","region","h2","GWAS1",NA,-2.49881029901523e-05,NA,NA,NA,NA,"Joint HESS uncertainty requires valid regional genetic and total residual parameters"
"chr8_62329099_63349306","region","h2","GWAS1",NA,7.4188382968953e-06,NA,NA,NA,NA,"Joint HESS uncertainty requires valid regional genetic and total residual parameters"
"chr8_63349306_65232872","region","h2","GWAS1",NA,1.11312790288533e-05,NA,NA,NA,NA,"Joint HESS uncertainty requires valid regional genetic and total residual parameters"
"chr8_65232872_66489090","region","h2","GWAS1",NA,-1.94569446460536e-05,NA,NA,NA,NA,"Joint HESS uncertainty requires valid regional genetic and total residual parameters"
"chr8_66489090_69863057","region","h2","GWAS1",NA,-1.0315739231473e-05,NA,NA,NA,NA,"Joint HESS uncertainty requires valid regional genetic and total residual parameters"
"chr8_69863057_70867979","region","h2","GWAS1",NA,3.18906129569282e-05,NA,NA,NA,NA,"Joint HESS uncertainty requires valid regional genetic and total residual parameters"
"chr8_70867979_72289454","region","h2","GWAS1",NA,-2.47754383713932e-05,NA,NA,NA,NA,"Joint HESS uncertainty requires valid regional genetic and total residual parameters"
"chr8_7153079_9154694","region","h2","GWAS1",NA,8.02421559271733e-05,NA,NA,NA,NA,"Joint HESS uncertainty requires valid regional genetic and total residual parameters"
"chr8_72289454_73817199","region","h2","GWAS1",NA,-7.54784701067052e-06,NA,NA,NA,NA,"Joint HESS uncertainty requires valid regional genetic and total residual parameters"
"chr8_73817199_75445064","region","h2","GWAS1",NA,0.000125374538554407,NA,NA,NA,NA,"Joint HESS uncertainty requires valid regional genetic and total residual parameters"
"chr8_75445064_76456542","region","h2","GWAS1",NA,2.06721460606612e-05,NA,NA,NA,NA,"Joint HESS uncertainty requires valid regional genetic and total residual parameters"
"chr8_76456542_79132861","region","h2","GWAS1",NA,-3.24820069406858e-05,NA,NA,NA,NA,"Joint HESS uncertainty requires valid regional genetic and total residual parameters"
"chr8_79132861_81956395","region","h2","GWAS1",NA,1.96452777400862e-05,NA,NA,NA,NA,"Joint HESS uncertainty requires valid regional genetic and total residual parameters"
"chr8_81956395_82693739","region","h2","GWAS1",NA,1.99237058822048e-05,NA,NA,NA,NA,"Joint HESS uncertainty requires valid regional genetic and total residual parameters"
"chr8_82693739_84225589","region","h2","GWAS1",NA,9.6623044216379e-06,NA,NA,NA,NA,"Joint HESS uncertainty requires valid regional genetic and total residual parameters"
"chr8_84225589_85955619","region","h2","GWAS1",NA,2.90240871439455e-05,NA,NA,NA,NA,"Joint HESS uncertainty requires valid regional genetic and total residual parameters"
"chr8_85955619_87411709","region","h2","GWAS1",NA,8.80718322057061e-05,NA,NA,NA,NA,"Joint HESS uncertainty requires valid regional genetic and total residual parameters"
"chr8_87411709_89085481","region","h2","GWAS1",NA,8.88245516807664e-05,NA,NA,NA,NA,"Joint HESS uncertainty requires valid regional genetic and total residual parameters"
"chr8_89085481_90638162","region","h2","GWAS1",NA,-3.25328626485335e-05,NA,NA,NA,NA,"Joint HESS uncertainty requires valid regional genetic and total residual parameters"
"chr8_90638162_93554386","region","h2","GWAS1",NA,-1.86212732312598e-06,NA,NA,NA,NA,"Joint HESS uncertainty requires valid regional genetic and total residual parameters"
"chr8_9154694_9640787","region","h2","GWAS1",NA,0.000103923756395617,NA,NA,NA,NA,"Joint HESS uncertainty requires valid regional genetic and total residual parameters"
"chr8_93554386_95005527","region","h2","GWAS1",NA,1.23981227041093e-05,NA,NA,NA,NA,"Joint HESS uncertainty requires valid regional genetic and total residual parameters"
"chr8_95005527_96534806","region","h2","GWAS1",NA,0.000138205979085691,NA,NA,NA,NA,"Joint HESS uncertainty requires valid regional genetic and total residual parameters"
"chr8_9640787_10463197","region","h2","GWAS1",NA,0.000148070253028822,NA,NA,NA,NA,"Joint HESS uncertainty requires valid regional genetic and total residual parameters"
"chr8_96534806_99401581","region","h2","GWAS1",NA,1.70241240487851e-05,NA,NA,NA,NA,"Joint HESS uncertainty requires valid regional genetic and total residual parameters"
"chr8_99401581_101620958","region","h2","GWAS1",NA,1.7960340321173e-05,NA,NA,NA,NA,"Joint HESS uncertainty requires valid regional genetic and total residual parameters"
"chr9_10023_1079707","region","h2","GWAS1",NA,8.17561860325674e-05,NA,NA,NA,NA,"Joint HESS uncertainty requires valid regional genetic and total residual parameters"
"chr9_101592859_104624437","region","h2","GWAS1",NA,-1.2313625984689e-05,NA,NA,NA,NA,"Joint HESS uncertainty requires valid regional genetic and total residual parameters"
"chr9_104624437_105967976","region","h2","GWAS1",NA,-4.93941787452794e-06,NA,NA,NA,NA,"Joint HESS uncertainty requires valid regional genetic and total residual parameters"
"chr9_105967976_107581749","region","h2","GWAS1",NA,1.75039506471024e-05,NA,NA,NA,NA,"Joint HESS uncertainty requires valid regional genetic and total residual parameters"
"chr9_107581749_109298754","region","h2","GWAS1",NA,3.17792405558671e-05,NA,NA,NA,NA,"Joint HESS uncertainty requires valid regional genetic and total residual parameters"
"chr9_1079707_1916877","region","h2","GWAS1",NA,-2.44219590363207e-05,NA,NA,NA,NA,"Joint HESS uncertainty requires valid regional genetic and total residual parameters"
"chr9_10879253_12276489","region","h2","GWAS1",NA,1.5870893598472e-05,NA,NA,NA,NA,"Joint HESS uncertainty requires valid regional genetic and total residual parameters"
"chr9_109298754_110695062","region","h2","GWAS1",NA,-3.4492663842958e-05,NA,NA,NA,NA,"Joint HESS uncertainty requires valid regional genetic and total residual parameters"
"chr9_110695062_112778024","region","h2","GWAS1",NA,-1.40018194683165e-06,NA,NA,NA,NA,"Joint HESS uncertainty requires valid regional genetic and total residual parameters"
"chr9_112778024_114831082","region","h2","GWAS1",NA,1.84732206017639e-05,NA,NA,NA,NA,"Joint HESS uncertainty requires valid regional genetic and total residual parameters"
"chr9_114831082_115693145","region","h2","GWAS1",NA,-3.69003700280439e-05,NA,NA,NA,NA,"Joint HESS uncertainty requires valid regional genetic and total residual parameters"
"chr9_115693145_117019801","region","h2","GWAS1",NA,-1.07764728682275e-05,NA,NA,NA,NA,"Joint HESS uncertainty requires valid regional genetic and total residual parameters"
"chr9_117019801_117921960","region","h2","GWAS1",NA,2.91815172441364e-05,NA,NA,NA,NA,"Joint HESS uncertainty requires valid regional genetic and total residual parameters"
"chr9_117921960_121321537","region","h2","GWAS1",NA,6.77273210080023e-05,NA,NA,NA,NA,"Joint HESS uncertainty requires valid regional genetic and total residual parameters"
"chr9_121321537_122260297","region","h2","GWAS1",NA,1.97244269992099e-05,NA,NA,NA,NA,"Joint HESS uncertainty requires valid regional genetic and total residual parameters"
"chr9_122260297_124871322","region","h2","GWAS1",NA,9.95990312666192e-06,NA,NA,NA,NA,"Joint HESS uncertainty requires valid regional genetic and total residual parameters"
"chr9_12276489_14836363","region","h2","GWAS1",NA,1.49105338227817e-05,NA,NA,NA,NA,"Joint HESS uncertainty requires valid regional genetic and total residual parameters"
"chr9_124871322_126971887","region","h2","GWAS1",NA,0.00014420894202804,NA,NA,NA,NA,"Joint HESS uncertainty requires valid regional genetic and total residual parameters"
"chr9_126971887_129059665","region","h2","GWAS1",NA,4.25009956643288e-05,NA,NA,NA,NA,"Joint HESS uncertainty requires valid regional genetic and total residual parameters"
"chr9_129059665_130055510","region","h2","GWAS1",NA,7.48297090650902e-05,NA,NA,NA,NA,"Joint HESS uncertainty requires valid regional genetic and total residual parameters"
"chr9_130055510_132165470","region","h2","GWAS1",NA,6.06558943373226e-05,NA,NA,NA,NA,"Joint HESS uncertainty requires valid regional genetic and total residual parameters"
"chr9_132165470_133223217","region","h2","GWAS1",NA,3.29659619365591e-05,NA,NA,NA,NA,"Joint HESS uncertainty requires valid regional genetic and total residual parameters"
"chr9_133223217_134127888","region","h2","GWAS1",NA,7.54627306544245e-06,NA,NA,NA,NA,"Joint HESS uncertainty requires valid regional genetic and total residual parameters"
"chr9_134127888_135298842","region","h2","GWAS1",NA,3.45093116832644e-05,NA,NA,NA,NA,"Joint HESS uncertainty requires valid regional genetic and total residual parameters"
"chr9_135298842_137041122","region","h2","GWAS1",NA,8.3349492143284e-05,NA,NA,NA,NA,"Joint HESS uncertainty requires valid regional genetic and total residual parameters"
"chr9_137041122_137589364","region","h2","GWAS1",NA,1.21604124807369e-05,NA,NA,NA,NA,"Joint HESS uncertainty requires valid regional genetic and total residual parameters"
"chr9_137589364_138938978","region","h2","GWAS1",NA,-3.98484978191929e-06,NA,NA,NA,NA,"Joint HESS uncertainty requires valid regional genetic and total residual parameters"
"chr9_138938978_139500342","region","h2","GWAS1",NA,0.000143592822485519,NA,NA,NA,NA,"Joint HESS uncertainty requires valid regional genetic and total residual parameters"
"chr9_139500342_141144796","region","h2","GWAS1",NA,2.64586022819218e-05,NA,NA,NA,NA,"Joint HESS uncertainty requires valid regional genetic and total residual parameters"
"chr9_14836363_16659655","region","h2","GWAS1",NA,5.48618393410213e-05,NA,NA,NA,NA,"Joint HESS uncertainty requires valid regional genetic and total residual parameters"
"chr9_16659655_18661051","region","h2","GWAS1",NA,-1.89671146439012e-05,NA,NA,NA,NA,"Joint HESS uncertainty requires valid regional genetic and total residual parameters"
"chr9_18661051_20463534","region","h2","GWAS1",NA,0.000112321558706292,NA,NA,NA,NA,"Joint HESS uncertainty requires valid regional genetic and total residual parameters"
"chr9_1916877_3190064","region","h2","GWAS1",NA,-2.72494202747539e-05,NA,NA,NA,NA,"Joint HESS uncertainty requires valid regional genetic and total residual parameters"
"chr9_20463534_22206559","region","h2","GWAS1",NA,0.000420301743996097,NA,NA,NA,NA,"Joint HESS uncertainty requires valid regional genetic and total residual parameters"
"chr9_22206559_24158518","region","h2","GWAS1",NA,3.9721692769641e-05,NA,NA,NA,NA,"Joint HESS uncertainty requires valid regional genetic and total residual parameters"
"chr9_24158518_25330810","region","h2","GWAS1",NA,3.29927901486911e-05,NA,NA,NA,NA,"Joint HESS uncertainty requires valid regional genetic and total residual parameters"
"chr9_25330810_26111757","region","h2","GWAS1",NA,-9.1800760123357e-06,NA,NA,NA,NA,"Joint HESS uncertainty requires valid regional genetic and total residual parameters"
"chr9_26111757_28224283","region","h2","GWAS1",NA,-3.5160746719453e-05,NA,NA,NA,NA,"Joint HESS uncertainty requires valid regional genetic and total residual parameters"
"chr9_28224283_28811584","region","h2","GWAS1",NA,7.82302170521675e-05,NA,NA,NA,NA,"Joint HESS uncertainty requires valid regional genetic and total residual parameters"
"chr9_28811584_30387392","region","h2","GWAS1",NA,4.88160104940248e-05,NA,NA,NA,NA,"Joint HESS uncertainty requires valid regional genetic and total residual parameters"
"chr9_30387392_31310383","region","h2","GWAS1",NA,2.12732121092088e-05,NA,NA,NA,NA,"Joint HESS uncertainty requires valid regional genetic and total residual parameters"
"chr9_31310383_32019368","region","h2","GWAS1",NA,4.02098589712183e-05,NA,NA,NA,NA,"Joint HESS uncertainty requires valid regional genetic and total residual parameters"
"chr9_3190064_4495328","region","h2","GWAS1",NA,0.000101068617839905,NA,NA,NA,NA,"Joint HESS uncertainty requires valid regional genetic and total residual parameters"
"chr9_32019368_33578334","region","h2","GWAS1",NA,2.29225394667703e-05,NA,NA,NA,NA,"Joint HESS uncertainty requires valid regional genetic and total residual parameters"
"chr9_33578334_34642243","region","h2","GWAS1",NA,7.60669584397275e-05,NA,NA,NA,NA,"Joint HESS uncertainty requires valid regional genetic and total residual parameters"
"chr9_34642243_36743283","region","h2","GWAS1",NA,-3.25759450946223e-06,NA,NA,NA,NA,"Joint HESS uncertainty requires valid regional genetic and total residual parameters"
"chr9_36743283_38641599","region","h2","GWAS1",NA,-1.75176803405229e-05,NA,NA,NA,NA,"Joint HESS uncertainty requires valid regional genetic and total residual parameters"
"chr9_38641599_65472190","region","h2","GWAS1",NA,1.62481708695483e-05,NA,NA,NA,NA,"Joint HESS uncertainty requires valid regional genetic and total residual parameters"
"chr9_4495328_4884926","region","h2","GWAS1",NA,2.20780150478461e-05,NA,NA,NA,NA,"Joint HESS uncertainty requires valid regional genetic and total residual parameters"
"chr9_4884926_6557589","region","h2","GWAS1",NA,3.49086217425073e-05,NA,NA,NA,NA,"Joint HESS uncertainty requires valid regional genetic and total residual parameters"
"chr9_65472190_72512711","region","h2","GWAS1",NA,4.93646788250464e-06,NA,NA,NA,NA,"Joint HESS uncertainty requires valid regional genetic and total residual parameters"
"chr9_6557589_7154923","region","h2","GWAS1",NA,4.50346405512207e-05,NA,NA,NA,NA,"Joint HESS uncertainty requires valid regional genetic and total residual parameters"
"chr9_7154923_8456299","region","h2","GWAS1",NA,-1.35199931516404e-05,NA,NA,NA,NA,"Joint HESS uncertainty requires valid regional genetic and total residual parameters"
"chr9_72512711_72753755","region","h2","GWAS1",NA,5.14432912306258e-06,NA,NA,NA,NA,"Joint HESS uncertainty requires valid regional genetic and total residual parameters"
"chr9_72753755_74253040","region","h2","GWAS1",NA,6.34414124683501e-06,NA,NA,NA,NA,"Joint HESS uncertainty requires valid regional genetic and total residual parameters"
"chr9_74253040_76203946","region","h2","GWAS1",NA,2.39262400928799e-06,NA,NA,NA,NA,"Joint HESS uncertainty requires valid regional genetic and total residual parameters"
"chr9_76203946_76973081","region","h2","GWAS1",NA,7.50340345013762e-07,NA,NA,NA,NA,"Joint HESS uncertainty requires valid regional genetic and total residual parameters"
"chr9_76973081_78900183","region","h2","GWAS1",NA,-4.36705807310455e-06,NA,NA,NA,NA,"Joint HESS uncertainty requires valid regional genetic and total residual parameters"
"chr9_78900183_79471208","region","h2","GWAS1",NA,1.93892459225954e-05,NA,NA,NA,NA,"Joint HESS uncertainty requires valid regional genetic and total residual parameters"
"chr9_79471208_81079055","region","h2","GWAS1",NA,-2.35529598210853e-05,NA,NA,NA,NA,"Joint HESS uncertainty requires valid regional genetic and total residual parameters"
"chr9_81079055_82590928","region","h2","GWAS1",NA,0.000179437513590962,NA,NA,NA,NA,"Joint HESS uncertainty requires valid regional genetic and total residual parameters"
"chr9_82590928_84211233","region","h2","GWAS1",NA,3.15092292567048e-05,NA,NA,NA,NA,"Joint HESS uncertainty requires valid regional genetic and total residual parameters"
"chr9_84211233_85440801","region","h2","GWAS1",NA,8.67708685996005e-05,NA,NA,NA,NA,"Joint HESS uncertainty requires valid regional genetic and total residual parameters"
"chr9_8456299_9166403","region","h2","GWAS1",NA,1.43649441930901e-05,NA,NA,NA,NA,"Joint HESS uncertainty requires valid regional genetic and total residual parameters"
"chr9_85440801_86938196","region","h2","GWAS1",NA,5.66618003387302e-05,NA,NA,NA,NA,"Joint HESS uncertainty requires valid regional genetic and total residual parameters"
"chr9_86938196_88109333","region","h2","GWAS1",NA,2.23856026365957e-05,NA,NA,NA,NA,"Joint HESS uncertainty requires valid regional genetic and total residual parameters"
"chr9_88109333_88590417","region","h2","GWAS1",NA,1.71270801198083e-05,NA,NA,NA,NA,"Joint HESS uncertainty requires valid regional genetic and total residual parameters"
"chr9_88590417_90136246","region","h2","GWAS1",NA,7.62227601624395e-05,NA,NA,NA,NA,"Joint HESS uncertainty requires valid regional genetic and total residual parameters"
"chr9_90136246_92528698","region","h2","GWAS1",NA,3.58717889434501e-05,NA,NA,NA,NA,"Joint HESS uncertainty requires valid regional genetic and total residual parameters"
"chr9_9166403_10879253","region","h2","GWAS1",NA,-6.68859533606904e-06,NA,NA,NA,NA,"Joint HESS uncertainty requires valid regional genetic and total residual parameters"
"chr9_92528698_94167203","region","h2","GWAS1",NA,5.62004484652869e-06,NA,NA,NA,NA,"Joint HESS uncertainty requires valid regional genetic and total residual parameters"
"chr9_94167203_96671698","region","h2","GWAS1",NA,1.40035902256257e-05,NA,NA,NA,NA,"Joint HESS uncertainty requires valid regional genetic and total residual parameters"
"chr9_96671698_98922040","region","h2","GWAS1",NA,0.000131783318909766,NA,NA,NA,NA,"Joint HESS uncertainty requires valid regional genetic and total residual parameters"
"chr9_98922040_101592859","region","h2","GWAS1",NA,5.48823053604771e-07,NA,NA,NA,NA,"Joint HESS uncertainty requires valid regional genetic and total residual parameters"
NA,"total","h2","GWAS1",NA,0.0501271552252617,NA,NA,NA,NA,"Joint HESS uncertainty requires valid regional genetic and total residual parameters"
"chr10_100241302_100668400","region","h2","GWAS2",NA,-9.57052522075132e-06,NA,NA,NA,NA,"Joint HESS uncertainty requires valid regional genetic and total residual parameters"
"chr10_100668400_102949239","region","h2","GWAS2",NA,8.47143007793442e-05,NA,NA,NA,NA,"Joint HESS uncertainty requires valid regional genetic and total residual parameters"
"chr10_10249396_12586797","region","h2","GWAS2",NA,-2.46716790862679e-06,NA,NA,NA,NA,"Joint HESS uncertainty requires valid regional genetic and total residual parameters"
"chr10_102949239_104380410","region","h2","GWAS2",NA,3.80941526026165e-05,NA,NA,NA,NA,"Joint HESS uncertainty requires valid regional genetic and total residual parameters"
"chr10_104380410_106695048","region","h2","GWAS2",NA,0.000306951181091299,NA,NA,NA,NA,"Joint HESS uncertainty requires valid regional genetic and total residual parameters"
"chr10_106695048_108726686","region","h2","GWAS2",NA,-8.80606679409755e-05,NA,NA,NA,NA,"Joint HESS uncertainty requires valid regional genetic and total residual parameters"
"chr10_108726686_110317705","region","h2","GWAS2",NA,-5.70690754257359e-05,NA,NA,NA,NA,"Joint HESS uncertainty requires valid regional genetic and total residual parameters"
"chr10_110317705_112561493","region","h2","GWAS2",NA,9.54186107585577e-05,NA,NA,NA,NA,"Joint HESS uncertainty requires valid regional genetic and total residual parameters"
"chr10_112561493_115328432","region","h2","GWAS2",NA,-5.26815503173693e-05,NA,NA,NA,NA,"Joint HESS uncertainty requires valid regional genetic and total residual parameters"
"chr10_115328432_116421406","region","h2","GWAS2",NA,5.10227662820231e-05,NA,NA,NA,NA,"Joint HESS uncertainty requires valid regional genetic and total residual parameters"
"chr10_116421406_119523934","region","h2","GWAS2",NA,-9.54322811199384e-06,NA,NA,NA,NA,"Joint HESS uncertainty requires valid regional genetic and total residual parameters"
"chr10_119523934_120591353","region","h2","GWAS2",NA,-7.88853112222447e-06,NA,NA,NA,NA,"Joint HESS uncertainty requires valid regional genetic and total residual parameters"
"chr10_120591353_122407323","region","h2","GWAS2",NA,-2.27913145414558e-05,NA,NA,NA,NA,"Joint HESS uncertainty requires valid regional genetic and total residual parameters"
"chr10_122407323_123231465","region","h2","GWAS2",NA,-1.06553743891257e-05,NA,NA,NA,NA,"Joint HESS uncertainty requires valid regional genetic and total residual parameters"
"chr10_123231465_123900545","region","h2","GWAS2",NA,-3.45959463833852e-05,NA,NA,NA,NA,"Joint HESS uncertainty requires valid regional genetic and total residual parameters"
"chr10_123900545_125869346","region","h2","GWAS2",NA,6.85312332923695e-05,NA,NA,NA,NA,"Joint HESS uncertainty requires valid regional genetic and total residual parameters"
"chr10_12586797_13321600","region","h2","GWAS2",NA,2.68415541773256e-05,NA,NA,NA,NA,"Joint HESS uncertainty requires valid regional genetic and total residual parameters"
"chr10_125869346_128001098","region","h2","GWAS2",NA,-3.80220700663224e-05,NA,NA,NA,NA,"Joint HESS uncertainty requires valid regional genetic and total residual parameters"
"chr10_128001098_129154362","region","h2","GWAS2",NA,-2.40613984079858e-05,NA,NA,NA,NA,"Joint HESS uncertainty requires valid regional genetic and total residual parameters"
"chr10_129154362_130844284","region","h2","GWAS2",NA,-8.70245608877048e-05,NA,NA,NA,NA,"Joint HESS uncertainty requires valid regional genetic and total residual parameters"
"chr10_130844284_131741327","region","h2","GWAS2",NA,-7.97533922220457e-05,NA,NA,NA,NA,"Joint HESS uncertainty requires valid regional genetic and total residual parameters"
"chr10_131741327_132580245","region","h2","GWAS2",NA,-6.39956588331098e-05,NA,NA,NA,NA,"Joint HESS uncertainty requires valid regional genetic and total residual parameters"
"chr10_132580245_134336329","region","h2","GWAS2",NA,-3.88891015298328e-05,NA,NA,NA,NA,"Joint HESS uncertainty requires valid regional genetic and total residual parameters"
"chr10_13321600_15026068","region","h2","GWAS2",NA,-9.80714291546632e-05,NA,NA,NA,NA,"Joint HESS uncertainty requires valid regional genetic and total residual parameters"
"chr10_134336329_134494673","region","h2","GWAS2",NA,1.67934808314528e-05,NA,NA,NA,NA,"Joint HESS uncertainty requires valid regional genetic and total residual parameters"
"chr10_134494673_135523865","region","h2","GWAS2",NA,-8.32856138007058e-05,NA,NA,NA,NA,"Joint HESS uncertainty requires valid regional genetic and total residual parameters"
"chr10_15026068_16551767","region","h2","GWAS2",NA,-5.44759073573925e-05,NA,NA,NA,NA,"Joint HESS uncertainty requires valid regional genetic and total residual parameters"
"chr10_1523544_2254500","region","h2","GWAS2",NA,-3.61115998773833e-05,NA,NA,NA,NA,"Joint HESS uncertainty requires valid regional genetic and total residual parameters"
"chr10_16551767_18537267","region","h2","GWAS2",NA,3.24648260487907e-05,NA,NA,NA,NA,"Joint HESS uncertainty requires valid regional genetic and total residual parameters"
"chr10_18537267_19716878","region","h2","GWAS2",NA,-2.80319825041885e-07,NA,NA,NA,NA,"Joint HESS uncertainty requires valid regional genetic and total residual parameters"
"chr10_19716878_22772283","region","h2","GWAS2",NA,-8.74051113919126e-06,NA,NA,NA,NA,"Joint HESS uncertainty requires valid regional genetic and total residual parameters"
"chr10_2254500_3352699","region","h2","GWAS2",NA,-5.39472352109559e-05,NA,NA,NA,NA,"Joint HESS uncertainty requires valid regional genetic and total residual parameters"
"chr10_22772283_23175132","region","h2","GWAS2",NA,1.24899535336674e-05,NA,NA,NA,NA,"Joint HESS uncertainty requires valid regional genetic and total residual parameters"
"chr10_23175132_25578596","region","h2","GWAS2",NA,0.000105823338662148,NA,NA,NA,NA,"Joint HESS uncertainty requires valid regional genetic and total residual parameters"
"chr10_25578596_26888684","region","h2","GWAS2",NA,3.32696229290315e-06,NA,NA,NA,NA,"Joint HESS uncertainty requires valid regional genetic and total residual parameters"
"chr10_26888684_29323236","region","h2","GWAS2",NA,-4.00769658170932e-05,NA,NA,NA,NA,"Joint HESS uncertainty requires valid regional genetic and total residual parameters"
"chr10_29323236_29783692","region","h2","GWAS2",NA,3.5912026276309e-05,NA,NA,NA,NA,"Joint HESS uncertainty requires valid regional genetic and total residual parameters"
"chr10_29783692_30458838","region","h2","GWAS2",NA,0.000114052195079191,NA,NA,NA,NA,"Joint HESS uncertainty requires valid regional genetic and total residual parameters"
"chr10_30458838_31907519","region","h2","GWAS2",NA,0.000173218168664484,NA,NA,NA,NA,"Joint HESS uncertainty requires valid regional genetic and total residual parameters"
"chr10_31907519_33707968","region","h2","GWAS2",NA,7.4848236187633e-05,NA,NA,NA,NA,"Joint HESS uncertainty requires valid regional genetic and total residual parameters"
"chr10_3352699_4572274","region","h2","GWAS2",NA,4.73736548180463e-05,NA,NA,NA,NA,"Joint HESS uncertainty requires valid regional genetic and total residual parameters"
"chr10_33707968_35109355","region","h2","GWAS2",NA,-4.9809888400144e-05,NA,NA,NA,NA,"Joint HESS uncertainty requires valid regional genetic and total residual parameters"
"chr10_35109355_36572508","region","h2","GWAS2",NA,-9.31866455867735e-06,NA,NA,NA,NA,"Joint HESS uncertainty requires valid regional genetic and total residual parameters"
"chr10_36572508_37790029","region","h2","GWAS2",NA,-8.53669955905596e-05,NA,NA,NA,NA,"Joint HESS uncertainty requires valid regional genetic and total residual parameters"
"chr10_37790029_42372579","region","h2","GWAS2",NA,5.29282757485157e-05,NA,NA,NA,NA,"Joint HESS uncertainty requires valid regional genetic and total residual parameters"
"chr10_42372579_43894771","region","h2","GWAS2",NA,3.92636341276821e-05,NA,NA,NA,NA,"Joint HESS uncertainty requires valid regional genetic and total residual parameters"
"chr10_43894771_44730075","region","h2","GWAS2",NA,0.00046044177098662,NA,NA,NA,NA,"Joint HESS uncertainty requires valid regional genetic and total residual parameters"
"chr10_44730075_48760450","region","h2","GWAS2",NA,0.000289147555037806,NA,NA,NA,NA,"Joint HESS uncertainty requires valid regional genetic and total residual parameters"
"chr10_4572274_5983762","region","h2","GWAS2",NA,-4.99920161892111e-05,NA,NA,NA,NA,"Joint HESS uncertainty requires valid regional genetic and total residual parameters"
"chr10_48760450_50840915","region","h2","GWAS2",NA,-5.24318469152679e-05,NA,NA,NA,NA,"Joint HESS uncertainty requires valid regional genetic and total residual parameters"
"chr10_50840915_53616629","region","h2","GWAS2",NA,7.52421556372047e-05,NA,NA,NA,NA,"Joint HESS uncertainty requires valid regional genetic and total residual parameters"
"chr10_53616629_55103572","region","h2","GWAS2",NA,4.45150316916981e-05,NA,NA,NA,NA,"Joint HESS uncertainty requires valid regional genetic and total residual parameters"
"chr10_55103572_57031140","region","h2","GWAS2",NA,-4.27318213261365e-05,NA,NA,NA,NA,"Joint HESS uncertainty requires valid regional genetic and total residual parameters"
"chr10_57031140_57662146","region","h2","GWAS2",NA,-4.00782543602244e-05,NA,NA,NA,NA,"Joint HESS uncertainty requires valid regional genetic and total residual parameters"
"chr10_57662146_58959528","region","h2","GWAS2",NA,-4.00244234077992e-05,NA,NA,NA,NA,"Joint HESS uncertainty requires valid regional genetic and total residual parameters"
"chr10_58959528_60289987","region","h2","GWAS2",NA,-3.06299044070335e-05,NA,NA,NA,NA,"Joint HESS uncertainty requires valid regional genetic and total residual parameters"
"chr10_5983762_7171484","region","h2","GWAS2",NA,-3.09350768383302e-05,NA,NA,NA,NA,"Joint HESS uncertainty requires valid regional genetic and total residual parameters"
"chr10_60289987_61891409","region","h2","GWAS2",NA,1.70251275736315e-05,NA,NA,NA,NA,"Joint HESS uncertainty requires valid regional genetic and total residual parameters"
"chr10_60523_751339","region","h2","GWAS2",NA,-7.06019642893665e-05,NA,NA,NA,NA,"Joint HESS uncertainty requires valid regional genetic and total residual parameters"
"chr10_61891409_62659679","region","h2","GWAS2",NA,-1.9601612089344e-05,NA,NA,NA,NA,"Joint HESS uncertainty requires valid regional genetic and total residual parameters"
"chr10_62659679_63341695","region","h2","GWAS2",NA,-7.46797143008181e-05,NA,NA,NA,NA,"Joint HESS uncertainty requires valid regional genetic and total residual parameters"
"chr10_63341695_65794114","region","h2","GWAS2",NA,7.31779226771868e-05,NA,NA,NA,NA,"Joint HESS uncertainty requires valid regional genetic and total residual parameters"
"chr10_65794114_67549615","region","h2","GWAS2",NA,3.97918865749751e-05,NA,NA,NA,NA,"Joint HESS uncertainty requires valid regional genetic and total residual parameters"
"chr10_67549615_69900148","region","h2","GWAS2",NA,-1.66972098389174e-05,NA,NA,NA,NA,"Joint HESS uncertainty requires valid regional genetic and total residual parameters"
"chr10_69900148_70195991","region","h2","GWAS2",NA,1.48410375304279e-05,NA,NA,NA,NA,"Joint HESS uncertainty requires valid regional genetic and total residual parameters"
"chr10_70195991_72220850","region","h2","GWAS2",NA,-6.28991143100275e-05,NA,NA,NA,NA,"Joint HESS uncertainty requires valid regional genetic and total residual parameters"
"chr10_7171484_8774665","region","h2","GWAS2",NA,-5.78793021986488e-05,NA,NA,NA,NA,"Joint HESS uncertainty requires valid regional genetic and total residual parameters"
"chr10_72220850_73508512","region","h2","GWAS2",NA,-2.6452199553587e-05,NA,NA,NA,NA,"Joint HESS uncertainty requires valid regional genetic and total residual parameters"
"chr10_73508512_75422550","region","h2","GWAS2",NA,5.70601826046235e-05,NA,NA,NA,NA,"Joint HESS uncertainty requires valid regional genetic and total residual parameters"
"chr10_751339_1523544","region","h2","GWAS2",NA,1.83207871624229e-05,NA,NA,NA,NA,"Joint HESS uncertainty requires valid regional genetic and total residual parameters"
"chr10_75422550_78706814","region","h2","GWAS2",NA,0.000179466342774927,NA,NA,NA,NA,"Joint HESS uncertainty requires valid regional genetic and total residual parameters"
"chr10_78706814_80876749","region","h2","GWAS2",NA,1.4366521542978e-05,NA,NA,NA,NA,"Joint HESS uncertainty requires valid regional genetic and total residual parameters"
"chr10_80876749_82414679","region","h2","GWAS2",NA,6.9269054661288e-05,NA,NA,NA,NA,"Joint HESS uncertainty requires valid regional genetic and total residual parameters"
"chr10_82414679_84383745","region","h2","GWAS2",NA,-1.77821456627625e-05,NA,NA,NA,NA,"Joint HESS uncertainty requires valid regional genetic and total residual parameters"
"chr10_84383745_85458703","region","h2","GWAS2",NA,-4.72985980007033e-05,NA,NA,NA,NA,"Joint HESS uncertainty requires valid regional genetic and total residual parameters"
"chr10_85458703_87937577","region","h2","GWAS2",NA,3.34543631642249e-05,NA,NA,NA,NA,"Joint HESS uncertainty requires valid regional genetic and total residual parameters"
"chr10_8774665_10249396","region","h2","GWAS2",NA,-2.70125031744478e-05,NA,NA,NA,NA,"Joint HESS uncertainty requires valid regional genetic and total residual parameters"
"chr10_87937577_89127064","region","h2","GWAS2",NA,-2.69822794650974e-05,NA,NA,NA,NA,"Joint HESS uncertainty requires valid regional genetic and total residual parameters"
"chr10_89127064_91013381","region","h2","GWAS2",NA,0.000246750837607158,NA,NA,NA,NA,"Joint HESS uncertainty requires valid regional genetic and total residual parameters"
"chr10_91013381_92006581","region","h2","GWAS2",NA,-1.13374441243537e-05,NA,NA,NA,NA,"Joint HESS uncertainty requires valid regional genetic and total residual parameters"
"chr10_92006581_93335047","region","h2","GWAS2",NA,6.26234962687166e-05,NA,NA,NA,NA,"Joint HESS uncertainty requires valid regional genetic and total residual parameters"
"chr10_93335047_95396368","region","h2","GWAS2",NA,0.000158984787076181,NA,NA,NA,NA,"Joint HESS uncertainty requires valid regional genetic and total residual parameters"
"chr10_95396368_96221243","region","h2","GWAS2",NA,0.000131537317322017,NA,NA,NA,NA,"Joint HESS uncertainty requires valid regional genetic and total residual parameters"
"chr10_96221243_97822357","region","h2","GWAS2",NA,5.77406201576727e-05,NA,NA,NA,NA,"Joint HESS uncertainty requires valid regional genetic and total residual parameters"
"chr10_97822357_100241302","region","h2","GWAS2",NA,3.69323665899864e-05,NA,NA,NA,NA,"Joint HESS uncertainty requires valid regional genetic and total residual parameters"
"chr11_100417169_101331121","region","h2","GWAS2",NA,0.000137247449505061,NA,NA,NA,NA,"Joint HESS uncertainty requires valid regional genetic and total residual parameters"
"chr11_101331121_103959636","region","h2","GWAS2",NA,0.000152530711371304,NA,NA,NA,NA,"Joint HESS uncertainty requires valid regional genetic and total residual parameters"
"chr11_103959636_104873284","region","h2","GWAS2",NA,2.53274324612076e-05,NA,NA,NA,NA,"Joint HESS uncertainty requires valid regional genetic and total residual parameters"
"chr11_104873284_106520894","region","h2","GWAS2",NA,0.000133940567577027,NA,NA,NA,NA,"Joint HESS uncertainty requires valid regional genetic and total residual parameters"
"chr11_106520894_107844200","region","h2","GWAS2",NA,0.000107984331128735,NA,NA,NA,NA,"Joint HESS uncertainty requires valid regional genetic and total residual parameters"
"chr11_107844200_108437037","region","h2","GWAS2",NA,9.27065883586206e-06,NA,NA,NA,NA,"Joint HESS uncertainty requires valid regional genetic and total residual parameters"
"chr11_108437037_109866116","region","h2","GWAS2",NA,-4.05993006597543e-05,NA,NA,NA,NA,"Joint HESS uncertainty requires valid regional genetic and total residual parameters"
"chr11_10952027_12564229","region","h2","GWAS2",NA,-7.51845564186522e-05,NA,NA,NA,NA,"Joint HESS uncertainty requires valid regional genetic and total residual parameters"
"chr11_109866116_111114397","region","h2","GWAS2",NA,4.85872406600715e-05,NA,NA,NA,NA,"Joint HESS uncertainty requires valid regional genetic and total residual parameters"
"chr11_111114397_112459488","region","h2","GWAS2",NA,-6.01388137564376e-06,NA,NA,NA,NA,"Joint HESS uncertainty requires valid regional genetic and total residual parameters"
"chr11_112459488_114257728","region","h2","GWAS2",NA,-3.3560344249589e-05,NA,NA,NA,NA,"Joint HESS uncertainty requires valid regional genetic and total residual parameters"
"chr11_114257728_114830666","region","h2","GWAS2",NA,-0.000135293665003476,NA,NA,NA,NA,"Joint HESS uncertainty requires valid regional genetic and total residual parameters"
"chr11_114830666_116383348","region","h2","GWAS2",NA,2.53268271282323e-05,NA,NA,NA,NA,"Joint HESS uncertainty requires valid regional genetic and total residual parameters"
"chr11_116383348_117747110","region","h2","GWAS2",NA,6.68399267923699e-05,NA,NA,NA,NA,"Joint HESS uncertainty requires valid regional genetic and total residual parameters"
"chr11_117747110_119215476","region","h2","GWAS2",NA,1.30702731484269e-05,NA,NA,NA,NA,"Joint HESS uncertainty requires valid regional genetic and total residual parameters"
"chr11_119215476_120766806","region","h2","GWAS2",NA,8.73562754024646e-06,NA,NA,NA,NA,"Joint HESS uncertainty requires valid regional genetic and total residual parameters"
"chr11_120766806_121175943","region","h2","GWAS2",NA,3.92995780112022e-06,NA,NA,NA,NA,"Joint HESS uncertainty requires valid regional genetic and total residual parameters"
"chr11_121175943_122591910","region","h2","GWAS2",NA,-3.41384013997663e-05,NA,NA,NA,NA,"Joint HESS uncertainty requires valid regional genetic and total residual parameters"
"chr11_1213590_3665481","region","h2","GWAS2",NA,-0.000128526511443517,NA,NA,NA,NA,"Joint HESS uncertainty requires valid regional genetic and total residual parameters"
"chr11_122591910_123500117","region","h2","GWAS2",NA,-5.25424891478026e-05,NA,NA,NA,NA,"Joint HESS uncertainty requires valid regional genetic and total residual parameters"
"chr11_123500117_124495528","region","h2","GWAS2",NA,-1.7569235461576e-05,NA,NA,NA,NA,"Joint HESS uncertainty requires valid regional genetic and total residual parameters"
"chr11_124495528_126311320","region","h2","GWAS2",NA,0.000118099133872124,NA,NA,NA,NA,"Joint HESS uncertainty requires valid regional genetic and total residual parameters"
"chr11_12564229_13373124","region","h2","GWAS2",NA,0.000160688673815607,NA,NA,NA,NA,"Joint HESS uncertainty requires valid regional genetic and total residual parameters"
"chr11_126311320_127316679","region","h2","GWAS2",NA,4.25748292207898e-05,NA,NA,NA,NA,"Joint HESS uncertainty requires valid regional genetic and total residual parameters"
"chr11_127316679_128188537","region","h2","GWAS2",NA,-7.07552935042317e-06,NA,NA,NA,NA,"Joint HESS uncertainty requires valid regional genetic and total residual parameters"
"chr11_128188537_130342575","region","h2","GWAS2",NA,-0.000124816147289562,NA,NA,NA,NA,"Joint HESS uncertainty requires valid regional genetic and total residual parameters"
"chr11_130342575_131074612","region","h2","GWAS2",NA,1.86801224731039e-05,NA,NA,NA,NA,"Joint HESS uncertainty requires valid regional genetic and total residual parameters"
"chr11_131074612_133000046","region","h2","GWAS2",NA,-6.57882470476395e-05,NA,NA,NA,NA,"Joint HESS uncertainty requires valid regional genetic and total residual parameters"
"chr11_133000046_134205993","region","h2","GWAS2",NA,-1.85375728335629e-05,NA,NA,NA,NA,"Joint HESS uncertainty requires valid regional genetic and total residual parameters"
"chr11_13373124_15742552","region","h2","GWAS2",NA,0.000130185427417996,NA,NA,NA,NA,"Joint HESS uncertainty requires valid regional genetic and total residual parameters"
"chr11_134205993_134946452","region","h2","GWAS2",NA,1.28439957130964e-05,NA,NA,NA,NA,"Joint HESS uncertainty requires valid regional genetic and total residual parameters"
"chr11_15742552_17578402","region","h2","GWAS2",NA,-1.33112441209828e-05,NA,NA,NA,NA,"Joint HESS uncertainty requires valid regional genetic and total residual parameters"
"chr11_17578402_19569535","region","h2","GWAS2",NA,8.40555908578549e-05,NA,NA,NA,NA,"Joint HESS uncertainty requires valid regional genetic and total residual parameters"
"chr11_19569535_21017138","region","h2","GWAS2",NA,-5.4842742738592e-05,NA,NA,NA,NA,"Joint HESS uncertainty requires valid regional genetic and total residual parameters"
"chr11_21017138_22374142","region","h2","GWAS2",NA,-0.000102455018893365,NA,NA,NA,NA,"Joint HESS uncertainty requires valid regional genetic and total residual parameters"
"chr11_22374142_24088517","region","h2","GWAS2",NA,2.90482495233616e-05,NA,NA,NA,NA,"Joint HESS uncertainty requires valid regional genetic and total residual parameters"
"chr11_24088517_26045753","region","h2","GWAS2",NA,-7.06512562382257e-05,NA,NA,NA,NA,"Joint HESS uncertainty requires valid regional genetic and total residual parameters"
"chr11_26045753_27020461","region","h2","GWAS2",NA,6.85490756512154e-05,NA,NA,NA,NA,"Joint HESS uncertainty requires valid regional genetic and total residual parameters"
"chr11_27020461_28481593","region","h2","GWAS2",NA,8.82243099885559e-05,NA,NA,NA,NA,"Joint HESS uncertainty requires valid regional genetic and total residual parameters"
"chr11_28481593_30141357","region","h2","GWAS2",NA,1.68249789955105e-05,NA,NA,NA,NA,"Joint HESS uncertainty requires valid regional genetic and total residual parameters"
"chr11_30141357_32276901","region","h2","GWAS2",NA,-2.86536402068988e-06,NA,NA,NA,NA,"Joint HESS uncertainty requires valid regional genetic and total residual parameters"
"chr11_32276901_33958739","region","h2","GWAS2",NA,0.000126681000607787,NA,NA,NA,NA,"Joint HESS uncertainty requires valid regional genetic and total residual parameters"
"chr11_33958739_35502605","region","h2","GWAS2",NA,-4.02503271109788e-05,NA,NA,NA,NA,"Joint HESS uncertainty requires valid regional genetic and total residual parameters"
"chr11_35502605_37116815","region","h2","GWAS2",NA,-1.33373462657455e-05,NA,NA,NA,NA,"Joint HESS uncertainty requires valid regional genetic and total residual parameters"
"chr11_3665481_4746709","region","h2","GWAS2",NA,-1.86899182833237e-05,NA,NA,NA,NA,"Joint HESS uncertainty requires valid regional genetic and total residual parameters"
"chr11_37116815_39382003","region","h2","GWAS2",NA,8.21848270284925e-05,NA,NA,NA,NA,"Joint HESS uncertainty requires valid regional genetic and total residual parameters"
"chr11_39382003_42310003","region","h2","GWAS2",NA,-5.53944019601185e-05,NA,NA,NA,NA,"Joint HESS uncertainty requires valid regional genetic and total residual parameters"
"chr11_42310003_44693799","region","h2","GWAS2",NA,7.12546026780926e-06,NA,NA,NA,NA,"Joint HESS uncertainty requires valid regional genetic and total residual parameters"
"chr11_44693799_47006137","region","h2","GWAS2",NA,-3.67367423288502e-05,NA,NA,NA,NA,"Joint HESS uncertainty requires valid regional genetic and total residual parameters"
"chr11_47006137_49866050","region","h2","GWAS2",NA,6.96840043871455e-05,NA,NA,NA,NA,"Joint HESS uncertainty requires valid regional genetic and total residual parameters"
"chr11_4746709_6322869","region","h2","GWAS2",NA,-7.57385553975613e-06,NA,NA,NA,NA,"Joint HESS uncertainty requires valid regional genetic and total residual parameters"
"chr11_49866050_54695473","region","h2","GWAS2",NA,0.000268488751018878,NA,NA,NA,NA,"Joint HESS uncertainty requires valid regional genetic and total residual parameters"
"chr11_54695473_55082657","region","h2","GWAS2",NA,3.14902699030847e-05,NA,NA,NA,NA,"Joint HESS uncertainty requires valid regional genetic and total residual parameters"
"chr11_55082657_58457495","region","h2","GWAS2",NA,5.62121646336927e-05,NA,NA,NA,NA,"Joint HESS uncertainty requires valid regional genetic and total residual parameters"
"chr11_58457495_58780549","region","h2","GWAS2",NA,-2.31011164998982e-05,NA,NA,NA,NA,"Joint HESS uncertainty requires valid regional genetic and total residual parameters"
"chr11_58780549_62223771","region","h2","GWAS2",NA,-7.08761237575673e-05,NA,NA,NA,NA,"Joint HESS uncertainty requires valid regional genetic and total residual parameters"
"chr11_62223771_63804569","region","h2","GWAS2",NA,3.05317607631951e-05,NA,NA,NA,NA,"Joint HESS uncertainty requires valid regional genetic and total residual parameters"
"chr11_6322869_7436701","region","h2","GWAS2",NA,7.65880228569178e-05,NA,NA,NA,NA,"Joint HESS uncertainty requires valid regional genetic and total residual parameters"
"chr11_63804569_65898631","region","h2","GWAS2",NA,0.000166761819110456,NA,NA,NA,NA,"Joint HESS uncertainty requires valid regional genetic and total residual parameters"
"chr11_65898631_68005825","region","h2","GWAS2",NA,8.90317814095229e-05,NA,NA,NA,NA,"Joint HESS uncertainty requires valid regional genetic and total residual parameters"
"chr11_68005825_69516130","region","h2","GWAS2",NA,1.62614252653604e-05,NA,NA,NA,NA,"Joint HESS uncertainty requires valid regional genetic and total residual parameters"
"chr11_69516130_70926292","region","h2","GWAS2",NA,-1.46609768961494e-06,NA,NA,NA,NA,"Joint HESS uncertainty requires valid regional genetic and total residual parameters"
"chr11_70855_1213590","region","h2","GWAS2",NA,-5.47387176560039e-05,NA,NA,NA,NA,"Joint HESS uncertainty requires valid regional genetic and total residual parameters"
"chr11_70926292_72286017","region","h2","GWAS2",NA,7.03298549142216e-05,NA,NA,NA,NA,"Joint HESS uncertainty requires valid regional genetic and total residual parameters"
"chr11_72286017_74412351","region","h2","GWAS2",NA,-8.24422239570023e-07,NA,NA,NA,NA,"Joint HESS uncertainty requires valid regional genetic and total residual parameters"
"chr11_7436701_8333274","region","h2","GWAS2",NA,-0.000112498477223226,NA,NA,NA,NA,"Joint HESS uncertainty requires valid regional genetic and total residual parameters"
"chr11_74412351_76797209","region","h2","GWAS2",NA,2.92487594635713e-05,NA,NA,NA,NA,"Joint HESS uncertainty requires valid regional genetic and total residual parameters"
"chr11_76797209_78355058","region","h2","GWAS2",NA,0.000105328112178774,NA,NA,NA,NA,"Joint HESS uncertainty requires valid regional genetic and total residual parameters"
"chr11_78355058_80722373","region","h2","GWAS2",NA,-0.000138180013772662,NA,NA,NA,NA,"Joint HESS uncertainty requires valid regional genetic and total residual parameters"
"chr11_80722373_81266712","region","h2","GWAS2",NA,3.4351447402359e-05,NA,NA,NA,NA,"Joint HESS uncertainty requires valid regional genetic and total residual parameters"
"chr11_81266712_84381272","region","h2","GWAS2",NA,2.01427383211269e-05,NA,NA,NA,NA,"Joint HESS uncertainty requires valid regional genetic and total residual parameters"
"chr11_8333274_9087317","region","h2","GWAS2",NA,0.00012506815541705,NA,NA,NA,NA,"Joint HESS uncertainty requires valid regional genetic and total residual parameters"
"chr11_84381272_86619301","region","h2","GWAS2",NA,-6.76950258946095e-05,NA,NA,NA,NA,"Joint HESS uncertainty requires valid regional genetic and total residual parameters"
"chr11_86619301_87430235","region","h2","GWAS2",NA,-5.11402988606152e-05,NA,NA,NA,NA,"Joint HESS uncertainty requires valid regional genetic and total residual parameters"
"chr11_87430235_89208936","region","h2","GWAS2",NA,0.000115033326253606,NA,NA,NA,NA,"Joint HESS uncertainty requires valid regional genetic and total residual parameters"
"chr11_89208936_90966490","region","h2","GWAS2",NA,1.02920330444873e-05,NA,NA,NA,NA,"Joint HESS uncertainty requires valid regional genetic and total residual parameters"
"chr11_9087317_10952027","region","h2","GWAS2",NA,0.0002170877558472,NA,NA,NA,NA,"Joint HESS uncertainty requires valid regional genetic and total residual parameters"
"chr11_90966490_92077144","region","h2","GWAS2",NA,4.4055664469446e-05,NA,NA,NA,NA,"Joint HESS uncertainty requires valid regional genetic and total residual parameters"
"chr11_92077144_93276157","region","h2","GWAS2",NA,-1.0852353128546e-05,NA,NA,NA,NA,"Joint HESS uncertainty requires valid regional genetic and total residual parameters"
"chr11_93276157_94242260","region","h2","GWAS2",NA,-3.68703877410448e-05,NA,NA,NA,NA,"Joint HESS uncertainty requires valid regional genetic and total residual parameters"
"chr11_94242260_95726041","region","h2","GWAS2",NA,-9.64762205620468e-05,NA,NA,NA,NA,"Joint HESS uncertainty requires valid regional genetic and total residual parameters"
"chr11_95726041_97057058","region","h2","GWAS2",NA,-5.93765147496138e-06,NA,NA,NA,NA,"Joint HESS uncertainty requires valid regional genetic and total residual parameters"
"chr11_97057058_98705065","region","h2","GWAS2",NA,-1.71388173637014e-05,NA,NA,NA,NA,"Joint HESS uncertainty requires valid regional genetic and total residual parameters"
"chr11_98705065_100417169","region","h2","GWAS2",NA,1.2339108137662e-05,NA,NA,NA,NA,"Joint HESS uncertainty requires valid regional genetic and total residual parameters"
"chr12_101447641_101862690","region","h2","GWAS2",NA,-4.422131126337e-05,NA,NA,NA,NA,"Joint HESS uncertainty requires valid regional genetic and total residual parameters"
"chr12_101862690_102964986","region","h2","GWAS2",NA,-4.42678222046408e-05,NA,NA,NA,NA,"Joint HESS uncertainty requires valid regional genetic and total residual parameters"
"chr12_102964986_104848696","region","h2","GWAS2",NA,-6.71166758932258e-06,NA,NA,NA,NA,"Joint HESS uncertainty requires valid regional genetic and total residual parameters"
"chr12_10481534_11754846","region","h2","GWAS2",NA,-2.8159359875867e-05,NA,NA,NA,NA,"Joint HESS uncertainty requires valid regional genetic and total residual parameters"
"chr12_104848696_106436213","region","h2","GWAS2",NA,-1.32440495378141e-05,NA,NA,NA,NA,"Joint HESS uncertainty requires valid regional genetic and total residual parameters"
"chr12_106436213_106958748","region","h2","GWAS2",NA,1.00543966784489e-05,NA,NA,NA,NA,"Joint HESS uncertainty requires valid regional genetic and total residual parameters"
"chr12_106958748_109025901","region","h2","GWAS2",NA,-6.48687252476752e-05,NA,NA,NA,NA,"Joint HESS uncertainty requires valid regional genetic and total residual parameters"
"chr12_1080331_2544786","region","h2","GWAS2",NA,0.000102518627137369,NA,NA,NA,NA,"Joint HESS uncertainty requires valid regional genetic and total residual parameters"
"chr12_109025901_110336719","region","h2","GWAS2",NA,-7.99934813912641e-06,NA,NA,NA,NA,"Joint HESS uncertainty requires valid regional genetic and total residual parameters"
"chr12_110336719_113263518","region","h2","GWAS2",NA,0.00021598796835503,NA,NA,NA,NA,"Joint HESS uncertainty requires valid regional genetic and total residual parameters"
"chr12_113263518_113986709","region","h2","GWAS2",NA,4.0004035902516e-05,NA,NA,NA,NA,"Joint HESS uncertainty requires valid regional genetic and total residual parameters"
"chr12_113986709_115036602","region","h2","GWAS2",NA,0.000115835689759951,NA,NA,NA,NA,"Joint HESS uncertainty requires valid regional genetic and total residual parameters"
"chr12_115036602_115503216","region","h2","GWAS2",NA,0.000124178946405774,NA,NA,NA,NA,"Joint HESS uncertainty requires valid regional genetic and total residual parameters"
"chr12_115503216_117087471","region","h2","GWAS2",NA,-8.8264441354755e-05,NA,NA,NA,NA,"Joint HESS uncertainty requires valid regional genetic and total residual parameters"
"chr12_117087471_118135375","region","h2","GWAS2",NA,-5.11299528066674e-05,NA,NA,NA,NA,"Joint HESS uncertainty requires valid regional genetic and total residual parameters"
"chr12_11754846_12733528","region","h2","GWAS2",NA,-0.000109953263063412,NA,NA,NA,NA,"Joint HESS uncertainty requires valid regional genetic and total residual parameters"
"chr12_118135375_119754110","region","h2","GWAS2",NA,-7.09992502039837e-05,NA,NA,NA,NA,"Joint HESS uncertainty requires valid regional genetic and total residual parameters"
"chr12_119754110_122007651","region","h2","GWAS2",NA,0.000118171109842059,NA,NA,NA,NA,"Joint HESS uncertainty requires valid regional genetic and total residual parameters"
"chr12_122007651_124977980","region","h2","GWAS2",NA,7.11027051003917e-05,NA,NA,NA,NA,"Joint HESS uncertainty requires valid regional genetic and total residual parameters"
"chr12_124977980_126445505","region","h2","GWAS2",NA,0.000106524618854795,NA,NA,NA,NA,"Joint HESS uncertainty requires valid regional genetic and total residual parameters"
"chr12_126445505_127875098","region","h2","GWAS2",NA,-8.0816141898068e-05,NA,NA,NA,NA,"Joint HESS uncertainty requires valid regional genetic and total residual parameters"
"chr12_12733528_15241484","region","h2","GWAS2",NA,-1.08860412428045e-05,NA,NA,NA,NA,"Joint HESS uncertainty requires valid regional genetic and total residual parameters"
"chr12_127875098_129237297","region","h2","GWAS2",NA,-0.000102523490501399,NA,NA,NA,NA,"Joint HESS uncertainty requires valid regional genetic and total residual parameters"
"chr12_129237297_130377921","region","h2","GWAS2",NA,-5.27922541168843e-05,NA,NA,NA,NA,"Joint HESS uncertainty requires valid regional genetic and total residual parameters"
"chr12_130377921_131786751","region","h2","GWAS2",NA,-4.80056517941695e-05,NA,NA,NA,NA,"Joint HESS uncertainty requires valid regional genetic and total residual parameters"
"chr12_131786751_132807034","region","h2","GWAS2",NA,-1.78389295497954e-05,NA,NA,NA,NA,"Joint HESS uncertainty requires valid regional genetic and total residual parameters"
"chr12_132807034_133841511","region","h2","GWAS2",NA,6.8893387004193e-05,NA,NA,NA,NA,"Joint HESS uncertainty requires valid regional genetic and total residual parameters"
"chr12_15241484_16310460","region","h2","GWAS2",NA,-3.7337654684533e-05,NA,NA,NA,NA,"Joint HESS uncertainty requires valid regional genetic and total residual parameters"
"chr12_16310460_18087873","region","h2","GWAS2",NA,-2.88761003552714e-05,NA,NA,NA,NA,"Joint HESS uncertainty requires valid regional genetic and total residual parameters"
"chr12_18087873_20863943","region","h2","GWAS2",NA,8.20649406458627e-05,NA,NA,NA,NA,"Joint HESS uncertainty requires valid regional genetic and total residual parameters"
"chr12_20863943_23820634","region","h2","GWAS2",NA,-6.84913009930592e-05,NA,NA,NA,NA,"Joint HESS uncertainty requires valid regional genetic and total residual parameters"
"chr12_23820634_25371083","region","h2","GWAS2",NA,-1.06422701586169e-05,NA,NA,NA,NA,"Joint HESS uncertainty requires valid regional genetic and total residual parameters"
"chr12_25371083_27799773","region","h2","GWAS2",NA,-3.23017319455812e-05,NA,NA,NA,NA,"Joint HESS uncertainty requires valid regional genetic and total residual parameters"
"chr12_2544786_3677037","region","h2","GWAS2",NA,1.2570187702283e-05,NA,NA,NA,NA,"Joint HESS uncertainty requires valid regional genetic and total residual parameters"
"chr12_27799773_29651255","region","h2","GWAS2",NA,-6.32793414332243e-05,NA,NA,NA,NA,"Joint HESS uncertainty requires valid regional genetic and total residual parameters"
"chr12_29651255_30512406","region","h2","GWAS2",NA,-6.30216013412237e-05,NA,NA,NA,NA,"Joint HESS uncertainty requires valid regional genetic and total residual parameters"
"chr12_30512406_32165592","region","h2","GWAS2",NA,-4.89007875512059e-06,NA,NA,NA,NA,"Joint HESS uncertainty requires valid regional genetic and total residual parameters"
"chr12_32165592_33076989","region","h2","GWAS2",NA,7.11555002058495e-06,NA,NA,NA,NA,"Joint HESS uncertainty requires valid regional genetic and total residual parameters"
"chr12_33076989_37856717","region","h2","GWAS2",NA,-7.04277628162425e-05,NA,NA,NA,NA,"Joint HESS uncertainty requires valid regional genetic and total residual parameters"
"chr12_3677037_4417679","region","h2","GWAS2",NA,-4.61580061300712e-05,NA,NA,NA,NA,"Joint HESS uncertainty requires valid regional genetic and total residual parameters"
"chr12_37856717_39227169","region","h2","GWAS2",NA,5.08993884141986e-05,NA,NA,NA,NA,"Joint HESS uncertainty requires valid regional genetic and total residual parameters"
"chr12_39227169_40816185","region","h2","GWAS2",NA,-1.10466092406003e-05,NA,NA,NA,NA,"Joint HESS uncertainty requires valid regional genetic and total residual parameters"
"chr12_40816185_41658586","region","h2","GWAS2",NA,-7.59556889587551e-05,NA,NA,NA,NA,"Joint HESS uncertainty requires valid regional genetic and total residual parameters"
"chr12_41658586_43984474","region","h2","GWAS2",NA,0.000104239954157693,NA,NA,NA,NA,"Joint HESS uncertainty requires valid regional genetic and total residual parameters"
"chr12_43984474_46024229","region","h2","GWAS2",NA,4.10533829318901e-06,NA,NA,NA,NA,"Joint HESS uncertainty requires valid regional genetic and total residual parameters"
"chr12_4417679_5321472","region","h2","GWAS2",NA,0.000119788058953421,NA,NA,NA,NA,"Joint HESS uncertainty requires valid regional genetic and total residual parameters"
"chr12_46024229_47714793","region","h2","GWAS2",NA,5.2813969645999e-05,NA,NA,NA,NA,"Joint HESS uncertainty requires valid regional genetic and total residual parameters"
"chr12_47714793_49001866","region","h2","GWAS2",NA,6.21646597934644e-05,NA,NA,NA,NA,"Joint HESS uncertainty requires valid regional genetic and total residual parameters"
"chr12_49001866_51776494","region","h2","GWAS2",NA,-4.47381956486211e-05,NA,NA,NA,NA,"Joint HESS uncertainty requires valid regional genetic and total residual parameters"
"chr12_51776494_53039004","region","h2","GWAS2",NA,-6.36268731931943e-05,NA,NA,NA,NA,"Joint HESS uncertainty requires valid regional genetic and total residual parameters"
"chr12_53039004_54778823","region","h2","GWAS2",NA,0.000198381371347842,NA,NA,NA,NA,"Joint HESS uncertainty requires valid regional genetic and total residual parameters"
"chr12_5321472_6419753","region","h2","GWAS2",NA,5.04524481724727e-05,NA,NA,NA,NA,"Joint HESS uncertainty requires valid regional genetic and total residual parameters"
"chr12_54778823_55665837","region","h2","GWAS2",NA,-7.96541344663024e-05,NA,NA,NA,NA,"Joint HESS uncertainty requires valid regional genetic and total residual parameters"
"chr12_55665837_57548860","region","h2","GWAS2",NA,0.000206407700114344,NA,NA,NA,NA,"Joint HESS uncertainty requires valid regional genetic and total residual parameters"
"chr12_57548860_59308666","region","h2","GWAS2",NA,-2.68373096078554e-05,NA,NA,NA,NA,"Joint HESS uncertainty requires valid regional genetic and total residual parameters"
"chr12_59308666_61123729","region","h2","GWAS2",NA,-3.29093845182037e-05,NA,NA,NA,NA,"Joint HESS uncertainty requires valid regional genetic and total residual parameters"
"chr12_61107_1080331","region","h2","GWAS2",NA,-3.6407292600397e-05,NA,NA,NA,NA,"Joint HESS uncertainty requires valid regional genetic and total residual parameters"
"chr12_61123729_64032461","region","h2","GWAS2",NA,6.70957461023938e-06,NA,NA,NA,NA,"Joint HESS uncertainty requires valid regional genetic and total residual parameters"
"chr12_64032461_65559695","region","h2","GWAS2",NA,6.28815983040318e-06,NA,NA,NA,NA,"Joint HESS uncertainty requires valid regional genetic and total residual parameters"
"chr12_6419753_8377536","region","h2","GWAS2",NA,-0.000102352224565324,NA,NA,NA,NA,"Joint HESS uncertainty requires valid regional genetic and total residual parameters"
"chr12_65559695_67181144","region","h2","GWAS2",NA,-2.4746298275347e-05,NA,NA,NA,NA,"Joint HESS uncertainty requires valid regional genetic and total residual parameters"
"chr12_67181144_67909729","region","h2","GWAS2",NA,-1.65196239908487e-05,NA,NA,NA,NA,"Joint HESS uncertainty requires valid regional genetic and total residual parameters"
"chr12_67909729_69826542","region","h2","GWAS2",NA,2.29833105090596e-05,NA,NA,NA,NA,"Joint HESS uncertainty requires valid regional genetic and total residual parameters"
"chr12_69826542_70957987","region","h2","GWAS2",NA,-7.13616145721027e-05,NA,NA,NA,NA,"Joint HESS uncertainty requires valid regional genetic and total residual parameters"
"chr12_70957987_72645075","region","h2","GWAS2",NA,-5.51418009060114e-06,NA,NA,NA,NA,"Joint HESS uncertainty requires valid regional genetic and total residual parameters"
"chr12_72645075_73818454","region","h2","GWAS2",NA,5.90030582132699e-05,NA,NA,NA,NA,"Joint HESS uncertainty requires valid regional genetic and total residual parameters"
"chr12_73818454_76511314","region","h2","GWAS2",NA,-2.00115077352845e-05,NA,NA,NA,NA,"Joint HESS uncertainty requires valid regional genetic and total residual parameters"
"chr12_76511314_78570570","region","h2","GWAS2",NA,6.65285998288634e-05,NA,NA,NA,NA,"Joint HESS uncertainty requires valid regional genetic and total residual parameters"
"chr12_78570570_80448150","region","h2","GWAS2",NA,1.99784070785172e-06,NA,NA,NA,NA,"Joint HESS uncertainty requires valid regional genetic and total residual parameters"
"chr12_80448150_81467767","region","h2","GWAS2",NA,-6.47826923467897e-05,NA,NA,NA,NA,"Joint HESS uncertainty requires valid regional genetic and total residual parameters"
"chr12_81467767_83502666","region","h2","GWAS2",NA,3.73533064389259e-05,NA,NA,NA,NA,"Joint HESS uncertainty requires valid regional genetic and total residual parameters"
"chr12_83502666_84303844","region","h2","GWAS2",NA,-6.57678549698368e-06,NA,NA,NA,NA,"Joint HESS uncertainty requires valid regional genetic and total residual parameters"
"chr12_84303844_85990426","region","h2","GWAS2",NA,-7.24805587921347e-07,NA,NA,NA,NA,"Joint HESS uncertainty requires valid regional genetic and total residual parameters"
"chr12_85990426_89682122","region","h2","GWAS2",NA,1.83485421156656e-05,NA,NA,NA,NA,"Joint HESS uncertainty requires valid regional genetic and total residual parameters"
"chr12_89682122_92066155","region","h2","GWAS2",NA,0.000138868063853483,NA,NA,NA,NA,"Joint HESS uncertainty requires valid regional genetic and total residual parameters"
"chr12_9031395_10481534","region","h2","GWAS2",NA,-2.9432649510056e-05,NA,NA,NA,NA,"Joint HESS uncertainty requires valid regional genetic and total residual parameters"
"chr12_92066155_94514567","region","h2","GWAS2",NA,-8.4236019265432e-05,NA,NA,NA,NA,"Joint HESS uncertainty requires valid regional genetic and total residual parameters"
"chr12_94514567_96020785","region","h2","GWAS2",NA,6.44732472327277e-05,NA,NA,NA,NA,"Joint HESS uncertainty requires valid regional genetic and total residual parameters"
"chr12_96020785_97108839","region","h2","GWAS2",NA,1.71959591323267e-05,NA,NA,NA,NA,"Joint HESS uncertainty requires valid regional genetic and total residual parameters"
"chr12_97108839_99305987","region","h2","GWAS2",NA,-5.51749470790484e-05,NA,NA,NA,NA,"Joint HESS uncertainty requires valid regional genetic and total residual parameters"
"chr12_99305987_101447641","region","h2","GWAS2",NA,-7.28350864516631e-05,NA,NA,NA,NA,"Joint HESS uncertainty requires valid regional genetic and total residual parameters"
"chr13_100574095_102300523","region","h2","GWAS2",NA,-1.63692497844572e-05,NA,NA,NA,NA,"Joint HESS uncertainty requires valid regional genetic and total residual parameters"
"chr13_102300523_104066710","region","h2","GWAS2",NA,5.220572795902e-05,NA,NA,NA,NA,"Joint HESS uncertainty requires valid regional genetic and total residual parameters"
"chr13_104066710_104844114","region","h2","GWAS2",NA,-8.24990537045761e-05,NA,NA,NA,NA,"Joint HESS uncertainty requires valid regional genetic and total residual parameters"
"chr13_104844114_106247554","region","h2","GWAS2",NA,-5.9856673650469e-05,NA,NA,NA,NA,"Joint HESS uncertainty requires valid regional genetic and total residual parameters"
"chr13_106247554_106750000","region","h2","GWAS2",NA,6.56508104315918e-05,NA,NA,NA,NA,"Joint HESS uncertainty requires valid regional genetic and total residual parameters"
"chr13_106750000_108189877","region","h2","GWAS2",NA,-3.63176089787397e-05,NA,NA,NA,NA,"Joint HESS uncertainty requires valid regional genetic and total residual parameters"
"chr13_108189877_109121210","region","h2","GWAS2",NA,-3.54209204052212e-05,NA,NA,NA,NA,"Joint HESS uncertainty requires valid regional genetic and total residual parameters"
"chr13_109121210_109815112","region","h2","GWAS2",NA,-6.93490985139546e-05,NA,NA,NA,NA,"Joint HESS uncertainty requires valid regional genetic and total residual parameters"
"chr13_109815112_111232073","region","h2","GWAS2",NA,0.000402646143230834,NA,NA,NA,NA,"Joint HESS uncertainty requires valid regional genetic and total residual parameters"
"chr13_111232073_112247592","region","h2","GWAS2",NA,0.000149136945068589,NA,NA,NA,NA,"Joint HESS uncertainty requires valid regional genetic and total residual parameters"
"chr13_112247592_113572488","region","h2","GWAS2",NA,-8.8103935139864e-05,NA,NA,NA,NA,"Joint HESS uncertainty requires valid regional genetic and total residual parameters"
"chr13_113572488_115109853","region","h2","GWAS2",NA,7.64971101224311e-06,NA,NA,NA,NA,"Joint HESS uncertainty requires valid regional genetic and total residual parameters"
"chr13_19020013_20686720","region","h2","GWAS2",NA,-0.000100033245949041,NA,NA,NA,NA,"Joint HESS uncertainty requires valid regional genetic and total residual parameters"
"chr13_20686720_22242174","region","h2","GWAS2",NA,-4.38534307768097e-05,NA,NA,NA,NA,"Joint HESS uncertainty requires valid regional genetic and total residual parameters"
"chr13_22242174_23594702","region","h2","GWAS2",NA,-5.58689596648861e-05,NA,NA,NA,NA,"Joint HESS uncertainty requires valid regional genetic and total residual parameters"
"chr13_23594702_24531937","region","h2","GWAS2",NA,7.76023578695626e-05,NA,NA,NA,NA,"Joint HESS uncertainty requires valid regional genetic and total residual parameters"
"chr13_24531937_25784362","region","h2","GWAS2",NA,-8.70919200897281e-05,NA,NA,NA,NA,"Joint HESS uncertainty requires valid regional genetic and total residual parameters"
"chr13_25784362_27284362","region","h2","GWAS2",NA,-4.77156247046987e-05,NA,NA,NA,NA,"Joint HESS uncertainty requires valid regional genetic and total residual parameters"
"chr13_27284362_29257551","region","h2","GWAS2",NA,-4.20456251140875e-06,NA,NA,NA,NA,"Joint HESS uncertainty requires valid regional genetic and total residual parameters"
"chr13_29257551_30483267","region","h2","GWAS2",NA,6.15361018182022e-05,NA,NA,NA,NA,"Joint HESS uncertainty requires valid regional genetic and total residual parameters"
"chr13_30483267_32301815","region","h2","GWAS2",NA,-2.97732923537723e-05,NA,NA,NA,NA,"Joint HESS uncertainty requires valid regional genetic and total residual parameters"
"chr13_32301815_33776903","region","h2","GWAS2",NA,6.02030228714124e-05,NA,NA,NA,NA,"Joint HESS uncertainty requires valid regional genetic and total residual parameters"
"chr13_33776903_35026464","region","h2","GWAS2",NA,8.40732379154008e-05,NA,NA,NA,NA,"Joint HESS uncertainty requires valid regional genetic and total residual parameters"
"chr13_35026464_36046367","region","h2","GWAS2",NA,1.35501757481063e-05,NA,NA,NA,NA,"Joint HESS uncertainty requires valid regional genetic and total residual parameters"
"chr13_36046367_37498185","region","h2","GWAS2",NA,4.66515520895264e-06,NA,NA,NA,NA,"Joint HESS uncertainty requires valid regional genetic and total residual parameters"
"chr13_37498185_38878163","region","h2","GWAS2",NA,4.59854250010263e-05,NA,NA,NA,NA,"Joint HESS uncertainty requires valid regional genetic and total residual parameters"
"chr13_38878163_41069263","region","h2","GWAS2",NA,-3.72076613495662e-05,NA,NA,NA,NA,"Joint HESS uncertainty requires valid regional genetic and total residual parameters"
"chr13_41069263_43101027","region","h2","GWAS2",NA,7.74825157655593e-05,NA,NA,NA,NA,"Joint HESS uncertainty requires valid regional genetic and total residual parameters"
"chr13_43101027_44901409","region","h2","GWAS2",NA,-7.78839503092944e-05,NA,NA,NA,NA,"Joint HESS uncertainty requires valid regional genetic and total residual parameters"
"chr13_44901409_46495214","region","h2","GWAS2",NA,-6.00351010999518e-05,NA,NA,NA,NA,"Joint HESS uncertainty requires valid regional genetic and total residual parameters"
"chr13_46495214_47431079","region","h2","GWAS2",NA,-5.53335727029735e-05,NA,NA,NA,NA,"Joint HESS uncertainty requires valid regional genetic and total residual parameters"
"chr13_47431079_49383962","region","h2","GWAS2",NA,-2.90141206911299e-05,NA,NA,NA,NA,"Joint HESS uncertainty requires valid regional genetic and total residual parameters"
"chr13_49383962_51591091","region","h2","GWAS2",NA,0.000109418118904883,NA,NA,NA,NA,"Joint HESS uncertainty requires valid regional genetic and total residual parameters"
"chr13_51591091_53339622","region","h2","GWAS2",NA,-5.98372584396617e-06,NA,NA,NA,NA,"Joint HESS uncertainty requires valid regional genetic and total residual parameters"
"chr13_53339622_54682864","region","h2","GWAS2",NA,3.19887551470276e-05,NA,NA,NA,NA,"Joint HESS uncertainty requires valid regional genetic and total residual parameters"
"chr13_54682864_55817131","region","h2","GWAS2",NA,-3.51803600076888e-05,NA,NA,NA,NA,"Joint HESS uncertainty requires valid regional genetic and total residual parameters"
"chr13_55817131_57554217","region","h2","GWAS2",NA,-9.19303346118647e-05,NA,NA,NA,NA,"Joint HESS uncertainty requires valid regional genetic and total residual parameters"
"chr13_57554217_58410626","region","h2","GWAS2",NA,6.4763621617196e-05,NA,NA,NA,NA,"Joint HESS uncertainty requires valid regional genetic and total residual parameters"
"chr13_58410626_59302271","region","h2","GWAS2",NA,-2.09430780391689e-05,NA,NA,NA,NA,"Joint HESS uncertainty requires valid regional genetic and total residual parameters"
"chr13_59302271_60854778","region","h2","GWAS2",NA,-1.64416197997411e-05,NA,NA,NA,NA,"Joint HESS uncertainty requires valid regional genetic and total residual parameters"
"chr13_60854778_61591949","region","h2","GWAS2",NA,7.05305003171737e-06,NA,NA,NA,NA,"Joint HESS uncertainty requires valid regional genetic and total residual parameters"
"chr13_61591949_63971559","region","h2","GWAS2",NA,-4.13951034642791e-05,NA,NA,NA,NA,"Joint HESS uncertainty requires valid regional genetic and total residual parameters"
"chr13_63971559_65200602","region","h2","GWAS2",NA,-9.03670866667254e-05,NA,NA,NA,NA,"Joint HESS uncertainty requires valid regional genetic and total residual parameters"
"chr13_65200602_67844453","region","h2","GWAS2",NA,-0.000130720891155045,NA,NA,NA,NA,"Joint HESS uncertainty requires valid regional genetic and total residual parameters"
"chr13_67844453_70724516","region","h2","GWAS2",NA,6.6767289089734e-06,NA,NA,NA,NA,"Joint HESS uncertainty requires valid regional genetic and total residual parameters"
"chr13_70724516_71526791","region","h2","GWAS2",NA,-8.27058898655013e-05,NA,NA,NA,NA,"Joint HESS uncertainty requires valid regional genetic and total residual parameters"
"chr13_71526791_73934089","region","h2","GWAS2",NA,-5.65798839142338e-05,NA,NA,NA,NA,"Joint HESS uncertainty requires valid regional genetic and total residual parameters"
"chr13_73934089_75670143","region","h2","GWAS2",NA,5.8910323214132e-05,NA,NA,NA,NA,"Joint HESS uncertainty requires valid regional genetic and total residual parameters"
"chr13_75670143_77410555","region","h2","GWAS2",NA,5.78325969922576e-05,NA,NA,NA,NA,"Joint HESS uncertainty requires valid regional genetic and total residual parameters"
"chr13_77410555_78808813","region","h2","GWAS2",NA,0.000176963910026248,NA,NA,NA,NA,"Joint HESS uncertainty requires valid regional genetic and total residual parameters"
"chr13_78808813_80585676","region","h2","GWAS2",NA,3.18078916574423e-05,NA,NA,NA,NA,"Joint HESS uncertainty requires valid regional genetic and total residual parameters"
"chr13_80585676_82581814","region","h2","GWAS2",NA,-4.0119342873317e-05,NA,NA,NA,NA,"Joint HESS uncertainty requires valid regional genetic and total residual parameters"
"chr13_82581814_84133144","region","h2","GWAS2",NA,-9.26145912808034e-05,NA,NA,NA,NA,"Joint HESS uncertainty requires valid regional genetic and total residual parameters"
"chr13_84133144_85610916","region","h2","GWAS2",NA,-7.02915207033587e-05,NA,NA,NA,NA,"Joint HESS uncertainty requires valid regional genetic and total residual parameters"
"chr13_85610916_88559882","region","h2","GWAS2",NA,-4.00891086378461e-05,NA,NA,NA,NA,"Joint HESS uncertainty requires valid regional genetic and total residual parameters"
"chr13_88559882_90521311","region","h2","GWAS2",NA,-6.20754660733625e-05,NA,NA,NA,NA,"Joint HESS uncertainty requires valid regional genetic and total residual parameters"
"chr13_90521311_93129691","region","h2","GWAS2",NA,-4.04143809616921e-05,NA,NA,NA,NA,"Joint HESS uncertainty requires valid regional genetic and total residual parameters"
"chr13_93129691_93586455","region","h2","GWAS2",NA,-3.94916437017814e-06,NA,NA,NA,NA,"Joint HESS uncertainty requires valid regional genetic and total residual parameters"
"chr13_93586455_96087558","region","h2","GWAS2",NA,-5.73008617464035e-05,NA,NA,NA,NA,"Joint HESS uncertainty requires valid regional genetic and total residual parameters"
"chr13_96087558_97519210","region","h2","GWAS2",NA,9.57103683763148e-06,NA,NA,NA,NA,"Joint HESS uncertainty requires valid regional genetic and total residual parameters"
"chr13_97519210_98938919","region","h2","GWAS2",NA,-7.0322414412425e-05,NA,NA,NA,NA,"Joint HESS uncertainty requires valid regional genetic and total residual parameters"
"chr13_98938919_100574095","region","h2","GWAS2",NA,2.44861015569956e-05,NA,NA,NA,NA,"Joint HESS uncertainty requires valid regional genetic and total residual parameters"
"chr14_101534307_103012102","region","h2","GWAS2",NA,-7.91345410707893e-05,NA,NA,NA,NA,"Joint HESS uncertainty requires valid regional genetic and total residual parameters"
"chr14_103012102_105001723","region","h2","GWAS2",NA,0.000100451080386723,NA,NA,NA,NA,"Joint HESS uncertainty requires valid regional genetic and total residual parameters"
"chr14_105001723_106340358","region","h2","GWAS2",NA,-5.93311365709241e-06,NA,NA,NA,NA,"Joint HESS uncertainty requires valid regional genetic and total residual parameters"
"chr14_106340358_107289454","region","h2","GWAS2",NA,-7.79476164473242e-07,NA,NA,NA,NA,"Joint HESS uncertainty requires valid regional genetic and total residual parameters"
"chr14_19002084_21589402","region","h2","GWAS2",NA,-9.08805082999785e-05,NA,NA,NA,NA,"Joint HESS uncertainty requires valid regional genetic and total residual parameters"
"chr14_21589402_23018665","region","h2","GWAS2",NA,5.25230775020591e-05,NA,NA,NA,NA,"Joint HESS uncertainty requires valid regional genetic and total residual parameters"
"chr14_23018665_24905123","region","h2","GWAS2",NA,2.54209988139646e-05,NA,NA,NA,NA,"Joint HESS uncertainty requires valid regional genetic and total residual parameters"
"chr14_24905123_26135686","region","h2","GWAS2",NA,-5.30957604685723e-05,NA,NA,NA,NA,"Joint HESS uncertainty requires valid regional genetic and total residual parameters"
"chr14_26135686_28466533","region","h2","GWAS2",NA,-7.5434251697129e-05,NA,NA,NA,NA,"Joint HESS uncertainty requires valid regional genetic and total residual parameters"
"chr14_28466533_29972145","region","h2","GWAS2",NA,5.8932951924597e-05,NA,NA,NA,NA,"Joint HESS uncertainty requires valid regional genetic and total residual parameters"
"chr14_29972145_32383265","region","h2","GWAS2",NA,-5.91688050690833e-05,NA,NA,NA,NA,"Joint HESS uncertainty requires valid regional genetic and total residual parameters"
"chr14_32383265_34846251","region","h2","GWAS2",NA,-0.00010809266199672,NA,NA,NA,NA,"Joint HESS uncertainty requires valid regional genetic and total residual parameters"
"chr14_34846251_35859593","region","h2","GWAS2",NA,4.49537361000258e-05,NA,NA,NA,NA,"Joint HESS uncertainty requires valid regional genetic and total residual parameters"
"chr14_35859593_38667725","region","h2","GWAS2",NA,3.71399152178296e-06,NA,NA,NA,NA,"Joint HESS uncertainty requires valid regional genetic and total residual parameters"
"chr14_38667725_40341990","region","h2","GWAS2",NA,-5.51764089379867e-05,NA,NA,NA,NA,"Joint HESS uncertainty requires valid regional genetic and total residual parameters"
"chr14_40341990_41615502","region","h2","GWAS2",NA,-2.99230638800074e-05,NA,NA,NA,NA,"Joint HESS uncertainty requires valid regional genetic and total residual parameters"
"chr14_41615502_43137389","region","h2","GWAS2",NA,-3.25558908492029e-07,NA,NA,NA,NA,"Joint HESS uncertainty requires valid regional genetic and total residual parameters"
"chr14_43137389_44543227","region","h2","GWAS2",NA,5.06123982179235e-05,NA,NA,NA,NA,"Joint HESS uncertainty requires valid regional genetic and total residual parameters"
"chr14_44543227_46081896","region","h2","GWAS2",NA,-1.92063162536502e-05,NA,NA,NA,NA,"Joint HESS uncertainty requires valid regional genetic and total residual parameters"
"chr14_46081896_46749130","region","h2","GWAS2",NA,-3.53407593914649e-05,NA,NA,NA,NA,"Joint HESS uncertainty requires valid regional genetic and total residual parameters"
"chr14_46749130_48573586","region","h2","GWAS2",NA,-0.000118776213874781,NA,NA,NA,NA,"Joint HESS uncertainty requires valid regional genetic and total residual parameters"
"chr14_48573586_49005471","region","h2","GWAS2",NA,1.08357516257179e-05,NA,NA,NA,NA,"Joint HESS uncertainty requires valid regional genetic and total residual parameters"
"chr14_49005471_50507760","region","h2","GWAS2",NA,-5.8585104271284e-05,NA,NA,NA,NA,"Joint HESS uncertainty requires valid regional genetic and total residual parameters"
"chr14_50507760_51493572","region","h2","GWAS2",NA,-6.16498086942068e-05,NA,NA,NA,NA,"Joint HESS uncertainty requires valid regional genetic and total residual parameters"
"chr14_51493572_53474383","region","h2","GWAS2",NA,-4.25038225020259e-05,NA,NA,NA,NA,"Joint HESS uncertainty requires valid regional genetic and total residual parameters"
"chr14_53474383_53997831","region","h2","GWAS2",NA,1.29942497437267e-05,NA,NA,NA,NA,"Joint HESS uncertainty requires valid regional genetic and total residual parameters"
"chr14_53997831_55233681","region","h2","GWAS2",NA,-7.17753363273059e-05,NA,NA,NA,NA,"Joint HESS uncertainty requires valid regional genetic and total residual parameters"
"chr14_55233681_56216880","region","h2","GWAS2",NA,0.000104012368467687,NA,NA,NA,NA,"Joint HESS uncertainty requires valid regional genetic and total residual parameters"
"chr14_56216880_57481262","region","h2","GWAS2",NA,-7.94091947317354e-06,NA,NA,NA,NA,"Joint HESS uncertainty requires valid regional genetic and total residual parameters"
"chr14_57481262_59448336","region","h2","GWAS2",NA,6.10161798304488e-05,NA,NA,NA,NA,"Joint HESS uncertainty requires valid regional genetic and total residual parameters"
"chr14_59448336_61680424","region","h2","GWAS2",NA,3.85262034306886e-06,NA,NA,NA,NA,"Joint HESS uncertainty requires valid regional genetic and total residual parameters"
"chr14_61680424_63790015","region","h2","GWAS2",NA,-0.000103981360752067,NA,NA,NA,NA,"Joint HESS uncertainty requires valid regional genetic and total residual parameters"
"chr14_63790015_65220298","region","h2","GWAS2",NA,6.17698179366097e-06,NA,NA,NA,NA,"Joint HESS uncertainty requires valid regional genetic and total residual parameters"
"chr14_65220298_66399555","region","h2","GWAS2",NA,-2.62471564502208e-05,NA,NA,NA,NA,"Joint HESS uncertainty requires valid regional genetic and total residual parameters"
"chr14_66399555_67992317","region","h2","GWAS2",NA,-8.3602727099267e-05,NA,NA,NA,NA,"Joint HESS uncertainty requires valid regional genetic and total residual parameters"
"chr14_67992317_71131957","region","h2","GWAS2",NA,-7.28503722898398e-06,NA,NA,NA,NA,"Joint HESS uncertainty requires valid regional genetic and total residual parameters"
"chr14_71131957_72889615","region","h2","GWAS2",NA,-6.71631608529666e-05,NA,NA,NA,NA,"Joint HESS uncertainty requires valid regional genetic and total residual parameters"
"chr14_72889615_76444767","region","h2","GWAS2",NA,0.000101483710766003,NA,NA,NA,NA,"Joint HESS uncertainty requires valid regional genetic and total residual parameters"
"chr14_76444767_77229472","region","h2","GWAS2",NA,-1.31169571683503e-05,NA,NA,NA,NA,"Joint HESS uncertainty requires valid regional genetic and total residual parameters"
"chr14_77229472_78561945","region","h2","GWAS2",NA,-7.41267991313137e-05,NA,NA,NA,NA,"Joint HESS uncertainty requires valid regional genetic and total residual parameters"
"chr14_78561945_80186579","region","h2","GWAS2",NA,-6.41375040375712e-05,NA,NA,NA,NA,"Joint HESS uncertainty requires valid regional genetic and total residual parameters"
"chr14_80186579_81579714","region","h2","GWAS2",NA,-2.72284114467286e-05,NA,NA,NA,NA,"Joint HESS uncertainty requires valid regional genetic and total residual parameters"
"chr14_81579714_83138097","region","h2","GWAS2",NA,1.79582843109802e-05,NA,NA,NA,NA,"Joint HESS uncertainty requires valid regional genetic and total residual parameters"
"chr14_83138097_84241633","region","h2","GWAS2",NA,-5.38020011049778e-05,NA,NA,NA,NA,"Joint HESS uncertainty requires valid regional genetic and total residual parameters"
"chr14_84241633_85746319","region","h2","GWAS2",NA,-5.21244757273088e-05,NA,NA,NA,NA,"Joint HESS uncertainty requires valid regional genetic and total residual parameters"
"chr14_85746319_86647002","region","h2","GWAS2",NA,-2.1248535408523e-05,NA,NA,NA,NA,"Joint HESS uncertainty requires valid regional genetic and total residual parameters"
"chr14_86647002_87635341","region","h2","GWAS2",NA,5.42839455611408e-05,NA,NA,NA,NA,"Joint HESS uncertainty requires valid regional genetic and total residual parameters"
"chr14_87635341_89497643","region","h2","GWAS2",NA,-1.95727478117593e-05,NA,NA,NA,NA,"Joint HESS uncertainty requires valid regional genetic and total residual parameters"
"chr14_89497643_91296860","region","h2","GWAS2",NA,-3.21149808411799e-05,NA,NA,NA,NA,"Joint HESS uncertainty requires valid regional genetic and total residual parameters"
"chr14_91296860_93132299","region","h2","GWAS2",NA,3.37508298056796e-05,NA,NA,NA,NA,"Joint HESS uncertainty requires valid regional genetic and total residual parameters"
"chr14_93132299_94325285","region","h2","GWAS2",NA,5.48176320018811e-05,NA,NA,NA,NA,"Joint HESS uncertainty requires valid regional genetic and total residual parameters"
"chr14_94325285_95750867","region","h2","GWAS2",NA,-3.48495011017219e-05,NA,NA,NA,NA,"Joint HESS uncertainty requires valid regional genetic and total residual parameters"
"chr14_95750867_96262415","region","h2","GWAS2",NA,-8.34122003670595e-05,NA,NA,NA,NA,"Joint HESS uncertainty requires valid regional genetic and total residual parameters"
"chr14_96262415_98341162","region","h2","GWAS2",NA,-5.04631664035703e-05,NA,NA,NA,NA,"Joint HESS uncertainty requires valid regional genetic and total residual parameters"
"chr14_98341162_99138532","region","h2","GWAS2",NA,1.35696752350959e-05,NA,NA,NA,NA,"Joint HESS uncertainty requires valid regional genetic and total residual parameters"
"chr14_99138532_101534307","region","h2","GWAS2",NA,9.77501619839335e-05,NA,NA,NA,NA,"Joint HESS uncertainty requires valid regional genetic and total residual parameters"
"chr15_100636847_101552694","region","h2","GWAS2",NA,8.06972064993138e-05,NA,NA,NA,NA,"Joint HESS uncertainty requires valid regional genetic and total residual parameters"
"chr15_101552694_102520966","region","h2","GWAS2",NA,-5.73642443845582e-05,NA,NA,NA,NA,"Joint HESS uncertainty requires valid regional genetic and total residual parameters"
"chr15_20001200_21131604","region","h2","GWAS2",NA,-1.79282417643448e-05,NA,NA,NA,NA,"Joint HESS uncertainty requires valid regional genetic and total residual parameters"
"chr15_21131604_24195127","region","h2","GWAS2",NA,-7.07707914996916e-05,NA,NA,NA,NA,"Joint HESS uncertainty requires valid regional genetic and total residual parameters"
"chr15_24195127_25108590","region","h2","GWAS2",NA,-0.000114369635652066,NA,NA,NA,NA,"Joint HESS uncertainty requires valid regional genetic and total residual parameters"
"chr15_25108590_27298112","region","h2","GWAS2",NA,-4.18279065303287e-05,NA,NA,NA,NA,"Joint HESS uncertainty requires valid regional genetic and total residual parameters"
"chr15_27298112_29338502","region","h2","GWAS2",NA,-8.6574200386341e-05,NA,NA,NA,NA,"Joint HESS uncertainty requires valid regional genetic and total residual parameters"
"chr15_29338502_30165568","region","h2","GWAS2",NA,-3.5804909495181e-05,NA,NA,NA,NA,"Joint HESS uncertainty requires valid regional genetic and total residual parameters"
"chr15_30165568_31591821","region","h2","GWAS2",NA,-1.19503829073997e-05,NA,NA,NA,NA,"Joint HESS uncertainty requires valid regional genetic and total residual parameters"
"chr15_31591821_32441811","region","h2","GWAS2",NA,-5.99405941045768e-05,NA,NA,NA,NA,"Joint HESS uncertainty requires valid regional genetic and total residual parameters"
"chr15_32441811_34015425","region","h2","GWAS2",NA,-0.000126875303878253,NA,NA,NA,NA,"Joint HESS uncertainty requires valid regional genetic and total residual parameters"
"chr15_34015425_35083251","region","h2","GWAS2",NA,-6.67534264295773e-05,NA,NA,NA,NA,"Joint HESS uncertainty requires valid regional genetic and total residual parameters"
"chr15_35083251_37456502","region","h2","GWAS2",NA,-7.52172021875382e-05,NA,NA,NA,NA,"Joint HESS uncertainty requires valid regional genetic and total residual parameters"
"chr15_37456502_38530777","region","h2","GWAS2",NA,5.03369594933607e-05,NA,NA,NA,NA,"Joint HESS uncertainty requires valid regional genetic and total residual parameters"
"chr15_38530777_40384132","region","h2","GWAS2",NA,-7.01123788114161e-05,NA,NA,NA,NA,"Joint HESS uncertainty requires valid regional genetic and total residual parameters"
"chr15_40384132_41177514","region","h2","GWAS2",NA,-2.97933344983929e-05,NA,NA,NA,NA,"Joint HESS uncertainty requires valid regional genetic and total residual parameters"
"chr15_41177514_42776399","region","h2","GWAS2",NA,0.000149131707690852,NA,NA,NA,NA,"Joint HESS uncertainty requires valid regional genetic and total residual parameters"
"chr15_42776399_44198049","region","h2","GWAS2",NA,-2.78140563486491e-06,NA,NA,NA,NA,"Joint HESS uncertainty requires valid regional genetic and total residual parameters"
"chr15_44198049_46618787","region","h2","GWAS2",NA,-1.99254907034488e-05,NA,NA,NA,NA,"Joint HESS uncertainty requires valid regional genetic and total residual parameters"
"chr15_46618787_48136048","region","h2","GWAS2",NA,7.15670973111382e-06,NA,NA,NA,NA,"Joint HESS uncertainty requires valid regional genetic and total residual parameters"
"chr15_48136048_50008043","region","h2","GWAS2",NA,-4.51133799013074e-05,NA,NA,NA,NA,"Joint HESS uncertainty requires valid regional genetic and total residual parameters"
"chr15_50008043_51677560","region","h2","GWAS2",NA,7.08888031472688e-06,NA,NA,NA,NA,"Joint HESS uncertainty requires valid regional genetic and total residual parameters"
"chr15_51677560_53069096","region","h2","GWAS2",NA,-2.4794447861502e-05,NA,NA,NA,NA,"Joint HESS uncertainty requires valid regional genetic and total residual parameters"
"chr15_53069096_54508528","region","h2","GWAS2",NA,-7.61229229779086e-05,NA,NA,NA,NA,"Joint HESS uncertainty requires valid regional genetic and total residual parameters"
"chr15_54508528_55136269","region","h2","GWAS2",NA,-7.58970515458878e-05,NA,NA,NA,NA,"Joint HESS uncertainty requires valid regional genetic and total residual parameters"
"chr15_55136269_56901773","region","h2","GWAS2",NA,5.57891339623526e-05,NA,NA,NA,NA,"Joint HESS uncertainty requires valid regional genetic and total residual parameters"
"chr15_56901773_58441366","region","h2","GWAS2",NA,2.51078440666492e-05,NA,NA,NA,NA,"Joint HESS uncertainty requires valid regional genetic and total residual parameters"
"chr15_58441366_59694116","region","h2","GWAS2",NA,3.96715198733797e-08,NA,NA,NA,NA,"Joint HESS uncertainty requires valid regional genetic and total residual parameters"
"chr15_59694116_61265836","region","h2","GWAS2",NA,1.21878959522354e-05,NA,NA,NA,NA,"Joint HESS uncertainty requires valid regional genetic and total residual parameters"
"chr15_61265836_63215222","region","h2","GWAS2",NA,-2.55826043875875e-05,NA,NA,NA,NA,"Joint HESS uncertainty requires valid regional genetic and total residual parameters"
"chr15_63215222_65104668","region","h2","GWAS2",NA,-8.92096832634327e-05,NA,NA,NA,NA,"Joint HESS uncertainty requires valid regional genetic and total residual parameters"
"chr15_65104668_67094767","region","h2","GWAS2",NA,4.36381095540622e-05,NA,NA,NA,NA,"Joint HESS uncertainty requires valid regional genetic and total residual parameters"
"chr15_67094767_69017999","region","h2","GWAS2",NA,0.000133719142639262,NA,NA,NA,NA,"Joint HESS uncertainty requires valid regional genetic and total residual parameters"
"chr15_69017999_70133341","region","h2","GWAS2",NA,4.34645814869508e-05,NA,NA,NA,NA,"Joint HESS uncertainty requires valid regional genetic and total residual parameters"
"chr15_70133341_71922649","region","h2","GWAS2",NA,-3.41069493013343e-05,NA,NA,NA,NA,"Joint HESS uncertainty requires valid regional genetic and total residual parameters"
"chr15_71922649_73628714","region","h2","GWAS2",NA,0.000150845961033194,NA,NA,NA,NA,"Joint HESS uncertainty requires valid regional genetic and total residual parameters"
"chr15_73628714_76398624","region","h2","GWAS2",NA,-1.23760924569222e-05,NA,NA,NA,NA,"Joint HESS uncertainty requires valid regional genetic and total residual parameters"
"chr15_76398624_78516053","region","h2","GWAS2",NA,9.86695029850979e-05,NA,NA,NA,NA,"Joint HESS uncertainty requires valid regional genetic and total residual parameters"
"chr15_78516053_80860978","region","h2","GWAS2",NA,0.000367347473603733,NA,NA,NA,NA,"Joint HESS uncertainty requires valid regional genetic and total residual parameters"
"chr15_80860978_84260468","region","h2","GWAS2",NA,1.8225652837364e-07,NA,NA,NA,NA,"Joint HESS uncertainty requires valid regional genetic and total residual parameters"
"chr15_84260468_86652905","region","h2","GWAS2",NA,-1.24719985994878e-05,NA,NA,NA,NA,"Joint HESS uncertainty requires valid regional genetic and total residual parameters"
"chr15_86652905_88369943","region","h2","GWAS2",NA,-3.49106518273118e-05,NA,NA,NA,NA,"Joint HESS uncertainty requires valid regional genetic and total residual parameters"
"chr15_88369943_90475551","region","h2","GWAS2",NA,9.38113200298576e-05,NA,NA,NA,NA,"Joint HESS uncertainty requires valid regional genetic and total residual parameters"
"chr15_90475551_92164392","region","h2","GWAS2",NA,8.13896561597233e-05,NA,NA,NA,NA,"Joint HESS uncertainty requires valid regional genetic and total residual parameters"
"chr15_92164392_93780902","region","h2","GWAS2",NA,-5.95802437488117e-05,NA,NA,NA,NA,"Joint HESS uncertainty requires valid regional genetic and total residual parameters"
"chr15_93780902_94924330","region","h2","GWAS2",NA,-1.26828799216652e-06,NA,NA,NA,NA,"Joint HESS uncertainty requires valid regional genetic and total residual parameters"
"chr15_94924330_96141596","region","h2","GWAS2",NA,4.5581357035386e-05,NA,NA,NA,NA,"Joint HESS uncertainty requires valid regional genetic and total residual parameters"
"chr15_96141596_98030910","region","h2","GWAS2",NA,9.00669533421825e-05,NA,NA,NA,NA,"Joint HESS uncertainty requires valid regional genetic and total residual parameters"
"chr15_98030910_99244059","region","h2","GWAS2",NA,-7.00474290465831e-06,NA,NA,NA,NA,"Joint HESS uncertainty requires valid regional genetic and total residual parameters"
"chr15_99244059_100636847","region","h2","GWAS2",NA,-7.08675814956695e-05,NA,NA,NA,NA,"Joint HESS uncertainty requires valid regional genetic and total residual parameters"
"chr16_10426032_11520161","region","h2","GWAS2",NA,-5.36213908596854e-05,NA,NA,NA,NA,"Joint HESS uncertainty requires valid regional genetic and total residual parameters"
"chr16_11520161_12613098","region","h2","GWAS2",NA,-2.83153592572292e-05,NA,NA,NA,NA,"Joint HESS uncertainty requires valid regional genetic and total residual parameters"
"chr16_1207206_2764829","region","h2","GWAS2",NA,-1.89158919892171e-05,NA,NA,NA,NA,"Joint HESS uncertainty requires valid regional genetic and total residual parameters"
"chr16_12613098_13154437","region","h2","GWAS2",NA,3.78013566093043e-05,NA,NA,NA,NA,"Joint HESS uncertainty requires valid regional genetic and total residual parameters"
"chr16_13154437_14464002","region","h2","GWAS2",NA,-8.56144894888807e-05,NA,NA,NA,NA,"Joint HESS uncertainty requires valid regional genetic and total residual parameters"
"chr16_14464002_16154060","region","h2","GWAS2",NA,0.00015735855252325,NA,NA,NA,NA,"Joint HESS uncertainty requires valid regional genetic and total residual parameters"
"chr16_16154060_17644749","region","h2","GWAS2",NA,-8.4361696088018e-05,NA,NA,NA,NA,"Joint HESS uncertainty requires valid regional genetic and total residual parameters"
"chr16_17644749_18643607","region","h2","GWAS2",NA,-5.15639776927329e-05,NA,NA,NA,NA,"Joint HESS uncertainty requires valid regional genetic and total residual parameters"
"chr16_18643607_20150571","region","h2","GWAS2",NA,2.91475396723558e-05,NA,NA,NA,NA,"Joint HESS uncertainty requires valid regional genetic and total residual parameters"
"chr16_20150571_22448904","region","h2","GWAS2",NA,-1.80109608475186e-05,NA,NA,NA,NA,"Joint HESS uncertainty requires valid regional genetic and total residual parameters"
"chr16_22448904_24136875","region","h2","GWAS2",NA,-2.87956300081317e-05,NA,NA,NA,NA,"Joint HESS uncertainty requires valid regional genetic and total residual parameters"
"chr16_24136875_25986862","region","h2","GWAS2",NA,-9.37295200070223e-05,NA,NA,NA,NA,"Joint HESS uncertainty requires valid regional genetic and total residual parameters"
"chr16_25986862_27445755","region","h2","GWAS2",NA,1.45128677120148e-05,NA,NA,NA,NA,"Joint HESS uncertainty requires valid regional genetic and total residual parameters"
"chr16_27445755_29036613","region","h2","GWAS2",NA,2.89770287353068e-05,NA,NA,NA,NA,"Joint HESS uncertainty requires valid regional genetic and total residual parameters"
"chr16_2764829_4001196","region","h2","GWAS2",NA,-5.11999644723545e-05,NA,NA,NA,NA,"Joint HESS uncertainty requires valid regional genetic and total residual parameters"
"chr16_29036613_31382943","region","h2","GWAS2",NA,-4.05381250362194e-05,NA,NA,NA,NA,"Joint HESS uncertainty requires valid regional genetic and total residual parameters"
"chr16_31382943_46399473","region","h2","GWAS2",NA,-4.74519051334243e-05,NA,NA,NA,NA,"Joint HESS uncertainty requires valid regional genetic and total residual parameters"
"chr16_4001196_5118345","region","h2","GWAS2",NA,-3.61475910608734e-05,NA,NA,NA,NA,"Joint HESS uncertainty requires valid regional genetic and total residual parameters"
"chr16_46399473_49007926","region","h2","GWAS2",NA,-3.73267214948485e-05,NA,NA,NA,NA,"Joint HESS uncertainty requires valid regional genetic and total residual parameters"
"chr16_49007926_52035823","region","h2","GWAS2",NA,-8.03299022393173e-05,NA,NA,NA,NA,"Joint HESS uncertainty requires valid regional genetic and total residual parameters"
"chr16_5118345_5891580","region","h2","GWAS2",NA,7.65472895124769e-06,NA,NA,NA,NA,"Joint HESS uncertainty requires valid regional genetic and total residual parameters"
"chr16_52035823_53382572","region","h2","GWAS2",NA,-9.19498513325818e-06,NA,NA,NA,NA,"Joint HESS uncertainty requires valid regional genetic and total residual parameters"
"chr16_53382572_55903774","region","h2","GWAS2",NA,3.48002560160055e-05,NA,NA,NA,NA,"Joint HESS uncertainty requires valid regional genetic and total residual parameters"
"chr16_55903774_57664330","region","h2","GWAS2",NA,4.09132491408056e-05,NA,NA,NA,NA,"Joint HESS uncertainty requires valid regional genetic and total residual parameters"
"chr16_57664330_59045405","region","h2","GWAS2",NA,3.73863974287695e-05,NA,NA,NA,NA,"Joint HESS uncertainty requires valid regional genetic and total residual parameters"
"chr16_5891580_6893551","region","h2","GWAS2",NA,-3.16760691912599e-05,NA,NA,NA,NA,"Joint HESS uncertainty requires valid regional genetic and total residual parameters"
"chr16_59045405_60745694","region","h2","GWAS2",NA,-1.53386946621096e-05,NA,NA,NA,NA,"Joint HESS uncertainty requires valid regional genetic and total residual parameters"
"chr16_60054_1207206","region","h2","GWAS2",NA,2.48156032845584e-05,NA,NA,NA,NA,"Joint HESS uncertainty requires valid regional genetic and total residual parameters"
"chr16_60745694_62229849","region","h2","GWAS2",NA,7.25954074638347e-06,NA,NA,NA,NA,"Joint HESS uncertainty requires valid regional genetic and total residual parameters"
"chr16_62229849_63691589","region","h2","GWAS2",NA,4.28469885831011e-05,NA,NA,NA,NA,"Joint HESS uncertainty requires valid regional genetic and total residual parameters"
"chr16_63691589_65938566","region","h2","GWAS2",NA,-8.88336316571265e-05,NA,NA,NA,NA,"Joint HESS uncertainty requires valid regional genetic and total residual parameters"
"chr16_65938566_68841363","region","h2","GWAS2",NA,-1.50666010865555e-05,NA,NA,NA,NA,"Joint HESS uncertainty requires valid regional genetic and total residual parameters"
"chr16_68841363_71054028","region","h2","GWAS2",NA,-7.61007342278935e-05,NA,NA,NA,NA,"Joint HESS uncertainty requires valid regional genetic and total residual parameters"
"chr16_6893551_7529121","region","h2","GWAS2",NA,-3.71362792590597e-05,NA,NA,NA,NA,"Joint HESS uncertainty requires valid regional genetic and total residual parameters"
"chr16_71054028_72935150","region","h2","GWAS2",NA,6.85932374047665e-05,NA,NA,NA,NA,"Joint HESS uncertainty requires valid regional genetic and total residual parameters"
"chr16_72935150_74971503","region","h2","GWAS2",NA,-1.77187800159452e-05,NA,NA,NA,NA,"Joint HESS uncertainty requires valid regional genetic and total residual parameters"
"chr16_74971503_75977954","region","h2","GWAS2",NA,0.000156171223115415,NA,NA,NA,NA,"Joint HESS uncertainty requires valid regional genetic and total residual parameters"
"chr16_7529121_8338519","region","h2","GWAS2",NA,-8.31068466190678e-05,NA,NA,NA,NA,"Joint HESS uncertainty requires valid regional genetic and total residual parameters"
"chr16_75977954_77523678","region","h2","GWAS2",NA,-2.64535692303264e-05,NA,NA,NA,NA,"Joint HESS uncertainty requires valid regional genetic and total residual parameters"
"chr16_77523678_78456292","region","h2","GWAS2",NA,-6.14593564755647e-05,NA,NA,NA,NA,"Joint HESS uncertainty requires valid regional genetic and total residual parameters"
"chr16_78456292_79134815","region","h2","GWAS2",NA,-5.14043188711363e-05,NA,NA,NA,NA,"Joint HESS uncertainty requires valid regional genetic and total residual parameters"
"chr16_79134815_80297374","region","h2","GWAS2",NA,-5.42112128251534e-05,NA,NA,NA,NA,"Joint HESS uncertainty requires valid regional genetic and total residual parameters"
"chr16_80297374_81772536","region","h2","GWAS2",NA,-3.70395357129267e-05,NA,NA,NA,NA,"Joint HESS uncertainty requires valid regional genetic and total residual parameters"
"chr16_81772536_82747728","region","h2","GWAS2",NA,1.00883704781497e-05,NA,NA,NA,NA,"Joint HESS uncertainty requires valid regional genetic and total residual parameters"
"chr16_82747728_83477208","region","h2","GWAS2",NA,-5.95580916825063e-05,NA,NA,NA,NA,"Joint HESS uncertainty requires valid regional genetic and total residual parameters"
"chr16_8338519_9799419","region","h2","GWAS2",NA,-4.82083620686833e-05,NA,NA,NA,NA,"Joint HESS uncertainty requires valid regional genetic and total residual parameters"
"chr16_83477208_84445883","region","h2","GWAS2",NA,-6.78848206275664e-05,NA,NA,NA,NA,"Joint HESS uncertainty requires valid regional genetic and total residual parameters"
"chr16_84445883_85148685","region","h2","GWAS2",NA,1.79794226805163e-05,NA,NA,NA,NA,"Joint HESS uncertainty requires valid regional genetic and total residual parameters"
"chr16_85148685_86156599","region","h2","GWAS2",NA,-3.12951627839649e-05,NA,NA,NA,NA,"Joint HESS uncertainty requires valid regional genetic and total residual parameters"
"chr16_86156599_86815411","region","h2","GWAS2",NA,4.59219707559026e-05,NA,NA,NA,NA,"Joint HESS uncertainty requires valid regional genetic and total residual parameters"
"chr16_86815411_87647349","region","h2","GWAS2",NA,-2.81278181683656e-05,NA,NA,NA,NA,"Joint HESS uncertainty requires valid regional genetic and total residual parameters"
"chr16_87647349_89041165","region","h2","GWAS2",NA,3.13206547134374e-05,NA,NA,NA,NA,"Joint HESS uncertainty requires valid regional genetic and total residual parameters"
"chr16_89041165_90292812","region","h2","GWAS2",NA,5.29626365774051e-05,NA,NA,NA,NA,"Joint HESS uncertainty requires valid regional genetic and total residual parameters"
"chr16_9799419_10426032","region","h2","GWAS2",NA,1.1770930793173e-05,NA,NA,NA,NA,"Joint HESS uncertainty requires valid regional genetic and total residual parameters"
"chr17_11102815_12534769","region","h2","GWAS2",NA,-0.000117978435490762,NA,NA,NA,NA,"Joint HESS uncertainty requires valid regional genetic and total residual parameters"
"chr17_1172399_1928731","region","h2","GWAS2",NA,-6.80806861475033e-06,NA,NA,NA,NA,"Joint HESS uncertainty requires valid regional genetic and total residual parameters"
"chr17_12534769_13180372","region","h2","GWAS2",NA,-1.78739241517196e-05,NA,NA,NA,NA,"Joint HESS uncertainty requires valid regional genetic and total residual parameters"
"chr17_13180372_13894637","region","h2","GWAS2",NA,1.40696482754681e-05,NA,NA,NA,NA,"Joint HESS uncertainty requires valid regional genetic and total residual parameters"
"chr17_13894637_15019097","region","h2","GWAS2",NA,-0.000109951616763916,NA,NA,NA,NA,"Joint HESS uncertainty requires valid regional genetic and total residual parameters"
"chr17_15019097_16412342","region","h2","GWAS2",NA,1.95874848598433e-05,NA,NA,NA,NA,"Joint HESS uncertainty requires valid regional genetic and total residual parameters"
"chr17_16412342_18856320","region","h2","GWAS2",NA,1.92892022721451e-05,NA,NA,NA,NA,"Joint HESS uncertainty requires valid regional genetic and total residual parameters"
"chr17_18856320_21290357","region","h2","GWAS2",NA,7.11545985543785e-06,NA,NA,NA,NA,"Joint HESS uncertainty requires valid regional genetic and total residual parameters"
"chr17_1928731_3702312","region","h2","GWAS2",NA,0.000132633703713169,NA,NA,NA,NA,"Joint HESS uncertainty requires valid regional genetic and total residual parameters"
"chr17_21290357_27334244","region","h2","GWAS2",NA,2.55343671677179e-05,NA,NA,NA,NA,"Joint HESS uncertainty requires valid regional genetic and total residual parameters"
"chr17_27334244_29786491","region","h2","GWAS2",NA,2.22495461797861e-05,NA,NA,NA,NA,"Joint HESS uncertainty requires valid regional genetic and total residual parameters"
"chr17_29786491_31538425","region","h2","GWAS2",NA,3.47106656363711e-05,NA,NA,NA,NA,"Joint HESS uncertainty requires valid regional genetic and total residual parameters"
"chr17_31538425_32912798","region","h2","GWAS2",NA,5.53804102497493e-05,NA,NA,NA,NA,"Joint HESS uncertainty requires valid regional genetic and total residual parameters"
"chr17_32912798_34469036","region","h2","GWAS2",NA,-6.25128220865198e-05,NA,NA,NA,NA,"Joint HESS uncertainty requires valid regional genetic and total residual parameters"
"chr17_34469036_36809344","region","h2","GWAS2",NA,-1.43199839147122e-05,NA,NA,NA,NA,"Joint HESS uncertainty requires valid regional genetic and total residual parameters"
"chr17_36809344_38877404","region","h2","GWAS2",NA,6.86157477037731e-05,NA,NA,NA,NA,"Joint HESS uncertainty requires valid regional genetic and total residual parameters"
"chr17_3702312_4696261","region","h2","GWAS2",NA,-6.32800445888802e-05,NA,NA,NA,NA,"Joint HESS uncertainty requires valid regional genetic and total residual parameters"
"chr17_38877404_39899810","region","h2","GWAS2",NA,2.92136107450498e-05,NA,NA,NA,NA,"Joint HESS uncertainty requires valid regional genetic and total residual parameters"
"chr17_39899810_41772087","region","h2","GWAS2",NA,0.000252140167289538,NA,NA,NA,NA,"Joint HESS uncertainty requires valid regional genetic and total residual parameters"
"chr17_41772087_43056905","region","h2","GWAS2",NA,0.000100518060776163,NA,NA,NA,NA,"Joint HESS uncertainty requires valid regional genetic and total residual parameters"
"chr17_43056905_45876022","region","h2","GWAS2",NA,8.96606338807563e-05,NA,NA,NA,NA,"Joint HESS uncertainty requires valid regional genetic and total residual parameters"
"chr17_45876022_47517400","region","h2","GWAS2",NA,0.000276368861894373,NA,NA,NA,NA,"Joint HESS uncertainty requires valid regional genetic and total residual parameters"
"chr17_4696261_5741334","region","h2","GWAS2",NA,2.72246129227363e-05,NA,NA,NA,NA,"Joint HESS uncertainty requires valid regional genetic and total residual parameters"
"chr17_47517400_49898957","region","h2","GWAS2",NA,7.42093098421261e-05,NA,NA,NA,NA,"Joint HESS uncertainty requires valid regional genetic and total residual parameters"
"chr17_49898957_50719055","region","h2","GWAS2",NA,-6.25202463222795e-05,NA,NA,NA,NA,"Joint HESS uncertainty requires valid regional genetic and total residual parameters"
"chr17_50719055_51826118","region","h2","GWAS2",NA,-2.82558214927985e-05,NA,NA,NA,NA,"Joint HESS uncertainty requires valid regional genetic and total residual parameters"
"chr17_51826118_53599432","region","h2","GWAS2",NA,2.83654664661529e-05,NA,NA,NA,NA,"Joint HESS uncertainty requires valid regional genetic and total residual parameters"
"chr17_53599432_55357541","region","h2","GWAS2",NA,-2.20678323860521e-05,NA,NA,NA,NA,"Joint HESS uncertainty requires valid regional genetic and total residual parameters"
"chr17_55357541_57487512","region","h2","GWAS2",NA,3.95142575500926e-05,NA,NA,NA,NA,"Joint HESS uncertainty requires valid regional genetic and total residual parameters"
"chr17_56_1172399","region","h2","GWAS2",NA,-5.668808195192e-05,NA,NA,NA,NA,"Joint HESS uncertainty requires valid regional genetic and total residual parameters"
"chr17_5741334_7317398","region","h2","GWAS2",NA,-5.17269894525545e-05,NA,NA,NA,NA,"Joint HESS uncertainty requires valid regional genetic and total residual parameters"
"chr17_57487512_59312755","region","h2","GWAS2",NA,0.000186982408622421,NA,NA,NA,NA,"Joint HESS uncertainty requires valid regional genetic and total residual parameters"
"chr17_59312755_61545589","region","h2","GWAS2",NA,6.1126683804701e-05,NA,NA,NA,NA,"Joint HESS uncertainty requires valid regional genetic and total residual parameters"
"chr17_61545589_63148128","region","h2","GWAS2",NA,7.87450226375636e-05,NA,NA,NA,NA,"Joint HESS uncertainty requires valid regional genetic and total residual parameters"
"chr17_63148128_64800430","region","h2","GWAS2",NA,2.70744663463974e-05,NA,NA,NA,NA,"Joint HESS uncertainty requires valid regional genetic and total residual parameters"
"chr17_64800430_67858770","region","h2","GWAS2",NA,3.10519688808616e-05,NA,NA,NA,NA,"Joint HESS uncertainty requires valid regional genetic and total residual parameters"
"chr17_67858770_69387817","region","h2","GWAS2",NA,-4.94779978538044e-05,NA,NA,NA,NA,"Joint HESS uncertainty requires valid regional genetic and total residual parameters"
"chr17_69387817_72672203","region","h2","GWAS2",NA,-5.01948489176866e-05,NA,NA,NA,NA,"Joint HESS uncertainty requires valid regional genetic and total residual parameters"
"chr17_72672203_74375560","region","h2","GWAS2",NA,0.000135134791052635,NA,NA,NA,NA,"Joint HESS uncertainty requires valid regional genetic and total residual parameters"
"chr17_7317398_8306425","region","h2","GWAS2",NA,-6.10144291872378e-05,NA,NA,NA,NA,"Joint HESS uncertainty requires valid regional genetic and total residual parameters"
"chr17_74375560_76263413","region","h2","GWAS2",NA,3.23185925497891e-05,NA,NA,NA,NA,"Joint HESS uncertainty requires valid regional genetic and total residual parameters"
"chr17_76263413_77298636","region","h2","GWAS2",NA,-5.54376436556583e-05,NA,NA,NA,NA,"Joint HESS uncertainty requires valid regional genetic and total residual parameters"
"chr17_77298636_78837588","region","h2","GWAS2",NA,-5.88142258852771e-05,NA,NA,NA,NA,"Joint HESS uncertainty requires valid regional genetic and total residual parameters"
"chr17_78837588_80034408","region","h2","GWAS2",NA,-2.47107759828497e-05,NA,NA,NA,NA,"Joint HESS uncertainty requires valid regional genetic and total residual parameters"
"chr17_80034408_81194908","region","h2","GWAS2",NA,-5.39988297277932e-05,NA,NA,NA,NA,"Joint HESS uncertainty requires valid regional genetic and total residual parameters"
"chr17_8306425_9965921","region","h2","GWAS2",NA,-2.15083482408492e-05,NA,NA,NA,NA,"Joint HESS uncertainty requires valid regional genetic and total residual parameters"
"chr17_9965921_11102815","region","h2","GWAS2",NA,-2.66399705212212e-05,NA,NA,NA,NA,"Joint HESS uncertainty requires valid regional genetic and total residual parameters"
"chr18_10644_912486","region","h2","GWAS2",NA,-3.59979460557981e-05,NA,NA,NA,NA,"Joint HESS uncertainty requires valid regional genetic and total residual parameters"
"chr18_11075913_11905440","region","h2","GWAS2",NA,-7.46782767979617e-05,NA,NA,NA,NA,"Joint HESS uncertainty requires valid regional genetic and total residual parameters"
"chr18_11905440_14440799","region","h2","GWAS2",NA,-3.85932539978701e-05,NA,NA,NA,NA,"Joint HESS uncertainty requires valid regional genetic and total residual parameters"
"chr18_14440799_19485844","region","h2","GWAS2",NA,-5.24032331543229e-05,NA,NA,NA,NA,"Joint HESS uncertainty requires valid regional genetic and total residual parameters"
"chr18_1942911_3891658","region","h2","GWAS2",NA,-0.00012407669794589,NA,NA,NA,NA,"Joint HESS uncertainty requires valid regional genetic and total residual parameters"
"chr18_19485844_20649472","region","h2","GWAS2",NA,0.000198757863333863,NA,NA,NA,NA,"Joint HESS uncertainty requires valid regional genetic and total residual parameters"
"chr18_20649472_22996651","region","h2","GWAS2",NA,1.70377087230251e-06,NA,NA,NA,NA,"Joint HESS uncertainty requires valid regional genetic and total residual parameters"
"chr18_22996651_24026191","region","h2","GWAS2",NA,-6.80216250038469e-05,NA,NA,NA,NA,"Joint HESS uncertainty requires valid regional genetic and total residual parameters"
"chr18_24026191_25927682","region","h2","GWAS2",NA,-0.000131254308027484,NA,NA,NA,NA,"Joint HESS uncertainty requires valid regional genetic and total residual parameters"
"chr18_25927682_26875587","region","h2","GWAS2",NA,1.96328818575217e-05,NA,NA,NA,NA,"Joint HESS uncertainty requires valid regional genetic and total residual parameters"
"chr18_26875587_27866478","region","h2","GWAS2",NA,-2.30016500480241e-05,NA,NA,NA,NA,"Joint HESS uncertainty requires valid regional genetic and total residual parameters"
"chr18_27866478_30264066","region","h2","GWAS2",NA,-2.77875132815977e-05,NA,NA,NA,NA,"Joint HESS uncertainty requires valid regional genetic and total residual parameters"
"chr18_30264066_31780067","region","h2","GWAS2",NA,5.13610319417777e-05,NA,NA,NA,NA,"Joint HESS uncertainty requires valid regional genetic and total residual parameters"
"chr18_31780067_33861964","region","h2","GWAS2",NA,4.11185264659245e-05,NA,NA,NA,NA,"Joint HESS uncertainty requires valid regional genetic and total residual parameters"
"chr18_33861964_35075250","region","h2","GWAS2",NA,-1.56833791256817e-05,NA,NA,NA,NA,"Joint HESS uncertainty requires valid regional genetic and total residual parameters"
"chr18_35075250_36365490","region","h2","GWAS2",NA,-6.42073187505549e-05,NA,NA,NA,NA,"Joint HESS uncertainty requires valid regional genetic and total residual parameters"
"chr18_36365490_37684367","region","h2","GWAS2",NA,1.8719895148593e-05,NA,NA,NA,NA,"Joint HESS uncertainty requires valid regional genetic and total residual parameters"
"chr18_37684367_39892648","region","h2","GWAS2",NA,-1.67070620738254e-06,NA,NA,NA,NA,"Joint HESS uncertainty requires valid regional genetic and total residual parameters"
"chr18_3891658_5834180","region","h2","GWAS2",NA,-6.37473615325034e-05,NA,NA,NA,NA,"Joint HESS uncertainty requires valid regional genetic and total residual parameters"
"chr18_39892648_42922106","region","h2","GWAS2",NA,0.000103031588927561,NA,NA,NA,NA,"Joint HESS uncertainty requires valid regional genetic and total residual parameters"
"chr18_42922106_44299246","region","h2","GWAS2",NA,-5.1709224811419e-05,NA,NA,NA,NA,"Joint HESS uncertainty requires valid regional genetic and total residual parameters"
"chr18_44299246_45939732","region","h2","GWAS2",NA,3.18767695781125e-05,NA,NA,NA,NA,"Joint HESS uncertainty requires valid regional genetic and total residual parameters"
"chr18_45939732_47730584","region","h2","GWAS2",NA,0.000151541706011553,NA,NA,NA,NA,"Joint HESS uncertainty requires valid regional genetic and total residual parameters"
"chr18_47730584_51062185","region","h2","GWAS2",NA,-7.48980847944206e-05,NA,NA,NA,NA,"Joint HESS uncertainty requires valid regional genetic and total residual parameters"
"chr18_51062185_51554175","region","h2","GWAS2",NA,-2.44087501037096e-05,NA,NA,NA,NA,"Joint HESS uncertainty requires valid regional genetic and total residual parameters"
"chr18_51554175_55213838","region","h2","GWAS2",NA,2.99501696932605e-05,NA,NA,NA,NA,"Joint HESS uncertainty requires valid regional genetic and total residual parameters"
"chr18_55213838_56530220","region","h2","GWAS2",NA,-5.42524021392016e-05,NA,NA,NA,NA,"Joint HESS uncertainty requires valid regional genetic and total residual parameters"
"chr18_56530220_57630483","region","h2","GWAS2",NA,-7.89407528143861e-06,NA,NA,NA,NA,"Joint HESS uncertainty requires valid regional genetic and total residual parameters"
"chr18_57630483_59020751","region","h2","GWAS2",NA,8.52667871300851e-05,NA,NA,NA,NA,"Joint HESS uncertainty requires valid regional genetic and total residual parameters"
"chr18_5834180_7090485","region","h2","GWAS2",NA,3.37252958895064e-05,NA,NA,NA,NA,"Joint HESS uncertainty requires valid regional genetic and total residual parameters"
"chr18_59020751_60277715","region","h2","GWAS2",NA,1.02224048860838e-05,NA,NA,NA,NA,"Joint HESS uncertainty requires valid regional genetic and total residual parameters"
"chr18_60277715_61820252","region","h2","GWAS2",NA,-6.83207923889637e-06,NA,NA,NA,NA,"Joint HESS uncertainty requires valid regional genetic and total residual parameters"
"chr18_61820252_63463402","region","h2","GWAS2",NA,-3.67114725003805e-05,NA,NA,NA,NA,"Joint HESS uncertainty requires valid regional genetic and total residual parameters"
"chr18_63463402_64252801","region","h2","GWAS2",NA,4.68822575401934e-05,NA,NA,NA,NA,"Joint HESS uncertainty requires valid regional genetic and total residual parameters"
"chr18_64252801_66125817","region","h2","GWAS2",NA,-7.73113779033308e-05,NA,NA,NA,NA,"Joint HESS uncertainty requires valid regional genetic and total residual parameters"
"chr18_66125817_67175820","region","h2","GWAS2",NA,-2.70987047752078e-05,NA,NA,NA,NA,"Joint HESS uncertainty requires valid regional genetic and total residual parameters"
"chr18_67175820_68621179","region","h2","GWAS2",NA,2.63073095274535e-05,NA,NA,NA,NA,"Joint HESS uncertainty requires valid regional genetic and total residual parameters"
"chr18_68621179_69621618","region","h2","GWAS2",NA,-2.21345948213236e-05,NA,NA,NA,NA,"Joint HESS uncertainty requires valid regional genetic and total residual parameters"
"chr18_69621618_71038474","region","h2","GWAS2",NA,-1.430213628211e-05,NA,NA,NA,NA,"Joint HESS uncertainty requires valid regional genetic and total residual parameters"
"chr18_7090485_8498931","region","h2","GWAS2",NA,-3.36786278818642e-06,NA,NA,NA,NA,"Joint HESS uncertainty requires valid regional genetic and total residual parameters"
"chr18_71038474_71971462","region","h2","GWAS2",NA,-9.78694193048887e-05,NA,NA,NA,NA,"Joint HESS uncertainty requires valid regional genetic and total residual parameters"
"chr18_71971462_73526987","region","h2","GWAS2",NA,-1.59452069570924e-05,NA,NA,NA,NA,"Joint HESS uncertainty requires valid regional genetic and total residual parameters"
"chr18_73526987_74813815","region","h2","GWAS2",NA,-1.60512063224457e-05,NA,NA,NA,NA,"Joint HESS uncertainty requires valid regional genetic and total residual parameters"
"chr18_74813815_75976317","region","h2","GWAS2",NA,-7.86349226984787e-05,NA,NA,NA,NA,"Joint HESS uncertainty requires valid regional genetic and total residual parameters"
"chr18_75976317_77149991","region","h2","GWAS2",NA,-5.93696607571946e-05,NA,NA,NA,NA,"Joint HESS uncertainty requires valid regional genetic and total residual parameters"
"chr18_77149991_78017158","region","h2","GWAS2",NA,-2.58913074840142e-05,NA,NA,NA,NA,"Joint HESS uncertainty requires valid regional genetic and total residual parameters"
"chr18_8498931_11075913","region","h2","GWAS2",NA,-0.000170776146355781,NA,NA,NA,NA,"Joint HESS uncertainty requires valid regional genetic and total residual parameters"
"chr18_912486_1942911","region","h2","GWAS2",NA,-4.35058478976797e-05,NA,NA,NA,NA,"Joint HESS uncertainty requires valid regional genetic and total residual parameters"
"chr19_11284028_13471127","region","h2","GWAS2",NA,3.62080060340039e-05,NA,NA,NA,NA,"Joint HESS uncertainty requires valid regional genetic and total residual parameters"
"chr19_13471127_14486347","region","h2","GWAS2",NA,-6.9799936336477e-05,NA,NA,NA,NA,"Joint HESS uncertainty requires valid regional genetic and total residual parameters"
"chr19_14486347_15648610","region","h2","GWAS2",NA,-4.22123381020199e-05,NA,NA,NA,NA,"Joint HESS uncertainty requires valid regional genetic and total residual parameters"
"chr19_15648610_16374416","region","h2","GWAS2",NA,0.000119849771730491,NA,NA,NA,NA,"Joint HESS uncertainty requires valid regional genetic and total residual parameters"
"chr19_16374416_18409862","region","h2","GWAS2",NA,0.000125930232880881,NA,NA,NA,NA,"Joint HESS uncertainty requires valid regional genetic and total residual parameters"
"chr19_18409862_19877471","region","h2","GWAS2",NA,8.10451937118032e-05,NA,NA,NA,NA,"Joint HESS uncertainty requires valid regional genetic and total residual parameters"
"chr19_19877471_20905757","region","h2","GWAS2",NA,3.66103284145076e-05,NA,NA,NA,NA,"Joint HESS uncertainty requires valid regional genetic and total residual parameters"
"chr19_20905757_22732896","region","h2","GWAS2",NA,0.000136407456855958,NA,NA,NA,NA,"Joint HESS uncertainty requires valid regional genetic and total residual parameters"
"chr19_2098396_3019660","region","h2","GWAS2",NA,2.51952278948766e-05,NA,NA,NA,NA,"Joint HESS uncertainty requires valid regional genetic and total residual parameters"
"chr19_22732896_23467746","region","h2","GWAS2",NA,-4.65509256194331e-05,NA,NA,NA,NA,"Joint HESS uncertainty requires valid regional genetic and total residual parameters"
"chr19_23467746_28557893","region","h2","GWAS2",NA,-4.09044835036235e-05,NA,NA,NA,NA,"Joint HESS uncertainty requires valid regional genetic and total residual parameters"
"chr19_28557893_29790947","region","h2","GWAS2",NA,-0.00015149013155194,NA,NA,NA,NA,"Joint HESS uncertainty requires valid regional genetic and total residual parameters"
"chr19_29790947_30727954","region","h2","GWAS2",NA,-1.33322543416229e-05,NA,NA,NA,NA,"Joint HESS uncertainty requires valid regional genetic and total residual parameters"
"chr19_3019660_4348967","region","h2","GWAS2",NA,-5.88869940657404e-05,NA,NA,NA,NA,"Joint HESS uncertainty requires valid regional genetic and total residual parameters"
"chr19_30727954_32746520","region","h2","GWAS2",NA,-6.56060533768269e-05,NA,NA,NA,NA,"Joint HESS uncertainty requires valid regional genetic and total residual parameters"
"chr19_32746520_34262952","region","h2","GWAS2",NA,0.000102032436680254,NA,NA,NA,NA,"Joint HESS uncertainty requires valid regional genetic and total residual parameters"
"chr19_34262952_36469295","region","h2","GWAS2",NA,-6.57468466304261e-05,NA,NA,NA,NA,"Joint HESS uncertainty requires valid regional genetic and total residual parameters"
"chr19_36469295_37527033","region","h2","GWAS2",NA,0.000235972716815795,NA,NA,NA,NA,"Joint HESS uncertainty requires valid regional genetic and total residual parameters"
"chr19_37527033_40170619","region","h2","GWAS2",NA,6.62209782824173e-05,NA,NA,NA,NA,"Joint HESS uncertainty requires valid regional genetic and total residual parameters"
"chr19_40170619_40984601","region","h2","GWAS2",NA,-2.48189833526453e-05,NA,NA,NA,NA,"Joint HESS uncertainty requires valid regional genetic and total residual parameters"
"chr19_40984601_42131573","region","h2","GWAS2",NA,0.000321786466655842,NA,NA,NA,NA,"Joint HESS uncertainty requires valid regional genetic and total residual parameters"
"chr19_42131573_43862455","region","h2","GWAS2",NA,-4.76482845175047e-05,NA,NA,NA,NA,"Joint HESS uncertainty requires valid regional genetic and total residual parameters"
"chr19_4348967_5811852","region","h2","GWAS2",NA,8.27894389678574e-05,NA,NA,NA,NA,"Joint HESS uncertainty requires valid regional genetic and total residual parameters"
"chr19_43862455_44744108","region","h2","GWAS2",NA,5.31241486086884e-05,NA,NA,NA,NA,"Joint HESS uncertainty requires valid regional genetic and total residual parameters"
"chr19_44744108_46102697","region","h2","GWAS2",NA,0.000379973572027087,NA,NA,NA,NA,"Joint HESS uncertainty requires valid regional genetic and total residual parameters"
"chr19_46102697_47150082","region","h2","GWAS2",NA,8.67049244479613e-05,NA,NA,NA,NA,"Joint HESS uncertainty requires valid regional genetic and total residual parameters"
"chr19_47150082_49282227","region","h2","GWAS2",NA,3.33214894501715e-05,NA,NA,NA,NA,"Joint HESS uncertainty requires valid regional genetic and total residual parameters"
"chr19_49282227_51532567","region","h2","GWAS2",NA,-5.72100387238314e-05,NA,NA,NA,NA,"Joint HESS uncertainty requires valid regional genetic and total residual parameters"
"chr19_51532567_52985290","region","h2","GWAS2",NA,-4.17976463618226e-05,NA,NA,NA,NA,"Joint HESS uncertainty requires valid regional genetic and total residual parameters"
"chr19_52985290_54602362","region","h2","GWAS2",NA,-6.99354767188099e-05,NA,NA,NA,NA,"Joint HESS uncertainty requires valid regional genetic and total residual parameters"
"chr19_54602362_55728080","region","h2","GWAS2",NA,-7.17461409896496e-05,NA,NA,NA,NA,"Joint HESS uncertainty requires valid regional genetic and total residual parameters"
"chr19_55728080_57521335","region","h2","GWAS2",NA,-8.94868673347563e-05,NA,NA,NA,NA,"Joint HESS uncertainty requires valid regional genetic and total residual parameters"
"chr19_57521335_59118839","region","h2","GWAS2",NA,-7.05569876275012e-05,NA,NA,NA,NA,"Joint HESS uncertainty requires valid regional genetic and total residual parameters"
"chr19_5811852_6684885","region","h2","GWAS2",NA,2.78509713527428e-05,NA,NA,NA,NA,"Joint HESS uncertainty requires valid regional genetic and total residual parameters"
"chr19_610729_2098396","region","h2","GWAS2",NA,2.74564363002628e-05,NA,NA,NA,NA,"Joint HESS uncertainty requires valid regional genetic and total residual parameters"
"chr19_6684885_8347513","region","h2","GWAS2",NA,-6.73878386259348e-05,NA,NA,NA,NA,"Joint HESS uncertainty requires valid regional genetic and total residual parameters"
"chr19_80840_610729","region","h2","GWAS2",NA,-7.81608757512536e-05,NA,NA,NA,NA,"Joint HESS uncertainty requires valid regional genetic and total residual parameters"
"chr19_8347513_9238393","region","h2","GWAS2",NA,2.45547056785272e-05,NA,NA,NA,NA,"Joint HESS uncertainty requires valid regional genetic and total residual parameters"
"chr19_9238393_11284028","region","h2","GWAS2",NA,0.000394857939767914,NA,NA,NA,NA,"Joint HESS uncertainty requires valid regional genetic and total residual parameters"
"chr1_100826405_102041016","region","h2","GWAS2",NA,0.000121878401243444,NA,NA,NA,NA,"Joint HESS uncertainty requires valid regional genetic and total residual parameters"
"chr1_102041016_102898745","region","h2","GWAS2",NA,1.70925646790667e-05,NA,NA,NA,NA,"Joint HESS uncertainty requires valid regional genetic and total residual parameters"
"chr1_102898745_103914211","region","h2","GWAS2",NA,-3.76192298574694e-05,NA,NA,NA,NA,"Joint HESS uncertainty requires valid regional genetic and total residual parameters"
"chr1_103914211_106087842","region","h2","GWAS2",NA,-3.77230782632963e-05,NA,NA,NA,NA,"Joint HESS uncertainty requires valid regional genetic and total residual parameters"
"chr1_10583_1892607","region","h2","GWAS2",NA,1.34584965351823e-05,NA,NA,NA,NA,"Joint HESS uncertainty requires valid regional genetic and total residual parameters"
"chr1_106087842_108409665","region","h2","GWAS2",NA,-5.92657513982339e-05,NA,NA,NA,NA,"Joint HESS uncertainty requires valid regional genetic and total residual parameters"
"chr1_10806984_11777841","region","h2","GWAS2",NA,-3.23772908603862e-05,NA,NA,NA,NA,"Joint HESS uncertainty requires valid regional genetic and total residual parameters"
"chr1_108409665_110303931","region","h2","GWAS2",NA,0.000269589477395795,NA,NA,NA,NA,"Joint HESS uncertainty requires valid regional genetic and total residual parameters"
"chr1_110303931_111741737","region","h2","GWAS2",NA,4.79138569404129e-05,NA,NA,NA,NA,"Joint HESS uncertainty requires valid regional genetic and total residual parameters"
"chr1_111741737_113273306","region","h2","GWAS2",NA,-3.59233491170661e-05,NA,NA,NA,NA,"Joint HESS uncertainty requires valid regional genetic and total residual parameters"
"chr1_113273306_114873845","region","h2","GWAS2",NA,3.9264816144988e-05,NA,NA,NA,NA,"Joint HESS uncertainty requires valid regional genetic and total residual parameters"
"chr1_114873845_115880593","region","h2","GWAS2",NA,6.04637207011695e-05,NA,NA,NA,NA,"Joint HESS uncertainty requires valid regional genetic and total residual parameters"
"chr1_115880593_118839067","region","h2","GWAS2",NA,0.000105561308459674,NA,NA,NA,NA,"Joint HESS uncertainty requires valid regional genetic and total residual parameters"
"chr1_11777841_12779466","region","h2","GWAS2",NA,6.78738585165355e-05,NA,NA,NA,NA,"Joint HESS uncertainty requires valid regional genetic and total residual parameters"
"chr1_118839067_144977494","region","h2","GWAS2",NA,-1.01858110008558e-05,NA,NA,NA,NA,"Joint HESS uncertainty requires valid regional genetic and total residual parameters"
"chr1_12779466_14891511","region","h2","GWAS2",NA,-4.11532208799194e-05,NA,NA,NA,NA,"Joint HESS uncertainty requires valid regional genetic and total residual parameters"
"chr1_144977494_148361253","region","h2","GWAS2",NA,0.000111232012709731,NA,NA,NA,NA,"Joint HESS uncertainty requires valid regional genetic and total residual parameters"
"chr1_148361253_151538881","region","h2","GWAS2",NA,9.76519372159161e-05,NA,NA,NA,NA,"Joint HESS uncertainty requires valid regional genetic and total residual parameters"
"chr1_14891511_16897730","region","h2","GWAS2",NA,8.18461994772338e-06,NA,NA,NA,NA,"Joint HESS uncertainty requires valid regional genetic and total residual parameters"
"chr1_151538881_153180829","region","h2","GWAS2",NA,0.000113940674517137,NA,NA,NA,NA,"Joint HESS uncertainty requires valid regional genetic and total residual parameters"
"chr1_153180829_154770403","region","h2","GWAS2",NA,0.000133025380759949,NA,NA,NA,NA,"Joint HESS uncertainty requires valid regional genetic and total residual parameters"
"chr1_154770403_156336133","region","h2","GWAS2",NA,0.00013987678050763,NA,NA,NA,NA,"Joint HESS uncertainty requires valid regional genetic and total residual parameters"
"chr1_156336133_158027412","region","h2","GWAS2",NA,-4.68458392089295e-05,NA,NA,NA,NA,"Joint HESS uncertainty requires valid regional genetic and total residual parameters"
"chr1_158027412_159913048","region","h2","GWAS2",NA,4.4256616359183e-05,NA,NA,NA,NA,"Joint HESS uncertainty requires valid regional genetic and total residual parameters"
"chr1_159913048_162346721","region","h2","GWAS2",NA,-7.74335942644027e-05,NA,NA,NA,NA,"Joint HESS uncertainty requires valid regional genetic and total residual parameters"
"chr1_162346721_165191702","region","h2","GWAS2",NA,-4.77158305829996e-06,NA,NA,NA,NA,"Joint HESS uncertainty requires valid regional genetic and total residual parameters"
"chr1_165191702_166460517","region","h2","GWAS2",NA,2.43678721413742e-05,NA,NA,NA,NA,"Joint HESS uncertainty requires valid regional genetic and total residual parameters"
"chr1_166460517_169086324","region","h2","GWAS2",NA,-7.55362217749849e-05,NA,NA,NA,NA,"Joint HESS uncertainty requires valid regional genetic and total residual parameters"
"chr1_16897730_18662899","region","h2","GWAS2",NA,-3.6952205123188e-05,NA,NA,NA,NA,"Joint HESS uncertainty requires valid regional genetic and total residual parameters"
"chr1_169086324_170557776","region","h2","GWAS2",NA,1.44702662070254e-05,NA,NA,NA,NA,"Joint HESS uncertainty requires valid regional genetic and total residual parameters"
"chr1_170557776_173097907","region","h2","GWAS2",NA,2.19621655023706e-05,NA,NA,NA,NA,"Joint HESS uncertainty requires valid regional genetic and total residual parameters"
"chr1_173097907_175089768","region","h2","GWAS2",NA,1.98201534981373e-05,NA,NA,NA,NA,"Joint HESS uncertainty requires valid regional genetic and total residual parameters"
"chr1_175089768_177433381","region","h2","GWAS2",NA,5.88779170547263e-05,NA,NA,NA,NA,"Joint HESS uncertainty requires valid regional genetic and total residual parameters"
"chr1_177433381_178944309","region","h2","GWAS2",NA,1.95970627730974e-05,NA,NA,NA,NA,"Joint HESS uncertainty requires valid regional genetic and total residual parameters"
"chr1_178944309_178954470","region","h2","GWAS2",NA,-3.34784391883163e-06,NA,NA,NA,NA,"Joint HESS uncertainty requires valid regional genetic and total residual parameters"
"chr1_178954470_181144121","region","h2","GWAS2",NA,-0.000129574411353454,NA,NA,NA,NA,"Joint HESS uncertainty requires valid regional genetic and total residual parameters"
"chr1_181144121_182755356","region","h2","GWAS2",NA,-1.05287937633625e-06,NA,NA,NA,NA,"Joint HESS uncertainty requires valid regional genetic and total residual parameters"
"chr1_182755356_184595513","region","h2","GWAS2",NA,6.94027314272093e-05,NA,NA,NA,NA,"Joint HESS uncertainty requires valid regional genetic and total residual parameters"
"chr1_184595513_186810023","region","h2","GWAS2",NA,2.04765443637839e-05,NA,NA,NA,NA,"Joint HESS uncertainty requires valid regional genetic and total residual parameters"
"chr1_18662899_20469149","region","h2","GWAS2",NA,-8.93017368460264e-05,NA,NA,NA,NA,"Joint HESS uncertainty requires valid regional genetic and total residual parameters"
"chr1_186810023_188759945","region","h2","GWAS2",NA,-4.08739809730715e-05,NA,NA,NA,NA,"Joint HESS uncertainty requires valid regional genetic and total residual parameters"
"chr1_188759945_189904130","region","h2","GWAS2",NA,-9.6388816175826e-06,NA,NA,NA,NA,"Joint HESS uncertainty requires valid regional genetic and total residual parameters"
"chr1_1892607_3582736","region","h2","GWAS2",NA,0.000221402789375046,NA,NA,NA,NA,"Joint HESS uncertainty requires valid regional genetic and total residual parameters"
"chr1_189904130_191868930","region","h2","GWAS2",NA,0.00010446349138646,NA,NA,NA,NA,"Joint HESS uncertainty requires valid regional genetic and total residual parameters"
"chr1_191868930_194107442","region","h2","GWAS2",NA,-1.97443644731145e-06,NA,NA,NA,NA,"Joint HESS uncertainty requires valid regional genetic and total residual parameters"
"chr1_194107442_196176201","region","h2","GWAS2",NA,1.74040052005325e-05,NA,NA,NA,NA,"Joint HESS uncertainty requires valid regional genetic and total residual parameters"
"chr1_196176201_197311514","region","h2","GWAS2",NA,5.70617393868917e-05,NA,NA,NA,NA,"Joint HESS uncertainty requires valid regional genetic and total residual parameters"
"chr1_197311514_199239884","region","h2","GWAS2",NA,6.12845796266489e-05,NA,NA,NA,NA,"Joint HESS uncertainty requires valid regional genetic and total residual parameters"
"chr1_199239884_200137649","region","h2","GWAS2",NA,-5.51562335966915e-05,NA,NA,NA,NA,"Joint HESS uncertainty requires valid regional genetic and total residual parameters"
"chr1_200137649_201589975","region","h2","GWAS2",NA,6.63637141561819e-05,NA,NA,NA,NA,"Joint HESS uncertainty requires valid regional genetic and total residual parameters"
"chr1_201589975_203334734","region","h2","GWAS2",NA,3.84627214518233e-06,NA,NA,NA,NA,"Joint HESS uncertainty requires valid regional genetic and total residual parameters"
"chr1_203334734_204681068","region","h2","GWAS2",NA,-3.94445943376074e-05,NA,NA,NA,NA,"Joint HESS uncertainty requires valid regional genetic and total residual parameters"
"chr1_204681068_206073265","region","h2","GWAS2",NA,-1.78590249677665e-05,NA,NA,NA,NA,"Joint HESS uncertainty requires valid regional genetic and total residual parameters"
"chr1_20469149_21736588","region","h2","GWAS2",NA,-2.04725259186145e-05,NA,NA,NA,NA,"Joint HESS uncertainty requires valid regional genetic and total residual parameters"
"chr1_206073265_208410364","region","h2","GWAS2",NA,-2.01484971699457e-05,NA,NA,NA,NA,"Joint HESS uncertainty requires valid regional genetic and total residual parameters"
"chr1_208410364_210787750","region","h2","GWAS2",NA,2.44709133460138e-05,NA,NA,NA,NA,"Joint HESS uncertainty requires valid regional genetic and total residual parameters"
"chr1_210787750_212842330","region","h2","GWAS2",NA,8.10292350376887e-06,NA,NA,NA,NA,"Joint HESS uncertainty requires valid regional genetic and total residual parameters"
"chr1_212842330_214578266","region","h2","GWAS2",NA,-3.63722954463734e-05,NA,NA,NA,NA,"Joint HESS uncertainty requires valid regional genetic and total residual parameters"
"chr1_214578266_216243634","region","h2","GWAS2",NA,2.11326568263974e-06,NA,NA,NA,NA,"Joint HESS uncertainty requires valid regional genetic and total residual parameters"
"chr1_216243634_218705513","region","h2","GWAS2",NA,-3.87579493016732e-05,NA,NA,NA,NA,"Joint HESS uncertainty requires valid regional genetic and total residual parameters"
"chr1_21736588_23086883","region","h2","GWAS2",NA,0.000139980403316434,NA,NA,NA,NA,"Joint HESS uncertainty requires valid regional genetic and total residual parameters"
"chr1_218705513_219590571","region","h2","GWAS2",NA,3.58328142287584e-05,NA,NA,NA,NA,"Joint HESS uncertainty requires valid regional genetic and total residual parameters"
"chr1_219590571_221858231","region","h2","GWAS2",NA,-6.61821389263269e-05,NA,NA,NA,NA,"Joint HESS uncertainty requires valid regional genetic and total residual parameters"
"chr1_221858231_222230220","region","h2","GWAS2",NA,-5.47560610462571e-05,NA,NA,NA,NA,"Joint HESS uncertainty requires valid regional genetic and total residual parameters"
"chr1_222230220_224938520","region","h2","GWAS2",NA,0.000211054652106092,NA,NA,NA,NA,"Joint HESS uncertainty requires valid regional genetic and total residual parameters"
"chr1_224938520_226810860","region","h2","GWAS2",NA,6.18205585980144e-05,NA,NA,NA,NA,"Joint HESS uncertainty requires valid regional genetic and total residual parameters"
"chr1_226810860_229156248","region","h2","GWAS2",NA,-3.32376429540674e-05,NA,NA,NA,NA,"Joint HESS uncertainty requires valid regional genetic and total residual parameters"
"chr1_229156248_230685255","region","h2","GWAS2",NA,-2.63010651807143e-05,NA,NA,NA,NA,"Joint HESS uncertainty requires valid regional genetic and total residual parameters"
"chr1_230685255_232090252","region","h2","GWAS2",NA,-5.53727936669928e-05,NA,NA,NA,NA,"Joint HESS uncertainty requires valid regional genetic and total residual parameters"
"chr1_23086883_23920590","region","h2","GWAS2",NA,0.000108635333113513,NA,NA,NA,NA,"Joint HESS uncertainty requires valid regional genetic and total residual parameters"
"chr1_232090252_233429284","region","h2","GWAS2",NA,-0.000102953855601333,NA,NA,NA,NA,"Joint HESS uncertainty requires valid regional genetic and total residual parameters"
"chr1_233429284_234599434","region","h2","GWAS2",NA,-3.0888358963232e-05,NA,NA,NA,NA,"Joint HESS uncertainty requires valid regional genetic and total residual parameters"
"chr1_234599434_235819436","region","h2","GWAS2",NA,4.83860752905578e-05,NA,NA,NA,NA,"Joint HESS uncertainty requires valid regional genetic and total residual parameters"
"chr1_235819436_237555628","region","h2","GWAS2",NA,-4.67346687573031e-05,NA,NA,NA,NA,"Joint HESS uncertainty requires valid regional genetic and total residual parameters"
"chr1_237555628_238567807","region","h2","GWAS2",NA,5.81534301343166e-05,NA,NA,NA,NA,"Joint HESS uncertainty requires valid regional genetic and total residual parameters"
"chr1_238567807_239925314","region","h2","GWAS2",NA,-9.09963616687536e-05,NA,NA,NA,NA,"Joint HESS uncertainty requires valid regional genetic and total residual parameters"
"chr1_23920590_25516845","region","h2","GWAS2",NA,-1.03041017573847e-05,NA,NA,NA,NA,"Joint HESS uncertainty requires valid regional genetic and total residual parameters"
"chr1_239925314_240564091","region","h2","GWAS2",NA,-9.38297697024731e-06,NA,NA,NA,NA,"Joint HESS uncertainty requires valid regional genetic and total residual parameters"
"chr1_240564091_241582220","region","h2","GWAS2",NA,-0.000117486828798917,NA,NA,NA,NA,"Joint HESS uncertainty requires valid regional genetic and total residual parameters"
"chr1_241582220_242071602","region","h2","GWAS2",NA,9.66710107139088e-05,NA,NA,NA,NA,"Joint HESS uncertainty requires valid regional genetic and total residual parameters"
"chr1_242071602_244109499","region","h2","GWAS2",NA,-3.8594446775172e-05,NA,NA,NA,NA,"Joint HESS uncertainty requires valid regional genetic and total residual parameters"
"chr1_244109499_245506746","region","h2","GWAS2",NA,-3.15671295914686e-05,NA,NA,NA,NA,"Joint HESS uncertainty requires valid regional genetic and total residual parameters"
"chr1_245506746_247344518","region","h2","GWAS2",NA,-8.80453748560134e-05,NA,NA,NA,NA,"Joint HESS uncertainty requires valid regional genetic and total residual parameters"
"chr1_247344518_249239466","region","h2","GWAS2",NA,8.10659553952778e-05,NA,NA,NA,NA,"Joint HESS uncertainty requires valid regional genetic and total residual parameters"
"chr1_25516845_27401867","region","h2","GWAS2",NA,1.0378332731601e-05,NA,NA,NA,NA,"Joint HESS uncertainty requires valid regional genetic and total residual parameters"
"chr1_27401867_30161881","region","h2","GWAS2",NA,-3.40609885427594e-05,NA,NA,NA,NA,"Joint HESS uncertainty requires valid regional genetic and total residual parameters"
"chr1_30161881_32438685","region","h2","GWAS2",NA,-7.55628255754678e-05,NA,NA,NA,NA,"Joint HESS uncertainty requires valid regional genetic and total residual parameters"
"chr1_32438685_34799758","region","h2","GWAS2",NA,1.0195325235456e-05,NA,NA,NA,NA,"Joint HESS uncertainty requires valid regional genetic and total residual parameters"
"chr1_34799758_37549183","region","h2","GWAS2",NA,-2.96874730118449e-05,NA,NA,NA,NA,"Joint HESS uncertainty requires valid regional genetic and total residual parameters"
"chr1_3582736_4380811","region","h2","GWAS2",NA,1.19591684790733e-05,NA,NA,NA,NA,"Joint HESS uncertainty requires valid regional genetic and total residual parameters"
"chr1_37549183_38731847","region","h2","GWAS2",NA,0.000159442751518355,NA,NA,NA,NA,"Joint HESS uncertainty requires valid regional genetic and total residual parameters"
"chr1_38731847_40200567","region","h2","GWAS2",NA,6.2091434907884e-05,NA,NA,NA,NA,"Joint HESS uncertainty requires valid regional genetic and total residual parameters"
"chr1_40200567_41975327","region","h2","GWAS2",NA,-5.91065435560177e-05,NA,NA,NA,NA,"Joint HESS uncertainty requires valid regional genetic and total residual parameters"
"chr1_41975327_43758457","region","h2","GWAS2",NA,4.29866091173054e-05,NA,NA,NA,NA,"Joint HESS uncertainty requires valid regional genetic and total residual parameters"
"chr1_43758457_44969183","region","h2","GWAS2",NA,-5.60958901655662e-05,NA,NA,NA,NA,"Joint HESS uncertainty requires valid regional genetic and total residual parameters"
"chr1_4380811_5913893","region","h2","GWAS2",NA,-5.660929161831e-05,NA,NA,NA,NA,"Joint HESS uncertainty requires valid regional genetic and total residual parameters"
"chr1_44969183_46899501","region","h2","GWAS2",NA,0.000138004405030718,NA,NA,NA,NA,"Joint HESS uncertainty requires valid regional genetic and total residual parameters"
"chr1_46899501_48002576","region","h2","GWAS2",NA,6.40750524476854e-05,NA,NA,NA,NA,"Joint HESS uncertainty requires valid regional genetic and total residual parameters"
"chr1_48002576_48978188","region","h2","GWAS2",NA,-8.31726181428924e-05,NA,NA,NA,NA,"Joint HESS uncertainty requires valid regional genetic and total residual parameters"
"chr1_48978188_49894177","region","h2","GWAS2",NA,-2.33700850904275e-05,NA,NA,NA,NA,"Joint HESS uncertainty requires valid regional genetic and total residual parameters"
"chr1_49894177_51713726","region","h2","GWAS2",NA,-3.75335667863713e-05,NA,NA,NA,NA,"Joint HESS uncertainty requires valid regional genetic and total residual parameters"
"chr1_51713726_54226262","region","h2","GWAS2",NA,3.25528545470082e-06,NA,NA,NA,NA,"Joint HESS uncertainty requires valid regional genetic and total residual parameters"
"chr1_54226262_56413117","region","h2","GWAS2",NA,-2.83815693371e-05,NA,NA,NA,NA,"Joint HESS uncertainty requires valid regional genetic and total residual parameters"
"chr1_56413117_57021728","region","h2","GWAS2",NA,0.000359439770828729,NA,NA,NA,NA,"Joint HESS uncertainty requires valid regional genetic and total residual parameters"
"chr1_57021728_58865399","region","h2","GWAS2",NA,1.53813339693299e-05,NA,NA,NA,NA,"Joint HESS uncertainty requires valid regional genetic and total residual parameters"
"chr1_58865399_59890409","region","h2","GWAS2",NA,0.000156878633362842,NA,NA,NA,NA,"Joint HESS uncertainty requires valid regional genetic and total residual parameters"
"chr1_5913893_7247335","region","h2","GWAS2",NA,-5.03270016188565e-05,NA,NA,NA,NA,"Joint HESS uncertainty requires valid regional genetic and total residual parameters"
"chr1_59890409_61922365","region","h2","GWAS2",NA,-4.11645459265225e-05,NA,NA,NA,NA,"Joint HESS uncertainty requires valid regional genetic and total residual parameters"
"chr1_61922365_63455089","region","h2","GWAS2",NA,-6.52936427479851e-05,NA,NA,NA,NA,"Joint HESS uncertainty requires valid regional genetic and total residual parameters"
"chr1_63455089_65041704","region","h2","GWAS2",NA,-0.000112999051835091,NA,NA,NA,NA,"Joint HESS uncertainty requires valid regional genetic and total residual parameters"
"chr1_65041704_66939404","region","h2","GWAS2",NA,-8.40569809808323e-05,NA,NA,NA,NA,"Joint HESS uncertainty requires valid regional genetic and total residual parameters"
"chr1_66939404_68477895","region","h2","GWAS2",NA,-4.98092363851049e-05,NA,NA,NA,NA,"Joint HESS uncertainty requires valid regional genetic and total residual parameters"
"chr1_68477895_69687616","region","h2","GWAS2",NA,-1.08629451601571e-05,NA,NA,NA,NA,"Joint HESS uncertainty requires valid regional genetic and total residual parameters"
"chr1_69687616_71372470","region","h2","GWAS2",NA,-5.78242260331105e-05,NA,NA,NA,NA,"Joint HESS uncertainty requires valid regional genetic and total residual parameters"
"chr1_71372470_71684405","region","h2","GWAS2",NA,-2.39723535300995e-05,NA,NA,NA,NA,"Joint HESS uncertainty requires valid regional genetic and total residual parameters"
"chr1_71684405_74326907","region","h2","GWAS2",NA,-7.71618707197488e-07,NA,NA,NA,NA,"Joint HESS uncertainty requires valid regional genetic and total residual parameters"
"chr1_7247335_9365199","region","h2","GWAS2",NA,7.44884724294122e-05,NA,NA,NA,NA,"Joint HESS uncertainty requires valid regional genetic and total residual parameters"
"chr1_74326907_76728135","region","h2","GWAS2",NA,6.3566843554907e-06,NA,NA,NA,NA,"Joint HESS uncertainty requires valid regional genetic and total residual parameters"
"chr1_76728135_79661198","region","h2","GWAS2",NA,8.1628382790766e-05,NA,NA,NA,NA,"Joint HESS uncertainty requires valid regional genetic and total residual parameters"
"chr1_79661198_81354191","region","h2","GWAS2",NA,6.51847760488951e-05,NA,NA,NA,NA,"Joint HESS uncertainty requires valid regional genetic and total residual parameters"
"chr1_81354191_83991748","region","h2","GWAS2",NA,-0.00011017672324752,NA,NA,NA,NA,"Joint HESS uncertainty requires valid regional genetic and total residual parameters"
"chr1_83991748_84844495","region","h2","GWAS2",NA,1.05126191643184e-05,NA,NA,NA,NA,"Joint HESS uncertainty requires valid regional genetic and total residual parameters"
"chr1_84844495_86454751","region","h2","GWAS2",NA,-9.18141503627928e-05,NA,NA,NA,NA,"Joint HESS uncertainty requires valid regional genetic and total residual parameters"
"chr1_86454751_88128631","region","h2","GWAS2",NA,5.36730537158796e-05,NA,NA,NA,NA,"Joint HESS uncertainty requires valid regional genetic and total residual parameters"
"chr1_88128631_90066303","region","h2","GWAS2",NA,-1.98689199727349e-06,NA,NA,NA,NA,"Joint HESS uncertainty requires valid regional genetic and total residual parameters"
"chr1_90066303_91886317","region","h2","GWAS2",NA,0.000145973618434421,NA,NA,NA,NA,"Joint HESS uncertainty requires valid regional genetic and total residual parameters"
"chr1_91886317_93536459","region","h2","GWAS2",NA,0.000101341117535274,NA,NA,NA,NA,"Joint HESS uncertainty requires valid regional genetic and total residual parameters"
"chr1_93536459_94506191","region","h2","GWAS2",NA,6.81160022414574e-05,NA,NA,NA,NA,"Joint HESS uncertainty requires valid regional genetic and total residual parameters"
"chr1_9365199_10806984","region","h2","GWAS2",NA,-6.49975196737014e-05,NA,NA,NA,NA,"Joint HESS uncertainty requires valid regional genetic and total residual parameters"
"chr1_94506191_96150893","region","h2","GWAS2",NA,4.23624809178561e-05,NA,NA,NA,NA,"Joint HESS uncertainty requires valid regional genetic and total residual parameters"
"chr1_96150893_97885249","region","h2","GWAS2",NA,-1.18929686586756e-05,NA,NA,NA,NA,"Joint HESS uncertainty requires valid regional genetic and total residual parameters"
"chr1_97885249_99800604","region","h2","GWAS2",NA,-6.36302594740466e-05,NA,NA,NA,NA,"Joint HESS uncertainty requires valid regional genetic and total residual parameters"
"chr1_99800604_100826405","region","h2","GWAS2",NA,-7.38690509298705e-05,NA,NA,NA,NA,"Joint HESS uncertainty requires valid regional genetic and total residual parameters"
"chr20_11249536_12447499","region","h2","GWAS2",NA,1.78646690282343e-06,NA,NA,NA,NA,"Joint HESS uncertainty requires valid regional genetic and total residual parameters"
"chr20_12447499_13689864","region","h2","GWAS2",NA,3.64690211076592e-05,NA,NA,NA,NA,"Joint HESS uncertainty requires valid regional genetic and total residual parameters"
"chr20_13689864_15958359","region","h2","GWAS2",NA,-3.44026269453744e-05,NA,NA,NA,NA,"Joint HESS uncertainty requires valid regional genetic and total residual parameters"
"chr20_15958359_17487232","region","h2","GWAS2",NA,4.10762540554802e-05,NA,NA,NA,NA,"Joint HESS uncertainty requires valid regional genetic and total residual parameters"
"chr20_17487232_18972203","region","h2","GWAS2",NA,-3.95101707592571e-05,NA,NA,NA,NA,"Joint HESS uncertainty requires valid regional genetic and total residual parameters"
"chr20_18972203_20959710","region","h2","GWAS2",NA,-5.79532353406303e-06,NA,NA,NA,NA,"Joint HESS uncertainty requires valid regional genetic and total residual parameters"
"chr20_20959710_22491456","region","h2","GWAS2",NA,-8.88736426008704e-06,NA,NA,NA,NA,"Joint HESS uncertainty requires valid regional genetic and total residual parameters"
"chr20_22491456_23293790","region","h2","GWAS2",NA,-4.17628135739478e-05,NA,NA,NA,NA,"Joint HESS uncertainty requires valid regional genetic and total residual parameters"
"chr20_23293790_24717724","region","h2","GWAS2",NA,-3.60020410712526e-05,NA,NA,NA,NA,"Joint HESS uncertainty requires valid regional genetic and total residual parameters"
"chr20_2469501_3828413","region","h2","GWAS2",NA,6.51838238497549e-05,NA,NA,NA,NA,"Joint HESS uncertainty requires valid regional genetic and total residual parameters"
"chr20_24717724_25344231","region","h2","GWAS2",NA,1.01057308722493e-05,NA,NA,NA,NA,"Joint HESS uncertainty requires valid regional genetic and total residual parameters"
"chr20_25344231_31614823","region","h2","GWAS2",NA,3.96246274062186e-05,NA,NA,NA,NA,"Joint HESS uncertainty requires valid regional genetic and total residual parameters"
"chr20_31614823_32813441","region","h2","GWAS2",NA,9.79951369783109e-06,NA,NA,NA,NA,"Joint HESS uncertainty requires valid regional genetic and total residual parameters"
"chr20_32813441_34960446","region","h2","GWAS2",NA,0.000100277836221139,NA,NA,NA,NA,"Joint HESS uncertainty requires valid regional genetic and total residual parameters"
"chr20_34960446_36909530","region","h2","GWAS2",NA,-4.90847046496664e-05,NA,NA,NA,NA,"Joint HESS uncertainty requires valid regional genetic and total residual parameters"
"chr20_36909530_38436761","region","h2","GWAS2",NA,-8.72134487162571e-05,NA,NA,NA,NA,"Joint HESS uncertainty requires valid regional genetic and total residual parameters"
"chr20_3828413_5477850","region","h2","GWAS2",NA,8.07349539339433e-06,NA,NA,NA,NA,"Joint HESS uncertainty requires valid regional genetic and total residual parameters"
"chr20_38436761_39610856","region","h2","GWAS2",NA,0.000134225556712697,NA,NA,NA,NA,"Joint HESS uncertainty requires valid regional genetic and total residual parameters"
"chr20_39610856_40585689","region","h2","GWAS2",NA,9.71338619598983e-05,NA,NA,NA,NA,"Joint HESS uncertainty requires valid regional genetic and total residual parameters"
"chr20_40585689_41615460","region","h2","GWAS2",NA,-6.60823641341022e-05,NA,NA,NA,NA,"Joint HESS uncertainty requires valid regional genetic and total residual parameters"
"chr20_41615460_42680176","region","h2","GWAS2",NA,-8.65867760147631e-05,NA,NA,NA,NA,"Joint HESS uncertainty requires valid regional genetic and total residual parameters"
"chr20_42680176_44839056","region","h2","GWAS2",NA,7.03793747887989e-05,NA,NA,NA,NA,"Joint HESS uncertainty requires valid regional genetic and total residual parameters"
"chr20_44839056_47199980","region","h2","GWAS2",NA,-0.000102688699196709,NA,NA,NA,NA,"Joint HESS uncertainty requires valid regional genetic and total residual parameters"
"chr20_47199980_49239658","region","h2","GWAS2",NA,0.000222815304495659,NA,NA,NA,NA,"Joint HESS uncertainty requires valid regional genetic and total residual parameters"
"chr20_49239658_52472549","region","h2","GWAS2",NA,-0.000112714438899941,NA,NA,NA,NA,"Joint HESS uncertainty requires valid regional genetic and total residual parameters"
"chr20_52472549_54055266","region","h2","GWAS2",NA,-7.86846188064805e-05,NA,NA,NA,NA,"Joint HESS uncertainty requires valid regional genetic and total residual parameters"
"chr20_54055266_56447959","region","h2","GWAS2",NA,-7.28441072059769e-06,NA,NA,NA,NA,"Joint HESS uncertainty requires valid regional genetic and total residual parameters"
"chr20_5477850_7084073","region","h2","GWAS2",NA,-4.93686521923621e-05,NA,NA,NA,NA,"Joint HESS uncertainty requires valid regional genetic and total residual parameters"
"chr20_56447959_58406572","region","h2","GWAS2",NA,5.95768021082042e-06,NA,NA,NA,NA,"Joint HESS uncertainty requires valid regional genetic and total residual parameters"
"chr20_58406572_59561724","region","h2","GWAS2",NA,-5.61217751801306e-05,NA,NA,NA,NA,"Joint HESS uncertainty requires valid regional genetic and total residual parameters"
"chr20_59561724_61301855","region","h2","GWAS2",NA,-6.6016086245527e-05,NA,NA,NA,NA,"Joint HESS uncertainty requires valid regional genetic and total residual parameters"
"chr20_60479_697600","region","h2","GWAS2",NA,-9.21123092059775e-06,NA,NA,NA,NA,"Joint HESS uncertainty requires valid regional genetic and total residual parameters"
"chr20_61301855_62190180","region","h2","GWAS2",NA,-1.96724644278423e-05,NA,NA,NA,NA,"Joint HESS uncertainty requires valid regional genetic and total residual parameters"
"chr20_62190180_62965163","region","h2","GWAS2",NA,6.8014096710551e-05,NA,NA,NA,NA,"Joint HESS uncertainty requires valid regional genetic and total residual parameters"
"chr20_697600_2469501","region","h2","GWAS2",NA,-2.72056608791202e-05,NA,NA,NA,NA,"Joint HESS uncertainty requires valid regional genetic and total residual parameters"
"chr20_7084073_8117011","region","h2","GWAS2",NA,-2.56319539149167e-05,NA,NA,NA,NA,"Joint HESS uncertainty requires valid regional genetic and total residual parameters"
"chr20_8117011_9730921","region","h2","GWAS2",NA,-5.17573885640628e-05,NA,NA,NA,NA,"Joint HESS uncertainty requires valid regional genetic and total residual parameters"
"chr20_9730921_11249536","region","h2","GWAS2",NA,3.12938209354203e-05,NA,NA,NA,NA,"Joint HESS uncertainty requires valid regional genetic and total residual parameters"
"chr21_15950982_18053165","region","h2","GWAS2",NA,4.38582796690584e-05,NA,NA,NA,NA,"Joint HESS uncertainty requires valid regional genetic and total residual parameters"
"chr21_18053165_19480375","region","h2","GWAS2",NA,-4.05822668122585e-05,NA,NA,NA,NA,"Joint HESS uncertainty requires valid regional genetic and total residual parameters"
"chr21_19480375_20962339","region","h2","GWAS2",NA,-4.37748633473233e-08,NA,NA,NA,NA,"Joint HESS uncertainty requires valid regional genetic and total residual parameters"
"chr21_20962339_22072764","region","h2","GWAS2",NA,-4.95069073008127e-05,NA,NA,NA,NA,"Joint HESS uncertainty requires valid regional genetic and total residual parameters"
"chr21_22072764_23362875","region","h2","GWAS2",NA,-8.30368405611975e-05,NA,NA,NA,NA,"Joint HESS uncertainty requires valid regional genetic and total residual parameters"
"chr21_23362875_24696231","region","h2","GWAS2",NA,-2.55942712342788e-06,NA,NA,NA,NA,"Joint HESS uncertainty requires valid regional genetic and total residual parameters"
"chr21_24696231_26469122","region","h2","GWAS2",NA,-4.22746516195229e-05,NA,NA,NA,NA,"Joint HESS uncertainty requires valid regional genetic and total residual parameters"
"chr21_26469122_27271019","region","h2","GWAS2",NA,6.97759408202317e-06,NA,NA,NA,NA,"Joint HESS uncertainty requires valid regional genetic and total residual parameters"
"chr21_27271019_29125226","region","h2","GWAS2",NA,-0.000142985296176931,NA,NA,NA,NA,"Joint HESS uncertainty requires valid regional genetic and total residual parameters"
"chr21_29125226_31197025","region","h2","GWAS2",NA,8.64135411738642e-05,NA,NA,NA,NA,"Joint HESS uncertainty requires valid regional genetic and total residual parameters"
"chr21_31197025_32668642","region","h2","GWAS2",NA,1.9967242763684e-05,NA,NA,NA,NA,"Joint HESS uncertainty requires valid regional genetic and total residual parameters"
"chr21_32668642_34376999","region","h2","GWAS2",NA,2.28241385644553e-05,NA,NA,NA,NA,"Joint HESS uncertainty requires valid regional genetic and total residual parameters"
"chr21_34376999_35225465","region","h2","GWAS2",NA,-3.10286504873613e-05,NA,NA,NA,NA,"Joint HESS uncertainty requires valid regional genetic and total residual parameters"
"chr21_35225465_36524373","region","h2","GWAS2",NA,0.000295715164666711,NA,NA,NA,NA,"Joint HESS uncertainty requires valid regional genetic and total residual parameters"
"chr21_36524373_37870779","region","h2","GWAS2",NA,-6.94792990871603e-06,NA,NA,NA,NA,"Joint HESS uncertainty requires valid regional genetic and total residual parameters"
"chr21_37870779_38711704","region","h2","GWAS2",NA,-1.1778581451314e-05,NA,NA,NA,NA,"Joint HESS uncertainty requires valid regional genetic and total residual parameters"
"chr21_38711704_40482902","region","h2","GWAS2",NA,4.24529967199437e-06,NA,NA,NA,NA,"Joint HESS uncertainty requires valid regional genetic and total residual parameters"
"chr21_40482902_41389527","region","h2","GWAS2",NA,5.57290433849323e-06,NA,NA,NA,NA,"Joint HESS uncertainty requires valid regional genetic and total residual parameters"
"chr21_41389527_43321528","region","h2","GWAS2",NA,-6.23846922648424e-05,NA,NA,NA,NA,"Joint HESS uncertainty requires valid regional genetic and total residual parameters"
"chr21_43321528_44506268","region","h2","GWAS2",NA,-7.8341241255691e-07,NA,NA,NA,NA,"Joint HESS uncertainty requires valid regional genetic and total residual parameters"
"chr21_44506268_46177105","region","h2","GWAS2",NA,4.04077833722708e-05,NA,NA,NA,NA,"Joint HESS uncertainty requires valid regional genetic and total residual parameters"
"chr21_46177105_47492226","region","h2","GWAS2",NA,-2.10771256941067e-05,NA,NA,NA,NA,"Joint HESS uncertainty requires valid regional genetic and total residual parameters"
"chr21_47492226_48119752","region","h2","GWAS2",NA,-1.09347464310001e-07,NA,NA,NA,NA,"Joint HESS uncertainty requires valid regional genetic and total residual parameters"
"chr21_9411243_15950982","region","h2","GWAS2",NA,-7.95532660269142e-05,NA,NA,NA,NA,"Joint HESS uncertainty requires valid regional genetic and total residual parameters"
"chr22_16050408_17674295","region","h2","GWAS2",NA,1.53346594559927e-05,NA,NA,NA,NA,"Joint HESS uncertainty requires valid regional genetic and total residual parameters"
"chr22_17674295_18296088","region","h2","GWAS2",NA,4.67524883711114e-06,NA,NA,NA,NA,"Joint HESS uncertainty requires valid regional genetic and total residual parameters"
"chr22_18296088_19912358","region","h2","GWAS2",NA,-1.40076577772409e-05,NA,NA,NA,NA,"Joint HESS uncertainty requires valid regional genetic and total residual parameters"
"chr22_19912358_22357325","region","h2","GWAS2",NA,4.83535381259747e-05,NA,NA,NA,NA,"Joint HESS uncertainty requires valid regional genetic and total residual parameters"
"chr22_22357325_23712647","region","h2","GWAS2",NA,-2.29965047209075e-05,NA,NA,NA,NA,"Joint HESS uncertainty requires valid regional genetic and total residual parameters"
"chr22_23712647_24984204","region","h2","GWAS2",NA,0.000115194545663995,NA,NA,NA,NA,"Joint HESS uncertainty requires valid regional genetic and total residual parameters"
"chr22_24984204_26791628","region","h2","GWAS2",NA,-4.95281706774156e-05,NA,NA,NA,NA,"Joint HESS uncertainty requires valid regional genetic and total residual parameters"
"chr22_26791628_27834752","region","h2","GWAS2",NA,-3.62664203434088e-05,NA,NA,NA,NA,"Joint HESS uncertainty requires valid regional genetic and total residual parameters"
"chr22_27834752_29651799","region","h2","GWAS2",NA,-4.23897810875022e-05,NA,NA,NA,NA,"Joint HESS uncertainty requires valid regional genetic and total residual parameters"
"chr22_29651799_31439918","region","h2","GWAS2",NA,2.8868111028288e-05,NA,NA,NA,NA,"Joint HESS uncertainty requires valid regional genetic and total residual parameters"
"chr22_31439918_32664986","region","h2","GWAS2",NA,8.90180041018003e-05,NA,NA,NA,NA,"Joint HESS uncertainty requires valid regional genetic and total residual parameters"
"chr22_32664986_34494914","region","h2","GWAS2",NA,3.64427208975855e-05,NA,NA,NA,NA,"Joint HESS uncertainty requires valid regional genetic and total residual parameters"
"chr22_34494914_35530985","region","h2","GWAS2",NA,-9.2249028269517e-05,NA,NA,NA,NA,"Joint HESS uncertainty requires valid regional genetic and total residual parameters"
"chr22_35530985_37570269","region","h2","GWAS2",NA,-8.83273588578952e-05,NA,NA,NA,NA,"Joint HESS uncertainty requires valid regional genetic and total residual parameters"
"chr22_37570269_39307894","region","h2","GWAS2",NA,3.29881473925747e-05,NA,NA,NA,NA,"Joint HESS uncertainty requires valid regional genetic and total residual parameters"
"chr22_39307894_40545797","region","h2","GWAS2",NA,-3.63225076054514e-05,NA,NA,NA,NA,"Joint HESS uncertainty requires valid regional genetic and total residual parameters"
"chr22_40545797_42690818","region","h2","GWAS2",NA,4.31917728943693e-05,NA,NA,NA,NA,"Joint HESS uncertainty requires valid regional genetic and total residual parameters"
"chr22_42690818_43714200","region","h2","GWAS2",NA,-7.86700896783763e-06,NA,NA,NA,NA,"Joint HESS uncertainty requires valid regional genetic and total residual parameters"
"chr22_43714200_44995308","region","h2","GWAS2",NA,-7.27929291224987e-05,NA,NA,NA,NA,"Joint HESS uncertainty requires valid regional genetic and total residual parameters"
"chr22_44995308_46470495","region","h2","GWAS2",NA,-9.6230358989094e-05,NA,NA,NA,NA,"Joint HESS uncertainty requires valid regional genetic and total residual parameters"
"chr22_46470495_47596318","region","h2","GWAS2",NA,-4.61103756405698e-05,NA,NA,NA,NA,"Joint HESS uncertainty requires valid regional genetic and total residual parameters"
"chr22_47596318_48903703","region","h2","GWAS2",NA,-3.37766194044056e-05,NA,NA,NA,NA,"Joint HESS uncertainty requires valid regional genetic and total residual parameters"
"chr22_48903703_49824534","region","h2","GWAS2",NA,-1.45049901657955e-05,NA,NA,NA,NA,"Joint HESS uncertainty requires valid regional genetic and total residual parameters"
"chr22_49824534_51243298","region","h2","GWAS2",NA,-1.4374496508217e-05,NA,NA,NA,NA,"Joint HESS uncertainty requires valid regional genetic and total residual parameters"
"chr2_10133_1781022","region","h2","GWAS2",NA,2.87533440582145e-05,NA,NA,NA,NA,"Joint HESS uncertainty requires valid regional genetic and total residual parameters"
"chr2_101822329_102688765","region","h2","GWAS2",NA,1.75515911851711e-05,NA,NA,NA,NA,"Joint HESS uncertainty requires valid regional genetic and total residual parameters"
"chr2_102688765_103588215","region","h2","GWAS2",NA,-5.7012873565548e-05,NA,NA,NA,NA,"Joint HESS uncertainty requires valid regional genetic and total residual parameters"
"chr2_10298469_12419150","region","h2","GWAS2",NA,-5.57880412811206e-05,NA,NA,NA,NA,"Joint HESS uncertainty requires valid regional genetic and total residual parameters"
"chr2_103588215_105125034","region","h2","GWAS2",NA,4.22797589909874e-05,NA,NA,NA,NA,"Joint HESS uncertainty requires valid regional genetic and total residual parameters"
"chr2_105125034_106210058","region","h2","GWAS2",NA,-5.82326159660616e-05,NA,NA,NA,NA,"Joint HESS uncertainty requires valid regional genetic and total residual parameters"
"chr2_106210058_107408267","region","h2","GWAS2",NA,-3.17230210697795e-05,NA,NA,NA,NA,"Joint HESS uncertainty requires valid regional genetic and total residual parameters"
"chr2_107408267_108429177","region","h2","GWAS2",NA,-4.34745535103221e-05,NA,NA,NA,NA,"Joint HESS uncertainty requires valid regional genetic and total residual parameters"
"chr2_108429177_110572432","region","h2","GWAS2",NA,3.26086120125534e-05,NA,NA,NA,NA,"Joint HESS uncertainty requires valid regional genetic and total residual parameters"
"chr2_110572432_113921856","region","h2","GWAS2",NA,-3.88330987050792e-06,NA,NA,NA,NA,"Joint HESS uncertainty requires valid regional genetic and total residual parameters"
"chr2_113921856_116772470","region","h2","GWAS2",NA,-9.79737696780454e-07,NA,NA,NA,NA,"Joint HESS uncertainty requires valid regional genetic and total residual parameters"
"chr2_116772470_118367466","region","h2","GWAS2",NA,4.71895532638422e-06,NA,NA,NA,NA,"Joint HESS uncertainty requires valid regional genetic and total residual parameters"
"chr2_118367466_121303783","region","h2","GWAS2",NA,-1.13041074528498e-05,NA,NA,NA,NA,"Joint HESS uncertainty requires valid regional genetic and total residual parameters"
"chr2_121303783_123302906","region","h2","GWAS2",NA,-8.14418449617011e-05,NA,NA,NA,NA,"Joint HESS uncertainty requires valid regional genetic and total residual parameters"
"chr2_123302906_124732250","region","h2","GWAS2",NA,-5.51226291785419e-06,NA,NA,NA,NA,"Joint HESS uncertainty requires valid regional genetic and total residual parameters"
"chr2_12419150_14335308","region","h2","GWAS2",NA,9.98317935285298e-05,NA,NA,NA,NA,"Joint HESS uncertainty requires valid regional genetic and total residual parameters"
"chr2_124732250_125840921","region","h2","GWAS2",NA,6.64110257490628e-05,NA,NA,NA,NA,"Joint HESS uncertainty requires valid regional genetic and total residual parameters"
"chr2_125840921_127373764","region","h2","GWAS2",NA,3.41128224721423e-05,NA,NA,NA,NA,"Joint HESS uncertainty requires valid regional genetic and total residual parameters"
"chr2_127373764_128034347","region","h2","GWAS2",NA,1.41496808441111e-05,NA,NA,NA,NA,"Joint HESS uncertainty requires valid regional genetic and total residual parameters"
"chr2_128034347_129474441","region","h2","GWAS2",NA,9.10992329524103e-05,NA,NA,NA,NA,"Joint HESS uncertainty requires valid regional genetic and total residual parameters"
"chr2_129474441_130067170","region","h2","GWAS2",NA,-5.72048627114675e-05,NA,NA,NA,NA,"Joint HESS uncertainty requires valid regional genetic and total residual parameters"
"chr2_130067170_130658085","region","h2","GWAS2",NA,-4.71019249277371e-06,NA,NA,NA,NA,"Joint HESS uncertainty requires valid regional genetic and total residual parameters"
"chr2_130658085_133042784","region","h2","GWAS2",NA,-2.69497460420491e-06,NA,NA,NA,NA,"Joint HESS uncertainty requires valid regional genetic and total residual parameters"
"chr2_133042784_135158578","region","h2","GWAS2",NA,2.71865716283905e-06,NA,NA,NA,NA,"Joint HESS uncertainty requires valid regional genetic and total residual parameters"
"chr2_135158578_137042794","region","h2","GWAS2",NA,6.73823121306208e-05,NA,NA,NA,NA,"Joint HESS uncertainty requires valid regional genetic and total residual parameters"
"chr2_137042794_138698117","region","h2","GWAS2",NA,2.00071973534863e-05,NA,NA,NA,NA,"Joint HESS uncertainty requires valid regional genetic and total residual parameters"
"chr2_138698117_140100271","region","h2","GWAS2",NA,-9.63427565073625e-05,NA,NA,NA,NA,"Joint HESS uncertainty requires valid regional genetic and total residual parameters"
"chr2_140100271_141805351","region","h2","GWAS2",NA,-8.67769199929418e-06,NA,NA,NA,NA,"Joint HESS uncertainty requires valid regional genetic and total residual parameters"
"chr2_141805351_142518602","region","h2","GWAS2",NA,-0.000107917374801052,NA,NA,NA,NA,"Joint HESS uncertainty requires valid regional genetic and total residual parameters"
"chr2_142518602_144519484","region","h2","GWAS2",NA,-2.89908461700231e-05,NA,NA,NA,NA,"Joint HESS uncertainty requires valid regional genetic and total residual parameters"
"chr2_14335308_16329735","region","h2","GWAS2",NA,1.31944719090284e-05,NA,NA,NA,NA,"Joint HESS uncertainty requires valid regional genetic and total residual parameters"
"chr2_144519484_146445570","region","h2","GWAS2",NA,0.000287631769963465,NA,NA,NA,NA,"Joint HESS uncertainty requires valid regional genetic and total residual parameters"
"chr2_146445570_147277162","region","h2","GWAS2",NA,0.000110935704859318,NA,NA,NA,NA,"Joint HESS uncertainty requires valid regional genetic and total residual parameters"
"chr2_147277162_150210292","region","h2","GWAS2",NA,0.00011582778744903,NA,NA,NA,NA,"Joint HESS uncertainty requires valid regional genetic and total residual parameters"
"chr2_150210292_151731462","region","h2","GWAS2",NA,-1.85216777393253e-06,NA,NA,NA,NA,"Joint HESS uncertainty requires valid regional genetic and total residual parameters"
"chr2_151731462_152486782","region","h2","GWAS2",NA,9.010032559953e-05,NA,NA,NA,NA,"Joint HESS uncertainty requires valid regional genetic and total residual parameters"
"chr2_152486782_154005056","region","h2","GWAS2",NA,2.25509395899308e-05,NA,NA,NA,NA,"Joint HESS uncertainty requires valid regional genetic and total residual parameters"
"chr2_154005056_155391135","region","h2","GWAS2",NA,2.2099368142314e-05,NA,NA,NA,NA,"Joint HESS uncertainty requires valid regional genetic and total residual parameters"
"chr2_155391135_157560635","region","h2","GWAS2",NA,2.56529767664366e-06,NA,NA,NA,NA,"Joint HESS uncertainty requires valid regional genetic and total residual parameters"
"chr2_157560635_158533218","region","h2","GWAS2",NA,9.64600985709557e-05,NA,NA,NA,NA,"Joint HESS uncertainty requires valid regional genetic and total residual parameters"
"chr2_158533218_159577082","region","h2","GWAS2",NA,-4.26793675907347e-06,NA,NA,NA,NA,"Joint HESS uncertainty requires valid regional genetic and total residual parameters"
"chr2_159577082_161769733","region","h2","GWAS2",NA,0.000161828607410094,NA,NA,NA,NA,"Joint HESS uncertainty requires valid regional genetic and total residual parameters"
"chr2_161769733_163503551","region","h2","GWAS2",NA,0.000118616684759588,NA,NA,NA,NA,"Joint HESS uncertainty requires valid regional genetic and total residual parameters"
"chr2_16329735_18647423","region","h2","GWAS2",NA,-5.35789385863581e-05,NA,NA,NA,NA,"Joint HESS uncertainty requires valid regional genetic and total residual parameters"
"chr2_163503551_164466638","region","h2","GWAS2",NA,-1.46636353719636e-06,NA,NA,NA,NA,"Joint HESS uncertainty requires valid regional genetic and total residual parameters"
"chr2_164466638_165178840","region","h2","GWAS2",NA,9.8778457605006e-05,NA,NA,NA,NA,"Joint HESS uncertainty requires valid regional genetic and total residual parameters"
"chr2_165178840_167160270","region","h2","GWAS2",NA,-1.07910068537009e-05,NA,NA,NA,NA,"Joint HESS uncertainty requires valid regional genetic and total residual parameters"
"chr2_167160270_167355970","region","h2","GWAS2",NA,-6.70608890012946e-05,NA,NA,NA,NA,"Joint HESS uncertainty requires valid regional genetic and total residual parameters"
"chr2_167355970_169968236","region","h2","GWAS2",NA,-6.4647374538537e-05,NA,NA,NA,NA,"Joint HESS uncertainty requires valid regional genetic and total residual parameters"
"chr2_169968236_171226245","region","h2","GWAS2",NA,-6.53285745175141e-05,NA,NA,NA,NA,"Joint HESS uncertainty requires valid regional genetic and total residual parameters"
"chr2_171226245_173138905","region","h2","GWAS2",NA,1.76226424371226e-06,NA,NA,NA,NA,"Joint HESS uncertainty requires valid regional genetic and total residual parameters"
"chr2_173138905_175588929","region","h2","GWAS2",NA,3.73603784802453e-05,NA,NA,NA,NA,"Joint HESS uncertainty requires valid regional genetic and total residual parameters"
"chr2_175588929_177363636","region","h2","GWAS2",NA,0.000102705815982288,NA,NA,NA,NA,"Joint HESS uncertainty requires valid regional genetic and total residual parameters"
"chr2_177363636_178553183","region","h2","GWAS2",NA,4.10179641651533e-06,NA,NA,NA,NA,"Joint HESS uncertainty requires valid regional genetic and total residual parameters"
"chr2_1781022_3973779","region","h2","GWAS2",NA,-0.000123337806554822,NA,NA,NA,NA,"Joint HESS uncertainty requires valid regional genetic and total residual parameters"
"chr2_178553183_181312739","region","h2","GWAS2",NA,-2.9050269232473e-05,NA,NA,NA,NA,"Joint HESS uncertainty requires valid regional genetic and total residual parameters"
"chr2_181312739_182266031","region","h2","GWAS2",NA,-4.15843664903437e-05,NA,NA,NA,NA,"Joint HESS uncertainty requires valid regional genetic and total residual parameters"
"chr2_182266031_184357608","region","h2","GWAS2",NA,0.00017387581483174,NA,NA,NA,NA,"Joint HESS uncertainty requires valid regional genetic and total residual parameters"
"chr2_184357608_185280173","region","h2","GWAS2",NA,-5.6455201810255e-05,NA,NA,NA,NA,"Joint HESS uncertainty requires valid regional genetic and total residual parameters"
"chr2_185280173_189882065","region","h2","GWAS2",NA,4.19087998144676e-05,NA,NA,NA,NA,"Joint HESS uncertainty requires valid regional genetic and total residual parameters"
"chr2_18647423_19692404","region","h2","GWAS2",NA,2.48370421188532e-05,NA,NA,NA,NA,"Joint HESS uncertainty requires valid regional genetic and total residual parameters"
"chr2_189882065_191973357","region","h2","GWAS2",NA,6.4583886782277e-05,NA,NA,NA,NA,"Joint HESS uncertainty requires valid regional genetic and total residual parameters"
"chr2_191973357_195861164","region","h2","GWAS2",NA,-7.31486699798333e-05,NA,NA,NA,NA,"Joint HESS uncertainty requires valid regional genetic and total residual parameters"
"chr2_195861164_196447456","region","h2","GWAS2",NA,-0.000113837067988387,NA,NA,NA,NA,"Joint HESS uncertainty requires valid regional genetic and total residual parameters"
"chr2_196447456_198078110","region","h2","GWAS2",NA,-0.000110185034753787,NA,NA,NA,NA,"Joint HESS uncertainty requires valid regional genetic and total residual parameters"
"chr2_19692404_21050490","region","h2","GWAS2",NA,0.000129116936890394,NA,NA,NA,NA,"Joint HESS uncertainty requires valid regional genetic and total residual parameters"
"chr2_198078110_199311125","region","h2","GWAS2",NA,4.26253418369597e-06,NA,NA,NA,NA,"Joint HESS uncertainty requires valid regional genetic and total residual parameters"
"chr2_199311125_201576284","region","h2","GWAS2",NA,3.11584654535189e-05,NA,NA,NA,NA,"Joint HESS uncertainty requires valid regional genetic and total residual parameters"
"chr2_201576284_202818637","region","h2","GWAS2",NA,1.09217914073286e-05,NA,NA,NA,NA,"Joint HESS uncertainty requires valid regional genetic and total residual parameters"
"chr2_202818637_205799241","region","h2","GWAS2",NA,0.000314511182380075,NA,NA,NA,NA,"Joint HESS uncertainty requires valid regional genetic and total residual parameters"
"chr2_205799241_206735704","region","h2","GWAS2",NA,-5.92668735726618e-05,NA,NA,NA,NA,"Joint HESS uncertainty requires valid regional genetic and total residual parameters"
"chr2_206735704_208645399","region","h2","GWAS2",NA,-3.35120669771119e-05,NA,NA,NA,NA,"Joint HESS uncertainty requires valid regional genetic and total residual parameters"
"chr2_208645399_209941529","region","h2","GWAS2",NA,-6.23158903407496e-06,NA,NA,NA,NA,"Joint HESS uncertainty requires valid regional genetic and total residual parameters"
"chr2_209941529_212379518","region","h2","GWAS2",NA,2.56572226877018e-05,NA,NA,NA,NA,"Joint HESS uncertainty requires valid regional genetic and total residual parameters"
"chr2_21050490_23341383","region","h2","GWAS2",NA,0.000226192583246026,NA,NA,NA,NA,"Joint HESS uncertainty requires valid regional genetic and total residual parameters"
"chr2_212379518_214014282","region","h2","GWAS2",NA,2.12943958237204e-05,NA,NA,NA,NA,"Joint HESS uncertainty requires valid regional genetic and total residual parameters"
"chr2_214014282_215573795","region","h2","GWAS2",NA,3.52400236455467e-06,NA,NA,NA,NA,"Joint HESS uncertainty requires valid regional genetic and total residual parameters"
"chr2_215573795_217715661","region","h2","GWAS2",NA,6.49941351843132e-05,NA,NA,NA,NA,"Joint HESS uncertainty requires valid regional genetic and total residual parameters"
"chr2_217715661_218395480","region","h2","GWAS2",NA,-3.50572986129102e-05,NA,NA,NA,NA,"Joint HESS uncertainty requires valid regional genetic and total residual parameters"
"chr2_218395480_220454551","region","h2","GWAS2",NA,0.000183188969239251,NA,NA,NA,NA,"Joint HESS uncertainty requires valid regional genetic and total residual parameters"
"chr2_220454551_222521176","region","h2","GWAS2",NA,-4.85277278823883e-05,NA,NA,NA,NA,"Joint HESS uncertainty requires valid regional genetic and total residual parameters"
"chr2_222521176_224859419","region","h2","GWAS2",NA,-0.000103360242496178,NA,NA,NA,NA,"Joint HESS uncertainty requires valid regional genetic and total residual parameters"
"chr2_224859419_225840004","region","h2","GWAS2",NA,-1.91235507523891e-05,NA,NA,NA,NA,"Joint HESS uncertainty requires valid regional genetic and total residual parameters"
"chr2_225840004_228119842","region","h2","GWAS2",NA,7.06625364827885e-05,NA,NA,NA,NA,"Joint HESS uncertainty requires valid regional genetic and total residual parameters"
"chr2_228119842_229370787","region","h2","GWAS2",NA,-4.52662488251917e-06,NA,NA,NA,NA,"Joint HESS uncertainty requires valid regional genetic and total residual parameters"
"chr2_229370787_231843389","region","h2","GWAS2",NA,1.16367597584551e-05,NA,NA,NA,NA,"Joint HESS uncertainty requires valid regional genetic and total residual parameters"
"chr2_231843389_233550003","region","h2","GWAS2",NA,-4.33725574962878e-05,NA,NA,NA,NA,"Joint HESS uncertainty requires valid regional genetic and total residual parameters"
"chr2_23341383_24686918","region","h2","GWAS2",NA,-2.24655088436763e-05,NA,NA,NA,NA,"Joint HESS uncertainty requires valid regional genetic and total residual parameters"
"chr2_233550003_235150987","region","h2","GWAS2",NA,0.000109519723678553,NA,NA,NA,NA,"Joint HESS uncertainty requires valid regional genetic and total residual parameters"
"chr2_235150987_236043550","region","h2","GWAS2",NA,-8.59486342434645e-05,NA,NA,NA,NA,"Joint HESS uncertainty requires valid regional genetic and total residual parameters"
"chr2_236043550_237449032","region","h2","GWAS2",NA,1.29985876005804e-05,NA,NA,NA,NA,"Joint HESS uncertainty requires valid regional genetic and total residual parameters"
"chr2_237449032_238760981","region","h2","GWAS2",NA,1.74840861252233e-05,NA,NA,NA,NA,"Joint HESS uncertainty requires valid regional genetic and total residual parameters"
"chr2_238760981_239952643","region","h2","GWAS2",NA,0.000152198164793001,NA,NA,NA,NA,"Joint HESS uncertainty requires valid regional genetic and total residual parameters"
"chr2_239952643_241560084","region","h2","GWAS2",NA,-9.45782128453878e-05,NA,NA,NA,NA,"Joint HESS uncertainty requires valid regional genetic and total residual parameters"
"chr2_241560084_242149921","region","h2","GWAS2",NA,6.61926273819249e-05,NA,NA,NA,NA,"Joint HESS uncertainty requires valid regional genetic and total residual parameters"
"chr2_242149921_243188920","region","h2","GWAS2",NA,3.17464181644126e-06,NA,NA,NA,NA,"Joint HESS uncertainty requires valid regional genetic and total residual parameters"
"chr2_24686918_26894985","region","h2","GWAS2",NA,-3.70066793829741e-05,NA,NA,NA,NA,"Joint HESS uncertainty requires valid regional genetic and total residual parameters"
"chr2_26894985_28598777","region","h2","GWAS2",NA,8.0916797106699e-05,NA,NA,NA,NA,"Joint HESS uncertainty requires valid regional genetic and total residual parameters"
"chr2_28598777_29217559","region","h2","GWAS2",NA,-4.86240647812852e-05,NA,NA,NA,NA,"Joint HESS uncertainty requires valid regional genetic and total residual parameters"
"chr2_29217559_30463711","region","h2","GWAS2",NA,-2.03579349536097e-05,NA,NA,NA,NA,"Joint HESS uncertainty requires valid regional genetic and total residual parameters"
"chr2_30463711_31550450","region","h2","GWAS2",NA,4.73641384899912e-06,NA,NA,NA,NA,"Joint HESS uncertainty requires valid regional genetic and total residual parameters"
"chr2_31550450_33363777","region","h2","GWAS2",NA,-3.8074417403739e-05,NA,NA,NA,NA,"Joint HESS uncertainty requires valid regional genetic and total residual parameters"
"chr2_33363777_35345028","region","h2","GWAS2",NA,-6.2248524125622e-05,NA,NA,NA,NA,"Joint HESS uncertainty requires valid regional genetic and total residual parameters"
"chr2_35345028_36122006","region","h2","GWAS2",NA,-6.36457001637053e-05,NA,NA,NA,NA,"Joint HESS uncertainty requires valid regional genetic and total residual parameters"
"chr2_36122006_38132712","region","h2","GWAS2",NA,1.6903246547361e-05,NA,NA,NA,NA,"Joint HESS uncertainty requires valid regional genetic and total residual parameters"
"chr2_38132712_39031337","region","h2","GWAS2",NA,-2.01344039112996e-05,NA,NA,NA,NA,"Joint HESS uncertainty requires valid regional genetic and total residual parameters"
"chr2_39031337_40281483","region","h2","GWAS2",NA,-3.28290444094583e-05,NA,NA,NA,NA,"Joint HESS uncertainty requires valid regional genetic and total residual parameters"
"chr2_3973779_5708337","region","h2","GWAS2",NA,-5.00888221367096e-05,NA,NA,NA,NA,"Joint HESS uncertainty requires valid regional genetic and total residual parameters"
"chr2_40281483_43309590","region","h2","GWAS2",NA,-6.67829251807413e-05,NA,NA,NA,NA,"Joint HESS uncertainty requires valid regional genetic and total residual parameters"
"chr2_43309590_44313803","region","h2","GWAS2",NA,0.000323800523910553,NA,NA,NA,NA,"Joint HESS uncertainty requires valid regional genetic and total residual parameters"
"chr2_44313803_46482634","region","h2","GWAS2",NA,-2.18985214505434e-05,NA,NA,NA,NA,"Joint HESS uncertainty requires valid regional genetic and total residual parameters"
"chr2_46482634_47318772","region","h2","GWAS2",NA,1.90200182354185e-05,NA,NA,NA,NA,"Joint HESS uncertainty requires valid regional genetic and total residual parameters"
"chr2_47318772_48213001","region","h2","GWAS2",NA,-3.58441251354687e-05,NA,NA,NA,NA,"Joint HESS uncertainty requires valid regional genetic and total residual parameters"
"chr2_48213001_50022257","region","h2","GWAS2",NA,-4.99959406933375e-06,NA,NA,NA,NA,"Joint HESS uncertainty requires valid regional genetic and total residual parameters"
"chr2_50022257_50818928","region","h2","GWAS2",NA,0.000128707027001515,NA,NA,NA,NA,"Joint HESS uncertainty requires valid regional genetic and total residual parameters"
"chr2_50818928_52491133","region","h2","GWAS2",NA,-3.64049450079785e-05,NA,NA,NA,NA,"Joint HESS uncertainty requires valid regional genetic and total residual parameters"
"chr2_52491133_53508452","region","h2","GWAS2",NA,6.75775065132723e-05,NA,NA,NA,NA,"Joint HESS uncertainty requires valid regional genetic and total residual parameters"
"chr2_53508452_54685226","region","h2","GWAS2",NA,-9.62986087323022e-05,NA,NA,NA,NA,"Joint HESS uncertainty requires valid regional genetic and total residual parameters"
"chr2_54685226_56203345","region","h2","GWAS2",NA,1.54679872832215e-05,NA,NA,NA,NA,"Joint HESS uncertainty requires valid regional genetic and total residual parameters"
"chr2_56203345_57429100","region","h2","GWAS2",NA,3.91361804329025e-05,NA,NA,NA,NA,"Joint HESS uncertainty requires valid regional genetic and total residual parameters"
"chr2_5708337_6836254","region","h2","GWAS2",NA,-8.66046089919131e-05,NA,NA,NA,NA,"Joint HESS uncertainty requires valid regional genetic and total residual parameters"
"chr2_57429100_58297315","region","h2","GWAS2",NA,-5.29197283602929e-05,NA,NA,NA,NA,"Joint HESS uncertainty requires valid regional genetic and total residual parameters"
"chr2_58297315_60292000","region","h2","GWAS2",NA,6.60345460355803e-05,NA,NA,NA,NA,"Joint HESS uncertainty requires valid regional genetic and total residual parameters"
"chr2_60292000_62429044","region","h2","GWAS2",NA,3.6586339620212e-05,NA,NA,NA,NA,"Joint HESS uncertainty requires valid regional genetic and total residual parameters"
"chr2_62429044_64625913","region","h2","GWAS2",NA,2.05179258208102e-06,NA,NA,NA,NA,"Joint HESS uncertainty requires valid regional genetic and total residual parameters"
"chr2_64625913_65933444","region","h2","GWAS2",NA,3.47413355341649e-05,NA,NA,NA,NA,"Joint HESS uncertainty requires valid regional genetic and total residual parameters"
"chr2_65933444_67226166","region","h2","GWAS2",NA,8.3373165838769e-05,NA,NA,NA,NA,"Joint HESS uncertainty requires valid regional genetic and total residual parameters"
"chr2_67226166_68010176","region","h2","GWAS2",NA,-0.000127219323077452,NA,NA,NA,NA,"Joint HESS uncertainty requires valid regional genetic and total residual parameters"
"chr2_68010176_69139564","region","h2","GWAS2",NA,-1.27799841859119e-05,NA,NA,NA,NA,"Joint HESS uncertainty requires valid regional genetic and total residual parameters"
"chr2_6836254_8422147","region","h2","GWAS2",NA,-5.66135073645843e-06,NA,NA,NA,NA,"Joint HESS uncertainty requires valid regional genetic and total residual parameters"
"chr2_69139564_70755198","region","h2","GWAS2",NA,0.000138926735621075,NA,NA,NA,NA,"Joint HESS uncertainty requires valid regional genetic and total residual parameters"
"chr2_70755198_73174848","region","h2","GWAS2",NA,0.000138854056449684,NA,NA,NA,NA,"Joint HESS uncertainty requires valid regional genetic and total residual parameters"
"chr2_73174848_75630086","region","h2","GWAS2",NA,-5.79615532066095e-05,NA,NA,NA,NA,"Joint HESS uncertainty requires valid regional genetic and total residual parameters"
"chr2_75630086_76913661","region","h2","GWAS2",NA,3.46204021589445e-05,NA,NA,NA,NA,"Joint HESS uncertainty requires valid regional genetic and total residual parameters"
"chr2_76913661_78079264","region","h2","GWAS2",NA,-7.09046596031427e-05,NA,NA,NA,NA,"Joint HESS uncertainty requires valid regional genetic and total residual parameters"
"chr2_78079264_80050403","region","h2","GWAS2",NA,-2.41723070383339e-05,NA,NA,NA,NA,"Joint HESS uncertainty requires valid regional genetic and total residual parameters"
"chr2_80050403_81620841","region","h2","GWAS2",NA,1.37101661844635e-05,NA,NA,NA,NA,"Joint HESS uncertainty requires valid regional genetic and total residual parameters"
"chr2_81620841_85140680","region","h2","GWAS2",NA,-5.01037035109739e-05,NA,NA,NA,NA,"Joint HESS uncertainty requires valid regional genetic and total residual parameters"
"chr2_8422147_10298469","region","h2","GWAS2",NA,0.000120368921009394,NA,NA,NA,NA,"Joint HESS uncertainty requires valid regional genetic and total residual parameters"
"chr2_85140680_88038507","region","h2","GWAS2",NA,0.000230541894934896,NA,NA,NA,NA,"Joint HESS uncertainty requires valid regional genetic and total residual parameters"
"chr2_88038507_89154526","region","h2","GWAS2",NA,-2.83306818619382e-05,NA,NA,NA,NA,"Joint HESS uncertainty requires valid regional genetic and total residual parameters"
"chr2_89154526_95326452","region","h2","GWAS2",NA,7.3416903558532e-05,NA,NA,NA,NA,"Joint HESS uncertainty requires valid regional genetic and total residual parameters"
"chr2_95326452_98995201","region","h2","GWAS2",NA,4.10247143233381e-05,NA,NA,NA,NA,"Joint HESS uncertainty requires valid regional genetic and total residual parameters"
"chr2_98995201_101822329","region","h2","GWAS2",NA,-6.54515854374105e-06,NA,NA,NA,NA,"Joint HESS uncertainty requires valid regional genetic and total residual parameters"
"chr3_100592217_103084960","region","h2","GWAS2",NA,-1.10717351291246e-05,NA,NA,NA,NA,"Joint HESS uncertainty requires valid regional genetic and total residual parameters"
"chr3_103084960_104581613","region","h2","GWAS2",NA,4.12526160065946e-05,NA,NA,NA,NA,"Joint HESS uncertainty requires valid regional genetic and total residual parameters"
"chr3_104581613_106982811","region","h2","GWAS2",NA,8.64707713154756e-06,NA,NA,NA,NA,"Joint HESS uncertainty requires valid regional genetic and total residual parameters"
"chr3_106982811_109522395","region","h2","GWAS2",NA,-0.000112559689538823,NA,NA,NA,NA,"Joint HESS uncertainty requires valid regional genetic and total residual parameters"
"chr3_109522395_110513770","region","h2","GWAS2",NA,0.000110529249014256,NA,NA,NA,NA,"Joint HESS uncertainty requires valid regional genetic and total residual parameters"
"chr3_11019665_13070799","region","h2","GWAS2",NA,4.75777277946721e-05,NA,NA,NA,NA,"Joint HESS uncertainty requires valid regional genetic and total residual parameters"
"chr3_110513770_112815699","region","h2","GWAS2",NA,-6.5709006062572e-05,NA,NA,NA,NA,"Joint HESS uncertainty requires valid regional genetic and total residual parameters"
"chr3_112815699_113947863","region","h2","GWAS2",NA,-3.68887038706215e-05,NA,NA,NA,NA,"Joint HESS uncertainty requires valid regional genetic and total residual parameters"
"chr3_113947863_115447080","region","h2","GWAS2",NA,6.97579487554989e-05,NA,NA,NA,NA,"Joint HESS uncertainty requires valid regional genetic and total residual parameters"
"chr3_115447080_116800153","region","h2","GWAS2",NA,-9.57281584787802e-07,NA,NA,NA,NA,"Joint HESS uncertainty requires valid regional genetic and total residual parameters"
"chr3_116800153_118530251","region","h2","GWAS2",NA,-3.76204733479699e-05,NA,NA,NA,NA,"Joint HESS uncertainty requires valid regional genetic and total residual parameters"
"chr3_118530251_120523055","region","h2","GWAS2",NA,2.12064953782545e-05,NA,NA,NA,NA,"Joint HESS uncertainty requires valid regional genetic and total residual parameters"
"chr3_120523055_121974097","region","h2","GWAS2",NA,2.33773382349004e-05,NA,NA,NA,NA,"Joint HESS uncertainty requires valid regional genetic and total residual parameters"
"chr3_121974097_123517768","region","h2","GWAS2",NA,-4.67031700166773e-05,NA,NA,NA,NA,"Joint HESS uncertainty requires valid regional genetic and total residual parameters"
"chr3_123517768_124936642","region","h2","GWAS2",NA,9.66735623472029e-05,NA,NA,NA,NA,"Joint HESS uncertainty requires valid regional genetic and total residual parameters"
"chr3_124936642_126214943","region","h2","GWAS2",NA,-1.17301652839711e-05,NA,NA,NA,NA,"Joint HESS uncertainty requires valid regional genetic and total residual parameters"
"chr3_126214943_128194861","region","h2","GWAS2",NA,9.38286529245267e-06,NA,NA,NA,NA,"Joint HESS uncertainty requires valid regional genetic and total residual parameters"
"chr3_128194861_130244735","region","h2","GWAS2",NA,-8.57854440321772e-06,NA,NA,NA,NA,"Joint HESS uncertainty requires valid regional genetic and total residual parameters"
"chr3_130244735_131836516","region","h2","GWAS2",NA,-2.87673400193427e-05,NA,NA,NA,NA,"Joint HESS uncertainty requires valid regional genetic and total residual parameters"
"chr3_13070799_14816900","region","h2","GWAS2",NA,1.39854841560918e-05,NA,NA,NA,NA,"Joint HESS uncertainty requires valid regional genetic and total residual parameters"
"chr3_131836516_133252173","region","h2","GWAS2",NA,1.70630829982909e-05,NA,NA,NA,NA,"Joint HESS uncertainty requires valid regional genetic and total residual parameters"
"chr3_133252173_135456906","region","h2","GWAS2",NA,6.14540961609942e-05,NA,NA,NA,NA,"Joint HESS uncertainty requires valid regional genetic and total residual parameters"
"chr3_135456906_137371083","region","h2","GWAS2",NA,0.000179852114656572,NA,NA,NA,NA,"Joint HESS uncertainty requires valid regional genetic and total residual parameters"
"chr3_137371083_139954597","region","h2","GWAS2",NA,0.000108864826798462,NA,NA,NA,NA,"Joint HESS uncertainty requires valid regional genetic and total residual parameters"
"chr3_139954597_141339097","region","h2","GWAS2",NA,-3.03561628157254e-05,NA,NA,NA,NA,"Joint HESS uncertainty requires valid regional genetic and total residual parameters"
"chr3_141339097_143164628","region","h2","GWAS2",NA,5.6519344920858e-05,NA,NA,NA,NA,"Joint HESS uncertainty requires valid regional genetic and total residual parameters"
"chr3_143164628_144410816","region","h2","GWAS2",NA,-2.51291993794291e-05,NA,NA,NA,NA,"Joint HESS uncertainty requires valid regional genetic and total residual parameters"
"chr3_1441779_2992120","region","h2","GWAS2",NA,-0.000103767715034473,NA,NA,NA,NA,"Joint HESS uncertainty requires valid regional genetic and total residual parameters"
"chr3_144410816_145664619","region","h2","GWAS2",NA,7.75473045952584e-06,NA,NA,NA,NA,"Joint HESS uncertainty requires valid regional genetic and total residual parameters"
"chr3_145664619_146726629","region","h2","GWAS2",NA,0.000107453426203927,NA,NA,NA,NA,"Joint HESS uncertainty requires valid regional genetic and total residual parameters"
"chr3_146726629_149043237","region","h2","GWAS2",NA,-5.45308460822556e-05,NA,NA,NA,NA,"Joint HESS uncertainty requires valid regional genetic and total residual parameters"
"chr3_14816900_16282442","region","h2","GWAS2",NA,0.000182506614695428,NA,NA,NA,NA,"Joint HESS uncertainty requires valid regional genetic and total residual parameters"
"chr3_149043237_150252004","region","h2","GWAS2",NA,1.49897603155736e-05,NA,NA,NA,NA,"Joint HESS uncertainty requires valid regional genetic and total residual parameters"
"chr3_150252004_151348730","region","h2","GWAS2",NA,7.46197342468261e-05,NA,NA,NA,NA,"Joint HESS uncertainty requires valid regional genetic and total residual parameters"
"chr3_151348730_153256571","region","h2","GWAS2",NA,1.10410408448534e-05,NA,NA,NA,NA,"Joint HESS uncertainty requires valid regional genetic and total residual parameters"
"chr3_153256571_154714218","region","h2","GWAS2",NA,5.49466036409712e-05,NA,NA,NA,NA,"Joint HESS uncertainty requires valid regional genetic and total residual parameters"
"chr3_154714218_156008700","region","h2","GWAS2",NA,-6.45115672472971e-05,NA,NA,NA,NA,"Joint HESS uncertainty requires valid regional genetic and total residual parameters"
"chr3_156008700_157312028","region","h2","GWAS2",NA,-1.93170631580496e-05,NA,NA,NA,NA,"Joint HESS uncertainty requires valid regional genetic and total residual parameters"
"chr3_157312028_159477890","region","h2","GWAS2",NA,1.71029057313817e-05,NA,NA,NA,NA,"Joint HESS uncertainty requires valid regional genetic and total residual parameters"
"chr3_159477890_161524504","region","h2","GWAS2",NA,2.71477175831627e-05,NA,NA,NA,NA,"Joint HESS uncertainty requires valid regional genetic and total residual parameters"
"chr3_161524504_163253205","region","h2","GWAS2",NA,1.82874375998013e-05,NA,NA,NA,NA,"Joint HESS uncertainty requires valid regional genetic and total residual parameters"
"chr3_16282442_17891118","region","h2","GWAS2",NA,-1.50616162225982e-05,NA,NA,NA,NA,"Joint HESS uncertainty requires valid regional genetic and total residual parameters"
"chr3_163253205_165055469","region","h2","GWAS2",NA,-7.04316634178765e-05,NA,NA,NA,NA,"Joint HESS uncertainty requires valid regional genetic and total residual parameters"
"chr3_165055469_167117429","region","h2","GWAS2",NA,-3.11256787668558e-05,NA,NA,NA,NA,"Joint HESS uncertainty requires valid regional genetic and total residual parameters"
"chr3_167117429_168580960","region","h2","GWAS2",NA,-2.36991444764308e-06,NA,NA,NA,NA,"Joint HESS uncertainty requires valid regional genetic and total residual parameters"
"chr3_168580960_170964909","region","h2","GWAS2",NA,-1.3307432958107e-06,NA,NA,NA,NA,"Joint HESS uncertainty requires valid regional genetic and total residual parameters"
"chr3_170964909_172295731","region","h2","GWAS2",NA,0.000141002696950697,NA,NA,NA,NA,"Joint HESS uncertainty requires valid regional genetic and total residual parameters"
"chr3_172295731_173477285","region","h2","GWAS2",NA,2.37044454939913e-05,NA,NA,NA,NA,"Joint HESS uncertainty requires valid regional genetic and total residual parameters"
"chr3_173477285_175116539","region","h2","GWAS2",NA,-3.06415832475648e-05,NA,NA,NA,NA,"Joint HESS uncertainty requires valid regional genetic and total residual parameters"
"chr3_175116539_176320287","region","h2","GWAS2",NA,4.95351144694477e-05,NA,NA,NA,NA,"Joint HESS uncertainty requires valid regional genetic and total residual parameters"
"chr3_176320287_178107165","region","h2","GWAS2",NA,-7.92353283947788e-05,NA,NA,NA,NA,"Joint HESS uncertainty requires valid regional genetic and total residual parameters"
"chr3_178107165_179374586","region","h2","GWAS2",NA,-6.30893623045688e-05,NA,NA,NA,NA,"Joint HESS uncertainty requires valid regional genetic and total residual parameters"
"chr3_17891118_19125144","region","h2","GWAS2",NA,-8.53126864843994e-05,NA,NA,NA,NA,"Joint HESS uncertainty requires valid regional genetic and total residual parameters"
"chr3_179374586_181511166","region","h2","GWAS2",NA,-2.50861354202756e-05,NA,NA,NA,NA,"Joint HESS uncertainty requires valid regional genetic and total residual parameters"
"chr3_181511166_183769683","region","h2","GWAS2",NA,-1.22207783319444e-05,NA,NA,NA,NA,"Joint HESS uncertainty requires valid regional genetic and total residual parameters"
"chr3_183769683_185068255","region","h2","GWAS2",NA,3.01978900288884e-05,NA,NA,NA,NA,"Joint HESS uncertainty requires valid regional genetic and total residual parameters"
"chr3_185068255_186890344","region","h2","GWAS2",NA,-6.15092591738593e-05,NA,NA,NA,NA,"Joint HESS uncertainty requires valid regional genetic and total residual parameters"
"chr3_186890344_188856214","region","h2","GWAS2",NA,-4.46524901385256e-05,NA,NA,NA,NA,"Joint HESS uncertainty requires valid regional genetic and total residual parameters"
"chr3_188856214_190226607","region","h2","GWAS2",NA,-5.49570748064537e-05,NA,NA,NA,NA,"Joint HESS uncertainty requires valid regional genetic and total residual parameters"
"chr3_190226607_192343814","region","h2","GWAS2",NA,-5.72279616504405e-05,NA,NA,NA,NA,"Joint HESS uncertainty requires valid regional genetic and total residual parameters"
"chr3_19125144_20091348","region","h2","GWAS2",NA,-4.2588444532897e-05,NA,NA,NA,NA,"Joint HESS uncertainty requires valid regional genetic and total residual parameters"
"chr3_192343814_194059671","region","h2","GWAS2",NA,-1.11881268530422e-05,NA,NA,NA,NA,"Joint HESS uncertainty requires valid regional genetic and total residual parameters"
"chr3_194059671_194786674","region","h2","GWAS2",NA,-6.15448565146291e-05,NA,NA,NA,NA,"Joint HESS uncertainty requires valid regional genetic and total residual parameters"
"chr3_194786674_195971408","region","h2","GWAS2",NA,3.28253201009972e-05,NA,NA,NA,NA,"Joint HESS uncertainty requires valid regional genetic and total residual parameters"
"chr3_195971408_197075987","region","h2","GWAS2",NA,-1.38945566344827e-05,NA,NA,NA,NA,"Joint HESS uncertainty requires valid regional genetic and total residual parameters"
"chr3_197075987_197946622","region","h2","GWAS2",NA,5.29907080355458e-05,NA,NA,NA,NA,"Joint HESS uncertainty requires valid regional genetic and total residual parameters"
"chr3_20091348_21643707","region","h2","GWAS2",NA,-2.13337394063375e-05,NA,NA,NA,NA,"Joint HESS uncertainty requires valid regional genetic and total residual parameters"
"chr3_21643707_22204244","region","h2","GWAS2",NA,-0.000104290501194821,NA,NA,NA,NA,"Joint HESS uncertainty requires valid regional genetic and total residual parameters"
"chr3_22204244_23804865","region","h2","GWAS2",NA,1.33158227638512e-05,NA,NA,NA,NA,"Joint HESS uncertainty requires valid regional genetic and total residual parameters"
"chr3_23804865_25461558","region","h2","GWAS2",NA,-6.18212752766691e-05,NA,NA,NA,NA,"Joint HESS uncertainty requires valid regional genetic and total residual parameters"
"chr3_25461558_26877769","region","h2","GWAS2",NA,-0.000104467304864543,NA,NA,NA,NA,"Joint HESS uncertainty requires valid regional genetic and total residual parameters"
"chr3_26877769_27840910","region","h2","GWAS2",NA,-6.50486892359513e-05,NA,NA,NA,NA,"Joint HESS uncertainty requires valid regional genetic and total residual parameters"
"chr3_27840910_29142260","region","h2","GWAS2",NA,-5.34807063529814e-05,NA,NA,NA,NA,"Joint HESS uncertainty requires valid regional genetic and total residual parameters"
"chr3_29142260_30717955","region","h2","GWAS2",NA,-6.49291245545685e-05,NA,NA,NA,NA,"Joint HESS uncertainty requires valid regional genetic and total residual parameters"
"chr3_2992120_4431647","region","h2","GWAS2",NA,-8.99454479314575e-05,NA,NA,NA,NA,"Joint HESS uncertainty requires valid regional genetic and total residual parameters"
"chr3_30717955_32351715","region","h2","GWAS2",NA,-7.75460757008763e-05,NA,NA,NA,NA,"Joint HESS uncertainty requires valid regional genetic and total residual parameters"
"chr3_32351715_33255592","region","h2","GWAS2",NA,1.66744979174043e-05,NA,NA,NA,NA,"Joint HESS uncertainty requires valid regional genetic and total residual parameters"
"chr3_33255592_35283458","region","h2","GWAS2",NA,-0.00013334935299615,NA,NA,NA,NA,"Joint HESS uncertainty requires valid regional genetic and total residual parameters"
"chr3_35283458_36486842","region","h2","GWAS2",NA,-6.83445167578446e-05,NA,NA,NA,NA,"Joint HESS uncertainty requires valid regional genetic and total residual parameters"
"chr3_36486842_38356116","region","h2","GWAS2",NA,-7.20474024540079e-05,NA,NA,NA,NA,"Joint HESS uncertainty requires valid regional genetic and total residual parameters"
"chr3_38356116_40221298","region","h2","GWAS2",NA,4.59480522296964e-05,NA,NA,NA,NA,"Joint HESS uncertainty requires valid regional genetic and total residual parameters"
"chr3_40221298_41064528","region","h2","GWAS2",NA,1.59474708519637e-05,NA,NA,NA,NA,"Joint HESS uncertainty requires valid regional genetic and total residual parameters"
"chr3_41064528_42540002","region","h2","GWAS2",NA,-1.98705505285087e-05,NA,NA,NA,NA,"Joint HESS uncertainty requires valid regional genetic and total residual parameters"
"chr3_42540002_45165153","region","h2","GWAS2",NA,-1.81082573029568e-05,NA,NA,NA,NA,"Joint HESS uncertainty requires valid regional genetic and total residual parameters"
"chr3_4431647_6083183","region","h2","GWAS2",NA,-4.01176593723424e-05,NA,NA,NA,NA,"Joint HESS uncertainty requires valid regional genetic and total residual parameters"
"chr3_45165153_46657500","region","h2","GWAS2",NA,-1.26025106529392e-07,NA,NA,NA,NA,"Joint HESS uncertainty requires valid regional genetic and total residual parameters"
"chr3_46657500_47727212","region","h2","GWAS2",NA,2.62718161921469e-05,NA,NA,NA,NA,"Joint HESS uncertainty requires valid regional genetic and total residual parameters"
"chr3_47727212_49316972","region","h2","GWAS2",NA,0.000169523378808295,NA,NA,NA,NA,"Joint HESS uncertainty requires valid regional genetic and total residual parameters"
"chr3_49316972_51832015","region","h2","GWAS2",NA,0.000258827421482653,NA,NA,NA,NA,"Joint HESS uncertainty requires valid regional genetic and total residual parameters"
"chr3_51832015_54081390","region","h2","GWAS2",NA,-4.60058871583657e-05,NA,NA,NA,NA,"Joint HESS uncertainty requires valid regional genetic and total residual parameters"
"chr3_54081390_55348860","region","h2","GWAS2",NA,-7.27037961146963e-05,NA,NA,NA,NA,"Joint HESS uncertainty requires valid regional genetic and total residual parameters"
"chr3_55348860_56433907","region","h2","GWAS2",NA,-3.34382027055634e-05,NA,NA,NA,NA,"Joint HESS uncertainty requires valid regional genetic and total residual parameters"
"chr3_56433907_58157519","region","h2","GWAS2",NA,4.0829269975111e-05,NA,NA,NA,NA,"Joint HESS uncertainty requires valid regional genetic and total residual parameters"
"chr3_58157519_60272906","region","h2","GWAS2",NA,-0.000109932793071749,NA,NA,NA,NA,"Joint HESS uncertainty requires valid regional genetic and total residual parameters"
"chr3_60157_1441779","region","h2","GWAS2",NA,2.73904472389809e-05,NA,NA,NA,NA,"Joint HESS uncertainty requires valid regional genetic and total residual parameters"
"chr3_60272906_62355666","region","h2","GWAS2",NA,-1.40725046457525e-05,NA,NA,NA,NA,"Joint HESS uncertainty requires valid regional genetic and total residual parameters"
"chr3_6083183_7083387","region","h2","GWAS2",NA,1.02677279415756e-05,NA,NA,NA,NA,"Joint HESS uncertainty requires valid regional genetic and total residual parameters"
"chr3_62355666_63669286","region","h2","GWAS2",NA,-8.38231239819672e-05,NA,NA,NA,NA,"Joint HESS uncertainty requires valid regional genetic and total residual parameters"
"chr3_63669286_65273538","region","h2","GWAS2",NA,-3.32484164037999e-05,NA,NA,NA,NA,"Joint HESS uncertainty requires valid regional genetic and total residual parameters"
"chr3_65273538_66270447","region","h2","GWAS2",NA,-1.34671730087579e-05,NA,NA,NA,NA,"Joint HESS uncertainty requires valid regional genetic and total residual parameters"
"chr3_66270447_68286914","region","h2","GWAS2",NA,-7.69330303457034e-05,NA,NA,NA,NA,"Joint HESS uncertainty requires valid regional genetic and total residual parameters"
"chr3_68286914_69276762","region","h2","GWAS2",NA,-0.000114015064907639,NA,NA,NA,NA,"Joint HESS uncertainty requires valid regional genetic and total residual parameters"
"chr3_69276762_70449028","region","h2","GWAS2",NA,2.47938653911638e-05,NA,NA,NA,NA,"Joint HESS uncertainty requires valid regional genetic and total residual parameters"
"chr3_70449028_72529329","region","h2","GWAS2",NA,-3.35299821591798e-06,NA,NA,NA,NA,"Joint HESS uncertainty requires valid regional genetic and total residual parameters"
"chr3_7083387_8648561","region","h2","GWAS2",NA,-9.13967522002899e-05,NA,NA,NA,NA,"Joint HESS uncertainty requires valid regional genetic and total residual parameters"
"chr3_72529329_74321817","region","h2","GWAS2",NA,-7.32753530271544e-05,NA,NA,NA,NA,"Joint HESS uncertainty requires valid regional genetic and total residual parameters"
"chr3_74321817_75704949","region","h2","GWAS2",NA,2.17169929477238e-05,NA,NA,NA,NA,"Joint HESS uncertainty requires valid regional genetic and total residual parameters"
"chr3_75704949_77508835","region","h2","GWAS2",NA,-2.32427232616004e-05,NA,NA,NA,NA,"Joint HESS uncertainty requires valid regional genetic and total residual parameters"
"chr3_77508835_79024541","region","h2","GWAS2",NA,-2.81554476704018e-05,NA,NA,NA,NA,"Joint HESS uncertainty requires valid regional genetic and total residual parameters"
"chr3_79024541_81427310","region","h2","GWAS2",NA,-4.6294857012025e-05,NA,NA,NA,NA,"Joint HESS uncertainty requires valid regional genetic and total residual parameters"
"chr3_81427310_82643886","region","h2","GWAS2",NA,1.95746671581479e-05,NA,NA,NA,NA,"Joint HESS uncertainty requires valid regional genetic and total residual parameters"
"chr3_82643886_84367479","region","h2","GWAS2",NA,-3.89306815852572e-05,NA,NA,NA,NA,"Joint HESS uncertainty requires valid regional genetic and total residual parameters"
"chr3_84367479_85582231","region","h2","GWAS2",NA,0.000101961430218171,NA,NA,NA,NA,"Joint HESS uncertainty requires valid regional genetic and total residual parameters"
"chr3_85582231_87409732","region","h2","GWAS2",NA,4.91142788030738e-05,NA,NA,NA,NA,"Joint HESS uncertainty requires valid regional genetic and total residual parameters"
"chr3_8648561_9543183","region","h2","GWAS2",NA,4.14821294374041e-05,NA,NA,NA,NA,"Joint HESS uncertainty requires valid regional genetic and total residual parameters"
"chr3_87409732_88298373","region","h2","GWAS2",NA,8.70834204474891e-05,NA,NA,NA,NA,"Joint HESS uncertainty requires valid regional genetic and total residual parameters"
"chr3_88298373_94255316","region","h2","GWAS2",NA,2.75463539081438e-05,NA,NA,NA,NA,"Joint HESS uncertainty requires valid regional genetic and total residual parameters"
"chr3_94255316_95311971","region","h2","GWAS2",NA,9.27650511031686e-05,NA,NA,NA,NA,"Joint HESS uncertainty requires valid regional genetic and total residual parameters"
"chr3_95311971_98215950","region","h2","GWAS2",NA,9.69666629117473e-05,NA,NA,NA,NA,"Joint HESS uncertainty requires valid regional genetic and total residual parameters"
"chr3_9543183_11019665","region","h2","GWAS2",NA,-3.32713017891943e-05,NA,NA,NA,NA,"Joint HESS uncertainty requires valid regional genetic and total residual parameters"
"chr3_98215950_99373762","region","h2","GWAS2",NA,8.14190742874398e-05,NA,NA,NA,NA,"Joint HESS uncertainty requires valid regional genetic and total residual parameters"
"chr3_99373762_100592217","region","h2","GWAS2",NA,4.35201800094761e-05,NA,NA,NA,NA,"Joint HESS uncertainty requires valid regional genetic and total residual parameters"
"chr4_100678360_103221356","region","h2","GWAS2",NA,7.78938954630367e-06,NA,NA,NA,NA,"Joint HESS uncertainty requires valid regional genetic and total residual parameters"
"chr4_10240_694715","region","h2","GWAS2",NA,-1.89424603249864e-05,NA,NA,NA,NA,"Joint HESS uncertainty requires valid regional genetic and total residual parameters"
"chr4_103221356_105305294","region","h2","GWAS2",NA,-3.24461623716465e-05,NA,NA,NA,NA,"Joint HESS uncertainty requires valid regional genetic and total residual parameters"
"chr4_105305294_107501305","region","h2","GWAS2",NA,2.98525813821351e-06,NA,NA,NA,NA,"Joint HESS uncertainty requires valid regional genetic and total residual parameters"
"chr4_10699152_12323034","region","h2","GWAS2",NA,7.38651867010202e-06,NA,NA,NA,NA,"Joint HESS uncertainty requires valid regional genetic and total residual parameters"
"chr4_107501305_108815348","region","h2","GWAS2",NA,-3.48938784008205e-05,NA,NA,NA,NA,"Joint HESS uncertainty requires valid regional genetic and total residual parameters"
"chr4_108815348_111256567","region","h2","GWAS2",NA,-7.42996592844386e-06,NA,NA,NA,NA,"Joint HESS uncertainty requires valid regional genetic and total residual parameters"
"chr4_111256567_113870102","region","h2","GWAS2",NA,-3.98728486430623e-05,NA,NA,NA,NA,"Joint HESS uncertainty requires valid regional genetic and total residual parameters"
"chr4_113870102_115666246","region","h2","GWAS2",NA,6.91016408304144e-06,NA,NA,NA,NA,"Joint HESS uncertainty requires valid regional genetic and total residual parameters"
"chr4_115666246_117276929","region","h2","GWAS2",NA,-4.84237712220527e-05,NA,NA,NA,NA,"Joint HESS uncertainty requires valid regional genetic and total residual parameters"
"chr4_117276929_118479918","region","h2","GWAS2",NA,-7.46689918766889e-06,NA,NA,NA,NA,"Joint HESS uncertainty requires valid regional genetic and total residual parameters"
"chr4_118479918_119933512","region","h2","GWAS2",NA,0.00010586608010961,NA,NA,NA,NA,"Joint HESS uncertainty requires valid regional genetic and total residual parameters"
"chr4_119933512_120392684","region","h2","GWAS2",NA,7.56534400797176e-05,NA,NA,NA,NA,"Joint HESS uncertainty requires valid regional genetic and total residual parameters"
"chr4_120392684_122657987","region","h2","GWAS2",NA,5.38660813678893e-05,NA,NA,NA,NA,"Joint HESS uncertainty requires valid regional genetic and total residual parameters"
"chr4_122657987_124286481","region","h2","GWAS2",NA,-4.23938009459046e-05,NA,NA,NA,NA,"Joint HESS uncertainty requires valid regional genetic and total residual parameters"
"chr4_12323034_14272001","region","h2","GWAS2",NA,-2.13624156960738e-05,NA,NA,NA,NA,"Joint HESS uncertainty requires valid regional genetic and total residual parameters"
"chr4_124286481_125210862","region","h2","GWAS2",NA,-2.38032032753336e-05,NA,NA,NA,NA,"Joint HESS uncertainty requires valid regional genetic and total residual parameters"
"chr4_125210862_126480886","region","h2","GWAS2",NA,8.45724013883957e-05,NA,NA,NA,NA,"Joint HESS uncertainty requires valid regional genetic and total residual parameters"
"chr4_126480886_127275477","region","h2","GWAS2",NA,-2.5694056719608e-05,NA,NA,NA,NA,"Joint HESS uncertainty requires valid regional genetic and total residual parameters"
"chr4_127275477_127830293","region","h2","GWAS2",NA,-2.72460598202579e-05,NA,NA,NA,NA,"Joint HESS uncertainty requires valid regional genetic and total residual parameters"
"chr4_127830293_128996665","region","h2","GWAS2",NA,7.65515403724428e-05,NA,NA,NA,NA,"Joint HESS uncertainty requires valid regional genetic and total residual parameters"
"chr4_128996665_130591885","region","h2","GWAS2",NA,-2.87986821151057e-05,NA,NA,NA,NA,"Joint HESS uncertainty requires valid regional genetic and total residual parameters"
"chr4_130591885_131283821","region","h2","GWAS2",NA,-3.56140288740853e-05,NA,NA,NA,NA,"Joint HESS uncertainty requires valid regional genetic and total residual parameters"
"chr4_131283821_132954033","region","h2","GWAS2",NA,9.20004888038936e-05,NA,NA,NA,NA,"Joint HESS uncertainty requires valid regional genetic and total residual parameters"
"chr4_132954033_134628434","region","h2","GWAS2",NA,-2.31637548063303e-05,NA,NA,NA,NA,"Joint HESS uncertainty requires valid regional genetic and total residual parameters"
"chr4_134628434_136566407","region","h2","GWAS2",NA,1.4712710770345e-05,NA,NA,NA,NA,"Joint HESS uncertainty requires valid regional genetic and total residual parameters"
"chr4_136566407_138541971","region","h2","GWAS2",NA,3.25270806195601e-05,NA,NA,NA,NA,"Joint HESS uncertainty requires valid regional genetic and total residual parameters"
"chr4_138541971_139556511","region","h2","GWAS2",NA,-5.98780334067884e-05,NA,NA,NA,NA,"Joint HESS uncertainty requires valid regional genetic and total residual parameters"
"chr4_139556511_141084631","region","h2","GWAS2",NA,-7.71072502493339e-05,NA,NA,NA,NA,"Joint HESS uncertainty requires valid regional genetic and total residual parameters"
"chr4_141084631_143443265","region","h2","GWAS2",NA,-8.99358230789698e-05,NA,NA,NA,NA,"Joint HESS uncertainty requires valid regional genetic and total residual parameters"
"chr4_14272001_15147446","region","h2","GWAS2",NA,1.40404090637506e-05,NA,NA,NA,NA,"Joint HESS uncertainty requires valid regional genetic and total residual parameters"
"chr4_143443265_146178187","region","h2","GWAS2",NA,7.61225679088777e-06,NA,NA,NA,NA,"Joint HESS uncertainty requires valid regional genetic and total residual parameters"
"chr4_146178187_148521873","region","h2","GWAS2",NA,0.000470457314145042,NA,NA,NA,NA,"Joint HESS uncertainty requires valid regional genetic and total residual parameters"
"chr4_1478711_2842979","region","h2","GWAS2",NA,6.8144504337262e-06,NA,NA,NA,NA,"Joint HESS uncertainty requires valid regional genetic and total residual parameters"
"chr4_148521873_150683580","region","h2","GWAS2",NA,7.08335988153252e-05,NA,NA,NA,NA,"Joint HESS uncertainty requires valid regional genetic and total residual parameters"
"chr4_150683580_152782184","region","h2","GWAS2",NA,-4.94054812137848e-05,NA,NA,NA,NA,"Joint HESS uncertainty requires valid regional genetic and total residual parameters"
"chr4_15147446_15927009","region","h2","GWAS2",NA,3.9640570322555e-05,NA,NA,NA,NA,"Joint HESS uncertainty requires valid regional genetic and total residual parameters"
"chr4_152782184_154477641","region","h2","GWAS2",NA,-5.10756015994346e-05,NA,NA,NA,NA,"Joint HESS uncertainty requires valid regional genetic and total residual parameters"
"chr4_154477641_155056126","region","h2","GWAS2",NA,-5.62861411790534e-08,NA,NA,NA,NA,"Joint HESS uncertainty requires valid regional genetic and total residual parameters"
"chr4_155056126_157485097","region","h2","GWAS2",NA,0.000278590270351197,NA,NA,NA,NA,"Joint HESS uncertainty requires valid regional genetic and total residual parameters"
"chr4_157485097_158743718","region","h2","GWAS2",NA,5.44489144628525e-06,NA,NA,NA,NA,"Joint HESS uncertainty requires valid regional genetic and total residual parameters"
"chr4_158743718_161058864","region","h2","GWAS2",NA,5.87505713446208e-06,NA,NA,NA,NA,"Joint HESS uncertainty requires valid regional genetic and total residual parameters"
"chr4_15927009_17383322","region","h2","GWAS2",NA,-6.41936855998557e-05,NA,NA,NA,NA,"Joint HESS uncertainty requires valid regional genetic and total residual parameters"
"chr4_161058864_161826435","region","h2","GWAS2",NA,-8.84619316082792e-05,NA,NA,NA,NA,"Joint HESS uncertainty requires valid regional genetic and total residual parameters"
"chr4_161826435_163243679","region","h2","GWAS2",NA,-7.31619000259409e-05,NA,NA,NA,NA,"Joint HESS uncertainty requires valid regional genetic and total residual parameters"
"chr4_163243679_164478234","region","h2","GWAS2",NA,5.9035055949808e-05,NA,NA,NA,NA,"Joint HESS uncertainty requires valid regional genetic and total residual parameters"
"chr4_164478234_165823448","region","h2","GWAS2",NA,-0.000113121179398702,NA,NA,NA,NA,"Joint HESS uncertainty requires valid regional genetic and total residual parameters"
"chr4_165823448_167018858","region","h2","GWAS2",NA,-9.86181183467545e-05,NA,NA,NA,NA,"Joint HESS uncertainty requires valid regional genetic and total residual parameters"
"chr4_167018858_167852917","region","h2","GWAS2",NA,-1.50873425148777e-06,NA,NA,NA,NA,"Joint HESS uncertainty requires valid regional genetic and total residual parameters"
"chr4_167852917_169676825","region","h2","GWAS2",NA,1.04956364557542e-05,NA,NA,NA,NA,"Joint HESS uncertainty requires valid regional genetic and total residual parameters"
"chr4_169676825_170776510","region","h2","GWAS2",NA,5.8012377228942e-05,NA,NA,NA,NA,"Joint HESS uncertainty requires valid regional genetic and total residual parameters"
"chr4_170776510_172558635","region","h2","GWAS2",NA,-4.91344270307805e-05,NA,NA,NA,NA,"Joint HESS uncertainty requires valid regional genetic and total residual parameters"
"chr4_172558635_174264132","region","h2","GWAS2",NA,-3.99577050585038e-05,NA,NA,NA,NA,"Joint HESS uncertainty requires valid regional genetic and total residual parameters"
"chr4_17383322_18841874","region","h2","GWAS2",NA,5.1473086902873e-05,NA,NA,NA,NA,"Joint HESS uncertainty requires valid regional genetic and total residual parameters"
"chr4_174264132_176570716","region","h2","GWAS2",NA,-9.30600209023209e-05,NA,NA,NA,NA,"Joint HESS uncertainty requires valid regional genetic and total residual parameters"
"chr4_176570716_178991910","region","h2","GWAS2",NA,-0.00010502958569954,NA,NA,NA,NA,"Joint HESS uncertainty requires valid regional genetic and total residual parameters"
"chr4_178991910_180122043","region","h2","GWAS2",NA,3.80740322464817e-06,NA,NA,NA,NA,"Joint HESS uncertainty requires valid regional genetic and total residual parameters"
"chr4_180122043_182066807","region","h2","GWAS2",NA,-3.622556846186e-05,NA,NA,NA,NA,"Joint HESS uncertainty requires valid regional genetic and total residual parameters"
"chr4_182066807_183371275","region","h2","GWAS2",NA,-0.000112658957749577,NA,NA,NA,NA,"Joint HESS uncertainty requires valid regional genetic and total residual parameters"
"chr4_183371275_184929455","region","h2","GWAS2",NA,-4.4211118937476e-05,NA,NA,NA,NA,"Joint HESS uncertainty requires valid regional genetic and total residual parameters"
"chr4_184929455_186909090","region","h2","GWAS2",NA,-6.05636132686977e-05,NA,NA,NA,NA,"Joint HESS uncertainty requires valid regional genetic and total residual parameters"
"chr4_186909090_188472981","region","h2","GWAS2",NA,-7.19655199873676e-05,NA,NA,NA,NA,"Joint HESS uncertainty requires valid regional genetic and total residual parameters"
"chr4_18841874_20544557","region","h2","GWAS2",NA,-3.36519110538192e-05,NA,NA,NA,NA,"Joint HESS uncertainty requires valid regional genetic and total residual parameters"
"chr4_188472981_189693511","region","h2","GWAS2",NA,4.79914741648078e-06,NA,NA,NA,NA,"Joint HESS uncertainty requires valid regional genetic and total residual parameters"
"chr4_189693511_191043594","region","h2","GWAS2",NA,-6.98056307246574e-05,NA,NA,NA,NA,"Joint HESS uncertainty requires valid regional genetic and total residual parameters"
"chr4_20544557_22319347","region","h2","GWAS2",NA,-4.89090048647107e-05,NA,NA,NA,NA,"Joint HESS uncertainty requires valid regional genetic and total residual parameters"
"chr4_22319347_24135529","region","h2","GWAS2",NA,-1.25968433367182e-05,NA,NA,NA,NA,"Joint HESS uncertainty requires valid regional genetic and total residual parameters"
"chr4_24135529_25609322","region","h2","GWAS2",NA,-8.21954372415225e-05,NA,NA,NA,NA,"Joint HESS uncertainty requires valid regional genetic and total residual parameters"
"chr4_25609322_27343722","region","h2","GWAS2",NA,-4.01230912999014e-05,NA,NA,NA,NA,"Joint HESS uncertainty requires valid regional genetic and total residual parameters"
"chr4_27343722_27965868","region","h2","GWAS2",NA,-1.22649322012022e-06,NA,NA,NA,NA,"Joint HESS uncertainty requires valid regional genetic and total residual parameters"
"chr4_27965868_29762208","region","h2","GWAS2",NA,9.91306986689224e-07,NA,NA,NA,NA,"Joint HESS uncertainty requires valid regional genetic and total residual parameters"
"chr4_2842979_3846040","region","h2","GWAS2",NA,5.47030233877956e-05,NA,NA,NA,NA,"Joint HESS uncertainty requires valid regional genetic and total residual parameters"
"chr4_29762208_30454535","region","h2","GWAS2",NA,-4.28894790511815e-05,NA,NA,NA,NA,"Joint HESS uncertainty requires valid regional genetic and total residual parameters"
"chr4_30454535_31782981","region","h2","GWAS2",NA,4.91830931251569e-06,NA,NA,NA,NA,"Joint HESS uncertainty requires valid regional genetic and total residual parameters"
"chr4_31782981_33172766","region","h2","GWAS2",NA,7.1221491998037e-05,NA,NA,NA,NA,"Joint HESS uncertainty requires valid regional genetic and total residual parameters"
"chr4_33172766_35151415","region","h2","GWAS2",NA,-6.86849564464122e-05,NA,NA,NA,NA,"Joint HESS uncertainty requires valid regional genetic and total residual parameters"
"chr4_35151415_36020436","region","h2","GWAS2",NA,-3.15268469016676e-05,NA,NA,NA,NA,"Joint HESS uncertainty requires valid regional genetic and total residual parameters"
"chr4_36020436_37255047","region","h2","GWAS2",NA,-7.62233833794732e-05,NA,NA,NA,NA,"Joint HESS uncertainty requires valid regional genetic and total residual parameters"
"chr4_37255047_38907022","region","h2","GWAS2",NA,-4.15668944628629e-05,NA,NA,NA,NA,"Joint HESS uncertainty requires valid regional genetic and total residual parameters"
"chr4_3846040_4684116","region","h2","GWAS2",NA,-8.14787293122341e-05,NA,NA,NA,NA,"Joint HESS uncertainty requires valid regional genetic and total residual parameters"
"chr4_38907022_40202609","region","h2","GWAS2",NA,0.000105218124632715,NA,NA,NA,NA,"Joint HESS uncertainty requires valid regional genetic and total residual parameters"
"chr4_40202609_42213058","region","h2","GWAS2",NA,-3.43904785932238e-05,NA,NA,NA,NA,"Joint HESS uncertainty requires valid regional genetic and total residual parameters"
"chr4_42213058_43965045","region","h2","GWAS2",NA,-0.000118341142831859,NA,NA,NA,NA,"Joint HESS uncertainty requires valid regional genetic and total residual parameters"
"chr4_43965045_45189157","region","h2","GWAS2",NA,3.41555689838399e-05,NA,NA,NA,NA,"Joint HESS uncertainty requires valid regional genetic and total residual parameters"
"chr4_45189157_47411896","region","h2","GWAS2",NA,9.63720571402896e-05,NA,NA,NA,NA,"Joint HESS uncertainty requires valid regional genetic and total residual parameters"
"chr4_4684116_5502388","region","h2","GWAS2",NA,-0.000109684409828271,NA,NA,NA,NA,"Joint HESS uncertainty requires valid regional genetic and total residual parameters"
"chr4_47411896_48123600","region","h2","GWAS2",NA,-4.7243998366892e-05,NA,NA,NA,NA,"Joint HESS uncertainty requires valid regional genetic and total residual parameters"
"chr4_48123600_53877433","region","h2","GWAS2",NA,2.48968224168515e-05,NA,NA,NA,NA,"Joint HESS uncertainty requires valid regional genetic and total residual parameters"
"chr4_53877433_55429556","region","h2","GWAS2",NA,0.000144682187499819,NA,NA,NA,NA,"Joint HESS uncertainty requires valid regional genetic and total residual parameters"
"chr4_5502388_6773043","region","h2","GWAS2",NA,-5.76060631177552e-05,NA,NA,NA,NA,"Joint HESS uncertainty requires valid regional genetic and total residual parameters"
"chr4_55429556_56547644","region","h2","GWAS2",NA,0.000146732614320526,NA,NA,NA,NA,"Joint HESS uncertainty requires valid regional genetic and total residual parameters"
"chr4_56547644_58935008","region","h2","GWAS2",NA,3.66410926564373e-05,NA,NA,NA,NA,"Joint HESS uncertainty requires valid regional genetic and total residual parameters"
"chr4_58935008_60741087","region","h2","GWAS2",NA,-2.42220955898661e-05,NA,NA,NA,NA,"Joint HESS uncertainty requires valid regional genetic and total residual parameters"
"chr4_60741087_62371763","region","h2","GWAS2",NA,0.000137300060214304,NA,NA,NA,NA,"Joint HESS uncertainty requires valid regional genetic and total residual parameters"
"chr4_62371763_64341001","region","h2","GWAS2",NA,2.70501211239693e-05,NA,NA,NA,NA,"Joint HESS uncertainty requires valid regional genetic and total residual parameters"
"chr4_64341001_66600492","region","h2","GWAS2",NA,-5.17792451543416e-05,NA,NA,NA,NA,"Joint HESS uncertainty requires valid regional genetic and total residual parameters"
"chr4_66600492_68059497","region","h2","GWAS2",NA,-9.02741573899275e-05,NA,NA,NA,NA,"Joint HESS uncertainty requires valid regional genetic and total residual parameters"
"chr4_6773043_7539692","region","h2","GWAS2",NA,-7.75855347983867e-05,NA,NA,NA,NA,"Joint HESS uncertainty requires valid regional genetic and total residual parameters"
"chr4_68059497_68854765","region","h2","GWAS2",NA,3.62246254262121e-05,NA,NA,NA,NA,"Joint HESS uncertainty requires valid regional genetic and total residual parameters"
"chr4_68854765_71049152","region","h2","GWAS2",NA,9.66221554373048e-05,NA,NA,NA,NA,"Joint HESS uncertainty requires valid regional genetic and total residual parameters"
"chr4_694715_1478711","region","h2","GWAS2",NA,5.66589584439745e-06,NA,NA,NA,NA,"Joint HESS uncertainty requires valid regional genetic and total residual parameters"
"chr4_71049152_72140558","region","h2","GWAS2",NA,-0.000102292237211204,NA,NA,NA,NA,"Joint HESS uncertainty requires valid regional genetic and total residual parameters"
"chr4_72140558_74592390","region","h2","GWAS2",NA,-4.96554348691376e-05,NA,NA,NA,NA,"Joint HESS uncertainty requires valid regional genetic and total residual parameters"
"chr4_74592390_77130707","region","h2","GWAS2",NA,-3.85394125227854e-05,NA,NA,NA,NA,"Joint HESS uncertainty requires valid regional genetic and total residual parameters"
"chr4_7539692_8152235","region","h2","GWAS2",NA,-4.14320450190434e-05,NA,NA,NA,NA,"Joint HESS uncertainty requires valid regional genetic and total residual parameters"
"chr4_77130707_79093979","region","h2","GWAS2",NA,-6.00329649738329e-05,NA,NA,NA,NA,"Joint HESS uncertainty requires valid regional genetic and total residual parameters"
"chr4_79093979_80990297","region","h2","GWAS2",NA,-6.32248556522192e-05,NA,NA,NA,NA,"Joint HESS uncertainty requires valid regional genetic and total residual parameters"
"chr4_80990297_82125315","region","h2","GWAS2",NA,0.000214880643929569,NA,NA,NA,NA,"Joint HESS uncertainty requires valid regional genetic and total residual parameters"
"chr4_8152235_9326479","region","h2","GWAS2",NA,3.13759793476114e-05,NA,NA,NA,NA,"Joint HESS uncertainty requires valid regional genetic and total residual parameters"
"chr4_82125315_83372593","region","h2","GWAS2",NA,5.94102727333777e-05,NA,NA,NA,NA,"Joint HESS uncertainty requires valid regional genetic and total residual parameters"
"chr4_83372593_84799656","region","h2","GWAS2",NA,8.55369764137959e-06,NA,NA,NA,NA,"Joint HESS uncertainty requires valid regional genetic and total residual parameters"
"chr4_84799656_86930609","region","h2","GWAS2",NA,-1.21484860307531e-05,NA,NA,NA,NA,"Joint HESS uncertainty requires valid regional genetic and total residual parameters"
"chr4_86930609_87534648","region","h2","GWAS2",NA,-1.39912844271806e-05,NA,NA,NA,NA,"Joint HESS uncertainty requires valid regional genetic and total residual parameters"
"chr4_87534648_89238028","region","h2","GWAS2",NA,-2.11405380825255e-05,NA,NA,NA,NA,"Joint HESS uncertainty requires valid regional genetic and total residual parameters"
"chr4_89238028_90231564","region","h2","GWAS2",NA,-7.51776522494662e-05,NA,NA,NA,NA,"Joint HESS uncertainty requires valid regional genetic and total residual parameters"
"chr4_90231564_91560677","region","h2","GWAS2",NA,4.57599279179206e-05,NA,NA,NA,NA,"Joint HESS uncertainty requires valid regional genetic and total residual parameters"
"chr4_91560677_94233299","region","h2","GWAS2",NA,-4.60650896077497e-05,NA,NA,NA,NA,"Joint HESS uncertainty requires valid regional genetic and total residual parameters"
"chr4_9326479_10699152","region","h2","GWAS2",NA,-1.53931946302719e-05,NA,NA,NA,NA,"Joint HESS uncertainty requires valid regional genetic and total residual parameters"
"chr4_94233299_96182188","region","h2","GWAS2",NA,0.000117818670135932,NA,NA,NA,NA,"Joint HESS uncertainty requires valid regional genetic and total residual parameters"
"chr4_96182188_97540703","region","h2","GWAS2",NA,1.10011566132546e-05,NA,NA,NA,NA,"Joint HESS uncertainty requires valid regional genetic and total residual parameters"
"chr4_97540703_99424067","region","h2","GWAS2",NA,-4.35711547657109e-05,NA,NA,NA,NA,"Joint HESS uncertainty requires valid regional genetic and total residual parameters"
"chr4_99424067_100678360","region","h2","GWAS2",NA,0.000141369248283315,NA,NA,NA,NA,"Joint HESS uncertainty requires valid regional genetic and total residual parameters"
"chr5_101578769_103320005","region","h2","GWAS2",NA,-3.62415065624117e-05,NA,NA,NA,NA,"Joint HESS uncertainty requires valid regional genetic and total residual parameters"
"chr5_103320005_104851483","region","h2","GWAS2",NA,3.32549989823945e-06,NA,NA,NA,NA,"Joint HESS uncertainty requires valid regional genetic and total residual parameters"
"chr5_104851483_105893055","region","h2","GWAS2",NA,-0.000103731020155462,NA,NA,NA,NA,"Joint HESS uncertainty requires valid regional genetic and total residual parameters"
"chr5_105893055_107264196","region","h2","GWAS2",NA,5.57840235814723e-05,NA,NA,NA,NA,"Joint HESS uncertainty requires valid regional genetic and total residual parameters"
"chr5_107264196_108633934","region","h2","GWAS2",NA,0.000191324724438879,NA,NA,NA,NA,"Joint HESS uncertainty requires valid regional genetic and total residual parameters"
"chr5_108633934_110821144","region","h2","GWAS2",NA,-3.66958683260823e-05,NA,NA,NA,NA,"Joint HESS uncertainty requires valid regional genetic and total residual parameters"
"chr5_110821144_111981562","region","h2","GWAS2",NA,-1.23277882732501e-05,NA,NA,NA,NA,"Joint HESS uncertainty requires valid regional genetic and total residual parameters"
"chr5_11173271_13464832","region","h2","GWAS2",NA,-4.4540462872522e-05,NA,NA,NA,NA,"Joint HESS uncertainty requires valid regional genetic and total residual parameters"
"chr5_111981562_113396285","region","h2","GWAS2",NA,-5.74224231171607e-06,NA,NA,NA,NA,"Joint HESS uncertainty requires valid regional genetic and total residual parameters"
"chr5_113396285_114830370","region","h2","GWAS2",NA,-7.83758207532706e-05,NA,NA,NA,NA,"Joint HESS uncertainty requires valid regional genetic and total residual parameters"
"chr5_114830370_115831047","region","h2","GWAS2",NA,-2.96749425686706e-05,NA,NA,NA,NA,"Joint HESS uncertainty requires valid regional genetic and total residual parameters"
"chr5_115831047_117346213","region","h2","GWAS2",NA,-6.77833031618387e-05,NA,NA,NA,NA,"Joint HESS uncertainty requires valid regional genetic and total residual parameters"
"chr5_117346213_118608820","region","h2","GWAS2",NA,2.23738520210461e-05,NA,NA,NA,NA,"Joint HESS uncertainty requires valid regional genetic and total residual parameters"
"chr5_118608820_119669042","region","h2","GWAS2",NA,5.29279178201651e-05,NA,NA,NA,NA,"Joint HESS uncertainty requires valid regional genetic and total residual parameters"
"chr5_11940_982252","region","h2","GWAS2",NA,-1.05873208488666e-05,NA,NA,NA,NA,"Joint HESS uncertainty requires valid regional genetic and total residual parameters"
"chr5_119669042_120452166","region","h2","GWAS2",NA,0.000161289177671133,NA,NA,NA,NA,"Joint HESS uncertainty requires valid regional genetic and total residual parameters"
"chr5_120452166_122556905","region","h2","GWAS2",NA,6.52186311659562e-05,NA,NA,NA,NA,"Joint HESS uncertainty requires valid regional genetic and total residual parameters"
"chr5_122556905_123798100","region","h2","GWAS2",NA,4.89278794256503e-05,NA,NA,NA,NA,"Joint HESS uncertainty requires valid regional genetic and total residual parameters"
"chr5_123798100_125785649","region","h2","GWAS2",NA,1.34878640689822e-05,NA,NA,NA,NA,"Joint HESS uncertainty requires valid regional genetic and total residual parameters"
"chr5_125785649_127344604","region","h2","GWAS2",NA,9.90051222019215e-05,NA,NA,NA,NA,"Joint HESS uncertainty requires valid regional genetic and total residual parameters"
"chr5_127344604_129519025","region","h2","GWAS2",NA,-1.76922550884754e-05,NA,NA,NA,NA,"Joint HESS uncertainty requires valid regional genetic and total residual parameters"
"chr5_129519025_132139649","region","h2","GWAS2",NA,0.000197070622623725,NA,NA,NA,NA,"Joint HESS uncertainty requires valid regional genetic and total residual parameters"
"chr5_132139649_134777401","region","h2","GWAS2",NA,-0.000142757975466489,NA,NA,NA,NA,"Joint HESS uncertainty requires valid regional genetic and total residual parameters"
"chr5_13464832_14757804","region","h2","GWAS2",NA,-8.20757524332457e-05,NA,NA,NA,NA,"Joint HESS uncertainty requires valid regional genetic and total residual parameters"
"chr5_134777401_136376050","region","h2","GWAS2",NA,-1.99533262201947e-05,NA,NA,NA,NA,"Joint HESS uncertainty requires valid regional genetic and total residual parameters"
"chr5_136376050_139265072","region","h2","GWAS2",NA,-3.06739360359401e-05,NA,NA,NA,NA,"Joint HESS uncertainty requires valid regional genetic and total residual parameters"
"chr5_139265072_140645971","region","h2","GWAS2",NA,6.59138736270462e-05,NA,NA,NA,NA,"Joint HESS uncertainty requires valid regional genetic and total residual parameters"
"chr5_140645971_142981248","region","h2","GWAS2",NA,1.67695169659387e-05,NA,NA,NA,NA,"Joint HESS uncertainty requires valid regional genetic and total residual parameters"
"chr5_142981248_144943354","region","h2","GWAS2",NA,-3.31532884488638e-05,NA,NA,NA,NA,"Joint HESS uncertainty requires valid regional genetic and total residual parameters"
"chr5_144943354_147181998","region","h2","GWAS2",NA,-4.15976836657887e-05,NA,NA,NA,NA,"Joint HESS uncertainty requires valid regional genetic and total residual parameters"
"chr5_147181998_148662624","region","h2","GWAS2",NA,-1.54498471073252e-05,NA,NA,NA,NA,"Joint HESS uncertainty requires valid regional genetic and total residual parameters"
"chr5_14757804_16963613","region","h2","GWAS2",NA,-6.58926935055687e-05,NA,NA,NA,NA,"Joint HESS uncertainty requires valid regional genetic and total residual parameters"
"chr5_148662624_150561298","region","h2","GWAS2",NA,7.73933611435567e-05,NA,NA,NA,NA,"Joint HESS uncertainty requires valid regional genetic and total residual parameters"
"chr5_150561298_152867774","region","h2","GWAS2",NA,-5.17647583033421e-05,NA,NA,NA,NA,"Joint HESS uncertainty requires valid regional genetic and total residual parameters"
"chr5_152867774_153773088","region","h2","GWAS2",NA,1.67241391255987e-05,NA,NA,NA,NA,"Joint HESS uncertainty requires valid regional genetic and total residual parameters"
"chr5_153773088_155373505","region","h2","GWAS2",NA,-1.68818797114107e-05,NA,NA,NA,NA,"Joint HESS uncertainty requires valid regional genetic and total residual parameters"
"chr5_155373505_156628700","region","h2","GWAS2",NA,-3.55762223320636e-05,NA,NA,NA,NA,"Joint HESS uncertainty requires valid regional genetic and total residual parameters"
"chr5_156628700_158825698","region","h2","GWAS2",NA,4.23086075809007e-05,NA,NA,NA,NA,"Joint HESS uncertainty requires valid regional genetic and total residual parameters"
"chr5_158825698_159973944","region","h2","GWAS2",NA,-8.63020098936666e-05,NA,NA,NA,NA,"Joint HESS uncertainty requires valid regional genetic and total residual parameters"
"chr5_159973944_161482133","region","h2","GWAS2",NA,-3.5852600944424e-05,NA,NA,NA,NA,"Joint HESS uncertainty requires valid regional genetic and total residual parameters"
"chr5_161482133_162743908","region","h2","GWAS2",NA,7.47639857382947e-06,NA,NA,NA,NA,"Joint HESS uncertainty requires valid regional genetic and total residual parameters"
"chr5_162743908_163771582","region","h2","GWAS2",NA,-1.95866262923108e-05,NA,NA,NA,NA,"Joint HESS uncertainty requires valid regional genetic and total residual parameters"
"chr5_163771582_165642395","region","h2","GWAS2",NA,-1.60075677078417e-05,NA,NA,NA,NA,"Joint HESS uncertainty requires valid regional genetic and total residual parameters"
"chr5_165642395_166847740","region","h2","GWAS2",NA,0.000102578982648292,NA,NA,NA,NA,"Joint HESS uncertainty requires valid regional genetic and total residual parameters"
"chr5_166847740_168525318","region","h2","GWAS2",NA,-9.14281717436006e-05,NA,NA,NA,NA,"Joint HESS uncertainty requires valid regional genetic and total residual parameters"
"chr5_168525318_169505664","region","h2","GWAS2",NA,2.97133779890063e-05,NA,NA,NA,NA,"Joint HESS uncertainty requires valid regional genetic and total residual parameters"
"chr5_169505664_171074292","region","h2","GWAS2",NA,2.23674431532483e-05,NA,NA,NA,NA,"Joint HESS uncertainty requires valid regional genetic and total residual parameters"
"chr5_16963613_18051592","region","h2","GWAS2",NA,4.51986515859542e-05,NA,NA,NA,NA,"Joint HESS uncertainty requires valid regional genetic and total residual parameters"
"chr5_171074292_172678327","region","h2","GWAS2",NA,-8.3764590785081e-05,NA,NA,NA,NA,"Joint HESS uncertainty requires valid regional genetic and total residual parameters"
"chr5_172678327_173642871","region","h2","GWAS2",NA,-8.90289716683294e-05,NA,NA,NA,NA,"Joint HESS uncertainty requires valid regional genetic and total residual parameters"
"chr5_173642871_175450595","region","h2","GWAS2",NA,-1.98799888596078e-05,NA,NA,NA,NA,"Joint HESS uncertainty requires valid regional genetic and total residual parameters"
"chr5_175450595_177251507","region","h2","GWAS2",NA,-1.84640213499401e-05,NA,NA,NA,NA,"Joint HESS uncertainty requires valid regional genetic and total residual parameters"
"chr5_177251507_178413464","region","h2","GWAS2",NA,-9.06096513333402e-05,NA,NA,NA,NA,"Joint HESS uncertainty requires valid regional genetic and total residual parameters"
"chr5_178413464_179401244","region","h2","GWAS2",NA,-2.58777292286845e-05,NA,NA,NA,NA,"Joint HESS uncertainty requires valid regional genetic and total residual parameters"
"chr5_179401244_180559933","region","h2","GWAS2",NA,-5.83096045978435e-05,NA,NA,NA,NA,"Joint HESS uncertainty requires valid regional genetic and total residual parameters"
"chr5_18051592_19917716","region","h2","GWAS2",NA,3.57637870269718e-05,NA,NA,NA,NA,"Joint HESS uncertainty requires valid regional genetic and total residual parameters"
"chr5_180559933_180885156","region","h2","GWAS2",NA,-9.42369462054772e-06,NA,NA,NA,NA,"Joint HESS uncertainty requires valid regional genetic and total residual parameters"
"chr5_19917716_22152073","region","h2","GWAS2",NA,9.99293234252891e-05,NA,NA,NA,NA,"Joint HESS uncertainty requires valid regional genetic and total residual parameters"
"chr5_2132442_3361941","region","h2","GWAS2",NA,-3.59518497264147e-05,NA,NA,NA,NA,"Joint HESS uncertainty requires valid regional genetic and total residual parameters"
"chr5_22152073_23494324","region","h2","GWAS2",NA,4.84059829333076e-05,NA,NA,NA,NA,"Joint HESS uncertainty requires valid regional genetic and total residual parameters"
"chr5_23494324_26184851","region","h2","GWAS2",NA,2.39322553153955e-05,NA,NA,NA,NA,"Joint HESS uncertainty requires valid regional genetic and total residual parameters"
"chr5_26184851_26857604","region","h2","GWAS2",NA,-4.27782660075755e-05,NA,NA,NA,NA,"Joint HESS uncertainty requires valid regional genetic and total residual parameters"
"chr5_26857604_27984513","region","h2","GWAS2",NA,3.07069853698757e-05,NA,NA,NA,NA,"Joint HESS uncertainty requires valid regional genetic and total residual parameters"
"chr5_27984513_29714820","region","h2","GWAS2",NA,-4.83385125858879e-05,NA,NA,NA,NA,"Joint HESS uncertainty requires valid regional genetic and total residual parameters"
"chr5_29714820_31390249","region","h2","GWAS2",NA,-4.32405775870084e-05,NA,NA,NA,NA,"Joint HESS uncertainty requires valid regional genetic and total residual parameters"
"chr5_31390249_33500180","region","h2","GWAS2",NA,-1.2226195352763e-06,NA,NA,NA,NA,"Joint HESS uncertainty requires valid regional genetic and total residual parameters"
"chr5_33500180_35048970","region","h2","GWAS2",NA,-3.53305009244143e-05,NA,NA,NA,NA,"Joint HESS uncertainty requires valid regional genetic and total residual parameters"
"chr5_3361941_4632110","region","h2","GWAS2",NA,8.80740953862809e-05,NA,NA,NA,NA,"Joint HESS uncertainty requires valid regional genetic and total residual parameters"
"chr5_35048970_36433954","region","h2","GWAS2",NA,3.48852871023966e-05,NA,NA,NA,NA,"Joint HESS uncertainty requires valid regional genetic and total residual parameters"
"chr5_36433954_38802410","region","h2","GWAS2",NA,-0.000124634162679784,NA,NA,NA,NA,"Joint HESS uncertainty requires valid regional genetic and total residual parameters"
"chr5_38802410_40287729","region","h2","GWAS2",NA,-2.25520210630488e-05,NA,NA,NA,NA,"Joint HESS uncertainty requires valid regional genetic and total residual parameters"
"chr5_40287729_41888710","region","h2","GWAS2",NA,7.6486071012471e-05,NA,NA,NA,NA,"Joint HESS uncertainty requires valid regional genetic and total residual parameters"
"chr5_41888710_43983499","region","h2","GWAS2",NA,-3.45705976755797e-05,NA,NA,NA,NA,"Joint HESS uncertainty requires valid regional genetic and total residual parameters"
"chr5_43983499_50163398","region","h2","GWAS2",NA,-8.13329147939763e-06,NA,NA,NA,NA,"Joint HESS uncertainty requires valid regional genetic and total residual parameters"
"chr5_4632110_5973233","region","h2","GWAS2",NA,-7.12191377846208e-05,NA,NA,NA,NA,"Joint HESS uncertainty requires valid regional genetic and total residual parameters"
"chr5_50163398_52134622","region","h2","GWAS2",NA,3.01003851807165e-05,NA,NA,NA,NA,"Joint HESS uncertainty requires valid regional genetic and total residual parameters"
"chr5_52134622_53703044","region","h2","GWAS2",NA,0.000139616657196146,NA,NA,NA,NA,"Joint HESS uncertainty requires valid regional genetic and total residual parameters"
"chr5_53703044_55417349","region","h2","GWAS2",NA,-2.98560825724383e-05,NA,NA,NA,NA,"Joint HESS uncertainty requires valid regional genetic and total residual parameters"
"chr5_55417349_56621102","region","h2","GWAS2",NA,0.000159509711120403,NA,NA,NA,NA,"Joint HESS uncertainty requires valid regional genetic and total residual parameters"
"chr5_56621102_57340073","region","h2","GWAS2",NA,-8.69823104722232e-05,NA,NA,NA,NA,"Joint HESS uncertainty requires valid regional genetic and total residual parameters"
"chr5_57340073_58524622","region","h2","GWAS2",NA,-8.22722952752491e-05,NA,NA,NA,NA,"Joint HESS uncertainty requires valid regional genetic and total residual parameters"
"chr5_58524622_60935907","region","h2","GWAS2",NA,2.07583008421069e-05,NA,NA,NA,NA,"Joint HESS uncertainty requires valid regional genetic and total residual parameters"
"chr5_5973233_7143218","region","h2","GWAS2",NA,1.81470431856451e-05,NA,NA,NA,NA,"Joint HESS uncertainty requires valid regional genetic and total residual parameters"
"chr5_60935907_61672995","region","h2","GWAS2",NA,4.19685904436307e-05,NA,NA,NA,NA,"Joint HESS uncertainty requires valid regional genetic and total residual parameters"
"chr5_61672995_63218987","region","h2","GWAS2",NA,1.58267624089352e-05,NA,NA,NA,NA,"Joint HESS uncertainty requires valid regional genetic and total residual parameters"
"chr5_63218987_63968304","region","h2","GWAS2",NA,2.70316989949961e-05,NA,NA,NA,NA,"Joint HESS uncertainty requires valid regional genetic and total residual parameters"
"chr5_63968304_65911286","region","h2","GWAS2",NA,8.81056760508886e-06,NA,NA,NA,NA,"Joint HESS uncertainty requires valid regional genetic and total residual parameters"
"chr5_65911286_67850860","region","h2","GWAS2",NA,-6.14790764717208e-05,NA,NA,NA,NA,"Joint HESS uncertainty requires valid regional genetic and total residual parameters"
"chr5_67850860_71240456","region","h2","GWAS2",NA,-1.63338944236785e-05,NA,NA,NA,NA,"Joint HESS uncertainty requires valid regional genetic and total residual parameters"
"chr5_71240456_73759326","region","h2","GWAS2",NA,-3.84954658279267e-05,NA,NA,NA,NA,"Joint HESS uncertainty requires valid regional genetic and total residual parameters"
"chr5_7143218_8446336","region","h2","GWAS2",NA,1.70208941521729e-05,NA,NA,NA,NA,"Joint HESS uncertainty requires valid regional genetic and total residual parameters"
"chr5_73759326_75798866","region","h2","GWAS2",NA,8.27518613661886e-05,NA,NA,NA,NA,"Joint HESS uncertainty requires valid regional genetic and total residual parameters"
"chr5_75798866_77623332","region","h2","GWAS2",NA,9.56228849056204e-06,NA,NA,NA,NA,"Joint HESS uncertainty requires valid regional genetic and total residual parameters"
"chr5_77623332_79393144","region","h2","GWAS2",NA,-2.60613863359817e-05,NA,NA,NA,NA,"Joint HESS uncertainty requires valid regional genetic and total residual parameters"
"chr5_79393144_80481471","region","h2","GWAS2",NA,1.71226353056286e-05,NA,NA,NA,NA,"Joint HESS uncertainty requires valid regional genetic and total residual parameters"
"chr5_80481471_82025648","region","h2","GWAS2",NA,-7.07553088533558e-05,NA,NA,NA,NA,"Joint HESS uncertainty requires valid regional genetic and total residual parameters"
"chr5_82025648_83972689","region","h2","GWAS2",NA,-3.35086657680637e-05,NA,NA,NA,NA,"Joint HESS uncertainty requires valid regional genetic and total residual parameters"
"chr5_83972689_85767290","region","h2","GWAS2",NA,-4.30143323177507e-05,NA,NA,NA,NA,"Joint HESS uncertainty requires valid regional genetic and total residual parameters"
"chr5_8446336_9718832","region","h2","GWAS2",NA,0.000157703136390366,NA,NA,NA,NA,"Joint HESS uncertainty requires valid regional genetic and total residual parameters"
"chr5_85767290_87389991","region","h2","GWAS2",NA,-2.7742094117371e-05,NA,NA,NA,NA,"Joint HESS uncertainty requires valid regional genetic and total residual parameters"
"chr5_87389991_88891530","region","h2","GWAS2",NA,4.88595830216351e-05,NA,NA,NA,NA,"Joint HESS uncertainty requires valid regional genetic and total residual parameters"
"chr5_88891530_90422654","region","h2","GWAS2",NA,-8.70924548013637e-05,NA,NA,NA,NA,"Joint HESS uncertainty requires valid regional genetic and total residual parameters"
"chr5_90422654_91840542","region","h2","GWAS2",NA,-9.49137919191504e-05,NA,NA,NA,NA,"Joint HESS uncertainty requires valid regional genetic and total residual parameters"
"chr5_91840542_93809984","region","h2","GWAS2",NA,4.44431661912324e-05,NA,NA,NA,NA,"Joint HESS uncertainty requires valid regional genetic and total residual parameters"
"chr5_93809984_95963519","region","h2","GWAS2",NA,-2.55505595035969e-05,NA,NA,NA,NA,"Joint HESS uncertainty requires valid regional genetic and total residual parameters"
"chr5_95963519_97315601","region","h2","GWAS2",NA,3.06416087119255e-05,NA,NA,NA,NA,"Joint HESS uncertainty requires valid regional genetic and total residual parameters"
"chr5_9718832_11173271","region","h2","GWAS2",NA,-6.45922755473851e-05,NA,NA,NA,NA,"Joint HESS uncertainty requires valid regional genetic and total residual parameters"
"chr5_97315601_99260992","region","h2","GWAS2",NA,3.93260580044237e-05,NA,NA,NA,NA,"Joint HESS uncertainty requires valid regional genetic and total residual parameters"
"chr5_982252_2132442","region","h2","GWAS2",NA,-7.810085390374e-05,NA,NA,NA,NA,"Joint HESS uncertainty requires valid regional genetic and total residual parameters"
"chr5_99260992_101578769","region","h2","GWAS2",NA,-2.43708922213376e-05,NA,NA,NA,NA,"Joint HESS uncertainty requires valid regional genetic and total residual parameters"
"chr6_100630146_102636772","region","h2","GWAS2",NA,7.92593636285833e-05,NA,NA,NA,NA,"Joint HESS uncertainty requires valid regional genetic and total residual parameters"
"chr6_102636772_103983395","region","h2","GWAS2",NA,3.44444179987478e-05,NA,NA,NA,NA,"Joint HESS uncertainty requires valid regional genetic and total residual parameters"
"chr6_103983395_106056733","region","h2","GWAS2",NA,-1.88561406994209e-05,NA,NA,NA,NA,"Joint HESS uncertainty requires valid regional genetic and total residual parameters"
"chr6_10540317_11790816","region","h2","GWAS2",NA,0.000138455175118381,NA,NA,NA,NA,"Joint HESS uncertainty requires valid regional genetic and total residual parameters"
"chr6_106056733_107450306","region","h2","GWAS2",NA,-6.3113706269666e-05,NA,NA,NA,NA,"Joint HESS uncertainty requires valid regional genetic and total residual parameters"
"chr6_107450306_108464380","region","h2","GWAS2",NA,-1.13702403794178e-05,NA,NA,NA,NA,"Joint HESS uncertainty requires valid regional genetic and total residual parameters"
"chr6_108464380_110304247","region","h2","GWAS2",NA,1.26132490478889e-05,NA,NA,NA,NA,"Joint HESS uncertainty requires valid regional genetic and total residual parameters"
"chr6_110304247_112345014","region","h2","GWAS2",NA,-7.64247892694906e-05,NA,NA,NA,NA,"Joint HESS uncertainty requires valid regional genetic and total residual parameters"
"chr6_112345014_114220833","region","h2","GWAS2",NA,-1.4759570230079e-05,NA,NA,NA,NA,"Joint HESS uncertainty requires valid regional genetic and total residual parameters"
"chr6_114220833_116131396","region","h2","GWAS2",NA,-2.14854288182668e-05,NA,NA,NA,NA,"Joint HESS uncertainty requires valid regional genetic and total residual parameters"
"chr6_116131396_117672972","region","h2","GWAS2",NA,-2.92730104110632e-05,NA,NA,NA,NA,"Joint HESS uncertainty requires valid regional genetic and total residual parameters"
"chr6_117672972_118963115","region","h2","GWAS2",NA,-1.66984027966032e-05,NA,NA,NA,NA,"Joint HESS uncertainty requires valid regional genetic and total residual parameters"
"chr6_11790816_13209388","region","h2","GWAS2",NA,0.000389294890719285,NA,NA,NA,NA,"Joint HESS uncertainty requires valid regional genetic and total residual parameters"
"chr6_118963115_119963278","region","h2","GWAS2",NA,-6.37393542886261e-05,NA,NA,NA,NA,"Joint HESS uncertainty requires valid regional genetic and total residual parameters"
"chr6_119963278_120512128","region","h2","GWAS2",NA,6.23632768300042e-05,NA,NA,NA,NA,"Joint HESS uncertainty requires valid regional genetic and total residual parameters"
"chr6_120512128_121905676","region","h2","GWAS2",NA,0.000115881131261979,NA,NA,NA,NA,"Joint HESS uncertainty requires valid regional genetic and total residual parameters"
"chr6_121905676_123856181","region","h2","GWAS2",NA,-6.86313442720959e-05,NA,NA,NA,NA,"Joint HESS uncertainty requires valid regional genetic and total residual parameters"
"chr6_123856181_125424383","region","h2","GWAS2",NA,6.65810390958659e-05,NA,NA,NA,NA,"Joint HESS uncertainty requires valid regional genetic and total residual parameters"
"chr6_125424383_127540461","region","h2","GWAS2",NA,6.68579437558622e-05,NA,NA,NA,NA,"Joint HESS uncertainty requires valid regional genetic and total residual parameters"
"chr6_127540461_129861031","region","h2","GWAS2",NA,-3.63462232057459e-05,NA,NA,NA,NA,"Joint HESS uncertainty requires valid regional genetic and total residual parameters"
"chr6_129861031_130935454","region","h2","GWAS2",NA,-5.94200363780276e-06,NA,NA,NA,NA,"Joint HESS uncertainty requires valid regional genetic and total residual parameters"
"chr6_130935454_132765669","region","h2","GWAS2",NA,3.30427994379828e-06,NA,NA,NA,NA,"Joint HESS uncertainty requires valid regional genetic and total residual parameters"
"chr6_13209388_14802924","region","h2","GWAS2",NA,1.94987818207762e-05,NA,NA,NA,NA,"Joint HESS uncertainty requires valid regional genetic and total residual parameters"
"chr6_132765669_134244243","region","h2","GWAS2",NA,0.000315074017941338,NA,NA,NA,NA,"Joint HESS uncertainty requires valid regional genetic and total residual parameters"
"chr6_134244243_136224177","region","h2","GWAS2",NA,1.11252929670677e-05,NA,NA,NA,NA,"Joint HESS uncertainty requires valid regional genetic and total residual parameters"
"chr6_136224177_137614218","region","h2","GWAS2",NA,-8.68308548542628e-05,NA,NA,NA,NA,"Joint HESS uncertainty requires valid regional genetic and total residual parameters"
"chr6_137614218_138822629","region","h2","GWAS2",NA,-6.22881907796263e-05,NA,NA,NA,NA,"Joint HESS uncertainty requires valid regional genetic and total residual parameters"
"chr6_138822629_139845436","region","h2","GWAS2",NA,-2.44064490264759e-05,NA,NA,NA,NA,"Joint HESS uncertainty requires valid regional genetic and total residual parameters"
"chr6_139845436_142288479","region","h2","GWAS2",NA,3.48207695609892e-05,NA,NA,NA,NA,"Joint HESS uncertainty requires valid regional genetic and total residual parameters"
"chr6_142288479_145319810","region","h2","GWAS2",NA,0.000117796038898462,NA,NA,NA,NA,"Joint HESS uncertainty requires valid regional genetic and total residual parameters"
"chr6_1452362_2458936","region","h2","GWAS2",NA,0.000112830926706578,NA,NA,NA,NA,"Joint HESS uncertainty requires valid regional genetic and total residual parameters"
"chr6_145319810_146665424","region","h2","GWAS2",NA,4.56748853273242e-05,NA,NA,NA,NA,"Joint HESS uncertainty requires valid regional genetic and total residual parameters"
"chr6_146665424_148920352","region","h2","GWAS2",NA,-6.91565976440454e-05,NA,NA,NA,NA,"Joint HESS uncertainty requires valid regional genetic and total residual parameters"
"chr6_14802924_17386405","region","h2","GWAS2",NA,-5.60512330818386e-05,NA,NA,NA,NA,"Joint HESS uncertainty requires valid regional genetic and total residual parameters"
"chr6_148920352_150253404","region","h2","GWAS2",NA,0.000138966486479958,NA,NA,NA,NA,"Joint HESS uncertainty requires valid regional genetic and total residual parameters"
"chr6_150253404_151912703","region","h2","GWAS2",NA,6.65498783445266e-05,NA,NA,NA,NA,"Joint HESS uncertainty requires valid regional genetic and total residual parameters"
"chr6_151912703_153094496","region","h2","GWAS2",NA,1.8044923399133e-05,NA,NA,NA,NA,"Joint HESS uncertainty requires valid regional genetic and total residual parameters"
"chr6_153094496_154974120","region","h2","GWAS2",NA,1.49346540608067e-05,NA,NA,NA,NA,"Joint HESS uncertainty requires valid regional genetic and total residual parameters"
"chr6_154974120_156763326","region","h2","GWAS2",NA,-5.5237383323017e-05,NA,NA,NA,NA,"Joint HESS uncertainty requires valid regional genetic and total residual parameters"
"chr6_156763326_158218719","region","h2","GWAS2",NA,-7.85903327708609e-05,NA,NA,NA,NA,"Joint HESS uncertainty requires valid regional genetic and total residual parameters"
"chr6_158218719_160580497","region","h2","GWAS2",NA,4.391761917768e-05,NA,NA,NA,NA,"Joint HESS uncertainty requires valid regional genetic and total residual parameters"
"chr6_160580497_162169564","region","h2","GWAS2",NA,0.000715756076800854,NA,NA,NA,NA,"Joint HESS uncertainty requires valid regional genetic and total residual parameters"
"chr6_162169564_162931203","region","h2","GWAS2",NA,-2.17745292939949e-05,NA,NA,NA,NA,"Joint HESS uncertainty requires valid regional genetic and total residual parameters"
"chr6_162931203_164383521","region","h2","GWAS2",NA,-5.03154687259836e-05,NA,NA,NA,NA,"Joint HESS uncertainty requires valid regional genetic and total residual parameters"
"chr6_164383521_165586864","region","h2","GWAS2",NA,-2.78238081454481e-05,NA,NA,NA,NA,"Joint HESS uncertainty requires valid regional genetic and total residual parameters"
"chr6_165586864_167024733","region","h2","GWAS2",NA,-7.09410741610088e-05,NA,NA,NA,NA,"Joint HESS uncertainty requires valid regional genetic and total residual parameters"
"chr6_167024733_168042835","region","h2","GWAS2",NA,-4.99948766306136e-05,NA,NA,NA,NA,"Joint HESS uncertainty requires valid regional genetic and total residual parameters"
"chr6_168042835_169382050","region","h2","GWAS2",NA,-4.39967043077509e-05,NA,NA,NA,NA,"Joint HESS uncertainty requires valid regional genetic and total residual parameters"
"chr6_169382050_170330173","region","h2","GWAS2",NA,-6.75192452238525e-05,NA,NA,NA,NA,"Joint HESS uncertainty requires valid regional genetic and total residual parameters"
"chr6_170330173_171051270","region","h2","GWAS2",NA,-5.64133182902158e-05,NA,NA,NA,NA,"Joint HESS uncertainty requires valid regional genetic and total residual parameters"
"chr6_17386405_19207487","region","h2","GWAS2",NA,-5.03160553385916e-05,NA,NA,NA,NA,"Joint HESS uncertainty requires valid regional genetic and total residual parameters"
"chr6_19207487_21684065","region","h2","GWAS2",NA,6.30601080315695e-05,NA,NA,NA,NA,"Joint HESS uncertainty requires valid regional genetic and total residual parameters"
"chr6_21684065_22748307","region","h2","GWAS2",NA,-1.39201990180397e-05,NA,NA,NA,NA,"Joint HESS uncertainty requires valid regional genetic and total residual parameters"
"chr6_22748307_23936619","region","h2","GWAS2",NA,0.000168760247816958,NA,NA,NA,NA,"Joint HESS uncertainty requires valid regional genetic and total residual parameters"
"chr6_23936619_24852275","region","h2","GWAS2",NA,-3.20394873652037e-05,NA,NA,NA,NA,"Joint HESS uncertainty requires valid regional genetic and total residual parameters"
"chr6_2458936_3573593","region","h2","GWAS2",NA,-6.23712159716923e-05,NA,NA,NA,NA,"Joint HESS uncertainty requires valid regional genetic and total residual parameters"
"chr6_24852275_25684587","region","h2","GWAS2",NA,0.000106352280705758,NA,NA,NA,NA,"Joint HESS uncertainty requires valid regional genetic and total residual parameters"
"chr6_25684587_26791233","region","h2","GWAS2",NA,1.90815599884805e-05,NA,NA,NA,NA,"Joint HESS uncertainty requires valid regional genetic and total residual parameters"
"chr6_26791233_28017819","region","h2","GWAS2",NA,2.21159495344332e-05,NA,NA,NA,NA,"Joint HESS uncertainty requires valid regional genetic and total residual parameters"
"chr6_28017819_28917608","region","h2","GWAS2",NA,1.50442044258738e-05,NA,NA,NA,NA,"Joint HESS uncertainty requires valid regional genetic and total residual parameters"
"chr6_28917608_29737971","region","h2","GWAS2",NA,0.000106297541539662,NA,NA,NA,NA,"Joint HESS uncertainty requires valid regional genetic and total residual parameters"
"chr6_29737971_30798168","region","h2","GWAS2",NA,6.43865921872229e-05,NA,NA,NA,NA,"Joint HESS uncertainty requires valid regional genetic and total residual parameters"
"chr6_30798168_31571218","region","h2","GWAS2",NA,0.000132192610829542,NA,NA,NA,NA,"Joint HESS uncertainty requires valid regional genetic and total residual parameters"
"chr6_31571218_32682664","region","h2","GWAS2",NA,0.000174931834581748,NA,NA,NA,NA,"Joint HESS uncertainty requires valid regional genetic and total residual parameters"
"chr6_32682664_33236497","region","h2","GWAS2",NA,-8.63166656085613e-06,NA,NA,NA,NA,"Joint HESS uncertainty requires valid regional genetic and total residual parameters"
"chr6_33236497_35455756","region","h2","GWAS2",NA,4.98675985397304e-05,NA,NA,NA,NA,"Joint HESS uncertainty requires valid regional genetic and total residual parameters"
"chr6_35455756_37572596","region","h2","GWAS2",NA,0.000136539230803272,NA,NA,NA,NA,"Joint HESS uncertainty requires valid regional genetic and total residual parameters"
"chr6_3573593_4617817","region","h2","GWAS2",NA,-6.96070038210194e-05,NA,NA,NA,NA,"Joint HESS uncertainty requires valid regional genetic and total residual parameters"
"chr6_37572596_39295677","region","h2","GWAS2",NA,0.000177488733961374,NA,NA,NA,NA,"Joint HESS uncertainty requires valid regional genetic and total residual parameters"
"chr6_39295677_40345115","region","h2","GWAS2",NA,-0.000105376719679084,NA,NA,NA,NA,"Joint HESS uncertainty requires valid regional genetic and total residual parameters"
"chr6_40345115_42038721","region","h2","GWAS2",NA,-5.46432906268874e-05,NA,NA,NA,NA,"Joint HESS uncertainty requires valid regional genetic and total residual parameters"
"chr6_42038721_43756169","region","h2","GWAS2",NA,4.23390265952786e-05,NA,NA,NA,NA,"Joint HESS uncertainty requires valid regional genetic and total residual parameters"
"chr6_43756169_45406563","region","h2","GWAS2",NA,7.04297536896277e-06,NA,NA,NA,NA,"Joint HESS uncertainty requires valid regional genetic and total residual parameters"
"chr6_45406563_47311898","region","h2","GWAS2",NA,-4.92518364429342e-05,NA,NA,NA,NA,"Joint HESS uncertainty requires valid regional genetic and total residual parameters"
"chr6_4617817_5791472","region","h2","GWAS2",NA,-1.44036260898817e-05,NA,NA,NA,NA,"Joint HESS uncertainty requires valid regional genetic and total residual parameters"
"chr6_47311898_48391125","region","h2","GWAS2",NA,-5.398135074619e-05,NA,NA,NA,NA,"Joint HESS uncertainty requires valid regional genetic and total residual parameters"
"chr6_48391125_50386145","region","h2","GWAS2",NA,-5.03339597176796e-05,NA,NA,NA,NA,"Joint HESS uncertainty requires valid regional genetic and total residual parameters"
"chr6_50386145_52210476","region","h2","GWAS2",NA,5.66666795547964e-05,NA,NA,NA,NA,"Joint HESS uncertainty requires valid regional genetic and total residual parameters"
"chr6_52210476_53279102","region","h2","GWAS2",NA,-1.93799297288559e-05,NA,NA,NA,NA,"Joint HESS uncertainty requires valid regional genetic and total residual parameters"
"chr6_53279102_55468270","region","h2","GWAS2",NA,-5.62020347003054e-05,NA,NA,NA,NA,"Joint HESS uncertainty requires valid regional genetic and total residual parameters"
"chr6_55468270_56105313","region","h2","GWAS2",NA,1.41675245666419e-05,NA,NA,NA,NA,"Joint HESS uncertainty requires valid regional genetic and total residual parameters"
"chr6_56105313_57599465","region","h2","GWAS2",NA,3.29516139270418e-06,NA,NA,NA,NA,"Joint HESS uncertainty requires valid regional genetic and total residual parameters"
"chr6_57599465_61880512","region","h2","GWAS2",NA,-3.2201369983853e-05,NA,NA,NA,NA,"Joint HESS uncertainty requires valid regional genetic and total residual parameters"
"chr6_5791472_6785207","region","h2","GWAS2",NA,5.97047226456502e-05,NA,NA,NA,NA,"Joint HESS uncertainty requires valid regional genetic and total residual parameters"
"chr6_61880512_63552888","region","h2","GWAS2",NA,1.56994858459316e-05,NA,NA,NA,NA,"Joint HESS uncertainty requires valid regional genetic and total residual parameters"
"chr6_63552888_65765742","region","h2","GWAS2",NA,-2.57587630775193e-05,NA,NA,NA,NA,"Joint HESS uncertainty requires valid regional genetic and total residual parameters"
"chr6_65765742_67329215","region","h2","GWAS2",NA,-5.13950254918241e-05,NA,NA,NA,NA,"Joint HESS uncertainty requires valid regional genetic and total residual parameters"
"chr6_67329215_68849483","region","h2","GWAS2",NA,-4.90546219730519e-05,NA,NA,NA,NA,"Joint HESS uncertainty requires valid regional genetic and total residual parameters"
"chr6_6785207_7808936","region","h2","GWAS2",NA,-2.81226657320786e-05,NA,NA,NA,NA,"Joint HESS uncertainty requires valid regional genetic and total residual parameters"
"chr6_68849483_69523448","region","h2","GWAS2",NA,-8.35230602138964e-05,NA,NA,NA,NA,"Joint HESS uncertainty requires valid regional genetic and total residual parameters"
"chr6_69523448_71609510","region","h2","GWAS2",NA,-6.70477735478787e-05,NA,NA,NA,NA,"Joint HESS uncertainty requires valid regional genetic and total residual parameters"
"chr6_71609510_73450097","region","h2","GWAS2",NA,7.51168996049867e-06,NA,NA,NA,NA,"Joint HESS uncertainty requires valid regional genetic and total residual parameters"
"chr6_73450097_75462003","region","h2","GWAS2",NA,-3.57631495314252e-05,NA,NA,NA,NA,"Joint HESS uncertainty requires valid regional genetic and total residual parameters"
"chr6_73924_1452362","region","h2","GWAS2",NA,-9.1828694010831e-05,NA,NA,NA,NA,"Joint HESS uncertainty requires valid regional genetic and total residual parameters"
"chr6_75462003_77414881","region","h2","GWAS2",NA,-6.67479238506756e-05,NA,NA,NA,NA,"Joint HESS uncertainty requires valid regional genetic and total residual parameters"
"chr6_77414881_78957728","region","h2","GWAS2",NA,-6.43750690627364e-05,NA,NA,NA,NA,"Joint HESS uncertainty requires valid regional genetic and total residual parameters"
"chr6_7808936_9020026","region","h2","GWAS2",NA,5.17347800041898e-05,NA,NA,NA,NA,"Joint HESS uncertainty requires valid regional genetic and total residual parameters"
"chr6_78957728_80691170","region","h2","GWAS2",NA,5.65677435956272e-05,NA,NA,NA,NA,"Joint HESS uncertainty requires valid regional genetic and total residual parameters"
"chr6_80691170_81929222","region","h2","GWAS2",NA,8.43175734015853e-06,NA,NA,NA,NA,"Joint HESS uncertainty requires valid regional genetic and total residual parameters"
"chr6_81929222_83127149","region","h2","GWAS2",NA,0.000223766116430808,NA,NA,NA,NA,"Joint HESS uncertainty requires valid regional genetic and total residual parameters"
"chr6_83127149_85209989","region","h2","GWAS2",NA,3.03564908982067e-06,NA,NA,NA,NA,"Joint HESS uncertainty requires valid regional genetic and total residual parameters"
"chr6_85209989_87069500","region","h2","GWAS2",NA,-1.63847405017466e-05,NA,NA,NA,NA,"Joint HESS uncertainty requires valid regional genetic and total residual parameters"
"chr6_87069500_88822140","region","h2","GWAS2",NA,-0.000106398049863337,NA,NA,NA,NA,"Joint HESS uncertainty requires valid regional genetic and total residual parameters"
"chr6_88822140_89973052","region","h2","GWAS2",NA,2.18659233822937e-06,NA,NA,NA,NA,"Joint HESS uncertainty requires valid regional genetic and total residual parameters"
"chr6_89973052_91843196","region","h2","GWAS2",NA,7.65263747084527e-05,NA,NA,NA,NA,"Joint HESS uncertainty requires valid regional genetic and total residual parameters"
"chr6_9020026_10540317","region","h2","GWAS2",NA,-3.16951105121519e-05,NA,NA,NA,NA,"Joint HESS uncertainty requires valid regional genetic and total residual parameters"
"chr6_91843196_93428644","region","h2","GWAS2",NA,3.41449117160677e-05,NA,NA,NA,NA,"Joint HESS uncertainty requires valid regional genetic and total residual parameters"
"chr6_93428644_94118142","region","h2","GWAS2",NA,1.55518362303353e-05,NA,NA,NA,NA,"Joint HESS uncertainty requires valid regional genetic and total residual parameters"
"chr6_94118142_94441175","region","h2","GWAS2",NA,2.66578958413602e-05,NA,NA,NA,NA,"Joint HESS uncertainty requires valid regional genetic and total residual parameters"
"chr6_94441175_97093511","region","h2","GWAS2",NA,0.000170533979807426,NA,NA,NA,NA,"Joint HESS uncertainty requires valid regional genetic and total residual parameters"
"chr6_97093511_97842284","region","h2","GWAS2",NA,-1.43862918712824e-05,NA,NA,NA,NA,"Joint HESS uncertainty requires valid regional genetic and total residual parameters"
"chr6_97842284_100630146","region","h2","GWAS2",NA,-2.72444036789415e-05,NA,NA,NA,NA,"Joint HESS uncertainty requires valid regional genetic and total residual parameters"
"chr7_100196651_101199253","region","h2","GWAS2",NA,9.56811297716762e-06,NA,NA,NA,NA,"Joint HESS uncertainty requires valid regional genetic and total residual parameters"
"chr7_101199253_103197510","region","h2","GWAS2",NA,6.80857655726868e-05,NA,NA,NA,NA,"Joint HESS uncertainty requires valid regional genetic and total residual parameters"
"chr7_103197510_104159525","region","h2","GWAS2",NA,2.89595049916991e-05,NA,NA,NA,NA,"Joint HESS uncertainty requires valid regional genetic and total residual parameters"
"chr7_104159525_105682905","region","h2","GWAS2",NA,-3.5228670576651e-05,NA,NA,NA,NA,"Joint HESS uncertainty requires valid regional genetic and total residual parameters"
"chr7_105682905_107780178","region","h2","GWAS2",NA,0.000149084434387837,NA,NA,NA,NA,"Joint HESS uncertainty requires valid regional genetic and total residual parameters"
"chr7_107780178_109647594","region","h2","GWAS2",NA,-7.79213785376884e-05,NA,NA,NA,NA,"Joint HESS uncertainty requires valid regional genetic and total residual parameters"
"chr7_109647594_112618684","region","h2","GWAS2",NA,-3.12709577507242e-05,NA,NA,NA,NA,"Joint HESS uncertainty requires valid regional genetic and total residual parameters"
"chr7_112618684_113712387","region","h2","GWAS2",NA,-1.48790634744762e-05,NA,NA,NA,NA,"Joint HESS uncertainty requires valid regional genetic and total residual parameters"
"chr7_11299198_12635461","region","h2","GWAS2",NA,3.16923927087391e-05,NA,NA,NA,NA,"Joint HESS uncertainty requires valid regional genetic and total residual parameters"
"chr7_113712387_116780178","region","h2","GWAS2",NA,0.000160127933493554,NA,NA,NA,NA,"Joint HESS uncertainty requires valid regional genetic and total residual parameters"
"chr7_116780178_118351581","region","h2","GWAS2",NA,9.61417226260213e-05,NA,NA,NA,NA,"Joint HESS uncertainty requires valid regional genetic and total residual parameters"
"chr7_118351581_121045273","region","h2","GWAS2",NA,-3.10763512030228e-05,NA,NA,NA,NA,"Joint HESS uncertainty requires valid regional genetic and total residual parameters"
"chr7_121045273_121933630","region","h2","GWAS2",NA,-7.94972037376026e-05,NA,NA,NA,NA,"Joint HESS uncertainty requires valid regional genetic and total residual parameters"
"chr7_121933630_124156805","region","h2","GWAS2",NA,-0.00010032873825565,NA,NA,NA,NA,"Joint HESS uncertainty requires valid regional genetic and total residual parameters"
"chr7_124156805_124167552","region","h2","GWAS2",NA,-6.08911776762812e-06,NA,NA,NA,NA,"Joint HESS uncertainty requires valid regional genetic and total residual parameters"
"chr7_124167552_126519170","region","h2","GWAS2",NA,-0.000105240315708394,NA,NA,NA,NA,"Joint HESS uncertainty requires valid regional genetic and total residual parameters"
"chr7_12635461_13884202","region","h2","GWAS2",NA,-2.40430954514544e-05,NA,NA,NA,NA,"Joint HESS uncertainty requires valid regional genetic and total residual parameters"
"chr7_126519170_126869221","region","h2","GWAS2",NA,-2.41310230818281e-05,NA,NA,NA,NA,"Joint HESS uncertainty requires valid regional genetic and total residual parameters"
"chr7_126869221_128778386","region","h2","GWAS2",NA,-9.49659060599041e-05,NA,NA,NA,NA,"Joint HESS uncertainty requires valid regional genetic and total residual parameters"
"chr7_128778386_130422414","region","h2","GWAS2",NA,0.000148974113007621,NA,NA,NA,NA,"Joint HESS uncertainty requires valid regional genetic and total residual parameters"
"chr7_130422414_132805848","region","h2","GWAS2",NA,-1.39560049853484e-05,NA,NA,NA,NA,"Joint HESS uncertainty requires valid regional genetic and total residual parameters"
"chr7_132805848_134307596","region","h2","GWAS2",NA,-6.10263233728305e-05,NA,NA,NA,NA,"Joint HESS uncertainty requires valid regional genetic and total residual parameters"
"chr7_134307596_135591083","region","h2","GWAS2",NA,5.00774758722381e-05,NA,NA,NA,NA,"Joint HESS uncertainty requires valid regional genetic and total residual parameters"
"chr7_1353067_2062398","region","h2","GWAS2",NA,0.000130215508174375,NA,NA,NA,NA,"Joint HESS uncertainty requires valid regional genetic and total residual parameters"
"chr7_135591083_136876562","region","h2","GWAS2",NA,1.14946384033059e-05,NA,NA,NA,NA,"Joint HESS uncertainty requires valid regional genetic and total residual parameters"
"chr7_136876562_138744679","region","h2","GWAS2",NA,1.18254160751164e-06,NA,NA,NA,NA,"Joint HESS uncertainty requires valid regional genetic and total residual parameters"
"chr7_138744679_139933177","region","h2","GWAS2",NA,0.000181887267561702,NA,NA,NA,NA,"Joint HESS uncertainty requires valid regional genetic and total residual parameters"
"chr7_13884202_15143657","region","h2","GWAS2",NA,-4.00222192885657e-05,NA,NA,NA,NA,"Joint HESS uncertainty requires valid regional genetic and total residual parameters"
"chr7_139933177_140235210","region","h2","GWAS2",NA,1.82393240602681e-05,NA,NA,NA,NA,"Joint HESS uncertainty requires valid regional genetic and total residual parameters"
"chr7_140235210_141226557","region","h2","GWAS2",NA,0.00013326220799668,NA,NA,NA,NA,"Joint HESS uncertainty requires valid regional genetic and total residual parameters"
"chr7_141226557_142656310","region","h2","GWAS2",NA,2.63839178479309e-05,NA,NA,NA,NA,"Joint HESS uncertainty requires valid regional genetic and total residual parameters"
"chr7_142656310_144968289","region","h2","GWAS2",NA,-3.44383391229527e-05,NA,NA,NA,NA,"Joint HESS uncertainty requires valid regional genetic and total residual parameters"
"chr7_144968289_146427960","region","h2","GWAS2",NA,-4.9731741656341e-05,NA,NA,NA,NA,"Joint HESS uncertainty requires valid regional genetic and total residual parameters"
"chr7_146427960_147815318","region","h2","GWAS2",NA,1.75956036203132e-05,NA,NA,NA,NA,"Joint HESS uncertainty requires valid regional genetic and total residual parameters"
"chr7_147815318_149840658","region","h2","GWAS2",NA,3.65604008209446e-05,NA,NA,NA,NA,"Joint HESS uncertainty requires valid regional genetic and total residual parameters"
"chr7_149840658_150711505","region","h2","GWAS2",NA,8.41681504581887e-05,NA,NA,NA,NA,"Joint HESS uncertainty requires valid regional genetic and total residual parameters"
"chr7_150711505_152249806","region","h2","GWAS2",NA,1.43575506649783e-05,NA,NA,NA,NA,"Joint HESS uncertainty requires valid regional genetic and total residual parameters"
"chr7_15143657_16902069","region","h2","GWAS2",NA,-9.10017946428074e-05,NA,NA,NA,NA,"Joint HESS uncertainty requires valid regional genetic and total residual parameters"
"chr7_152249806_153674019","region","h2","GWAS2",NA,-3.97268714309618e-05,NA,NA,NA,NA,"Joint HESS uncertainty requires valid regional genetic and total residual parameters"
"chr7_153674019_154964730","region","h2","GWAS2",NA,-9.79845219250321e-05,NA,NA,NA,NA,"Joint HESS uncertainty requires valid regional genetic and total residual parameters"
"chr7_154964730_156065250","region","h2","GWAS2",NA,-7.52312821495977e-05,NA,NA,NA,NA,"Joint HESS uncertainty requires valid regional genetic and total residual parameters"
"chr7_156065250_157634597","region","h2","GWAS2",NA,-5.92966899616889e-06,NA,NA,NA,NA,"Joint HESS uncertainty requires valid regional genetic and total residual parameters"
"chr7_157634597_159128575","region","h2","GWAS2",NA,-4.03247839553628e-06,NA,NA,NA,NA,"Joint HESS uncertainty requires valid regional genetic and total residual parameters"
"chr7_16161_972752","region","h2","GWAS2",NA,-2.75315334812685e-05,NA,NA,NA,NA,"Joint HESS uncertainty requires valid regional genetic and total residual parameters"
"chr7_16902069_19481547","region","h2","GWAS2",NA,-5.74919816662409e-05,NA,NA,NA,NA,"Joint HESS uncertainty requires valid regional genetic and total residual parameters"
"chr7_19481547_20124908","region","h2","GWAS2",NA,-5.79753336699985e-05,NA,NA,NA,NA,"Joint HESS uncertainty requires valid regional genetic and total residual parameters"
"chr7_20124908_22507629","region","h2","GWAS2",NA,0.000113973500387945,NA,NA,NA,NA,"Joint HESS uncertainty requires valid regional genetic and total residual parameters"
"chr7_2062398_2772227","region","h2","GWAS2",NA,3.12596037759678e-06,NA,NA,NA,NA,"Joint HESS uncertainty requires valid regional genetic and total residual parameters"
"chr7_22507629_23471442","region","h2","GWAS2",NA,-0.000123253971246178,NA,NA,NA,NA,"Joint HESS uncertainty requires valid regional genetic and total residual parameters"
"chr7_23471442_25077259","region","h2","GWAS2",NA,1.86129088476797e-05,NA,NA,NA,NA,"Joint HESS uncertainty requires valid regional genetic and total residual parameters"
"chr7_25077259_25909555","region","h2","GWAS2",NA,-6.86772717039392e-05,NA,NA,NA,NA,"Joint HESS uncertainty requires valid regional genetic and total residual parameters"
"chr7_25909555_28360309","region","h2","GWAS2",NA,4.02833770486332e-05,NA,NA,NA,NA,"Joint HESS uncertainty requires valid regional genetic and total residual parameters"
"chr7_2772227_4573428","region","h2","GWAS2",NA,-2.46347288639817e-05,NA,NA,NA,NA,"Joint HESS uncertainty requires valid regional genetic and total residual parameters"
"chr7_28360309_31137289","region","h2","GWAS2",NA,-5.85997101960177e-05,NA,NA,NA,NA,"Joint HESS uncertainty requires valid regional genetic and total residual parameters"
"chr7_31137289_33555768","region","h2","GWAS2",NA,-3.68023360805775e-05,NA,NA,NA,NA,"Joint HESS uncertainty requires valid regional genetic and total residual parameters"
"chr7_33555768_36213538","region","h2","GWAS2",NA,0.000104937840130922,NA,NA,NA,NA,"Joint HESS uncertainty requires valid regional genetic and total residual parameters"
"chr7_36213538_37555184","region","h2","GWAS2",NA,3.60252616618769e-05,NA,NA,NA,NA,"Joint HESS uncertainty requires valid regional genetic and total residual parameters"
"chr7_37555184_38966703","region","h2","GWAS2",NA,-6.34347780772784e-05,NA,NA,NA,NA,"Joint HESS uncertainty requires valid regional genetic and total residual parameters"
"chr7_38966703_39862670","region","h2","GWAS2",NA,0.000136715203531392,NA,NA,NA,NA,"Joint HESS uncertainty requires valid regional genetic and total residual parameters"
"chr7_39862670_42001811","region","h2","GWAS2",NA,8.48098387691095e-06,NA,NA,NA,NA,"Joint HESS uncertainty requires valid regional genetic and total residual parameters"
"chr7_42001811_43159074","region","h2","GWAS2",NA,5.11447555289085e-05,NA,NA,NA,NA,"Joint HESS uncertainty requires valid regional genetic and total residual parameters"
"chr7_43159074_44763828","region","h2","GWAS2",NA,-4.44546704724466e-05,NA,NA,NA,NA,"Joint HESS uncertainty requires valid regional genetic and total residual parameters"
"chr7_44763828_45952922","region","h2","GWAS2",NA,0.000129834872038832,NA,NA,NA,NA,"Joint HESS uncertainty requires valid regional genetic and total residual parameters"
"chr7_4573428_5416232","region","h2","GWAS2",NA,-4.64310116656461e-06,NA,NA,NA,NA,"Joint HESS uncertainty requires valid regional genetic and total residual parameters"
"chr7_45952922_46986720","region","h2","GWAS2",NA,1.31462843944718e-05,NA,NA,NA,NA,"Joint HESS uncertainty requires valid regional genetic and total residual parameters"
"chr7_46986720_49212278","region","h2","GWAS2",NA,-8.27772831543281e-05,NA,NA,NA,NA,"Joint HESS uncertainty requires valid regional genetic and total residual parameters"
"chr7_49212278_51675322","region","h2","GWAS2",NA,1.35395225070337e-05,NA,NA,NA,NA,"Joint HESS uncertainty requires valid regional genetic and total residual parameters"
"chr7_51675322_53176312","region","h2","GWAS2",NA,-6.52082059898561e-05,NA,NA,NA,NA,"Joint HESS uncertainty requires valid regional genetic and total residual parameters"
"chr7_53176312_54222976","region","h2","GWAS2",NA,1.34557085250812e-05,NA,NA,NA,NA,"Joint HESS uncertainty requires valid regional genetic and total residual parameters"
"chr7_5416232_5854526","region","h2","GWAS2",NA,3.11777680356728e-05,NA,NA,NA,NA,"Joint HESS uncertainty requires valid regional genetic and total residual parameters"
"chr7_54222976_55691584","region","h2","GWAS2",NA,9.85563814328895e-06,NA,NA,NA,NA,"Joint HESS uncertainty requires valid regional genetic and total residual parameters"
"chr7_55691584_57382638","region","h2","GWAS2",NA,-8.21539021756593e-06,NA,NA,NA,NA,"Joint HESS uncertainty requires valid regional genetic and total residual parameters"
"chr7_57382638_63307359","region","h2","GWAS2",NA,-2.10872871135245e-05,NA,NA,NA,NA,"Joint HESS uncertainty requires valid regional genetic and total residual parameters"
"chr7_5854526_6573857","region","h2","GWAS2",NA,4.0041906295524e-05,NA,NA,NA,NA,"Joint HESS uncertainty requires valid regional genetic and total residual parameters"
"chr7_63307359_63641125","region","h2","GWAS2",NA,2.72128684403635e-05,NA,NA,NA,NA,"Joint HESS uncertainty requires valid regional genetic and total residual parameters"
"chr7_63641125_65689809","region","h2","GWAS2",NA,-2.12804428782316e-05,NA,NA,NA,NA,"Joint HESS uncertainty requires valid regional genetic and total residual parameters"
"chr7_65689809_68234074","region","h2","GWAS2",NA,-1.33653555221574e-05,NA,NA,NA,NA,"Joint HESS uncertainty requires valid regional genetic and total residual parameters"
"chr7_6573857_7808752","region","h2","GWAS2",NA,7.83777349850562e-06,NA,NA,NA,NA,"Joint HESS uncertainty requires valid regional genetic and total residual parameters"
"chr7_68234074_69085364","region","h2","GWAS2",NA,7.45902445533249e-06,NA,NA,NA,NA,"Joint HESS uncertainty requires valid regional genetic and total residual parameters"
"chr7_69085364_71874885","region","h2","GWAS2",NA,-6.21793323636928e-06,NA,NA,NA,NA,"Joint HESS uncertainty requires valid regional genetic and total residual parameters"
"chr7_71874885_73334602","region","h2","GWAS2",NA,-7.10478460218878e-05,NA,NA,NA,NA,"Joint HESS uncertainty requires valid regional genetic and total residual parameters"
"chr7_73334602_76458564","region","h2","GWAS2",NA,-1.5720407511892e-05,NA,NA,NA,NA,"Joint HESS uncertainty requires valid regional genetic and total residual parameters"
"chr7_76458564_78093859","region","h2","GWAS2",NA,5.45684219195659e-05,NA,NA,NA,NA,"Joint HESS uncertainty requires valid regional genetic and total residual parameters"
"chr7_7808752_9123423","region","h2","GWAS2",NA,-0.000142863347929045,NA,NA,NA,NA,"Joint HESS uncertainty requires valid regional genetic and total residual parameters"
"chr7_78093859_79888069","region","h2","GWAS2",NA,4.1199473801546e-05,NA,NA,NA,NA,"Joint HESS uncertainty requires valid regional genetic and total residual parameters"
"chr7_79888069_82022686","region","h2","GWAS2",NA,-0.000125518206175242,NA,NA,NA,NA,"Joint HESS uncertainty requires valid regional genetic and total residual parameters"
"chr7_82022686_83801203","region","h2","GWAS2",NA,-8.43025298953549e-05,NA,NA,NA,NA,"Joint HESS uncertainty requires valid regional genetic and total residual parameters"
"chr7_83801203_85572182","region","h2","GWAS2",NA,-9.1874714377554e-05,NA,NA,NA,NA,"Joint HESS uncertainty requires valid regional genetic and total residual parameters"
"chr7_85572182_87825004","region","h2","GWAS2",NA,2.67573443212173e-05,NA,NA,NA,NA,"Joint HESS uncertainty requires valid regional genetic and total residual parameters"
"chr7_87825004_90661784","region","h2","GWAS2",NA,-8.06688116267131e-05,NA,NA,NA,NA,"Joint HESS uncertainty requires valid regional genetic and total residual parameters"
"chr7_90661784_92493752","region","h2","GWAS2",NA,2.43735011316549e-05,NA,NA,NA,NA,"Joint HESS uncertainty requires valid regional genetic and total residual parameters"
"chr7_9123423_9987499","region","h2","GWAS2",NA,-8.91507176552516e-05,NA,NA,NA,NA,"Joint HESS uncertainty requires valid regional genetic and total residual parameters"
"chr7_92493752_93966601","region","h2","GWAS2",NA,-2.91485474078795e-05,NA,NA,NA,NA,"Joint HESS uncertainty requires valid regional genetic and total residual parameters"
"chr7_93966601_96073508","region","h2","GWAS2",NA,-5.33410517338819e-05,NA,NA,NA,NA,"Joint HESS uncertainty requires valid regional genetic and total residual parameters"
"chr7_96073508_97099570","region","h2","GWAS2",NA,2.10685823562283e-05,NA,NA,NA,NA,"Joint HESS uncertainty requires valid regional genetic and total residual parameters"
"chr7_97099570_98715474","region","h2","GWAS2",NA,-6.7429601494158e-05,NA,NA,NA,NA,"Joint HESS uncertainty requires valid regional genetic and total residual parameters"
"chr7_972752_1353067","region","h2","GWAS2",NA,-8.56785165928268e-05,NA,NA,NA,NA,"Joint HESS uncertainty requires valid regional genetic and total residual parameters"
"chr7_98715474_100196651","region","h2","GWAS2",NA,1.50450540745469e-05,NA,NA,NA,NA,"Joint HESS uncertainty requires valid regional genetic and total residual parameters"
"chr7_9987499_11299198","region","h2","GWAS2",NA,-8.57106279205201e-05,NA,NA,NA,NA,"Joint HESS uncertainty requires valid regional genetic and total residual parameters"
"chr8_101620958_104123306","region","h2","GWAS2",NA,-0.000105746962363961,NA,NA,NA,NA,"Joint HESS uncertainty requires valid regional genetic and total residual parameters"
"chr8_104123306_104988752","region","h2","GWAS2",NA,1.77350463545963e-06,NA,NA,NA,NA,"Joint HESS uncertainty requires valid regional genetic and total residual parameters"
"chr8_10422_1044217","region","h2","GWAS2",NA,-4.20425948961249e-05,NA,NA,NA,NA,"Joint HESS uncertainty requires valid regional genetic and total residual parameters"
"chr8_1044217_1163245","region","h2","GWAS2",NA,-4.92705460170751e-05,NA,NA,NA,NA,"Joint HESS uncertainty requires valid regional genetic and total residual parameters"
"chr8_10463197_11278998","region","h2","GWAS2",NA,-7.91043907434673e-05,NA,NA,NA,NA,"Joint HESS uncertainty requires valid regional genetic and total residual parameters"
"chr8_104988752_107410754","region","h2","GWAS2",NA,3.60476796114721e-05,NA,NA,NA,NA,"Joint HESS uncertainty requires valid regional genetic and total residual parameters"
"chr8_107410754_108648177","region","h2","GWAS2",NA,-5.0685202947499e-05,NA,NA,NA,NA,"Joint HESS uncertainty requires valid regional genetic and total residual parameters"
"chr8_108648177_109248173","region","h2","GWAS2",NA,-2.27740909098219e-05,NA,NA,NA,NA,"Joint HESS uncertainty requires valid regional genetic and total residual parameters"
"chr8_109248173_110484314","region","h2","GWAS2",NA,1.98754652307695e-05,NA,NA,NA,NA,"Joint HESS uncertainty requires valid regional genetic and total residual parameters"
"chr8_110484314_111850847","region","h2","GWAS2",NA,-7.36054078188152e-05,NA,NA,NA,NA,"Joint HESS uncertainty requires valid regional genetic and total residual parameters"
"chr8_111850847_113064320","region","h2","GWAS2",NA,-2.14592308300379e-05,NA,NA,NA,NA,"Joint HESS uncertainty requires valid regional genetic and total residual parameters"
"chr8_11278998_13491775","region","h2","GWAS2",NA,-3.46179928680811e-05,NA,NA,NA,NA,"Joint HESS uncertainty requires valid regional genetic and total residual parameters"
"chr8_113064320_116096495","region","h2","GWAS2",NA,-2.14201394431271e-05,NA,NA,NA,NA,"Joint HESS uncertainty requires valid regional genetic and total residual parameters"
"chr8_116096495_119685457","region","h2","GWAS2",NA,-9.41330489013844e-05,NA,NA,NA,NA,"Joint HESS uncertainty requires valid regional genetic and total residual parameters"
"chr8_1163245_2042942","region","h2","GWAS2",NA,-5.08702123196426e-05,NA,NA,NA,NA,"Joint HESS uncertainty requires valid regional genetic and total residual parameters"
"chr8_119685457_121201700","region","h2","GWAS2",NA,-6.10022269851106e-05,NA,NA,NA,NA,"Joint HESS uncertainty requires valid regional genetic and total residual parameters"
"chr8_121201700_124861459","region","h2","GWAS2",NA,-0.000117413986959508,NA,NA,NA,NA,"Joint HESS uncertainty requires valid regional genetic and total residual parameters"
"chr8_124861459_125683719","region","h2","GWAS2",NA,3.64935461460695e-06,NA,NA,NA,NA,"Joint HESS uncertainty requires valid regional genetic and total residual parameters"
"chr8_125683719_126410917","region","h2","GWAS2",NA,4.41544770935691e-05,NA,NA,NA,NA,"Joint HESS uncertainty requires valid regional genetic and total residual parameters"
"chr8_126410917_128659111","region","h2","GWAS2",NA,-2.69069821413259e-05,NA,NA,NA,NA,"Joint HESS uncertainty requires valid regional genetic and total residual parameters"
"chr8_128659111_130381139","region","h2","GWAS2",NA,4.27024531260717e-05,NA,NA,NA,NA,"Joint HESS uncertainty requires valid regional genetic and total residual parameters"
"chr8_130381139_131639625","region","h2","GWAS2",NA,-3.4726419256673e-06,NA,NA,NA,NA,"Joint HESS uncertainty requires valid regional genetic and total residual parameters"
"chr8_131639625_133351144","region","h2","GWAS2",NA,-6.35139576045515e-05,NA,NA,NA,NA,"Joint HESS uncertainty requires valid regional genetic and total residual parameters"
"chr8_133351144_134570001","region","h2","GWAS2",NA,-0.000138939765392917,NA,NA,NA,NA,"Joint HESS uncertainty requires valid regional genetic and total residual parameters"
"chr8_134570001_136035605","region","h2","GWAS2",NA,-1.40848405002997e-05,NA,NA,NA,NA,"Joint HESS uncertainty requires valid regional genetic and total residual parameters"
"chr8_13491775_13944992","region","h2","GWAS2",NA,1.90950828730596e-05,NA,NA,NA,NA,"Joint HESS uncertainty requires valid regional genetic and total residual parameters"
"chr8_136035605_137524151","region","h2","GWAS2",NA,-3.24388792070803e-05,NA,NA,NA,NA,"Joint HESS uncertainty requires valid regional genetic and total residual parameters"
"chr8_137524151_139254830","region","h2","GWAS2",NA,-0.000146326277024985,NA,NA,NA,NA,"Joint HESS uncertainty requires valid regional genetic and total residual parameters"
"chr8_139254830_140725643","region","h2","GWAS2",NA,-7.09450631281158e-05,NA,NA,NA,NA,"Joint HESS uncertainty requires valid regional genetic and total residual parameters"
"chr8_13944992_15991660","region","h2","GWAS2",NA,-8.17467065336597e-05,NA,NA,NA,NA,"Joint HESS uncertainty requires valid regional genetic and total residual parameters"
"chr8_140725643_143044914","region","h2","GWAS2",NA,5.09572427489803e-07,NA,NA,NA,NA,"Joint HESS uncertainty requires valid regional genetic and total residual parameters"
"chr8_143044914_144236881","region","h2","GWAS2",NA,-5.38389703994046e-05,NA,NA,NA,NA,"Joint HESS uncertainty requires valid regional genetic and total residual parameters"
"chr8_144236881_146303867","region","h2","GWAS2",NA,-8.41597793306281e-06,NA,NA,NA,NA,"Joint HESS uncertainty requires valid regional genetic and total residual parameters"
"chr8_15991660_17387876","region","h2","GWAS2",NA,-1.16856754995282e-05,NA,NA,NA,NA,"Joint HESS uncertainty requires valid regional genetic and total residual parameters"
"chr8_17387876_17836399","region","h2","GWAS2",NA,-2.9310378258194e-05,NA,NA,NA,NA,"Joint HESS uncertainty requires valid regional genetic and total residual parameters"
"chr8_17836399_19492840","region","h2","GWAS2",NA,-6.83109883384803e-05,NA,NA,NA,NA,"Joint HESS uncertainty requires valid regional genetic and total residual parameters"
"chr8_19492840_20060856","region","h2","GWAS2",NA,0.000285610911282634,NA,NA,NA,NA,"Joint HESS uncertainty requires valid regional genetic and total residual parameters"
"chr8_20060856_21661737","region","h2","GWAS2",NA,2.72894149930978e-05,NA,NA,NA,NA,"Joint HESS uncertainty requires valid regional genetic and total residual parameters"
"chr8_2042942_2573279","region","h2","GWAS2",NA,-1.75749572852388e-05,NA,NA,NA,NA,"Joint HESS uncertainty requires valid regional genetic and total residual parameters"
"chr8_21661737_22897057","region","h2","GWAS2",NA,8.83954715201433e-05,NA,NA,NA,NA,"Joint HESS uncertainty requires valid regional genetic and total residual parameters"
"chr8_22897057_24674718","region","h2","GWAS2",NA,-5.70374767905285e-05,NA,NA,NA,NA,"Joint HESS uncertainty requires valid regional genetic and total residual parameters"
"chr8_24674718_25483454","region","h2","GWAS2",NA,4.38997569141483e-05,NA,NA,NA,NA,"Joint HESS uncertainty requires valid regional genetic and total residual parameters"
"chr8_25483454_26682525","region","h2","GWAS2",NA,0.000190655212266143,NA,NA,NA,NA,"Joint HESS uncertainty requires valid regional genetic and total residual parameters"
"chr8_2573279_3392926","region","h2","GWAS2",NA,-0.000128218782092711,NA,NA,NA,NA,"Joint HESS uncertainty requires valid regional genetic and total residual parameters"
"chr8_26682525_28162392","region","h2","GWAS2",NA,6.90731647738678e-05,NA,NA,NA,NA,"Joint HESS uncertainty requires valid regional genetic and total residual parameters"
"chr8_28162392_29327896","region","h2","GWAS2",NA,-1.19528045804603e-05,NA,NA,NA,NA,"Joint HESS uncertainty requires valid regional genetic and total residual parameters"
"chr8_29327896_31133729","region","h2","GWAS2",NA,2.64739667474107e-05,NA,NA,NA,NA,"Joint HESS uncertainty requires valid regional genetic and total residual parameters"
"chr8_31133729_31548360","region","h2","GWAS2",NA,-2.6405261473678e-05,NA,NA,NA,NA,"Joint HESS uncertainty requires valid regional genetic and total residual parameters"
"chr8_31548360_32977218","region","h2","GWAS2",NA,-3.2292470880176e-05,NA,NA,NA,NA,"Joint HESS uncertainty requires valid regional genetic and total residual parameters"
"chr8_32977218_35317232","region","h2","GWAS2",NA,2.6432682287e-05,NA,NA,NA,NA,"Joint HESS uncertainty requires valid regional genetic and total residual parameters"
"chr8_3392926_3783017","region","h2","GWAS2",NA,4.9037038766403e-05,NA,NA,NA,NA,"Joint HESS uncertainty requires valid regional genetic and total residual parameters"
"chr8_35317232_37379389","region","h2","GWAS2",NA,-7.21802094475457e-05,NA,NA,NA,NA,"Joint HESS uncertainty requires valid regional genetic and total residual parameters"
"chr8_37379389_38938806","region","h2","GWAS2",NA,-5.04761505008965e-05,NA,NA,NA,NA,"Joint HESS uncertainty requires valid regional genetic and total residual parameters"
"chr8_3783017_4480476","region","h2","GWAS2",NA,-9.76010295236809e-05,NA,NA,NA,NA,"Joint HESS uncertainty requires valid regional genetic and total residual parameters"
"chr8_38938806_40703337","region","h2","GWAS2",NA,-0.00010357659185566,NA,NA,NA,NA,"Joint HESS uncertainty requires valid regional genetic and total residual parameters"
"chr8_40703337_41721454","region","h2","GWAS2",NA,2.43546688074502e-05,NA,NA,NA,NA,"Joint HESS uncertainty requires valid regional genetic and total residual parameters"
"chr8_41721454_42773823","region","h2","GWAS2",NA,-3.42278066222219e-05,NA,NA,NA,NA,"Joint HESS uncertainty requires valid regional genetic and total residual parameters"
"chr8_42773823_46841315","region","h2","GWAS2",NA,-1.24085822584314e-05,NA,NA,NA,NA,"Joint HESS uncertainty requires valid regional genetic and total residual parameters"
"chr8_4480476_5146927","region","h2","GWAS2",NA,-2.09024730382341e-05,NA,NA,NA,NA,"Joint HESS uncertainty requires valid regional genetic and total residual parameters"
"chr8_46841315_50082470","region","h2","GWAS2",NA,-8.62264119878042e-05,NA,NA,NA,NA,"Joint HESS uncertainty requires valid regional genetic and total residual parameters"
"chr8_50082470_53302930","region","h2","GWAS2",NA,2.22841810515388e-05,NA,NA,NA,NA,"Joint HESS uncertainty requires valid regional genetic and total residual parameters"
"chr8_5146927_6142797","region","h2","GWAS2",NA,9.37911152164801e-06,NA,NA,NA,NA,"Joint HESS uncertainty requires valid regional genetic and total residual parameters"
"chr8_53302930_54418044","region","h2","GWAS2",NA,-1.11397530327534e-05,NA,NA,NA,NA,"Joint HESS uncertainty requires valid regional genetic and total residual parameters"
"chr8_54418044_55945581","region","h2","GWAS2",NA,0.000237399318192967,NA,NA,NA,NA,"Joint HESS uncertainty requires valid regional genetic and total residual parameters"
"chr8_55945581_56956383","region","h2","GWAS2",NA,-4.88739471401531e-05,NA,NA,NA,NA,"Joint HESS uncertainty requires valid regional genetic and total residual parameters"
"chr8_56956383_59068651","region","h2","GWAS2",NA,-4.37602684631776e-05,NA,NA,NA,NA,"Joint HESS uncertainty requires valid regional genetic and total residual parameters"
"chr8_59068651_59728100","region","h2","GWAS2",NA,-7.58084748258414e-05,NA,NA,NA,NA,"Joint HESS uncertainty requires valid regional genetic and total residual parameters"
"chr8_59728100_62329099","region","h2","GWAS2",NA,5.31875348434503e-05,NA,NA,NA,NA,"Joint HESS uncertainty requires valid regional genetic and total residual parameters"
"chr8_6142797_7153079","region","h2","GWAS2",NA,-3.39363246591993e-05,NA,NA,NA,NA,"Joint HESS uncertainty requires valid regional genetic and total residual parameters"
"chr8_62329099_63349306","region","h2","GWAS2",NA,-8.35545317229142e-05,NA,NA,NA,NA,"Joint HESS uncertainty requires valid regional genetic and total residual parameters"
"chr8_63349306_65232872","region","h2","GWAS2",NA,-8.40105174949176e-05,NA,NA,NA,NA,"Joint HESS uncertainty requires valid regional genetic and total residual parameters"
"chr8_65232872_66489090","region","h2","GWAS2",NA,6.08452596298344e-05,NA,NA,NA,NA,"Joint HESS uncertainty requires valid regional genetic and total residual parameters"
"chr8_66489090_69863057","region","h2","GWAS2",NA,-2.85541086691738e-05,NA,NA,NA,NA,"Joint HESS uncertainty requires valid regional genetic and total residual parameters"
"chr8_69863057_70867979","region","h2","GWAS2",NA,8.70305454394298e-05,NA,NA,NA,NA,"Joint HESS uncertainty requires valid regional genetic and total residual parameters"
"chr8_70867979_72289454","region","h2","GWAS2",NA,-1.0121260153968e-08,NA,NA,NA,NA,"Joint HESS uncertainty requires valid regional genetic and total residual parameters"
"chr8_7153079_9154694","region","h2","GWAS2",NA,1.59802607741015e-05,NA,NA,NA,NA,"Joint HESS uncertainty requires valid regional genetic and total residual parameters"
"chr8_72289454_73817199","region","h2","GWAS2",NA,-3.92585851768034e-05,NA,NA,NA,NA,"Joint HESS uncertainty requires valid regional genetic and total residual parameters"
"chr8_73817199_75445064","region","h2","GWAS2",NA,-4.98022422162084e-05,NA,NA,NA,NA,"Joint HESS uncertainty requires valid regional genetic and total residual parameters"
"chr8_75445064_76456542","region","h2","GWAS2",NA,9.74654487183695e-05,NA,NA,NA,NA,"Joint HESS uncertainty requires valid regional genetic and total residual parameters"
"chr8_76456542_79132861","region","h2","GWAS2",NA,6.24355332529986e-05,NA,NA,NA,NA,"Joint HESS uncertainty requires valid regional genetic and total residual parameters"
"chr8_79132861_81956395","region","h2","GWAS2",NA,-9.06477572291789e-05,NA,NA,NA,NA,"Joint HESS uncertainty requires valid regional genetic and total residual parameters"
"chr8_81956395_82693739","region","h2","GWAS2",NA,-4.40762266822415e-05,NA,NA,NA,NA,"Joint HESS uncertainty requires valid regional genetic and total residual parameters"
"chr8_82693739_84225589","region","h2","GWAS2",NA,-7.98740337411403e-05,NA,NA,NA,NA,"Joint HESS uncertainty requires valid regional genetic and total residual parameters"
"chr8_84225589_85955619","region","h2","GWAS2",NA,-0.00010273256160795,NA,NA,NA,NA,"Joint HESS uncertainty requires valid regional genetic and total residual parameters"
"chr8_85955619_87411709","region","h2","GWAS2",NA,-1.27065987696586e-05,NA,NA,NA,NA,"Joint HESS uncertainty requires valid regional genetic and total residual parameters"
"chr8_87411709_89085481","region","h2","GWAS2",NA,-4.05404929335814e-06,NA,NA,NA,NA,"Joint HESS uncertainty requires valid regional genetic and total residual parameters"
"chr8_89085481_90638162","region","h2","GWAS2",NA,3.23070567017222e-05,NA,NA,NA,NA,"Joint HESS uncertainty requires valid regional genetic and total residual parameters"
"chr8_90638162_93554386","region","h2","GWAS2",NA,5.39581625494971e-06,NA,NA,NA,NA,"Joint HESS uncertainty requires valid regional genetic and total residual parameters"
"chr8_9154694_9640787","region","h2","GWAS2",NA,-7.81917824711783e-05,NA,NA,NA,NA,"Joint HESS uncertainty requires valid regional genetic and total residual parameters"
"chr8_93554386_95005527","region","h2","GWAS2",NA,7.42610914854559e-05,NA,NA,NA,NA,"Joint HESS uncertainty requires valid regional genetic and total residual parameters"
"chr8_95005527_96534806","region","h2","GWAS2",NA,0.000149280351179185,NA,NA,NA,NA,"Joint HESS uncertainty requires valid regional genetic and total residual parameters"
"chr8_9640787_10463197","region","h2","GWAS2",NA,-5.02962879944152e-07,NA,NA,NA,NA,"Joint HESS uncertainty requires valid regional genetic and total residual parameters"
"chr8_96534806_99401581","region","h2","GWAS2",NA,-7.29224594638683e-05,NA,NA,NA,NA,"Joint HESS uncertainty requires valid regional genetic and total residual parameters"
"chr8_99401581_101620958","region","h2","GWAS2",NA,7.14705806129063e-05,NA,NA,NA,NA,"Joint HESS uncertainty requires valid regional genetic and total residual parameters"
"chr9_10023_1079707","region","h2","GWAS2",NA,-2.82390615162211e-05,NA,NA,NA,NA,"Joint HESS uncertainty requires valid regional genetic and total residual parameters"
"chr9_101592859_104624437","region","h2","GWAS2",NA,-5.77014505071424e-05,NA,NA,NA,NA,"Joint HESS uncertainty requires valid regional genetic and total residual parameters"
"chr9_104624437_105967976","region","h2","GWAS2",NA,-1.85462131206786e-05,NA,NA,NA,NA,"Joint HESS uncertainty requires valid regional genetic and total residual parameters"
"chr9_105967976_107581749","region","h2","GWAS2",NA,-5.711562469078e-05,NA,NA,NA,NA,"Joint HESS uncertainty requires valid regional genetic and total residual parameters"
"chr9_107581749_109298754","region","h2","GWAS2",NA,8.74471960359443e-05,NA,NA,NA,NA,"Joint HESS uncertainty requires valid regional genetic and total residual parameters"
"chr9_1079707_1916877","region","h2","GWAS2",NA,2.0723685083467e-05,NA,NA,NA,NA,"Joint HESS uncertainty requires valid regional genetic and total residual parameters"
"chr9_10879253_12276489","region","h2","GWAS2",NA,-4.64245275745632e-05,NA,NA,NA,NA,"Joint HESS uncertainty requires valid regional genetic and total residual parameters"
"chr9_109298754_110695062","region","h2","GWAS2",NA,0.000205629267846308,NA,NA,NA,NA,"Joint HESS uncertainty requires valid regional genetic and total residual parameters"
"chr9_110695062_112778024","region","h2","GWAS2",NA,0.000108531622111627,NA,NA,NA,NA,"Joint HESS uncertainty requires valid regional genetic and total residual parameters"
"chr9_112778024_114831082","region","h2","GWAS2",NA,2.93441126579209e-05,NA,NA,NA,NA,"Joint HESS uncertainty requires valid regional genetic and total residual parameters"
"chr9_114831082_115693145","region","h2","GWAS2",NA,4.4874246267738e-05,NA,NA,NA,NA,"Joint HESS uncertainty requires valid regional genetic and total residual parameters"
"chr9_115693145_117019801","region","h2","GWAS2",NA,-6.74146231544105e-05,NA,NA,NA,NA,"Joint HESS uncertainty requires valid regional genetic and total residual parameters"
"chr9_117019801_117921960","region","h2","GWAS2",NA,7.37603883591534e-05,NA,NA,NA,NA,"Joint HESS uncertainty requires valid regional genetic and total residual parameters"
"chr9_117921960_121321537","region","h2","GWAS2",NA,-5.99735558422497e-05,NA,NA,NA,NA,"Joint HESS uncertainty requires valid regional genetic and total residual parameters"
"chr9_121321537_122260297","region","h2","GWAS2",NA,-5.84376269211339e-06,NA,NA,NA,NA,"Joint HESS uncertainty requires valid regional genetic and total residual parameters"
"chr9_122260297_124871322","region","h2","GWAS2",NA,6.4765336512255e-05,NA,NA,NA,NA,"Joint HESS uncertainty requires valid regional genetic and total residual parameters"
"chr9_12276489_14836363","region","h2","GWAS2",NA,-2.85445199795136e-05,NA,NA,NA,NA,"Joint HESS uncertainty requires valid regional genetic and total residual parameters"
"chr9_124871322_126971887","region","h2","GWAS2",NA,5.62442840872497e-05,NA,NA,NA,NA,"Joint HESS uncertainty requires valid regional genetic and total residual parameters"
"chr9_126971887_129059665","region","h2","GWAS2",NA,6.22198519267434e-05,NA,NA,NA,NA,"Joint HESS uncertainty requires valid regional genetic and total residual parameters"
"chr9_129059665_130055510","region","h2","GWAS2",NA,3.3779105234311e-05,NA,NA,NA,NA,"Joint HESS uncertainty requires valid regional genetic and total residual parameters"
"chr9_130055510_132165470","region","h2","GWAS2",NA,3.59336695678407e-06,NA,NA,NA,NA,"Joint HESS uncertainty requires valid regional genetic and total residual parameters"
"chr9_132165470_133223217","region","h2","GWAS2",NA,-1.06589420068613e-05,NA,NA,NA,NA,"Joint HESS uncertainty requires valid regional genetic and total residual parameters"
"chr9_133223217_134127888","region","h2","GWAS2",NA,-4.66362601588737e-05,NA,NA,NA,NA,"Joint HESS uncertainty requires valid regional genetic and total residual parameters"
"chr9_134127888_135298842","region","h2","GWAS2",NA,-0.000113659608094963,NA,NA,NA,NA,"Joint HESS uncertainty requires valid regional genetic and total residual parameters"
"chr9_135298842_137041122","region","h2","GWAS2",NA,0.000213739243650428,NA,NA,NA,NA,"Joint HESS uncertainty requires valid regional genetic and total residual parameters"
"chr9_137041122_137589364","region","h2","GWAS2",NA,1.41592277896075e-05,NA,NA,NA,NA,"Joint HESS uncertainty requires valid regional genetic and total residual parameters"
"chr9_137589364_138938978","region","h2","GWAS2",NA,-7.12301048904185e-05,NA,NA,NA,NA,"Joint HESS uncertainty requires valid regional genetic and total residual parameters"
"chr9_138938978_139500342","region","h2","GWAS2",NA,-6.05237789117391e-05,NA,NA,NA,NA,"Joint HESS uncertainty requires valid regional genetic and total residual parameters"
"chr9_139500342_141144796","region","h2","GWAS2",NA,4.27810584275675e-05,NA,NA,NA,NA,"Joint HESS uncertainty requires valid regional genetic and total residual parameters"
"chr9_14836363_16659655","region","h2","GWAS2",NA,-6.5079042361271e-05,NA,NA,NA,NA,"Joint HESS uncertainty requires valid regional genetic and total residual parameters"
"chr9_16659655_18661051","region","h2","GWAS2",NA,7.66731401501624e-05,NA,NA,NA,NA,"Joint HESS uncertainty requires valid regional genetic and total residual parameters"
"chr9_18661051_20463534","region","h2","GWAS2",NA,2.11827652838424e-05,NA,NA,NA,NA,"Joint HESS uncertainty requires valid regional genetic and total residual parameters"
"chr9_1916877_3190064","region","h2","GWAS2",NA,-4.35789276339649e-05,NA,NA,NA,NA,"Joint HESS uncertainty requires valid regional genetic and total residual parameters"
"chr9_20463534_22206559","region","h2","GWAS2",NA,0.00121674033322177,NA,NA,NA,NA,"Joint HESS uncertainty requires valid regional genetic and total residual parameters"
"chr9_22206559_24158518","region","h2","GWAS2",NA,-1.15912173595484e-05,NA,NA,NA,NA,"Joint HESS uncertainty requires valid regional genetic and total residual parameters"
"chr9_24158518_25330810","region","h2","GWAS2",NA,-9.76965991119239e-05,NA,NA,NA,NA,"Joint HESS uncertainty requires valid regional genetic and total residual parameters"
"chr9_25330810_26111757","region","h2","GWAS2",NA,6.34856769645165e-06,NA,NA,NA,NA,"Joint HESS uncertainty requires valid regional genetic and total residual parameters"
"chr9_26111757_28224283","region","h2","GWAS2",NA,7.91542004828346e-05,NA,NA,NA,NA,"Joint HESS uncertainty requires valid regional genetic and total residual parameters"
"chr9_28224283_28811584","region","h2","GWAS2",NA,6.32022943569374e-05,NA,NA,NA,NA,"Joint HESS uncertainty requires valid regional genetic and total residual parameters"
"chr9_28811584_30387392","region","h2","GWAS2",NA,0.000129095964985812,NA,NA,NA,NA,"Joint HESS uncertainty requires valid regional genetic and total residual parameters"
"chr9_30387392_31310383","region","h2","GWAS2",NA,5.91366422266946e-05,NA,NA,NA,NA,"Joint HESS uncertainty requires valid regional genetic and total residual parameters"
"chr9_31310383_32019368","region","h2","GWAS2",NA,1.90311241734323e-06,NA,NA,NA,NA,"Joint HESS uncertainty requires valid regional genetic and total residual parameters"
"chr9_3190064_4495328","region","h2","GWAS2",NA,2.22852960865563e-05,NA,NA,NA,NA,"Joint HESS uncertainty requires valid regional genetic and total residual parameters"
"chr9_32019368_33578334","region","h2","GWAS2",NA,-7.52899999528029e-05,NA,NA,NA,NA,"Joint HESS uncertainty requires valid regional genetic and total residual parameters"
"chr9_33578334_34642243","region","h2","GWAS2",NA,2.26200073881926e-05,NA,NA,NA,NA,"Joint HESS uncertainty requires valid regional genetic and total residual parameters"
"chr9_34642243_36743283","region","h2","GWAS2",NA,4.42184470195392e-05,NA,NA,NA,NA,"Joint HESS uncertainty requires valid regional genetic and total residual parameters"
"chr9_36743283_38641599","region","h2","GWAS2",NA,-5.35242615950683e-05,NA,NA,NA,NA,"Joint HESS uncertainty requires valid regional genetic and total residual parameters"
"chr9_38641599_65472190","region","h2","GWAS2",NA,-2.94335738767232e-05,NA,NA,NA,NA,"Joint HESS uncertainty requires valid regional genetic and total residual parameters"
"chr9_4495328_4884926","region","h2","GWAS2",NA,-7.16515278030158e-06,NA,NA,NA,NA,"Joint HESS uncertainty requires valid regional genetic and total residual parameters"
"chr9_4884926_6557589","region","h2","GWAS2",NA,-1.60532143146347e-06,NA,NA,NA,NA,"Joint HESS uncertainty requires valid regional genetic and total residual parameters"
"chr9_65472190_72512711","region","h2","GWAS2",NA,-5.40536210019667e-05,NA,NA,NA,NA,"Joint HESS uncertainty requires valid regional genetic and total residual parameters"
"chr9_6557589_7154923","region","h2","GWAS2",NA,-3.1899189328665e-05,NA,NA,NA,NA,"Joint HESS uncertainty requires valid regional genetic and total residual parameters"
"chr9_7154923_8456299","region","h2","GWAS2",NA,-0.00010273787893651,NA,NA,NA,NA,"Joint HESS uncertainty requires valid regional genetic and total residual parameters"
"chr9_72512711_72753755","region","h2","GWAS2",NA,6.08868558182178e-05,NA,NA,NA,NA,"Joint HESS uncertainty requires valid regional genetic and total residual parameters"
"chr9_72753755_74253040","region","h2","GWAS2",NA,0.000108149318428759,NA,NA,NA,NA,"Joint HESS uncertainty requires valid regional genetic and total residual parameters"
"chr9_74253040_76203946","region","h2","GWAS2",NA,-6.87741720464418e-05,NA,NA,NA,NA,"Joint HESS uncertainty requires valid regional genetic and total residual parameters"
"chr9_76203946_76973081","region","h2","GWAS2",NA,-9.81480472916218e-06,NA,NA,NA,NA,"Joint HESS uncertainty requires valid regional genetic and total residual parameters"
"chr9_76973081_78900183","region","h2","GWAS2",NA,6.97428519483888e-06,NA,NA,NA,NA,"Joint HESS uncertainty requires valid regional genetic and total residual parameters"
"chr9_78900183_79471208","region","h2","GWAS2",NA,2.42300440598831e-05,NA,NA,NA,NA,"Joint HESS uncertainty requires valid regional genetic and total residual parameters"
"chr9_79471208_81079055","region","h2","GWAS2",NA,2.83190364782243e-05,NA,NA,NA,NA,"Joint HESS uncertainty requires valid regional genetic and total residual parameters"
"chr9_81079055_82590928","region","h2","GWAS2",NA,-1.95706810342069e-05,NA,NA,NA,NA,"Joint HESS uncertainty requires valid regional genetic and total residual parameters"
"chr9_82590928_84211233","region","h2","GWAS2",NA,2.63098722070315e-06,NA,NA,NA,NA,"Joint HESS uncertainty requires valid regional genetic and total residual parameters"
"chr9_84211233_85440801","region","h2","GWAS2",NA,-5.60113957174223e-05,NA,NA,NA,NA,"Joint HESS uncertainty requires valid regional genetic and total residual parameters"
"chr9_8456299_9166403","region","h2","GWAS2",NA,-5.73369435549053e-05,NA,NA,NA,NA,"Joint HESS uncertainty requires valid regional genetic and total residual parameters"
"chr9_85440801_86938196","region","h2","GWAS2",NA,-4.08799039023247e-05,NA,NA,NA,NA,"Joint HESS uncertainty requires valid regional genetic and total residual parameters"
"chr9_86938196_88109333","region","h2","GWAS2",NA,1.08610422174179e-05,NA,NA,NA,NA,"Joint HESS uncertainty requires valid regional genetic and total residual parameters"
"chr9_88109333_88590417","region","h2","GWAS2",NA,-6.00512295242799e-05,NA,NA,NA,NA,"Joint HESS uncertainty requires valid regional genetic and total residual parameters"
"chr9_88590417_90136246","region","h2","GWAS2",NA,-0.000130677838405694,NA,NA,NA,NA,"Joint HESS uncertainty requires valid regional genetic and total residual parameters"
"chr9_90136246_92528698","region","h2","GWAS2",NA,3.05968242673302e-05,NA,NA,NA,NA,"Joint HESS uncertainty requires valid regional genetic and total residual parameters"
"chr9_9166403_10879253","region","h2","GWAS2",NA,6.66158531221745e-05,NA,NA,NA,NA,"Joint HESS uncertainty requires valid regional genetic and total residual parameters"
"chr9_92528698_94167203","region","h2","GWAS2",NA,-3.05931292908856e-05,NA,NA,NA,NA,"Joint HESS uncertainty requires valid regional genetic and total residual parameters"
"chr9_94167203_96671698","region","h2","GWAS2",NA,7.4434117871444e-05,NA,NA,NA,NA,"Joint HESS uncertainty requires valid regional genetic and total residual parameters"
"chr9_96671698_98922040","region","h2","GWAS2",NA,-8.17906856325664e-05,NA,NA,NA,NA,"Joint HESS uncertainty requires valid regional genetic and total residual parameters"
"chr9_98922040_101592859","region","h2","GWAS2",NA,5.030211204537e-05,NA,NA,NA,NA,"Joint HESS uncertainty requires valid regional genetic and total residual parameters"
NA,"total","h2","GWAS2",NA,0.006469642356266,NA,NA,NA,NA,"Joint HESS uncertainty requires valid regional genetic and total residual parameters"
