"region","component","quantity","trait1","trait2","estimate","standard_error","z","p_value","undefined_reason","uncertainty_reason","analysis"
"chr22_16050408_17674295","region","h2","GWAS1",NA,0.000156966325994152,NA,NA,NA,NA,"Joint HESS uncertainty requires valid regional genetic and total residual parameters","gcorr_chr22"
"chr22_17674295_18296088","region","h2","GWAS1",NA,0.000204816522872343,NA,NA,NA,NA,"Joint HESS uncertainty requires valid regional genetic and total residual parameters","gcorr_chr22"
"chr22_18296088_19912358","region","h2","GWAS1",NA,0.000496025843593205,NA,NA,NA,NA,"Joint HESS uncertainty requires valid regional genetic and total residual parameters","gcorr_chr22"
"chr22_19912358_22357325","region","h2","GWAS1",NA,0.000442157082593794,NA,NA,NA,NA,"Joint HESS uncertainty requires valid regional genetic and total residual parameters","gcorr_chr22"
"chr22_22357325_23712647","region","h2","GWAS1",NA,-4.18083182180896e-05,NA,NA,NA,NA,"Joint HESS uncertainty requires valid regional genetic and total residual parameters","gcorr_chr22"
"chr22_23712647_24984204","region","h2","GWAS1",NA,9.17340191167332e-05,NA,NA,NA,NA,"Joint HESS uncertainty requires valid regional genetic and total residual parameters","gcorr_chr22"
"chr22_24984204_26791628","region","h2","GWAS1",NA,3.91070120092778e-05,NA,NA,NA,NA,"Joint HESS uncertainty requires valid regional genetic and total residual parameters","gcorr_chr22"
"chr22_26791628_27834752","region","h2","GWAS1",NA,-0.000228534134366639,NA,NA,NA,NA,"Joint HESS uncertainty requires valid regional genetic and total residual parameters","gcorr_chr22"
"chr22_27834752_29651799","region","h2","GWAS1",NA,0.000223735334505482,NA,NA,NA,NA,"Joint HESS uncertainty requires valid regional genetic and total residual parameters","gcorr_chr22"
"chr22_29651799_31439918","region","h2","GWAS1",NA,0.000774998467969303,NA,NA,NA,NA,"Joint HESS uncertainty requires valid regional genetic and total residual parameters","gcorr_chr22"
"chr22_31439918_32664986","region","h2","GWAS1",NA,0.000388435456779081,NA,NA,NA,NA,"Joint HESS uncertainty requires valid regional genetic and total residual parameters","gcorr_chr22"
"chr22_32664986_34494914","region","h2","GWAS1",NA,-0.000487079705508689,NA,NA,NA,NA,"Joint HESS uncertainty requires valid regional genetic and total residual parameters","gcorr_chr22"
"chr22_34494914_35530985","region","h2","GWAS1",NA,-0.000204686428316389,NA,NA,NA,NA,"Joint HESS uncertainty requires valid regional genetic and total residual parameters","gcorr_chr22"
"chr22_35530985_37570269","region","h2","GWAS1",NA,-0.000111101025667723,NA,NA,NA,NA,"Joint HESS uncertainty requires valid regional genetic and total residual parameters","gcorr_chr22"
"chr22_37570269_39307894","region","h2","GWAS1",NA,-0.000188481887783866,NA,NA,NA,NA,"Joint HESS uncertainty requires valid regional genetic and total residual parameters","gcorr_chr22"
"chr22_39307894_40545797","region","h2","GWAS1",NA,0.000490412371438011,NA,NA,NA,NA,"Joint HESS uncertainty requires valid regional genetic and total residual parameters","gcorr_chr22"
"chr22_40545797_42690818","region","h2","GWAS1",NA,0.000509833098472427,NA,NA,NA,NA,"Joint HESS uncertainty requires valid regional genetic and total residual parameters","gcorr_chr22"
"chr22_42690818_43714200","region","h2","GWAS1",NA,0.000109527437363108,NA,NA,NA,NA,"Joint HESS uncertainty requires valid regional genetic and total residual parameters","gcorr_chr22"
"chr22_43714200_44995308","region","h2","GWAS1",NA,0.000169209028703714,NA,NA,NA,NA,"Joint HESS uncertainty requires valid regional genetic and total residual parameters","gcorr_chr22"
"chr22_44995308_46470495","region","h2","GWAS1",NA,-1.71974632311528e-06,NA,NA,NA,NA,"Joint HESS uncertainty requires valid regional genetic and total residual parameters","gcorr_chr22"
"chr22_46470495_47596318","region","h2","GWAS1",NA,0.000292993078071643,NA,NA,NA,NA,"Joint HESS uncertainty requires valid regional genetic and total residual parameters","gcorr_chr22"
"chr22_47596318_48903703","region","h2","GWAS1",NA,-4.07993174042448e-05,NA,NA,NA,NA,"Joint HESS uncertainty requires valid regional genetic and total residual parameters","gcorr_chr22"
"chr22_48903703_49824534","region","h2","GWAS1",NA,7.31650343435492e-05,NA,NA,NA,NA,"Joint HESS uncertainty requires valid regional genetic and total residual parameters","gcorr_chr22"
"chr22_49824534_51243298","region","h2","GWAS1",NA,0.000717005836985339,NA,NA,NA,NA,"Joint HESS uncertainty requires valid regional genetic and total residual parameters","gcorr_chr22"
NA,"total","h2","GWAS1",NA,0.00387591138722241,NA,NA,NA,NA,"Joint HESS uncertainty requires valid regional genetic and total residual parameters","gcorr_chr22"
"chr22_16050408_17674295","region","h2","GWAS2",NA,5.81809019341433e-05,NA,NA,NA,NA,"Joint HESS uncertainty requires valid regional genetic and total residual parameters","gcorr_chr22"
"chr22_17674295_18296088","region","h2","GWAS2",NA,-0.000155930330795988,NA,NA,NA,NA,"Joint HESS uncertainty requires valid regional genetic and total residual parameters","gcorr_chr22"
"chr22_18296088_19912358","region","h2","GWAS2",NA,-5.94838194528739e-05,NA,NA,NA,NA,"Joint HESS uncertainty requires valid regional genetic and total residual parameters","gcorr_chr22"
"chr22_19912358_22357325","region","h2","GWAS2",NA,5.91539689720528e-05,NA,NA,NA,NA,"Joint HESS uncertainty requires valid regional genetic and total residual parameters","gcorr_chr22"
"chr22_22357325_23712647","region","h2","GWAS2",NA,-0.000106689694008681,NA,NA,NA,NA,"Joint HESS uncertainty requires valid regional genetic and total residual parameters","gcorr_chr22"
"chr22_23712647_24984204","region","h2","GWAS2",NA,0.000530616887715132,NA,NA,NA,NA,"Joint HESS uncertainty requires valid regional genetic and total residual parameters","gcorr_chr22"
"chr22_24984204_26791628","region","h2","GWAS2",NA,-0.00031798650885237,NA,NA,NA,NA,"Joint HESS uncertainty requires valid regional genetic and total residual parameters","gcorr_chr22"
"chr22_26791628_27834752","region","h2","GWAS2",NA,-0.000233697585729335,NA,NA,NA,NA,"Joint HESS uncertainty requires valid regional genetic and total residual parameters","gcorr_chr22"
"chr22_27834752_29651799","region","h2","GWAS2",NA,-0.000206101972512253,NA,NA,NA,NA,"Joint HESS uncertainty requires valid regional genetic and total residual parameters","gcorr_chr22"
"chr22_29651799_31439918","region","h2","GWAS2",NA,0.000156598847284218,NA,NA,NA,NA,"Joint HESS uncertainty requires valid regional genetic and total residual parameters","gcorr_chr22"
"chr22_31439918_32664986","region","h2","GWAS2",NA,0.000129705552249514,NA,NA,NA,NA,"Joint HESS uncertainty requires valid regional genetic and total residual parameters","gcorr_chr22"
"chr22_32664986_34494914","region","h2","GWAS2",NA,-1.19497590117977e-06,NA,NA,NA,NA,"Joint HESS uncertainty requires valid regional genetic and total residual parameters","gcorr_chr22"
"chr22_34494914_35530985","region","h2","GWAS2",NA,-0.000456598341010639,NA,NA,NA,NA,"Joint HESS uncertainty requires valid regional genetic and total residual parameters","gcorr_chr22"
"chr22_35530985_37570269","region","h2","GWAS2",NA,-0.000350726634341368,NA,NA,NA,NA,"Joint HESS uncertainty requires valid regional genetic and total residual parameters","gcorr_chr22"
"chr22_37570269_39307894","region","h2","GWAS2",NA,-4.78963474309738e-05,NA,NA,NA,NA,"Joint HESS uncertainty requires valid regional genetic and total residual parameters","gcorr_chr22"
"chr22_39307894_40545797","region","h2","GWAS2",NA,-0.000348680693172409,NA,NA,NA,NA,"Joint HESS uncertainty requires valid regional genetic and total residual parameters","gcorr_chr22"
"chr22_40545797_42690818","region","h2","GWAS2",NA,-0.000143058330917225,NA,NA,NA,NA,"Joint HESS uncertainty requires valid regional genetic and total residual parameters","gcorr_chr22"
"chr22_42690818_43714200","region","h2","GWAS2",NA,-0.000155632363675102,NA,NA,NA,NA,"Joint HESS uncertainty requires valid regional genetic and total residual parameters","gcorr_chr22"
"chr22_43714200_44995308","region","h2","GWAS2",NA,-0.000369043766000464,NA,NA,NA,NA,"Joint HESS uncertainty requires valid regional genetic and total residual parameters","gcorr_chr22"
"chr22_44995308_46470495","region","h2","GWAS2",NA,-0.000546806362963731,NA,NA,NA,NA,"Joint HESS uncertainty requires valid regional genetic and total residual parameters","gcorr_chr22"
"chr22_46470495_47596318","region","h2","GWAS2",NA,-0.000288004365109672,NA,NA,NA,NA,"Joint HESS uncertainty requires valid regional genetic and total residual parameters","gcorr_chr22"
"chr22_47596318_48903703","region","h2","GWAS2",NA,-0.000318762148541038,NA,NA,NA,NA,"Joint HESS uncertainty requires valid regional genetic and total residual parameters","gcorr_chr22"
"chr22_48903703_49824534","region","h2","GWAS2",NA,3.15875193841808e-05,NA,NA,NA,NA,"Joint HESS uncertainty requires valid regional genetic and total residual parameters","gcorr_chr22"
"chr22_49824534_51243298","region","h2","GWAS2",NA,-0.000377161427446449,NA,NA,NA,NA,"Joint HESS uncertainty requires valid regional genetic and total residual parameters","gcorr_chr22"
NA,"total","h2","GWAS2",NA,-0.00351761199032251,NA,NA,NA,NA,"Joint HESS uncertainty requires valid regional genetic and total residual parameters","gcorr_chr22"
"chr10_100241302_100668400","region","h2","GWAS1",NA,0.000470373474861556,NA,NA,NA,NA,"Joint HESS uncertainty requires valid regional genetic and total residual parameters","gcorr_genome"
"chr10_100668400_102949239","region","h2","GWAS1",NA,0.000368753353376509,NA,NA,NA,NA,"Joint HESS uncertainty requires valid regional genetic and total residual parameters","gcorr_genome"
"chr10_10249396_12586797","region","h2","GWAS1",NA,0.000644777074134623,NA,NA,NA,NA,"Joint HESS uncertainty requires valid regional genetic and total residual parameters","gcorr_genome"
"chr10_102949239_104380410","region","h2","GWAS1",NA,0.000751983552874222,NA,NA,NA,NA,"Joint HESS uncertainty requires valid regional genetic and total residual parameters","gcorr_genome"
"chr10_104380410_106695048","region","h2","GWAS1",NA,0.000509987438470479,NA,NA,NA,NA,"Joint HESS uncertainty requires valid regional genetic and total residual parameters","gcorr_genome"
"chr10_106695048_108726686","region","h2","GWAS1",NA,0.000304456981743747,NA,NA,NA,NA,"Joint HESS uncertainty requires valid regional genetic and total residual parameters","gcorr_genome"
"chr10_108726686_110317705","region","h2","GWAS1",NA,0.00038464399563926,NA,NA,NA,NA,"Joint HESS uncertainty requires valid regional genetic and total residual parameters","gcorr_genome"
"chr10_110317705_112561493","region","h2","GWAS1",NA,0.000238889926865439,NA,NA,NA,NA,"Joint HESS uncertainty requires valid regional genetic and total residual parameters","gcorr_genome"
"chr10_112561493_115328432","region","h2","GWAS1",NA,0.0024254141742163,NA,NA,NA,NA,"Joint HESS uncertainty requires valid regional genetic and total residual parameters","gcorr_genome"
"chr10_115328432_116421406","region","h2","GWAS1",NA,0.000195678653034405,NA,NA,NA,NA,"Joint HESS uncertainty requires valid regional genetic and total residual parameters","gcorr_genome"
"chr10_116421406_119523934","region","h2","GWAS1",NA,0.000378382304406175,NA,NA,NA,NA,"Joint HESS uncertainty requires valid regional genetic and total residual parameters","gcorr_genome"
"chr10_119523934_120591353","region","h2","GWAS1",NA,0.000328878693346258,NA,NA,NA,NA,"Joint HESS uncertainty requires valid regional genetic and total residual parameters","gcorr_genome"
"chr10_120591353_122407323","region","h2","GWAS1",NA,0.000322119494795455,NA,NA,NA,NA,"Joint HESS uncertainty requires valid regional genetic and total residual parameters","gcorr_genome"
"chr10_122407323_123231465","region","h2","GWAS1",NA,0.000517188532206776,NA,NA,NA,NA,"Joint HESS uncertainty requires valid regional genetic and total residual parameters","gcorr_genome"
"chr10_123231465_123900545","region","h2","GWAS1",NA,0.000377212890172965,NA,NA,NA,NA,"Joint HESS uncertainty requires valid regional genetic and total residual parameters","gcorr_genome"
"chr10_123900545_125869346","region","h2","GWAS1",NA,0.00060495001419195,NA,NA,NA,NA,"Joint HESS uncertainty requires valid regional genetic and total residual parameters","gcorr_genome"
"chr10_12586797_13321600","region","h2","GWAS1",NA,0.000198251317326362,NA,NA,NA,NA,"Joint HESS uncertainty requires valid regional genetic and total residual parameters","gcorr_genome"
"chr10_125869346_128001098","region","h2","GWAS1",NA,0.000290705919825439,NA,NA,NA,NA,"Joint HESS uncertainty requires valid regional genetic and total residual parameters","gcorr_genome"
"chr10_128001098_129154362","region","h2","GWAS1",NA,0.000732990664503648,NA,NA,NA,NA,"Joint HESS uncertainty requires valid regional genetic and total residual parameters","gcorr_genome"
"chr10_129154362_130844284","region","h2","GWAS1",NA,0.000178555407461728,NA,NA,NA,NA,"Joint HESS uncertainty requires valid regional genetic and total residual parameters","gcorr_genome"
"chr10_130844284_131741327","region","h2","GWAS1",NA,0.000477156380012448,NA,NA,NA,NA,"Joint HESS uncertainty requires valid regional genetic and total residual parameters","gcorr_genome"
"chr10_131741327_132580245","region","h2","GWAS1",NA,0.000295360810012996,NA,NA,NA,NA,"Joint HESS uncertainty requires valid regional genetic and total residual parameters","gcorr_genome"
"chr10_132580245_134336329","region","h2","GWAS1",NA,0.000153165082260116,NA,NA,NA,NA,"Joint HESS uncertainty requires valid regional genetic and total residual parameters","gcorr_genome"
"chr10_13321600_15026068","region","h2","GWAS1",NA,0.000226800329924506,NA,NA,NA,NA,"Joint HESS uncertainty requires valid regional genetic and total residual parameters","gcorr_genome"
"chr10_134336329_134494673","region","h2","GWAS1",NA,8.47762062822281e-05,NA,NA,NA,NA,"Joint HESS uncertainty requires valid regional genetic and total residual parameters","gcorr_genome"
"chr10_134494673_135523865","region","h2","GWAS1",NA,0.000248288940119467,NA,NA,NA,NA,"Joint HESS uncertainty requires valid regional genetic and total residual parameters","gcorr_genome"
"chr10_15026068_16551767","region","h2","GWAS1",NA,0.000319328475252745,NA,NA,NA,NA,"Joint HESS uncertainty requires valid regional genetic and total residual parameters","gcorr_genome"
"chr10_1523544_2254500","region","h2","GWAS1",NA,5.15704080450659e-05,NA,NA,NA,NA,"Joint HESS uncertainty requires valid regional genetic and total residual parameters","gcorr_genome"
"chr10_16551767_18537267","region","h2","GWAS1",NA,0.000534937084499931,NA,NA,NA,NA,"Joint HESS uncertainty requires valid regional genetic and total residual parameters","gcorr_genome"
"chr10_18537267_19716878","region","h2","GWAS1",NA,1.10939529515787e-05,NA,NA,NA,NA,"Joint HESS uncertainty requires valid regional genetic and total residual parameters","gcorr_genome"
"chr10_19716878_22772283","region","h2","GWAS1",NA,0.000286434224945145,NA,NA,NA,NA,"Joint HESS uncertainty requires valid regional genetic and total residual parameters","gcorr_genome"
"chr10_2254500_3352699","region","h2","GWAS1",NA,0.000184509966672283,NA,NA,NA,NA,"Joint HESS uncertainty requires valid regional genetic and total residual parameters","gcorr_genome"
"chr10_22772283_23175132","region","h2","GWAS1",NA,0.000325033954125762,NA,NA,NA,NA,"Joint HESS uncertainty requires valid regional genetic and total residual parameters","gcorr_genome"
"chr10_23175132_25578596","region","h2","GWAS1",NA,0.000230437260664449,NA,NA,NA,NA,"Joint HESS uncertainty requires valid regional genetic and total residual parameters","gcorr_genome"
"chr10_25578596_26888684","region","h2","GWAS1",NA,0.00035732904859499,NA,NA,NA,NA,"Joint HESS uncertainty requires valid regional genetic and total residual parameters","gcorr_genome"
"chr10_26888684_29323236","region","h2","GWAS1",NA,0.00036907621792357,NA,NA,NA,NA,"Joint HESS uncertainty requires valid regional genetic and total residual parameters","gcorr_genome"
"chr10_29323236_29783692","region","h2","GWAS1",NA,0.000198259968496328,NA,NA,NA,NA,"Joint HESS uncertainty requires valid regional genetic and total residual parameters","gcorr_genome"
"chr10_29783692_30458838","region","h2","GWAS1",NA,0.000133312618837979,NA,NA,NA,NA,"Joint HESS uncertainty requires valid regional genetic and total residual parameters","gcorr_genome"
"chr10_30458838_31907519","region","h2","GWAS1",NA,0.000383640292293385,NA,NA,NA,NA,"Joint HESS uncertainty requires valid regional genetic and total residual parameters","gcorr_genome"
"chr10_31907519_33707968","region","h2","GWAS1",NA,0.000215259016144783,NA,NA,NA,NA,"Joint HESS uncertainty requires valid regional genetic and total residual parameters","gcorr_genome"
"chr10_3352699_4572274","region","h2","GWAS1",NA,0.000385661602211065,NA,NA,NA,NA,"Joint HESS uncertainty requires valid regional genetic and total residual parameters","gcorr_genome"
"chr10_33707968_35109355","region","h2","GWAS1",NA,0.000817388568849627,NA,NA,NA,NA,"Joint HESS uncertainty requires valid regional genetic and total residual parameters","gcorr_genome"
"chr10_35109355_36572508","region","h2","GWAS1",NA,0.000302562592131611,NA,NA,NA,NA,"Joint HESS uncertainty requires valid regional genetic and total residual parameters","gcorr_genome"
"chr10_36572508_37790029","region","h2","GWAS1",NA,0.000131912817494089,NA,NA,NA,NA,"Joint HESS uncertainty requires valid regional genetic and total residual parameters","gcorr_genome"
"chr10_37790029_42372579","region","h2","GWAS1",NA,0.000297670785940774,NA,NA,NA,NA,"Joint HESS uncertainty requires valid regional genetic and total residual parameters","gcorr_genome"
"chr10_42372579_43894771","region","h2","GWAS1",NA,0.000273172700014292,NA,NA,NA,NA,"Joint HESS uncertainty requires valid regional genetic and total residual parameters","gcorr_genome"
"chr10_43894771_44730075","region","h2","GWAS1",NA,0.000254214553927616,NA,NA,NA,NA,"Joint HESS uncertainty requires valid regional genetic and total residual parameters","gcorr_genome"
"chr10_44730075_48760450","region","h2","GWAS1",NA,0.000527341422839657,NA,NA,NA,NA,"Joint HESS uncertainty requires valid regional genetic and total residual parameters","gcorr_genome"
"chr10_4572274_5983762","region","h2","GWAS1",NA,0.000466887713933175,NA,NA,NA,NA,"Joint HESS uncertainty requires valid regional genetic and total residual parameters","gcorr_genome"
"chr10_48760450_50840915","region","h2","GWAS1",NA,0.000282885054971877,NA,NA,NA,NA,"Joint HESS uncertainty requires valid regional genetic and total residual parameters","gcorr_genome"
"chr10_50840915_53616629","region","h2","GWAS1",NA,0.00050771270731063,NA,NA,NA,NA,"Joint HESS uncertainty requires valid regional genetic and total residual parameters","gcorr_genome"
"chr10_53616629_55103572","region","h2","GWAS1",NA,0.000224195808204378,NA,NA,NA,NA,"Joint HESS uncertainty requires valid regional genetic and total residual parameters","gcorr_genome"
"chr10_55103572_57031140","region","h2","GWAS1",NA,0.000605535553034791,NA,NA,NA,NA,"Joint HESS uncertainty requires valid regional genetic and total residual parameters","gcorr_genome"
"chr10_57031140_57662146","region","h2","GWAS1",NA,0.000160407388968827,NA,NA,NA,NA,"Joint HESS uncertainty requires valid regional genetic and total residual parameters","gcorr_genome"
"chr10_57662146_58959528","region","h2","GWAS1",NA,0.00019065276159666,NA,NA,NA,NA,"Joint HESS uncertainty requires valid regional genetic and total residual parameters","gcorr_genome"
"chr10_58959528_60289987","region","h2","GWAS1",NA,0.000348711105124042,NA,NA,NA,NA,"Joint HESS uncertainty requires valid regional genetic and total residual parameters","gcorr_genome"
"chr10_5983762_7171484","region","h2","GWAS1",NA,0.00016563428304939,NA,NA,NA,NA,"Joint HESS uncertainty requires valid regional genetic and total residual parameters","gcorr_genome"
"chr10_60289987_61891409","region","h2","GWAS1",NA,0.000182976817727569,NA,NA,NA,NA,"Joint HESS uncertainty requires valid regional genetic and total residual parameters","gcorr_genome"
"chr10_60523_751339","region","h2","GWAS1",NA,0.000242298307430528,NA,NA,NA,NA,"Joint HESS uncertainty requires valid regional genetic and total residual parameters","gcorr_genome"
"chr10_61891409_62659679","region","h2","GWAS1",NA,0.000192990881374339,NA,NA,NA,NA,"Joint HESS uncertainty requires valid regional genetic and total residual parameters","gcorr_genome"
"chr10_62659679_63341695","region","h2","GWAS1",NA,0.000238703980926535,NA,NA,NA,NA,"Joint HESS uncertainty requires valid regional genetic and total residual parameters","gcorr_genome"
"chr10_63341695_65794114","region","h2","GWAS1",NA,0.000749872780901264,NA,NA,NA,NA,"Joint HESS uncertainty requires valid regional genetic and total residual parameters","gcorr_genome"
"chr10_65794114_67549615","region","h2","GWAS1",NA,0.000224981694509622,NA,NA,NA,NA,"Joint HESS uncertainty requires valid regional genetic and total residual parameters","gcorr_genome"
"chr10_67549615_69900148","region","h2","GWAS1",NA,0.000178075630129501,NA,NA,NA,NA,"Joint HESS uncertainty requires valid regional genetic and total residual parameters","gcorr_genome"
"chr10_69900148_70195991","region","h2","GWAS1",NA,0.000535141930198644,NA,NA,NA,NA,"Joint HESS uncertainty requires valid regional genetic and total residual parameters","gcorr_genome"
"chr10_70195991_72220850","region","h2","GWAS1",NA,0.000717796114813079,NA,NA,NA,NA,"Joint HESS uncertainty requires valid regional genetic and total residual parameters","gcorr_genome"
"chr10_7171484_8774665","region","h2","GWAS1",NA,0.000196238922070907,NA,NA,NA,NA,"Joint HESS uncertainty requires valid regional genetic and total residual parameters","gcorr_genome"
"chr10_72220850_73508512","region","h2","GWAS1",NA,0.000365880463523564,NA,NA,NA,NA,"Joint HESS uncertainty requires valid regional genetic and total residual parameters","gcorr_genome"
"chr10_73508512_75422550","region","h2","GWAS1",NA,0.000199908160868873,NA,NA,NA,NA,"Joint HESS uncertainty requires valid regional genetic and total residual parameters","gcorr_genome"
"chr10_751339_1523544","region","h2","GWAS1",NA,0.000187436594523358,NA,NA,NA,NA,"Joint HESS uncertainty requires valid regional genetic and total residual parameters","gcorr_genome"
"chr10_75422550_78706814","region","h2","GWAS1",NA,0.000675075465883484,NA,NA,NA,NA,"Joint HESS uncertainty requires valid regional genetic and total residual parameters","gcorr_genome"
"chr10_78706814_80876749","region","h2","GWAS1",NA,0.000463387294783593,NA,NA,NA,NA,"Joint HESS uncertainty requires valid regional genetic and total residual parameters","gcorr_genome"
"chr10_80876749_82414679","region","h2","GWAS1",NA,0.00114992496201614,NA,NA,NA,NA,"Joint HESS uncertainty requires valid regional genetic and total residual parameters","gcorr_genome"
"chr10_82414679_84383745","region","h2","GWAS1",NA,0.000477931632655355,NA,NA,NA,NA,"Joint HESS uncertainty requires valid regional genetic and total residual parameters","gcorr_genome"
"chr10_84383745_85458703","region","h2","GWAS1",NA,0.000451513164625656,NA,NA,NA,NA,"Joint HESS uncertainty requires valid regional genetic and total residual parameters","gcorr_genome"
"chr10_85458703_87937577","region","h2","GWAS1",NA,0.000301632232957442,NA,NA,NA,NA,"Joint HESS uncertainty requires valid regional genetic and total residual parameters","gcorr_genome"
"chr10_8774665_10249396","region","h2","GWAS1",NA,0.000174165497699654,NA,NA,NA,NA,"Joint HESS uncertainty requires valid regional genetic and total residual parameters","gcorr_genome"
"chr10_87937577_89127064","region","h2","GWAS1",NA,0.000681786746447858,NA,NA,NA,NA,"Joint HESS uncertainty requires valid regional genetic and total residual parameters","gcorr_genome"
"chr10_89127064_91013381","region","h2","GWAS1",NA,0.000405794091093311,NA,NA,NA,NA,"Joint HESS uncertainty requires valid regional genetic and total residual parameters","gcorr_genome"
"chr10_91013381_92006581","region","h2","GWAS1",NA,0.000332795860928551,NA,NA,NA,NA,"Joint HESS uncertainty requires valid regional genetic and total residual parameters","gcorr_genome"
"chr10_92006581_93335047","region","h2","GWAS1",NA,0.000337228897520741,NA,NA,NA,NA,"Joint HESS uncertainty requires valid regional genetic and total residual parameters","gcorr_genome"
"chr10_93335047_95396368","region","h2","GWAS1",NA,0.00318527677674954,NA,NA,NA,NA,"Joint HESS uncertainty requires valid regional genetic and total residual parameters","gcorr_genome"
"chr10_95396368_96221243","region","h2","GWAS1",NA,0.000169628977535996,NA,NA,NA,NA,"Joint HESS uncertainty requires valid regional genetic and total residual parameters","gcorr_genome"
"chr10_96221243_97822357","region","h2","GWAS1",NA,0.000145466435992415,NA,NA,NA,NA,"Joint HESS uncertainty requires valid regional genetic and total residual parameters","gcorr_genome"
"chr10_97822357_100241302","region","h2","GWAS1",NA,0.000634970179142567,NA,NA,NA,NA,"Joint HESS uncertainty requires valid regional genetic and total residual parameters","gcorr_genome"
"chr11_100417169_101331121","region","h2","GWAS1",NA,0.000388199391698803,NA,NA,NA,NA,"Joint HESS uncertainty requires valid regional genetic and total residual parameters","gcorr_genome"
"chr11_101331121_103959636","region","h2","GWAS1",NA,0.000348336494215098,NA,NA,NA,NA,"Joint HESS uncertainty requires valid regional genetic and total residual parameters","gcorr_genome"
"chr11_103959636_104873284","region","h2","GWAS1",NA,0.000403373299719139,NA,NA,NA,NA,"Joint HESS uncertainty requires valid regional genetic and total residual parameters","gcorr_genome"
"chr11_104873284_106520894","region","h2","GWAS1",NA,0.000400737108917256,NA,NA,NA,NA,"Joint HESS uncertainty requires valid regional genetic and total residual parameters","gcorr_genome"
"chr11_106520894_107844200","region","h2","GWAS1",NA,0.000400991064076818,NA,NA,NA,NA,"Joint HESS uncertainty requires valid regional genetic and total residual parameters","gcorr_genome"
"chr11_107844200_108437037","region","h2","GWAS1",NA,0.000407046485539356,NA,NA,NA,NA,"Joint HESS uncertainty requires valid regional genetic and total residual parameters","gcorr_genome"
"chr11_108437037_109866116","region","h2","GWAS1",NA,0.000278062751679811,NA,NA,NA,NA,"Joint HESS uncertainty requires valid regional genetic and total residual parameters","gcorr_genome"
"chr11_10952027_12564229","region","h2","GWAS1",NA,0.000180633242330161,NA,NA,NA,NA,"Joint HESS uncertainty requires valid regional genetic and total residual parameters","gcorr_genome"
"chr11_109866116_111114397","region","h2","GWAS1",NA,0.000250032588904182,NA,NA,NA,NA,"Joint HESS uncertainty requires valid regional genetic and total residual parameters","gcorr_genome"
"chr11_111114397_112459488","region","h2","GWAS1",NA,0.000455280501452451,NA,NA,NA,NA,"Joint HESS uncertainty requires valid regional genetic and total residual parameters","gcorr_genome"
"chr11_112459488_114257728","region","h2","GWAS1",NA,0.000815035541230035,NA,NA,NA,NA,"Joint HESS uncertainty requires valid regional genetic and total residual parameters","gcorr_genome"
"chr11_114257728_114830666","region","h2","GWAS1",NA,0.000313970462352774,NA,NA,NA,NA,"Joint HESS uncertainty requires valid regional genetic and total residual parameters","gcorr_genome"
"chr11_114830666_116383348","region","h2","GWAS1",NA,0.000522896558962523,NA,NA,NA,NA,"Joint HESS uncertainty requires valid regional genetic and total residual parameters","gcorr_genome"
"chr11_116383348_117747110","region","h2","GWAS1",NA,0.000476749568179566,NA,NA,NA,NA,"Joint HESS uncertainty requires valid regional genetic and total residual parameters","gcorr_genome"
"chr11_117747110_119215476","region","h2","GWAS1",NA,0.000601142635005186,NA,NA,NA,NA,"Joint HESS uncertainty requires valid regional genetic and total residual parameters","gcorr_genome"
"chr11_119215476_120766806","region","h2","GWAS1",NA,0.000226228686715531,NA,NA,NA,NA,"Joint HESS uncertainty requires valid regional genetic and total residual parameters","gcorr_genome"
"chr11_120766806_121175943","region","h2","GWAS1",NA,7.39545753690594e-05,NA,NA,NA,NA,"Joint HESS uncertainty requires valid regional genetic and total residual parameters","gcorr_genome"
"chr11_121175943_122591910","region","h2","GWAS1",NA,0.000393125762769717,NA,NA,NA,NA,"Joint HESS uncertainty requires valid regional genetic and total residual parameters","gcorr_genome"
"chr11_1213590_3665481","region","h2","GWAS1",NA,0.000894647785732357,NA,NA,NA,NA,"Joint HESS uncertainty requires valid regional genetic and total residual parameters","gcorr_genome"
"chr11_122591910_123500117","region","h2","GWAS1",NA,0.000291526996483871,NA,NA,NA,NA,"Joint HESS uncertainty requires valid regional genetic and total residual parameters","gcorr_genome"
"chr11_123500117_124495528","region","h2","GWAS1",NA,8.72878636301983e-05,NA,NA,NA,NA,"Joint HESS uncertainty requires valid regional genetic and total residual parameters","gcorr_genome"
"chr11_124495528_126311320","region","h2","GWAS1",NA,0.000537327084112481,NA,NA,NA,NA,"Joint HESS uncertainty requires valid regional genetic and total residual parameters","gcorr_genome"
"chr11_12564229_13373124","region","h2","GWAS1",NA,0.000340935376603779,NA,NA,NA,NA,"Joint HESS uncertainty requires valid regional genetic and total residual parameters","gcorr_genome"
"chr11_126311320_127316679","region","h2","GWAS1",NA,0.000449030982687379,NA,NA,NA,NA,"Joint HESS uncertainty requires valid regional genetic and total residual parameters","gcorr_genome"
"chr11_127316679_128188537","region","h2","GWAS1",NA,0.00102000400371146,NA,NA,NA,NA,"Joint HESS uncertainty requires valid regional genetic and total residual parameters","gcorr_genome"
"chr11_128188537_130342575","region","h2","GWAS1",NA,0.000336137212694608,NA,NA,NA,NA,"Joint HESS uncertainty requires valid regional genetic and total residual parameters","gcorr_genome"
"chr11_130342575_131074612","region","h2","GWAS1",NA,0.000326425526819267,NA,NA,NA,NA,"Joint HESS uncertainty requires valid regional genetic and total residual parameters","gcorr_genome"
"chr11_131074612_133000046","region","h2","GWAS1",NA,0.000134893034011336,NA,NA,NA,NA,"Joint HESS uncertainty requires valid regional genetic and total residual parameters","gcorr_genome"
"chr11_133000046_134205993","region","h2","GWAS1",NA,0.000407907467120149,NA,NA,NA,NA,"Joint HESS uncertainty requires valid regional genetic and total residual parameters","gcorr_genome"
"chr11_13373124_15742552","region","h2","GWAS1",NA,0.000395275831694522,NA,NA,NA,NA,"Joint HESS uncertainty requires valid regional genetic and total residual parameters","gcorr_genome"
"chr11_134205993_134946452","region","h2","GWAS1",NA,0.000328662050580584,NA,NA,NA,NA,"Joint HESS uncertainty requires valid regional genetic and total residual parameters","gcorr_genome"
"chr11_15742552_17578402","region","h2","GWAS1",NA,0.00110709500094409,NA,NA,NA,NA,"Joint HESS uncertainty requires valid regional genetic and total residual parameters","gcorr_genome"
"chr11_17578402_19569535","region","h2","GWAS1",NA,0.00032426560865917,NA,NA,NA,NA,"Joint HESS uncertainty requires valid regional genetic and total residual parameters","gcorr_genome"
"chr11_19569535_21017138","region","h2","GWAS1",NA,0.000269516223293105,NA,NA,NA,NA,"Joint HESS uncertainty requires valid regional genetic and total residual parameters","gcorr_genome"
"chr11_21017138_22374142","region","h2","GWAS1",NA,0.000122186507383861,NA,NA,NA,NA,"Joint HESS uncertainty requires valid regional genetic and total residual parameters","gcorr_genome"
"chr11_22374142_24088517","region","h2","GWAS1",NA,0.000339808673986758,NA,NA,NA,NA,"Joint HESS uncertainty requires valid regional genetic and total residual parameters","gcorr_genome"
"chr11_24088517_26045753","region","h2","GWAS1",NA,8.17392501314124e-05,NA,NA,NA,NA,"Joint HESS uncertainty requires valid regional genetic and total residual parameters","gcorr_genome"
"chr11_26045753_27020461","region","h2","GWAS1",NA,0.000363358912485989,NA,NA,NA,NA,"Joint HESS uncertainty requires valid regional genetic and total residual parameters","gcorr_genome"
"chr11_27020461_28481593","region","h2","GWAS1",NA,0.000636806988827671,NA,NA,NA,NA,"Joint HESS uncertainty requires valid regional genetic and total residual parameters","gcorr_genome"
"chr11_28481593_30141357","region","h2","GWAS1",NA,0.000312404411037013,NA,NA,NA,NA,"Joint HESS uncertainty requires valid regional genetic and total residual parameters","gcorr_genome"
"chr11_30141357_32276901","region","h2","GWAS1",NA,0.000262415395751206,NA,NA,NA,NA,"Joint HESS uncertainty requires valid regional genetic and total residual parameters","gcorr_genome"
"chr11_32276901_33958739","region","h2","GWAS1",NA,0.000802193719320041,NA,NA,NA,NA,"Joint HESS uncertainty requires valid regional genetic and total residual parameters","gcorr_genome"
"chr11_33958739_35502605","region","h2","GWAS1",NA,0.000607778133671169,NA,NA,NA,NA,"Joint HESS uncertainty requires valid regional genetic and total residual parameters","gcorr_genome"
"chr11_35502605_37116815","region","h2","GWAS1",NA,9.34946947792729e-05,NA,NA,NA,NA,"Joint HESS uncertainty requires valid regional genetic and total residual parameters","gcorr_genome"
"chr11_3665481_4746709","region","h2","GWAS1",NA,0.000280635377316334,NA,NA,NA,NA,"Joint HESS uncertainty requires valid regional genetic and total residual parameters","gcorr_genome"
"chr11_37116815_39382003","region","h2","GWAS1",NA,0.000360594725631485,NA,NA,NA,NA,"Joint HESS uncertainty requires valid regional genetic and total residual parameters","gcorr_genome"
"chr11_39382003_42310003","region","h2","GWAS1",NA,0.000380258875024766,NA,NA,NA,NA,"Joint HESS uncertainty requires valid regional genetic and total residual parameters","gcorr_genome"
"chr11_42310003_44693799","region","h2","GWAS1",NA,0.000827487013713257,NA,NA,NA,NA,"Joint HESS uncertainty requires valid regional genetic and total residual parameters","gcorr_genome"
"chr11_44693799_47006137","region","h2","GWAS1",NA,0.000803686274864706,NA,NA,NA,NA,"Joint HESS uncertainty requires valid regional genetic and total residual parameters","gcorr_genome"
"chr11_47006137_49866050","region","h2","GWAS1",NA,0.000588718729519951,NA,NA,NA,NA,"Joint HESS uncertainty requires valid regional genetic and total residual parameters","gcorr_genome"
"chr11_4746709_6322869","region","h2","GWAS1",NA,0.000350755546675699,NA,NA,NA,NA,"Joint HESS uncertainty requires valid regional genetic and total residual parameters","gcorr_genome"
"chr11_49866050_54695473","region","h2","GWAS1",NA,0.000903852639831747,NA,NA,NA,NA,"Joint HESS uncertainty requires valid regional genetic and total residual parameters","gcorr_genome"
"chr11_54695473_55082657","region","h2","GWAS1",NA,0.000207483533854557,NA,NA,NA,NA,"Joint HESS uncertainty requires valid regional genetic and total residual parameters","gcorr_genome"
"chr11_55082657_58457495","region","h2","GWAS1",NA,0.00058543437876548,NA,NA,NA,NA,"Joint HESS uncertainty requires valid regional genetic and total residual parameters","gcorr_genome"
"chr11_58457495_58780549","region","h2","GWAS1",NA,0.000140208814645294,NA,NA,NA,NA,"Joint HESS uncertainty requires valid regional genetic and total residual parameters","gcorr_genome"
"chr11_58780549_62223771","region","h2","GWAS1",NA,0.000382505230213884,NA,NA,NA,NA,"Joint HESS uncertainty requires valid regional genetic and total residual parameters","gcorr_genome"
"chr11_62223771_63804569","region","h2","GWAS1",NA,7.09900929344154e-05,NA,NA,NA,NA,"Joint HESS uncertainty requires valid regional genetic and total residual parameters","gcorr_genome"
"chr11_6322869_7436701","region","h2","GWAS1",NA,0.000202521231337659,NA,NA,NA,NA,"Joint HESS uncertainty requires valid regional genetic and total residual parameters","gcorr_genome"
"chr11_63804569_65898631","region","h2","GWAS1",NA,0.000851919334494379,NA,NA,NA,NA,"Joint HESS uncertainty requires valid regional genetic and total residual parameters","gcorr_genome"
"chr11_65898631_68005825","region","h2","GWAS1",NA,0.000464259593334397,NA,NA,NA,NA,"Joint HESS uncertainty requires valid regional genetic and total residual parameters","gcorr_genome"
"chr11_68005825_69516130","region","h2","GWAS1",NA,0.00123504036269268,NA,NA,NA,NA,"Joint HESS uncertainty requires valid regional genetic and total residual parameters","gcorr_genome"
"chr11_69516130_70926292","region","h2","GWAS1",NA,7.56949641445528e-05,NA,NA,NA,NA,"Joint HESS uncertainty requires valid regional genetic and total residual parameters","gcorr_genome"
"chr11_70855_1213590","region","h2","GWAS1",NA,0.000360912084454965,NA,NA,NA,NA,"Joint HESS uncertainty requires valid regional genetic and total residual parameters","gcorr_genome"
"chr11_70926292_72286017","region","h2","GWAS1",NA,0.000556730869492381,NA,NA,NA,NA,"Joint HESS uncertainty requires valid regional genetic and total residual parameters","gcorr_genome"
"chr11_72286017_74412351","region","h2","GWAS1",NA,0.000946495830172418,NA,NA,NA,NA,"Joint HESS uncertainty requires valid regional genetic and total residual parameters","gcorr_genome"
"chr11_7436701_8333274","region","h2","GWAS1",NA,0.000183212729448424,NA,NA,NA,NA,"Joint HESS uncertainty requires valid regional genetic and total residual parameters","gcorr_genome"
"chr11_74412351_76797209","region","h2","GWAS1",NA,0.000527732115462782,NA,NA,NA,NA,"Joint HESS uncertainty requires valid regional genetic and total residual parameters","gcorr_genome"
"chr11_76797209_78355058","region","h2","GWAS1",NA,0.000406242884369074,NA,NA,NA,NA,"Joint HESS uncertainty requires valid regional genetic and total residual parameters","gcorr_genome"
"chr11_78355058_80722373","region","h2","GWAS1",NA,0.000233737521976346,NA,NA,NA,NA,"Joint HESS uncertainty requires valid regional genetic and total residual parameters","gcorr_genome"
"chr11_80722373_81266712","region","h2","GWAS1",NA,0.000311461827826459,NA,NA,NA,NA,"Joint HESS uncertainty requires valid regional genetic and total residual parameters","gcorr_genome"
"chr11_81266712_84381272","region","h2","GWAS1",NA,0.00049657716924989,NA,NA,NA,NA,"Joint HESS uncertainty requires valid regional genetic and total residual parameters","gcorr_genome"
"chr11_8333274_9087317","region","h2","GWAS1",NA,0.00054693648826173,NA,NA,NA,NA,"Joint HESS uncertainty requires valid regional genetic and total residual parameters","gcorr_genome"
"chr11_84381272_86619301","region","h2","GWAS1",NA,0.000655689323663492,NA,NA,NA,NA,"Joint HESS uncertainty requires valid regional genetic and total residual parameters","gcorr_genome"
"chr11_86619301_87430235","region","h2","GWAS1",NA,0.000228018091153784,NA,NA,NA,NA,"Joint HESS uncertainty requires valid regional genetic and total residual parameters","gcorr_genome"
"chr11_87430235_89208936","region","h2","GWAS1",NA,0.00034087336059533,NA,NA,NA,NA,"Joint HESS uncertainty requires valid regional genetic and total residual parameters","gcorr_genome"
"chr11_89208936_90966490","region","h2","GWAS1",NA,0.000383486445693253,NA,NA,NA,NA,"Joint HESS uncertainty requires valid regional genetic and total residual parameters","gcorr_genome"
"chr11_9087317_10952027","region","h2","GWAS1",NA,0.000426473920776152,NA,NA,NA,NA,"Joint HESS uncertainty requires valid regional genetic and total residual parameters","gcorr_genome"
"chr11_90966490_92077144","region","h2","GWAS1",NA,0.00032007386421743,NA,NA,NA,NA,"Joint HESS uncertainty requires valid regional genetic and total residual parameters","gcorr_genome"
"chr11_92077144_93276157","region","h2","GWAS1",NA,0.00200810611258592,NA,NA,NA,NA,"Joint HESS uncertainty requires valid regional genetic and total residual parameters","gcorr_genome"
"chr11_93276157_94242260","region","h2","GWAS1",NA,0.000425908249861389,NA,NA,NA,NA,"Joint HESS uncertainty requires valid regional genetic and total residual parameters","gcorr_genome"
"chr11_94242260_95726041","region","h2","GWAS1",NA,0.000405103642704647,NA,NA,NA,NA,"Joint HESS uncertainty requires valid regional genetic and total residual parameters","gcorr_genome"
"chr11_95726041_97057058","region","h2","GWAS1",NA,0.000155034134359913,NA,NA,NA,NA,"Joint HESS uncertainty requires valid regional genetic and total residual parameters","gcorr_genome"
"chr11_97057058_98705065","region","h2","GWAS1",NA,0.000328396114766547,NA,NA,NA,NA,"Joint HESS uncertainty requires valid regional genetic and total residual parameters","gcorr_genome"
"chr11_98705065_100417169","region","h2","GWAS1",NA,0.000683050329208068,NA,NA,NA,NA,"Joint HESS uncertainty requires valid regional genetic and total residual parameters","gcorr_genome"
"chr12_101447641_101862690","region","h2","GWAS1",NA,0.000146326356874798,NA,NA,NA,NA,"Joint HESS uncertainty requires valid regional genetic and total residual parameters","gcorr_genome"
"chr12_101862690_102964986","region","h2","GWAS1",NA,0.000304132968138332,NA,NA,NA,NA,"Joint HESS uncertainty requires valid regional genetic and total residual parameters","gcorr_genome"
"chr12_102964986_104848696","region","h2","GWAS1",NA,0.000286752928114159,NA,NA,NA,NA,"Joint HESS uncertainty requires valid regional genetic and total residual parameters","gcorr_genome"
"chr12_10481534_11754846","region","h2","GWAS1",NA,0.000105132390653464,NA,NA,NA,NA,"Joint HESS uncertainty requires valid regional genetic and total residual parameters","gcorr_genome"
"chr12_104848696_106436213","region","h2","GWAS1",NA,0.000490805703098887,NA,NA,NA,NA,"Joint HESS uncertainty requires valid regional genetic and total residual parameters","gcorr_genome"
"chr12_106436213_106958748","region","h2","GWAS1",NA,0.000242503448790565,NA,NA,NA,NA,"Joint HESS uncertainty requires valid regional genetic and total residual parameters","gcorr_genome"
"chr12_106958748_109025901","region","h2","GWAS1",NA,0.000393304000530577,NA,NA,NA,NA,"Joint HESS uncertainty requires valid regional genetic and total residual parameters","gcorr_genome"
"chr12_1080331_2544786","region","h2","GWAS1",NA,0.000222536123986815,NA,NA,NA,NA,"Joint HESS uncertainty requires valid regional genetic and total residual parameters","gcorr_genome"
"chr12_109025901_110336719","region","h2","GWAS1",NA,0.000278135655584792,NA,NA,NA,NA,"Joint HESS uncertainty requires valid regional genetic and total residual parameters","gcorr_genome"
"chr12_110336719_113263518","region","h2","GWAS1",NA,0.000461051948045577,NA,NA,NA,NA,"Joint HESS uncertainty requires valid regional genetic and total residual parameters","gcorr_genome"
"chr12_113263518_113986709","region","h2","GWAS1",NA,0.000249559029133184,NA,NA,NA,NA,"Joint HESS uncertainty requires valid regional genetic and total residual parameters","gcorr_genome"
"chr12_113986709_115036602","region","h2","GWAS1",NA,0.000364766655962873,NA,NA,NA,NA,"Joint HESS uncertainty requires valid regional genetic and total residual parameters","gcorr_genome"
"chr12_115036602_115503216","region","h2","GWAS1",NA,0.000189170063050718,NA,NA,NA,NA,"Joint HESS uncertainty requires valid regional genetic and total residual parameters","gcorr_genome"
"chr12_115503216_117087471","region","h2","GWAS1",NA,0.000312183351311893,NA,NA,NA,NA,"Joint HESS uncertainty requires valid regional genetic and total residual parameters","gcorr_genome"
"chr12_117087471_118135375","region","h2","GWAS1",NA,0.00051611347520189,NA,NA,NA,NA,"Joint HESS uncertainty requires valid regional genetic and total residual parameters","gcorr_genome"
"chr12_11754846_12733528","region","h2","GWAS1",NA,0.000241440520211629,NA,NA,NA,NA,"Joint HESS uncertainty requires valid regional genetic and total residual parameters","gcorr_genome"
"chr12_118135375_119754110","region","h2","GWAS1",NA,0.000544649428055735,NA,NA,NA,NA,"Joint HESS uncertainty requires valid regional genetic and total residual parameters","gcorr_genome"
"chr12_119754110_122007651","region","h2","GWAS1",NA,0.0016981494183045,NA,NA,NA,NA,"Joint HESS uncertainty requires valid regional genetic and total residual parameters","gcorr_genome"
"chr12_122007651_124977980","region","h2","GWAS1",NA,0.000598254475031537,NA,NA,NA,NA,"Joint HESS uncertainty requires valid regional genetic and total residual parameters","gcorr_genome"
"chr12_124977980_126445505","region","h2","GWAS1",NA,0.000269839637285359,NA,NA,NA,NA,"Joint HESS uncertainty requires valid regional genetic and total residual parameters","gcorr_genome"
"chr12_126445505_127875098","region","h2","GWAS1",NA,0.000205928895518221,NA,NA,NA,NA,"Joint HESS uncertainty requires valid regional genetic and total residual parameters","gcorr_genome"
"chr12_12733528_15241484","region","h2","GWAS1",NA,0.000390674758030711,NA,NA,NA,NA,"Joint HESS uncertainty requires valid regional genetic and total residual parameters","gcorr_genome"
"chr12_127875098_129237297","region","h2","GWAS1",NA,0.000206196830734672,NA,NA,NA,NA,"Joint HESS uncertainty requires valid regional genetic and total residual parameters","gcorr_genome"
"chr12_129237297_130377921","region","h2","GWAS1",NA,0.000457378293103001,NA,NA,NA,NA,"Joint HESS uncertainty requires valid regional genetic and total residual parameters","gcorr_genome"
"chr12_130377921_131786751","region","h2","GWAS1",NA,0.00012494225281138,NA,NA,NA,NA,"Joint HESS uncertainty requires valid regional genetic and total residual parameters","gcorr_genome"
"chr12_131786751_132807034","region","h2","GWAS1",NA,0.000384866872312496,NA,NA,NA,NA,"Joint HESS uncertainty requires valid regional genetic and total residual parameters","gcorr_genome"
"chr12_132807034_133841511","region","h2","GWAS1",NA,0.000933151112982672,NA,NA,NA,NA,"Joint HESS uncertainty requires valid regional genetic and total residual parameters","gcorr_genome"
"chr12_15241484_16310460","region","h2","GWAS1",NA,0.000273768759299625,NA,NA,NA,NA,"Joint HESS uncertainty requires valid regional genetic and total residual parameters","gcorr_genome"
"chr12_16310460_18087873","region","h2","GWAS1",NA,0.000428662375695947,NA,NA,NA,NA,"Joint HESS uncertainty requires valid regional genetic and total residual parameters","gcorr_genome"
"chr12_18087873_20863943","region","h2","GWAS1",NA,0.000209609135454563,NA,NA,NA,NA,"Joint HESS uncertainty requires valid regional genetic and total residual parameters","gcorr_genome"
"chr12_20863943_23820634","region","h2","GWAS1",NA,0.000363989992780185,NA,NA,NA,NA,"Joint HESS uncertainty requires valid regional genetic and total residual parameters","gcorr_genome"
"chr12_23820634_25371083","region","h2","GWAS1",NA,0.000128571938235467,NA,NA,NA,NA,"Joint HESS uncertainty requires valid regional genetic and total residual parameters","gcorr_genome"
"chr12_25371083_27799773","region","h2","GWAS1",NA,0.000704814817237295,NA,NA,NA,NA,"Joint HESS uncertainty requires valid regional genetic and total residual parameters","gcorr_genome"
"chr12_2544786_3677037","region","h2","GWAS1",NA,0.000491401423476201,NA,NA,NA,NA,"Joint HESS uncertainty requires valid regional genetic and total residual parameters","gcorr_genome"
"chr12_27799773_29651255","region","h2","GWAS1",NA,0.00112299289465065,NA,NA,NA,NA,"Joint HESS uncertainty requires valid regional genetic and total residual parameters","gcorr_genome"
"chr12_29651255_30512406","region","h2","GWAS1",NA,0.000314888495218916,NA,NA,NA,NA,"Joint HESS uncertainty requires valid regional genetic and total residual parameters","gcorr_genome"
"chr12_30512406_32165592","region","h2","GWAS1",NA,0.000719035454642898,NA,NA,NA,NA,"Joint HESS uncertainty requires valid regional genetic and total residual parameters","gcorr_genome"
"chr12_32165592_33076989","region","h2","GWAS1",NA,0.000312197637528648,NA,NA,NA,NA,"Joint HESS uncertainty requires valid regional genetic and total residual parameters","gcorr_genome"
"chr12_33076989_37856717","region","h2","GWAS1",NA,0.00060491210548418,NA,NA,NA,NA,"Joint HESS uncertainty requires valid regional genetic and total residual parameters","gcorr_genome"
"chr12_3677037_4417679","region","h2","GWAS1",NA,0.0010591212327935,NA,NA,NA,NA,"Joint HESS uncertainty requires valid regional genetic and total residual parameters","gcorr_genome"
"chr12_37856717_39227169","region","h2","GWAS1",NA,0.000365233947842569,NA,NA,NA,NA,"Joint HESS uncertainty requires valid regional genetic and total residual parameters","gcorr_genome"
"chr12_39227169_40816185","region","h2","GWAS1",NA,0.000522478164327101,NA,NA,NA,NA,"Joint HESS uncertainty requires valid regional genetic and total residual parameters","gcorr_genome"
"chr12_40816185_41658586","region","h2","GWAS1",NA,0.000162046059255306,NA,NA,NA,NA,"Joint HESS uncertainty requires valid regional genetic and total residual parameters","gcorr_genome"
"chr12_41658586_43984474","region","h2","GWAS1",NA,0.000574227076293286,NA,NA,NA,NA,"Joint HESS uncertainty requires valid regional genetic and total residual parameters","gcorr_genome"
"chr12_43984474_46024229","region","h2","GWAS1",NA,0.000259837132053345,NA,NA,NA,NA,"Joint HESS uncertainty requires valid regional genetic and total residual parameters","gcorr_genome"
"chr12_4417679_5321472","region","h2","GWAS1",NA,0.000255302176163212,NA,NA,NA,NA,"Joint HESS uncertainty requires valid regional genetic and total residual parameters","gcorr_genome"
"chr12_46024229_47714793","region","h2","GWAS1",NA,0.000410192464400717,NA,NA,NA,NA,"Joint HESS uncertainty requires valid regional genetic and total residual parameters","gcorr_genome"
"chr12_47714793_49001866","region","h2","GWAS1",NA,0.000469838992069254,NA,NA,NA,NA,"Joint HESS uncertainty requires valid regional genetic and total residual parameters","gcorr_genome"
"chr12_49001866_51776494","region","h2","GWAS1",NA,0.000514062226024977,NA,NA,NA,NA,"Joint HESS uncertainty requires valid regional genetic and total residual parameters","gcorr_genome"
"chr12_51776494_53039004","region","h2","GWAS1",NA,0.000463382969590286,NA,NA,NA,NA,"Joint HESS uncertainty requires valid regional genetic and total residual parameters","gcorr_genome"
"chr12_53039004_54778823","region","h2","GWAS1",NA,0.00062688461995878,NA,NA,NA,NA,"Joint HESS uncertainty requires valid regional genetic and total residual parameters","gcorr_genome"
"chr12_5321472_6419753","region","h2","GWAS1",NA,0.000335116857001533,NA,NA,NA,NA,"Joint HESS uncertainty requires valid regional genetic and total residual parameters","gcorr_genome"
"chr12_54778823_55665837","region","h2","GWAS1",NA,0.000279271402896544,NA,NA,NA,NA,"Joint HESS uncertainty requires valid regional genetic and total residual parameters","gcorr_genome"
"chr12_55665837_57548860","region","h2","GWAS1",NA,0.000532330522205376,NA,NA,NA,NA,"Joint HESS uncertainty requires valid regional genetic and total residual parameters","gcorr_genome"
"chr12_57548860_59308666","region","h2","GWAS1",NA,0.000278283325567027,NA,NA,NA,NA,"Joint HESS uncertainty requires valid regional genetic and total residual parameters","gcorr_genome"
"chr12_59308666_61123729","region","h2","GWAS1",NA,0.000472932548352911,NA,NA,NA,NA,"Joint HESS uncertainty requires valid regional genetic and total residual parameters","gcorr_genome"
"chr12_61107_1080331","region","h2","GWAS1",NA,0.000340129947024392,NA,NA,NA,NA,"Joint HESS uncertainty requires valid regional genetic and total residual parameters","gcorr_genome"
"chr12_61123729_64032461","region","h2","GWAS1",NA,0.00048277757175226,NA,NA,NA,NA,"Joint HESS uncertainty requires valid regional genetic and total residual parameters","gcorr_genome"
"chr12_64032461_65559695","region","h2","GWAS1",NA,0.000381408179932129,NA,NA,NA,NA,"Joint HESS uncertainty requires valid regional genetic and total residual parameters","gcorr_genome"
"chr12_6419753_8377536","region","h2","GWAS1",NA,0.000426814344368802,NA,NA,NA,NA,"Joint HESS uncertainty requires valid regional genetic and total residual parameters","gcorr_genome"
"chr12_65559695_67181144","region","h2","GWAS1",NA,0.00165128430731634,NA,NA,NA,NA,"Joint HESS uncertainty requires valid regional genetic and total residual parameters","gcorr_genome"
"chr12_67181144_67909729","region","h2","GWAS1",NA,0.000422001949510179,NA,NA,NA,NA,"Joint HESS uncertainty requires valid regional genetic and total residual parameters","gcorr_genome"
"chr12_67909729_69826542","region","h2","GWAS1",NA,0.00028970842824763,NA,NA,NA,NA,"Joint HESS uncertainty requires valid regional genetic and total residual parameters","gcorr_genome"
"chr12_69826542_70957987","region","h2","GWAS1",NA,0.000472056236354417,NA,NA,NA,NA,"Joint HESS uncertainty requires valid regional genetic and total residual parameters","gcorr_genome"
"chr12_70957987_72645075","region","h2","GWAS1",NA,0.000908704719519764,NA,NA,NA,NA,"Joint HESS uncertainty requires valid regional genetic and total residual parameters","gcorr_genome"
"chr12_72645075_73818454","region","h2","GWAS1",NA,2.20327822036496e-05,NA,NA,NA,NA,"Joint HESS uncertainty requires valid regional genetic and total residual parameters","gcorr_genome"
"chr12_73818454_76511314","region","h2","GWAS1",NA,0.000364258264013897,NA,NA,NA,NA,"Joint HESS uncertainty requires valid regional genetic and total residual parameters","gcorr_genome"
"chr12_76511314_78570570","region","h2","GWAS1",NA,0.000608894020791403,NA,NA,NA,NA,"Joint HESS uncertainty requires valid regional genetic and total residual parameters","gcorr_genome"
"chr12_78570570_80448150","region","h2","GWAS1",NA,0.000241187672882187,NA,NA,NA,NA,"Joint HESS uncertainty requires valid regional genetic and total residual parameters","gcorr_genome"
"chr12_80448150_81467767","region","h2","GWAS1",NA,0.000118551304967158,NA,NA,NA,NA,"Joint HESS uncertainty requires valid regional genetic and total residual parameters","gcorr_genome"
"chr12_81467767_83502666","region","h2","GWAS1",NA,0.000684322837028164,NA,NA,NA,NA,"Joint HESS uncertainty requires valid regional genetic and total residual parameters","gcorr_genome"
"chr12_83502666_84303844","region","h2","GWAS1",NA,0.000143293748621521,NA,NA,NA,NA,"Joint HESS uncertainty requires valid regional genetic and total residual parameters","gcorr_genome"
"chr12_84303844_85990426","region","h2","GWAS1",NA,0.00018047998799029,NA,NA,NA,NA,"Joint HESS uncertainty requires valid regional genetic and total residual parameters","gcorr_genome"
"chr12_85990426_89682122","region","h2","GWAS1",NA,0.000142164491678652,NA,NA,NA,NA,"Joint HESS uncertainty requires valid regional genetic and total residual parameters","gcorr_genome"
"chr12_89682122_92066155","region","h2","GWAS1",NA,0.000483103785191725,NA,NA,NA,NA,"Joint HESS uncertainty requires valid regional genetic and total residual parameters","gcorr_genome"
"chr12_9031395_10481534","region","h2","GWAS1",NA,0.00017569505343216,NA,NA,NA,NA,"Joint HESS uncertainty requires valid regional genetic and total residual parameters","gcorr_genome"
"chr12_92066155_94514567","region","h2","GWAS1",NA,0.000474425505517764,NA,NA,NA,NA,"Joint HESS uncertainty requires valid regional genetic and total residual parameters","gcorr_genome"
"chr12_94514567_96020785","region","h2","GWAS1",NA,0.000457620174956486,NA,NA,NA,NA,"Joint HESS uncertainty requires valid regional genetic and total residual parameters","gcorr_genome"
"chr12_96020785_97108839","region","h2","GWAS1",NA,0.000520277609918765,NA,NA,NA,NA,"Joint HESS uncertainty requires valid regional genetic and total residual parameters","gcorr_genome"
"chr12_97108839_99305987","region","h2","GWAS1",NA,0.000352759710799676,NA,NA,NA,NA,"Joint HESS uncertainty requires valid regional genetic and total residual parameters","gcorr_genome"
"chr12_99305987_101447641","region","h2","GWAS1",NA,0.000230901984391711,NA,NA,NA,NA,"Joint HESS uncertainty requires valid regional genetic and total residual parameters","gcorr_genome"
"chr13_100574095_102300523","region","h2","GWAS1",NA,0.000161284722531983,NA,NA,NA,NA,"Joint HESS uncertainty requires valid regional genetic and total residual parameters","gcorr_genome"
"chr13_102300523_104066710","region","h2","GWAS1",NA,0.000221336535990957,NA,NA,NA,NA,"Joint HESS uncertainty requires valid regional genetic and total residual parameters","gcorr_genome"
"chr13_104066710_104844114","region","h2","GWAS1",NA,0.000210339812437147,NA,NA,NA,NA,"Joint HESS uncertainty requires valid regional genetic and total residual parameters","gcorr_genome"
"chr13_104844114_106247554","region","h2","GWAS1",NA,0.000206076312133375,NA,NA,NA,NA,"Joint HESS uncertainty requires valid regional genetic and total residual parameters","gcorr_genome"
"chr13_106247554_106750000","region","h2","GWAS1",NA,0.000186493818811757,NA,NA,NA,NA,"Joint HESS uncertainty requires valid regional genetic and total residual parameters","gcorr_genome"
"chr13_106750000_108189877","region","h2","GWAS1",NA,0.000200531174557665,NA,NA,NA,NA,"Joint HESS uncertainty requires valid regional genetic and total residual parameters","gcorr_genome"
"chr13_108189877_109121210","region","h2","GWAS1",NA,0.000170503332051672,NA,NA,NA,NA,"Joint HESS uncertainty requires valid regional genetic and total residual parameters","gcorr_genome"
"chr13_109121210_109815112","region","h2","GWAS1",NA,0.000512868442516223,NA,NA,NA,NA,"Joint HESS uncertainty requires valid regional genetic and total residual parameters","gcorr_genome"
"chr13_109815112_111232073","region","h2","GWAS1",NA,0.000342063450750175,NA,NA,NA,NA,"Joint HESS uncertainty requires valid regional genetic and total residual parameters","gcorr_genome"
"chr13_111232073_112247592","region","h2","GWAS1",NA,0.000338895681162082,NA,NA,NA,NA,"Joint HESS uncertainty requires valid regional genetic and total residual parameters","gcorr_genome"
"chr13_112247592_113572488","region","h2","GWAS1",NA,0.000138119620073896,NA,NA,NA,NA,"Joint HESS uncertainty requires valid regional genetic and total residual parameters","gcorr_genome"
"chr13_113572488_115109853","region","h2","GWAS1",NA,0.000312025776750597,NA,NA,NA,NA,"Joint HESS uncertainty requires valid regional genetic and total residual parameters","gcorr_genome"
"chr13_19020013_20686720","region","h2","GWAS1",NA,0.000247690242866495,NA,NA,NA,NA,"Joint HESS uncertainty requires valid regional genetic and total residual parameters","gcorr_genome"
"chr13_20686720_22242174","region","h2","GWAS1",NA,0.00028939664204681,NA,NA,NA,NA,"Joint HESS uncertainty requires valid regional genetic and total residual parameters","gcorr_genome"
"chr13_22242174_23594702","region","h2","GWAS1",NA,0.000320470137042166,NA,NA,NA,NA,"Joint HESS uncertainty requires valid regional genetic and total residual parameters","gcorr_genome"
"chr13_23594702_24531937","region","h2","GWAS1",NA,0.000330652784530949,NA,NA,NA,NA,"Joint HESS uncertainty requires valid regional genetic and total residual parameters","gcorr_genome"
"chr13_24531937_25784362","region","h2","GWAS1",NA,0.000187670866247218,NA,NA,NA,NA,"Joint HESS uncertainty requires valid regional genetic and total residual parameters","gcorr_genome"
"chr13_25784362_27284362","region","h2","GWAS1",NA,0.000630619855650141,NA,NA,NA,NA,"Joint HESS uncertainty requires valid regional genetic and total residual parameters","gcorr_genome"
"chr13_27284362_29257551","region","h2","GWAS1",NA,0.000571258602625451,NA,NA,NA,NA,"Joint HESS uncertainty requires valid regional genetic and total residual parameters","gcorr_genome"
"chr13_29257551_30483267","region","h2","GWAS1",NA,0.000232392562986039,NA,NA,NA,NA,"Joint HESS uncertainty requires valid regional genetic and total residual parameters","gcorr_genome"
"chr13_30483267_32301815","region","h2","GWAS1",NA,0.000239631609215143,NA,NA,NA,NA,"Joint HESS uncertainty requires valid regional genetic and total residual parameters","gcorr_genome"
"chr13_32301815_33776903","region","h2","GWAS1",NA,0.000466531532128571,NA,NA,NA,NA,"Joint HESS uncertainty requires valid regional genetic and total residual parameters","gcorr_genome"
"chr13_33776903_35026464","region","h2","GWAS1",NA,0.000196340586506424,NA,NA,NA,NA,"Joint HESS uncertainty requires valid regional genetic and total residual parameters","gcorr_genome"
"chr13_35026464_36046367","region","h2","GWAS1",NA,0.000507599917065822,NA,NA,NA,NA,"Joint HESS uncertainty requires valid regional genetic and total residual parameters","gcorr_genome"
"chr13_36046367_37498185","region","h2","GWAS1",NA,0.000530773528948939,NA,NA,NA,NA,"Joint HESS uncertainty requires valid regional genetic and total residual parameters","gcorr_genome"
"chr13_37498185_38878163","region","h2","GWAS1",NA,0.000244484741255171,NA,NA,NA,NA,"Joint HESS uncertainty requires valid regional genetic and total residual parameters","gcorr_genome"
"chr13_38878163_41069263","region","h2","GWAS1",NA,0.000254007308051158,NA,NA,NA,NA,"Joint HESS uncertainty requires valid regional genetic and total residual parameters","gcorr_genome"
"chr13_41069263_43101027","region","h2","GWAS1",NA,0.000321615458143116,NA,NA,NA,NA,"Joint HESS uncertainty requires valid regional genetic and total residual parameters","gcorr_genome"
"chr13_43101027_44901409","region","h2","GWAS1",NA,0.000415577354692498,NA,NA,NA,NA,"Joint HESS uncertainty requires valid regional genetic and total residual parameters","gcorr_genome"
"chr13_44901409_46495214","region","h2","GWAS1",NA,0.000154666367997788,NA,NA,NA,NA,"Joint HESS uncertainty requires valid regional genetic and total residual parameters","gcorr_genome"
"chr13_46495214_47431079","region","h2","GWAS1",NA,0.000456990244010218,NA,NA,NA,NA,"Joint HESS uncertainty requires valid regional genetic and total residual parameters","gcorr_genome"
"chr13_47431079_49383962","region","h2","GWAS1",NA,0.000279247839325411,NA,NA,NA,NA,"Joint HESS uncertainty requires valid regional genetic and total residual parameters","gcorr_genome"
"chr13_49383962_51591091","region","h2","GWAS1",NA,0.000326371212693468,NA,NA,NA,NA,"Joint HESS uncertainty requires valid regional genetic and total residual parameters","gcorr_genome"
"chr13_51591091_53339622","region","h2","GWAS1",NA,8.69177586262506e-05,NA,NA,NA,NA,"Joint HESS uncertainty requires valid regional genetic and total residual parameters","gcorr_genome"
"chr13_53339622_54682864","region","h2","GWAS1",NA,0.000451706476781436,NA,NA,NA,NA,"Joint HESS uncertainty requires valid regional genetic and total residual parameters","gcorr_genome"
"chr13_54682864_55817131","region","h2","GWAS1",NA,0.000414969957243216,NA,NA,NA,NA,"Joint HESS uncertainty requires valid regional genetic and total residual parameters","gcorr_genome"
"chr13_55817131_57554217","region","h2","GWAS1",NA,0.000323729252208012,NA,NA,NA,NA,"Joint HESS uncertainty requires valid regional genetic and total residual parameters","gcorr_genome"
"chr13_57554217_58410626","region","h2","GWAS1",NA,0.000531069851128108,NA,NA,NA,NA,"Joint HESS uncertainty requires valid regional genetic and total residual parameters","gcorr_genome"
"chr13_58410626_59302271","region","h2","GWAS1",NA,0.000608713109489733,NA,NA,NA,NA,"Joint HESS uncertainty requires valid regional genetic and total residual parameters","gcorr_genome"
"chr13_59302271_60854778","region","h2","GWAS1",NA,0.000278500794268403,NA,NA,NA,NA,"Joint HESS uncertainty requires valid regional genetic and total residual parameters","gcorr_genome"
"chr13_60854778_61591949","region","h2","GWAS1",NA,0.00029338108696774,NA,NA,NA,NA,"Joint HESS uncertainty requires valid regional genetic and total residual parameters","gcorr_genome"
"chr13_61591949_63971559","region","h2","GWAS1",NA,0.00031261636981544,NA,NA,NA,NA,"Joint HESS uncertainty requires valid regional genetic and total residual parameters","gcorr_genome"
"chr13_63971559_65200602","region","h2","GWAS1",NA,0.000353723641093438,NA,NA,NA,NA,"Joint HESS uncertainty requires valid regional genetic and total residual parameters","gcorr_genome"
"chr13_65200602_67844453","region","h2","GWAS1",NA,0.000418545323529024,NA,NA,NA,NA,"Joint HESS uncertainty requires valid regional genetic and total residual parameters","gcorr_genome"
"chr13_67844453_70724516","region","h2","GWAS1",NA,0.00035505464897968,NA,NA,NA,NA,"Joint HESS uncertainty requires valid regional genetic and total residual parameters","gcorr_genome"
"chr13_70724516_71526791","region","h2","GWAS1",NA,0.000248852373692804,NA,NA,NA,NA,"Joint HESS uncertainty requires valid regional genetic and total residual parameters","gcorr_genome"
"chr13_71526791_73934089","region","h2","GWAS1",NA,0.000325887980056252,NA,NA,NA,NA,"Joint HESS uncertainty requires valid regional genetic and total residual parameters","gcorr_genome"
"chr13_73934089_75670143","region","h2","GWAS1",NA,0.000137355459961035,NA,NA,NA,NA,"Joint HESS uncertainty requires valid regional genetic and total residual parameters","gcorr_genome"
"chr13_75670143_77410555","region","h2","GWAS1",NA,0.00029243954377616,NA,NA,NA,NA,"Joint HESS uncertainty requires valid regional genetic and total residual parameters","gcorr_genome"
"chr13_77410555_78808813","region","h2","GWAS1",NA,0.000371143998364078,NA,NA,NA,NA,"Joint HESS uncertainty requires valid regional genetic and total residual parameters","gcorr_genome"
"chr13_78808813_80585676","region","h2","GWAS1",NA,0.000258999221712058,NA,NA,NA,NA,"Joint HESS uncertainty requires valid regional genetic and total residual parameters","gcorr_genome"
"chr13_80585676_82581814","region","h2","GWAS1",NA,0.000662815727905967,NA,NA,NA,NA,"Joint HESS uncertainty requires valid regional genetic and total residual parameters","gcorr_genome"
"chr13_82581814_84133144","region","h2","GWAS1",NA,0.000433113514607293,NA,NA,NA,NA,"Joint HESS uncertainty requires valid regional genetic and total residual parameters","gcorr_genome"
"chr13_84133144_85610916","region","h2","GWAS1",NA,0.000150758444249352,NA,NA,NA,NA,"Joint HESS uncertainty requires valid regional genetic and total residual parameters","gcorr_genome"
"chr13_85610916_88559882","region","h2","GWAS1",NA,0.000350148150853556,NA,NA,NA,NA,"Joint HESS uncertainty requires valid regional genetic and total residual parameters","gcorr_genome"
"chr13_88559882_90521311","region","h2","GWAS1",NA,0.000253436300654987,NA,NA,NA,NA,"Joint HESS uncertainty requires valid regional genetic and total residual parameters","gcorr_genome"
"chr13_90521311_93129691","region","h2","GWAS1",NA,0.000573374088174484,NA,NA,NA,NA,"Joint HESS uncertainty requires valid regional genetic and total residual parameters","gcorr_genome"
"chr13_93129691_93586455","region","h2","GWAS1",NA,0.000309062558959136,NA,NA,NA,NA,"Joint HESS uncertainty requires valid regional genetic and total residual parameters","gcorr_genome"
"chr13_93586455_96087558","region","h2","GWAS1",NA,0.000470260450991397,NA,NA,NA,NA,"Joint HESS uncertainty requires valid regional genetic and total residual parameters","gcorr_genome"
"chr13_96087558_97519210","region","h2","GWAS1",NA,0.000361582890921984,NA,NA,NA,NA,"Joint HESS uncertainty requires valid regional genetic and total residual parameters","gcorr_genome"
"chr13_97519210_98938919","region","h2","GWAS1",NA,0.00048193741413291,NA,NA,NA,NA,"Joint HESS uncertainty requires valid regional genetic and total residual parameters","gcorr_genome"
"chr13_98938919_100574095","region","h2","GWAS1",NA,0.000395075810955818,NA,NA,NA,NA,"Joint HESS uncertainty requires valid regional genetic and total residual parameters","gcorr_genome"
"chr14_101534307_103012102","region","h2","GWAS1",NA,0.000639198893998617,NA,NA,NA,NA,"Joint HESS uncertainty requires valid regional genetic and total residual parameters","gcorr_genome"
"chr14_103012102_105001723","region","h2","GWAS1",NA,0.000733744110843496,NA,NA,NA,NA,"Joint HESS uncertainty requires valid regional genetic and total residual parameters","gcorr_genome"
"chr14_105001723_106340358","region","h2","GWAS1",NA,0.000479648010921785,NA,NA,NA,NA,"Joint HESS uncertainty requires valid regional genetic and total residual parameters","gcorr_genome"
"chr14_106340358_107289454","region","h2","GWAS1",NA,7.25911093773348e-05,NA,NA,NA,NA,"Joint HESS uncertainty requires valid regional genetic and total residual parameters","gcorr_genome"
"chr14_19002084_21589402","region","h2","GWAS1",NA,0.000137734196744838,NA,NA,NA,NA,"Joint HESS uncertainty requires valid regional genetic and total residual parameters","gcorr_genome"
"chr14_21589402_23018665","region","h2","GWAS1",NA,0.00029225978630037,NA,NA,NA,NA,"Joint HESS uncertainty requires valid regional genetic and total residual parameters","gcorr_genome"
"chr14_23018665_24905123","region","h2","GWAS1",NA,0.000364697691629821,NA,NA,NA,NA,"Joint HESS uncertainty requires valid regional genetic and total residual parameters","gcorr_genome"
"chr14_24905123_26135686","region","h2","GWAS1",NA,0.000346627456471463,NA,NA,NA,NA,"Joint HESS uncertainty requires valid regional genetic and total residual parameters","gcorr_genome"
"chr14_26135686_28466533","region","h2","GWAS1",NA,0.000190280120351111,NA,NA,NA,NA,"Joint HESS uncertainty requires valid regional genetic and total residual parameters","gcorr_genome"
"chr14_28466533_29972145","region","h2","GWAS1",NA,0.000198636894418999,NA,NA,NA,NA,"Joint HESS uncertainty requires valid regional genetic and total residual parameters","gcorr_genome"
"chr14_29972145_32383265","region","h2","GWAS1",NA,0.000192197326436725,NA,NA,NA,NA,"Joint HESS uncertainty requires valid regional genetic and total residual parameters","gcorr_genome"
"chr14_32383265_34846251","region","h2","GWAS1",NA,0.00040441719564742,NA,NA,NA,NA,"Joint HESS uncertainty requires valid regional genetic and total residual parameters","gcorr_genome"
"chr14_34846251_35859593","region","h2","GWAS1",NA,0.000409205692301175,NA,NA,NA,NA,"Joint HESS uncertainty requires valid regional genetic and total residual parameters","gcorr_genome"
"chr14_35859593_38667725","region","h2","GWAS1",NA,0.00012166590353067,NA,NA,NA,NA,"Joint HESS uncertainty requires valid regional genetic and total residual parameters","gcorr_genome"
"chr14_38667725_40341990","region","h2","GWAS1",NA,0.000438896148025402,NA,NA,NA,NA,"Joint HESS uncertainty requires valid regional genetic and total residual parameters","gcorr_genome"
"chr14_40341990_41615502","region","h2","GWAS1",NA,0.00028538843128661,NA,NA,NA,NA,"Joint HESS uncertainty requires valid regional genetic and total residual parameters","gcorr_genome"
"chr14_41615502_43137389","region","h2","GWAS1",NA,0.000660076608333409,NA,NA,NA,NA,"Joint HESS uncertainty requires valid regional genetic and total residual parameters","gcorr_genome"
"chr14_43137389_44543227","region","h2","GWAS1",NA,7.93048950725712e-05,NA,NA,NA,NA,"Joint HESS uncertainty requires valid regional genetic and total residual parameters","gcorr_genome"
"chr14_44543227_46081896","region","h2","GWAS1",NA,0.000220925720988177,NA,NA,NA,NA,"Joint HESS uncertainty requires valid regional genetic and total residual parameters","gcorr_genome"
"chr14_46081896_46749130","region","h2","GWAS1",NA,0.000159594335126151,NA,NA,NA,NA,"Joint HESS uncertainty requires valid regional genetic and total residual parameters","gcorr_genome"
"chr14_46749130_48573586","region","h2","GWAS1",NA,0.000292054598365408,NA,NA,NA,NA,"Joint HESS uncertainty requires valid regional genetic and total residual parameters","gcorr_genome"
"chr14_48573586_49005471","region","h2","GWAS1",NA,0.000198374190209366,NA,NA,NA,NA,"Joint HESS uncertainty requires valid regional genetic and total residual parameters","gcorr_genome"
"chr14_49005471_50507760","region","h2","GWAS1",NA,0.000156175451137661,NA,NA,NA,NA,"Joint HESS uncertainty requires valid regional genetic and total residual parameters","gcorr_genome"
"chr14_50507760_51493572","region","h2","GWAS1",NA,0.000408830926586434,NA,NA,NA,NA,"Joint HESS uncertainty requires valid regional genetic and total residual parameters","gcorr_genome"
"chr14_51493572_53474383","region","h2","GWAS1",NA,0.000342665700811142,NA,NA,NA,NA,"Joint HESS uncertainty requires valid regional genetic and total residual parameters","gcorr_genome"
"chr14_53474383_53997831","region","h2","GWAS1",NA,0.000220734114813363,NA,NA,NA,NA,"Joint HESS uncertainty requires valid regional genetic and total residual parameters","gcorr_genome"
"chr14_53997831_55233681","region","h2","GWAS1",NA,0.000219077514714192,NA,NA,NA,NA,"Joint HESS uncertainty requires valid regional genetic and total residual parameters","gcorr_genome"
"chr14_55233681_56216880","region","h2","GWAS1",NA,9.26248457898441e-05,NA,NA,NA,NA,"Joint HESS uncertainty requires valid regional genetic and total residual parameters","gcorr_genome"
"chr14_56216880_57481262","region","h2","GWAS1",NA,0.000586450182343025,NA,NA,NA,NA,"Joint HESS uncertainty requires valid regional genetic and total residual parameters","gcorr_genome"
"chr14_57481262_59448336","region","h2","GWAS1",NA,0.000464998031809171,NA,NA,NA,NA,"Joint HESS uncertainty requires valid regional genetic and total residual parameters","gcorr_genome"
"chr14_59448336_61680424","region","h2","GWAS1",NA,0.000359834013331179,NA,NA,NA,NA,"Joint HESS uncertainty requires valid regional genetic and total residual parameters","gcorr_genome"
"chr14_61680424_63790015","region","h2","GWAS1",NA,0.000209627026701518,NA,NA,NA,NA,"Joint HESS uncertainty requires valid regional genetic and total residual parameters","gcorr_genome"
"chr14_63790015_65220298","region","h2","GWAS1",NA,0.000451426423361218,NA,NA,NA,NA,"Joint HESS uncertainty requires valid regional genetic and total residual parameters","gcorr_genome"
"chr14_65220298_66399555","region","h2","GWAS1",NA,0.000452305053769944,NA,NA,NA,NA,"Joint HESS uncertainty requires valid regional genetic and total residual parameters","gcorr_genome"
"chr14_66399555_67992317","region","h2","GWAS1",NA,0.000145296165905479,NA,NA,NA,NA,"Joint HESS uncertainty requires valid regional genetic and total residual parameters","gcorr_genome"
"chr14_67992317_71131957","region","h2","GWAS1",NA,0.000365112451281093,NA,NA,NA,NA,"Joint HESS uncertainty requires valid regional genetic and total residual parameters","gcorr_genome"
"chr14_71131957_72889615","region","h2","GWAS1",NA,0.00023047271179279,NA,NA,NA,NA,"Joint HESS uncertainty requires valid regional genetic and total residual parameters","gcorr_genome"
"chr14_72889615_76444767","region","h2","GWAS1",NA,0.000310360913147842,NA,NA,NA,NA,"Joint HESS uncertainty requires valid regional genetic and total residual parameters","gcorr_genome"
"chr14_76444767_77229472","region","h2","GWAS1",NA,0.000517579871400878,NA,NA,NA,NA,"Joint HESS uncertainty requires valid regional genetic and total residual parameters","gcorr_genome"
"chr14_77229472_78561945","region","h2","GWAS1",NA,0.000438439111101485,NA,NA,NA,NA,"Joint HESS uncertainty requires valid regional genetic and total residual parameters","gcorr_genome"
"chr14_78561945_80186579","region","h2","GWAS1",NA,0.000726601126688804,NA,NA,NA,NA,"Joint HESS uncertainty requires valid regional genetic and total residual parameters","gcorr_genome"
"chr14_80186579_81579714","region","h2","GWAS1",NA,0.00011469416034088,NA,NA,NA,NA,"Joint HESS uncertainty requires valid regional genetic and total residual parameters","gcorr_genome"
"chr14_81579714_83138097","region","h2","GWAS1",NA,0.000512319987377956,NA,NA,NA,NA,"Joint HESS uncertainty requires valid regional genetic and total residual parameters","gcorr_genome"
"chr14_83138097_84241633","region","h2","GWAS1",NA,0.000199830424540963,NA,NA,NA,NA,"Joint HESS uncertainty requires valid regional genetic and total residual parameters","gcorr_genome"
"chr14_84241633_85746319","region","h2","GWAS1",NA,0.000475442595223963,NA,NA,NA,NA,"Joint HESS uncertainty requires valid regional genetic and total residual parameters","gcorr_genome"
"chr14_85746319_86647002","region","h2","GWAS1",NA,0.000168735018197512,NA,NA,NA,NA,"Joint HESS uncertainty requires valid regional genetic and total residual parameters","gcorr_genome"
"chr14_86647002_87635341","region","h2","GWAS1",NA,0.000137464064253321,NA,NA,NA,NA,"Joint HESS uncertainty requires valid regional genetic and total residual parameters","gcorr_genome"
"chr14_87635341_89497643","region","h2","GWAS1",NA,0.000209744045928035,NA,NA,NA,NA,"Joint HESS uncertainty requires valid regional genetic and total residual parameters","gcorr_genome"
"chr14_89497643_91296860","region","h2","GWAS1",NA,0.000135341450137569,NA,NA,NA,NA,"Joint HESS uncertainty requires valid regional genetic and total residual parameters","gcorr_genome"
"chr14_91296860_93132299","region","h2","GWAS1",NA,0.000842344948635223,NA,NA,NA,NA,"Joint HESS uncertainty requires valid regional genetic and total residual parameters","gcorr_genome"
"chr14_93132299_94325285","region","h2","GWAS1",NA,0.000511331864879964,NA,NA,NA,NA,"Joint HESS uncertainty requires valid regional genetic and total residual parameters","gcorr_genome"
"chr14_94325285_95750867","region","h2","GWAS1",NA,4.21285212240199e-05,NA,NA,NA,NA,"Joint HESS uncertainty requires valid regional genetic and total residual parameters","gcorr_genome"
"chr14_95750867_96262415","region","h2","GWAS1",NA,0.0002290830192286,NA,NA,NA,NA,"Joint HESS uncertainty requires valid regional genetic and total residual parameters","gcorr_genome"
"chr14_96262415_98341162","region","h2","GWAS1",NA,0.000190880727818264,NA,NA,NA,NA,"Joint HESS uncertainty requires valid regional genetic and total residual parameters","gcorr_genome"
"chr14_98341162_99138532","region","h2","GWAS1",NA,0.000346448016973327,NA,NA,NA,NA,"Joint HESS uncertainty requires valid regional genetic and total residual parameters","gcorr_genome"
"chr14_99138532_101534307","region","h2","GWAS1",NA,0.000184443537841586,NA,NA,NA,NA,"Joint HESS uncertainty requires valid regional genetic and total residual parameters","gcorr_genome"
"chr15_100636847_101552694","region","h2","GWAS1",NA,0.000194680502801474,NA,NA,NA,NA,"Joint HESS uncertainty requires valid regional genetic and total residual parameters","gcorr_genome"
"chr15_101552694_102520966","region","h2","GWAS1",NA,0.000311239669827544,NA,NA,NA,NA,"Joint HESS uncertainty requires valid regional genetic and total residual parameters","gcorr_genome"
"chr15_20001200_21131604","region","h2","GWAS1",NA,-1.66679246188421e-05,NA,NA,NA,NA,"Joint HESS uncertainty requires valid regional genetic and total residual parameters","gcorr_genome"
"chr15_21131604_24195127","region","h2","GWAS1",NA,0.000409838326634474,NA,NA,NA,NA,"Joint HESS uncertainty requires valid regional genetic and total residual parameters","gcorr_genome"
"chr15_24195127_25108590","region","h2","GWAS1",NA,0.000210515184371321,NA,NA,NA,NA,"Joint HESS uncertainty requires valid regional genetic and total residual parameters","gcorr_genome"
"chr15_25108590_27298112","region","h2","GWAS1",NA,0.000364547659577297,NA,NA,NA,NA,"Joint HESS uncertainty requires valid regional genetic and total residual parameters","gcorr_genome"
"chr15_27298112_29338502","region","h2","GWAS1",NA,0.00021837890808496,NA,NA,NA,NA,"Joint HESS uncertainty requires valid regional genetic and total residual parameters","gcorr_genome"
"chr15_29338502_30165568","region","h2","GWAS1",NA,0.000168981510453338,NA,NA,NA,NA,"Joint HESS uncertainty requires valid regional genetic and total residual parameters","gcorr_genome"
"chr15_30165568_31591821","region","h2","GWAS1",NA,8.06458620507878e-05,NA,NA,NA,NA,"Joint HESS uncertainty requires valid regional genetic and total residual parameters","gcorr_genome"
"chr15_31591821_32441811","region","h2","GWAS1",NA,0.000240424067444849,NA,NA,NA,NA,"Joint HESS uncertainty requires valid regional genetic and total residual parameters","gcorr_genome"
"chr15_32441811_34015425","region","h2","GWAS1",NA,0.000147782992394781,NA,NA,NA,NA,"Joint HESS uncertainty requires valid regional genetic and total residual parameters","gcorr_genome"
"chr15_34015425_35083251","region","h2","GWAS1",NA,0.000111292673746019,NA,NA,NA,NA,"Joint HESS uncertainty requires valid regional genetic and total residual parameters","gcorr_genome"
"chr15_35083251_37456502","region","h2","GWAS1",NA,0.00042397748877872,NA,NA,NA,NA,"Joint HESS uncertainty requires valid regional genetic and total residual parameters","gcorr_genome"
"chr15_37456502_38530777","region","h2","GWAS1",NA,0.000371621183578767,NA,NA,NA,NA,"Joint HESS uncertainty requires valid regional genetic and total residual parameters","gcorr_genome"
"chr15_38530777_40384132","region","h2","GWAS1",NA,0.00048234757846276,NA,NA,NA,NA,"Joint HESS uncertainty requires valid regional genetic and total residual parameters","gcorr_genome"
"chr15_40384132_41177514","region","h2","GWAS1",NA,0.000910825950193873,NA,NA,NA,NA,"Joint HESS uncertainty requires valid regional genetic and total residual parameters","gcorr_genome"
"chr15_41177514_42776399","region","h2","GWAS1",NA,0.000682970147321999,NA,NA,NA,NA,"Joint HESS uncertainty requires valid regional genetic and total residual parameters","gcorr_genome"
"chr15_42776399_44198049","region","h2","GWAS1",NA,0.000541991525406348,NA,NA,NA,NA,"Joint HESS uncertainty requires valid regional genetic and total residual parameters","gcorr_genome"
"chr15_44198049_46618787","region","h2","GWAS1",NA,0.000605996837790755,NA,NA,NA,NA,"Joint HESS uncertainty requires valid regional genetic and total residual parameters","gcorr_genome"
"chr15_46618787_48136048","region","h2","GWAS1",NA,0.000495105314645665,NA,NA,NA,NA,"Joint HESS uncertainty requires valid regional genetic and total residual parameters","gcorr_genome"
"chr15_48136048_50008043","region","h2","GWAS1",NA,0.000462648738886768,NA,NA,NA,NA,"Joint HESS uncertainty requires valid regional genetic and total residual parameters","gcorr_genome"
"chr15_50008043_51677560","region","h2","GWAS1",NA,0.000412603730318529,NA,NA,NA,NA,"Joint HESS uncertainty requires valid regional genetic and total residual parameters","gcorr_genome"
"chr15_51677560_53069096","region","h2","GWAS1",NA,0.000624437664346031,NA,NA,NA,NA,"Joint HESS uncertainty requires valid regional genetic and total residual parameters","gcorr_genome"
"chr15_53069096_54508528","region","h2","GWAS1",NA,0.000460618358275019,NA,NA,NA,NA,"Joint HESS uncertainty requires valid regional genetic and total residual parameters","gcorr_genome"
"chr15_54508528_55136269","region","h2","GWAS1",NA,0.000420263857576781,NA,NA,NA,NA,"Joint HESS uncertainty requires valid regional genetic and total residual parameters","gcorr_genome"
"chr15_55136269_56901773","region","h2","GWAS1",NA,0.000617783109811391,NA,NA,NA,NA,"Joint HESS uncertainty requires valid regional genetic and total residual parameters","gcorr_genome"
"chr15_56901773_58441366","region","h2","GWAS1",NA,0.000656062378443794,NA,NA,NA,NA,"Joint HESS uncertainty requires valid regional genetic and total residual parameters","gcorr_genome"
"chr15_58441366_59694116","region","h2","GWAS1",NA,0.000413614896392929,NA,NA,NA,NA,"Joint HESS uncertainty requires valid regional genetic and total residual parameters","gcorr_genome"
"chr15_59694116_61265836","region","h2","GWAS1",NA,0.000493148410921799,NA,NA,NA,NA,"Joint HESS uncertainty requires valid regional genetic and total residual parameters","gcorr_genome"
"chr15_61265836_63215222","region","h2","GWAS1",NA,0.000846255728031165,NA,NA,NA,NA,"Joint HESS uncertainty requires valid regional genetic and total residual parameters","gcorr_genome"
"chr15_63215222_65104668","region","h2","GWAS1",NA,0.000759127858386279,NA,NA,NA,NA,"Joint HESS uncertainty requires valid regional genetic and total residual parameters","gcorr_genome"
"chr15_65104668_67094767","region","h2","GWAS1",NA,0.000485490452558601,NA,NA,NA,NA,"Joint HESS uncertainty requires valid regional genetic and total residual parameters","gcorr_genome"
"chr15_67094767_69017999","region","h2","GWAS1",NA,0.000864775553973399,NA,NA,NA,NA,"Joint HESS uncertainty requires valid regional genetic and total residual parameters","gcorr_genome"
"chr15_69017999_70133341","region","h2","GWAS1",NA,2.97093676614381e-05,NA,NA,NA,NA,"Joint HESS uncertainty requires valid regional genetic and total residual parameters","gcorr_genome"
"chr15_70133341_71922649","region","h2","GWAS1",NA,0.000402639808683972,NA,NA,NA,NA,"Joint HESS uncertainty requires valid regional genetic and total residual parameters","gcorr_genome"
"chr15_71922649_73628714","region","h2","GWAS1",NA,0.000486830542859481,NA,NA,NA,NA,"Joint HESS uncertainty requires valid regional genetic and total residual parameters","gcorr_genome"
"chr15_73628714_76398624","region","h2","GWAS1",NA,0.000908402524781482,NA,NA,NA,NA,"Joint HESS uncertainty requires valid regional genetic and total residual parameters","gcorr_genome"
"chr15_76398624_78516053","region","h2","GWAS1",NA,0.00183024593041753,NA,NA,NA,NA,"Joint HESS uncertainty requires valid regional genetic and total residual parameters","gcorr_genome"
"chr15_78516053_80860978","region","h2","GWAS1",NA,0.000316208119244143,NA,NA,NA,NA,"Joint HESS uncertainty requires valid regional genetic and total residual parameters","gcorr_genome"
"chr15_80860978_84260468","region","h2","GWAS1",NA,0.000328735284940189,NA,NA,NA,NA,"Joint HESS uncertainty requires valid regional genetic and total residual parameters","gcorr_genome"
"chr15_84260468_86652905","region","h2","GWAS1",NA,0.000524990573092268,NA,NA,NA,NA,"Joint HESS uncertainty requires valid regional genetic and total residual parameters","gcorr_genome"
"chr15_86652905_88369943","region","h2","GWAS1",NA,0.00020603543119574,NA,NA,NA,NA,"Joint HESS uncertainty requires valid regional genetic and total residual parameters","gcorr_genome"
"chr15_88369943_90475551","region","h2","GWAS1",NA,0.00101848143216728,NA,NA,NA,NA,"Joint HESS uncertainty requires valid regional genetic and total residual parameters","gcorr_genome"
"chr15_90475551_92164392","region","h2","GWAS1",NA,0.000851890007792868,NA,NA,NA,NA,"Joint HESS uncertainty requires valid regional genetic and total residual parameters","gcorr_genome"
"chr15_92164392_93780902","region","h2","GWAS1",NA,0.000240652117315293,NA,NA,NA,NA,"Joint HESS uncertainty requires valid regional genetic and total residual parameters","gcorr_genome"
"chr15_93780902_94924330","region","h2","GWAS1",NA,0.000256841137747254,NA,NA,NA,NA,"Joint HESS uncertainty requires valid regional genetic and total residual parameters","gcorr_genome"
"chr15_94924330_96141596","region","h2","GWAS1",NA,0.000442551553291929,NA,NA,NA,NA,"Joint HESS uncertainty requires valid regional genetic and total residual parameters","gcorr_genome"
"chr15_96141596_98030910","region","h2","GWAS1",NA,0.000169611976410994,NA,NA,NA,NA,"Joint HESS uncertainty requires valid regional genetic and total residual parameters","gcorr_genome"
"chr15_98030910_99244059","region","h2","GWAS1",NA,0.000458161903668501,NA,NA,NA,NA,"Joint HESS uncertainty requires valid regional genetic and total residual parameters","gcorr_genome"
"chr15_99244059_100636847","region","h2","GWAS1",NA,0.000380781473771332,NA,NA,NA,NA,"Joint HESS uncertainty requires valid regional genetic and total residual parameters","gcorr_genome"
"chr16_10426032_11520161","region","h2","GWAS1",NA,0.000304118853266145,NA,NA,NA,NA,"Joint HESS uncertainty requires valid regional genetic and total residual parameters","gcorr_genome"
"chr16_11520161_12613098","region","h2","GWAS1",NA,0.000683979362483097,NA,NA,NA,NA,"Joint HESS uncertainty requires valid regional genetic and total residual parameters","gcorr_genome"
"chr16_1207206_2764829","region","h2","GWAS1",NA,0.000471121590723252,NA,NA,NA,NA,"Joint HESS uncertainty requires valid regional genetic and total residual parameters","gcorr_genome"
"chr16_12613098_13154437","region","h2","GWAS1",NA,0.000203969462449445,NA,NA,NA,NA,"Joint HESS uncertainty requires valid regional genetic and total residual parameters","gcorr_genome"
"chr16_13154437_14464002","region","h2","GWAS1",NA,0.000210145586018082,NA,NA,NA,NA,"Joint HESS uncertainty requires valid regional genetic and total residual parameters","gcorr_genome"
"chr16_14464002_16154060","region","h2","GWAS1",NA,0.000691686067930392,NA,NA,NA,NA,"Joint HESS uncertainty requires valid regional genetic and total residual parameters","gcorr_genome"
"chr16_16154060_17644749","region","h2","GWAS1",NA,0.000487950959718933,NA,NA,NA,NA,"Joint HESS uncertainty requires valid regional genetic and total residual parameters","gcorr_genome"
"chr16_17644749_18643607","region","h2","GWAS1",NA,0.000348019312714251,NA,NA,NA,NA,"Joint HESS uncertainty requires valid regional genetic and total residual parameters","gcorr_genome"
"chr16_18643607_20150571","region","h2","GWAS1",NA,0.000531934998181514,NA,NA,NA,NA,"Joint HESS uncertainty requires valid regional genetic and total residual parameters","gcorr_genome"
"chr16_20150571_22448904","region","h2","GWAS1",NA,0.000675958220916127,NA,NA,NA,NA,"Joint HESS uncertainty requires valid regional genetic and total residual parameters","gcorr_genome"
"chr16_22448904_24136875","region","h2","GWAS1",NA,0.000212137560023133,NA,NA,NA,NA,"Joint HESS uncertainty requires valid regional genetic and total residual parameters","gcorr_genome"
"chr16_24136875_25986862","region","h2","GWAS1",NA,0.00032758050441653,NA,NA,NA,NA,"Joint HESS uncertainty requires valid regional genetic and total residual parameters","gcorr_genome"
"chr16_25986862_27445755","region","h2","GWAS1",NA,0.000172518556264997,NA,NA,NA,NA,"Joint HESS uncertainty requires valid regional genetic and total residual parameters","gcorr_genome"
"chr16_27445755_29036613","region","h2","GWAS1",NA,0.000368214324070818,NA,NA,NA,NA,"Joint HESS uncertainty requires valid regional genetic and total residual parameters","gcorr_genome"
"chr16_2764829_4001196","region","h2","GWAS1",NA,0.00073231323531271,NA,NA,NA,NA,"Joint HESS uncertainty requires valid regional genetic and total residual parameters","gcorr_genome"
"chr16_29036613_31382943","region","h2","GWAS1",NA,0.000717623272705641,NA,NA,NA,NA,"Joint HESS uncertainty requires valid regional genetic and total residual parameters","gcorr_genome"
"chr16_31382943_46399473","region","h2","GWAS1",NA,0.000165362790000057,NA,NA,NA,NA,"Joint HESS uncertainty requires valid regional genetic and total residual parameters","gcorr_genome"
"chr16_4001196_5118345","region","h2","GWAS1",NA,0.000661685199042435,NA,NA,NA,NA,"Joint HESS uncertainty requires valid regional genetic and total residual parameters","gcorr_genome"
"chr16_46399473_49007926","region","h2","GWAS1",NA,0.000172997634043468,NA,NA,NA,NA,"Joint HESS uncertainty requires valid regional genetic and total residual parameters","gcorr_genome"
"chr16_49007926_52035823","region","h2","GWAS1",NA,0.000339511972893738,NA,NA,NA,NA,"Joint HESS uncertainty requires valid regional genetic and total residual parameters","gcorr_genome"
"chr16_5118345_5891580","region","h2","GWAS1",NA,4.97546858144517e-05,NA,NA,NA,NA,"Joint HESS uncertainty requires valid regional genetic and total residual parameters","gcorr_genome"
"chr16_52035823_53382572","region","h2","GWAS1",NA,0.00081995667780848,NA,NA,NA,NA,"Joint HESS uncertainty requires valid regional genetic and total residual parameters","gcorr_genome"
"chr16_53382572_55903774","region","h2","GWAS1",NA,0.00307189423577681,NA,NA,NA,NA,"Joint HESS uncertainty requires valid regional genetic and total residual parameters","gcorr_genome"
"chr16_55903774_57664330","region","h2","GWAS1",NA,0.000513825204195309,NA,NA,NA,NA,"Joint HESS uncertainty requires valid regional genetic and total residual parameters","gcorr_genome"
"chr16_57664330_59045405","region","h2","GWAS1",NA,0.000371979385432173,NA,NA,NA,NA,"Joint HESS uncertainty requires valid regional genetic and total residual parameters","gcorr_genome"
"chr16_5891580_6893551","region","h2","GWAS1",NA,0.00055738021748273,NA,NA,NA,NA,"Joint HESS uncertainty requires valid regional genetic and total residual parameters","gcorr_genome"
"chr16_59045405_60745694","region","h2","GWAS1",NA,0.000429734516012295,NA,NA,NA,NA,"Joint HESS uncertainty requires valid regional genetic and total residual parameters","gcorr_genome"
"chr16_60054_1207206","region","h2","GWAS1",NA,0.000995041909877465,NA,NA,NA,NA,"Joint HESS uncertainty requires valid regional genetic and total residual parameters","gcorr_genome"
"chr16_60745694_62229849","region","h2","GWAS1",NA,0.000185631214847216,NA,NA,NA,NA,"Joint HESS uncertainty requires valid regional genetic and total residual parameters","gcorr_genome"
"chr16_62229849_63691589","region","h2","GWAS1",NA,0.000400888259094828,NA,NA,NA,NA,"Joint HESS uncertainty requires valid regional genetic and total residual parameters","gcorr_genome"
"chr16_63691589_65938566","region","h2","GWAS1",NA,0.000329156432377459,NA,NA,NA,NA,"Joint HESS uncertainty requires valid regional genetic and total residual parameters","gcorr_genome"
"chr16_65938566_68841363","region","h2","GWAS1",NA,0.000387577804629634,NA,NA,NA,NA,"Joint HESS uncertainty requires valid regional genetic and total residual parameters","gcorr_genome"
"chr16_68841363_71054028","region","h2","GWAS1",NA,0.000766829691966438,NA,NA,NA,NA,"Joint HESS uncertainty requires valid regional genetic and total residual parameters","gcorr_genome"
"chr16_6893551_7529121","region","h2","GWAS1",NA,0.000263744478947311,NA,NA,NA,NA,"Joint HESS uncertainty requires valid regional genetic and total residual parameters","gcorr_genome"
"chr16_71054028_72935150","region","h2","GWAS1",NA,0.000359312942983563,NA,NA,NA,NA,"Joint HESS uncertainty requires valid regional genetic and total residual parameters","gcorr_genome"
"chr16_72935150_74971503","region","h2","GWAS1",NA,0.000148004839900165,NA,NA,NA,NA,"Joint HESS uncertainty requires valid regional genetic and total residual parameters","gcorr_genome"
"chr16_74971503_75977954","region","h2","GWAS1",NA,0.00137721779575361,NA,NA,NA,NA,"Joint HESS uncertainty requires valid regional genetic and total residual parameters","gcorr_genome"
"chr16_7529121_8338519","region","h2","GWAS1",NA,5.18738133569248e-05,NA,NA,NA,NA,"Joint HESS uncertainty requires valid regional genetic and total residual parameters","gcorr_genome"
"chr16_75977954_77523678","region","h2","GWAS1",NA,0.000233207412284946,NA,NA,NA,NA,"Joint HESS uncertainty requires valid regional genetic and total residual parameters","gcorr_genome"
"chr16_77523678_78456292","region","h2","GWAS1",NA,0.000436535725624697,NA,NA,NA,NA,"Joint HESS uncertainty requires valid regional genetic and total residual parameters","gcorr_genome"
"chr16_78456292_79134815","region","h2","GWAS1",NA,0.000258665645651885,NA,NA,NA,NA,"Joint HESS uncertainty requires valid regional genetic and total residual parameters","gcorr_genome"
"chr16_79134815_80297374","region","h2","GWAS1",NA,0.000475496428887662,NA,NA,NA,NA,"Joint HESS uncertainty requires valid regional genetic and total residual parameters","gcorr_genome"
"chr16_80297374_81772536","region","h2","GWAS1",NA,0.000381128916421839,NA,NA,NA,NA,"Joint HESS uncertainty requires valid regional genetic and total residual parameters","gcorr_genome"
"chr16_81772536_82747728","region","h2","GWAS1",NA,0.000297209263761668,NA,NA,NA,NA,"Joint HESS uncertainty requires valid regional genetic and total residual parameters","gcorr_genome"
"chr16_82747728_83477208","region","h2","GWAS1",NA,0.000218231445710666,NA,NA,NA,NA,"Joint HESS uncertainty requires valid regional genetic and total residual parameters","gcorr_genome"
"chr16_8338519_9799419","region","h2","GWAS1",NA,4.6622794737479e-05,NA,NA,NA,NA,"Joint HESS uncertainty requires valid regional genetic and total residual parameters","gcorr_genome"
"chr16_83477208_84445883","region","h2","GWAS1",NA,0.000216356900042745,NA,NA,NA,NA,"Joint HESS uncertainty requires valid regional genetic and total residual parameters","gcorr_genome"
"chr16_84445883_85148685","region","h2","GWAS1",NA,0.000354005471271504,NA,NA,NA,NA,"Joint HESS uncertainty requires valid regional genetic and total residual parameters","gcorr_genome"
"chr16_85148685_86156599","region","h2","GWAS1",NA,0.000323538881697757,NA,NA,NA,NA,"Joint HESS uncertainty requires valid regional genetic and total residual parameters","gcorr_genome"
"chr16_86156599_86815411","region","h2","GWAS1",NA,0.000457150469281566,NA,NA,NA,NA,"Joint HESS uncertainty requires valid regional genetic and total residual parameters","gcorr_genome"
"chr16_86815411_87647349","region","h2","GWAS1",NA,0.000314742150639586,NA,NA,NA,NA,"Joint HESS uncertainty requires valid regional genetic and total residual parameters","gcorr_genome"
"chr16_87647349_89041165","region","h2","GWAS1",NA,0.000442150078015444,NA,NA,NA,NA,"Joint HESS uncertainty requires valid regional genetic and total residual parameters","gcorr_genome"
"chr16_89041165_90292812","region","h2","GWAS1",NA,0.000502992032825524,NA,NA,NA,NA,"Joint HESS uncertainty requires valid regional genetic and total residual parameters","gcorr_genome"
"chr16_9799419_10426032","region","h2","GWAS1",NA,0.000187233322920436,NA,NA,NA,NA,"Joint HESS uncertainty requires valid regional genetic and total residual parameters","gcorr_genome"
"chr17_11102815_12534769","region","h2","GWAS1",NA,0.000181602117153006,NA,NA,NA,NA,"Joint HESS uncertainty requires valid regional genetic and total residual parameters","gcorr_genome"
"chr17_1172399_1928731","region","h2","GWAS1",NA,0.000280022537373646,NA,NA,NA,NA,"Joint HESS uncertainty requires valid regional genetic and total residual parameters","gcorr_genome"
"chr17_12534769_13180372","region","h2","GWAS1",NA,9.81403274777422e-05,NA,NA,NA,NA,"Joint HESS uncertainty requires valid regional genetic and total residual parameters","gcorr_genome"
"chr17_13180372_13894637","region","h2","GWAS1",NA,0.000118242106391207,NA,NA,NA,NA,"Joint HESS uncertainty requires valid regional genetic and total residual parameters","gcorr_genome"
"chr17_13894637_15019097","region","h2","GWAS1",NA,0.000253701190049286,NA,NA,NA,NA,"Joint HESS uncertainty requires valid regional genetic and total residual parameters","gcorr_genome"
"chr17_15019097_16412342","region","h2","GWAS1",NA,0.000206860324904581,NA,NA,NA,NA,"Joint HESS uncertainty requires valid regional genetic and total residual parameters","gcorr_genome"
"chr17_16412342_18856320","region","h2","GWAS1",NA,0.000894216776332171,NA,NA,NA,NA,"Joint HESS uncertainty requires valid regional genetic and total residual parameters","gcorr_genome"
"chr17_18856320_21290357","region","h2","GWAS1",NA,0.00051034612099882,NA,NA,NA,NA,"Joint HESS uncertainty requires valid regional genetic and total residual parameters","gcorr_genome"
"chr17_1928731_3702312","region","h2","GWAS1",NA,0.000293335389259055,NA,NA,NA,NA,"Joint HESS uncertainty requires valid regional genetic and total residual parameters","gcorr_genome"
"chr17_21290357_27334244","region","h2","GWAS1",NA,0.000164876847786437,NA,NA,NA,NA,"Joint HESS uncertainty requires valid regional genetic and total residual parameters","gcorr_genome"
"chr17_27334244_29786491","region","h2","GWAS1",NA,0.00130536392928261,NA,NA,NA,NA,"Joint HESS uncertainty requires valid regional genetic and total residual parameters","gcorr_genome"
"chr17_29786491_31538425","region","h2","GWAS1",NA,0.000146195386270298,NA,NA,NA,NA,"Joint HESS uncertainty requires valid regional genetic and total residual parameters","gcorr_genome"
"chr17_31538425_32912798","region","h2","GWAS1",NA,0.000209254239209224,NA,NA,NA,NA,"Joint HESS uncertainty requires valid regional genetic and total residual parameters","gcorr_genome"
"chr17_32912798_34469036","region","h2","GWAS1",NA,0.000176423224592209,NA,NA,NA,NA,"Joint HESS uncertainty requires valid regional genetic and total residual parameters","gcorr_genome"
"chr17_34469036_36809344","region","h2","GWAS1",NA,0.000410490106579497,NA,NA,NA,NA,"Joint HESS uncertainty requires valid regional genetic and total residual parameters","gcorr_genome"
"chr17_36809344_38877404","region","h2","GWAS1",NA,0.000463931916623749,NA,NA,NA,NA,"Joint HESS uncertainty requires valid regional genetic and total residual parameters","gcorr_genome"
"chr17_3702312_4696261","region","h2","GWAS1",NA,0.000950481618728217,NA,NA,NA,NA,"Joint HESS uncertainty requires valid regional genetic and total residual parameters","gcorr_genome"
"chr17_38877404_39899810","region","h2","GWAS1",NA,0.000125068190884,NA,NA,NA,NA,"Joint HESS uncertainty requires valid regional genetic and total residual parameters","gcorr_genome"
"chr17_39899810_41772087","region","h2","GWAS1",NA,0.000894144857845617,NA,NA,NA,NA,"Joint HESS uncertainty requires valid regional genetic and total residual parameters","gcorr_genome"
"chr17_41772087_43056905","region","h2","GWAS1",NA,0.000669075539105584,NA,NA,NA,NA,"Joint HESS uncertainty requires valid regional genetic and total residual parameters","gcorr_genome"
"chr17_43056905_45876022","region","h2","GWAS1",NA,0.00035356742055483,NA,NA,NA,NA,"Joint HESS uncertainty requires valid regional genetic and total residual parameters","gcorr_genome"
"chr17_45876022_47517400","region","h2","GWAS1",NA,0.00133010041704518,NA,NA,NA,NA,"Joint HESS uncertainty requires valid regional genetic and total residual parameters","gcorr_genome"
"chr17_4696261_5741334","region","h2","GWAS1",NA,0.000451362934520295,NA,NA,NA,NA,"Joint HESS uncertainty requires valid regional genetic and total residual parameters","gcorr_genome"
"chr17_47517400_49898957","region","h2","GWAS1",NA,0.000219811443324523,NA,NA,NA,NA,"Joint HESS uncertainty requires valid regional genetic and total residual parameters","gcorr_genome"
"chr17_49898957_50719055","region","h2","GWAS1",NA,0.00041873355281557,NA,NA,NA,NA,"Joint HESS uncertainty requires valid regional genetic and total residual parameters","gcorr_genome"
"chr17_50719055_51826118","region","h2","GWAS1",NA,0.000276533370396736,NA,NA,NA,NA,"Joint HESS uncertainty requires valid regional genetic and total residual parameters","gcorr_genome"
"chr17_51826118_53599432","region","h2","GWAS1",NA,0.000110848229546711,NA,NA,NA,NA,"Joint HESS uncertainty requires valid regional genetic and total residual parameters","gcorr_genome"
"chr17_53599432_55357541","region","h2","GWAS1",NA,0.000589582667812015,NA,NA,NA,NA,"Joint HESS uncertainty requires valid regional genetic and total residual parameters","gcorr_genome"
"chr17_55357541_57487512","region","h2","GWAS1",NA,6.68274137640401e-05,NA,NA,NA,NA,"Joint HESS uncertainty requires valid regional genetic and total residual parameters","gcorr_genome"
"chr17_56_1172399","region","h2","GWAS1",NA,0.000496973183848292,NA,NA,NA,NA,"Joint HESS uncertainty requires valid regional genetic and total residual parameters","gcorr_genome"
"chr17_5741334_7317398","region","h2","GWAS1",NA,0.000122990138206363,NA,NA,NA,NA,"Joint HESS uncertainty requires valid regional genetic and total residual parameters","gcorr_genome"
"chr17_57487512_59312755","region","h2","GWAS1",NA,0.000394736968676542,NA,NA,NA,NA,"Joint HESS uncertainty requires valid regional genetic and total residual parameters","gcorr_genome"
"chr17_59312755_61545589","region","h2","GWAS1",NA,0.00057062727582195,NA,NA,NA,NA,"Joint HESS uncertainty requires valid regional genetic and total residual parameters","gcorr_genome"
"chr17_61545589_63148128","region","h2","GWAS1",NA,0.00119487225439655,NA,NA,NA,NA,"Joint HESS uncertainty requires valid regional genetic and total residual parameters","gcorr_genome"
"chr17_63148128_64800430","region","h2","GWAS1",NA,0.000216789575227883,NA,NA,NA,NA,"Joint HESS uncertainty requires valid regional genetic and total residual parameters","gcorr_genome"
"chr17_64800430_67858770","region","h2","GWAS1",NA,0.000870049993721131,NA,NA,NA,NA,"Joint HESS uncertainty requires valid regional genetic and total residual parameters","gcorr_genome"
"chr17_67858770_69387817","region","h2","GWAS1",NA,0.000157532734033775,NA,NA,NA,NA,"Joint HESS uncertainty requires valid regional genetic and total residual parameters","gcorr_genome"
"chr17_69387817_72672203","region","h2","GWAS1",NA,0.000147379096002201,NA,NA,NA,NA,"Joint HESS uncertainty requires valid regional genetic and total residual parameters","gcorr_genome"
"chr17_72672203_74375560","region","h2","GWAS1",NA,0.000384443044491867,NA,NA,NA,NA,"Joint HESS uncertainty requires valid regional genetic and total residual parameters","gcorr_genome"
"chr17_7317398_8306425","region","h2","GWAS1",NA,0.00040793067165009,NA,NA,NA,NA,"Joint HESS uncertainty requires valid regional genetic and total residual parameters","gcorr_genome"
"chr17_74375560_76263413","region","h2","GWAS1",NA,0.000113059911377304,NA,NA,NA,NA,"Joint HESS uncertainty requires valid regional genetic and total residual parameters","gcorr_genome"
"chr17_76263413_77298636","region","h2","GWAS1",NA,0.000369127771981092,NA,NA,NA,NA,"Joint HESS uncertainty requires valid regional genetic and total residual parameters","gcorr_genome"
"chr17_77298636_78837588","region","h2","GWAS1",NA,0.000394812684768958,NA,NA,NA,NA,"Joint HESS uncertainty requires valid regional genetic and total residual parameters","gcorr_genome"
"chr17_78837588_80034408","region","h2","GWAS1",NA,0.000242180609777842,NA,NA,NA,NA,"Joint HESS uncertainty requires valid regional genetic and total residual parameters","gcorr_genome"
"chr17_80034408_81194908","region","h2","GWAS1",NA,0.000142710377948069,NA,NA,NA,NA,"Joint HESS uncertainty requires valid regional genetic and total residual parameters","gcorr_genome"
"chr17_8306425_9965921","region","h2","GWAS1",NA,0.000504682893447549,NA,NA,NA,NA,"Joint HESS uncertainty requires valid regional genetic and total residual parameters","gcorr_genome"
"chr17_9965921_11102815","region","h2","GWAS1",NA,0.000405428743781455,NA,NA,NA,NA,"Joint HESS uncertainty requires valid regional genetic and total residual parameters","gcorr_genome"
"chr18_10644_912486","region","h2","GWAS1",NA,0.000112601711904326,NA,NA,NA,NA,"Joint HESS uncertainty requires valid regional genetic and total residual parameters","gcorr_genome"
"chr18_11075913_11905440","region","h2","GWAS1",NA,0.0002600811305189,NA,NA,NA,NA,"Joint HESS uncertainty requires valid regional genetic and total residual parameters","gcorr_genome"
"chr18_11905440_14440799","region","h2","GWAS1",NA,0.00028239195989948,NA,NA,NA,NA,"Joint HESS uncertainty requires valid regional genetic and total residual parameters","gcorr_genome"
"chr18_14440799_19485844","region","h2","GWAS1",NA,0.000406703904450055,NA,NA,NA,NA,"Joint HESS uncertainty requires valid regional genetic and total residual parameters","gcorr_genome"
"chr18_1942911_3891658","region","h2","GWAS1",NA,0.000108418513679693,NA,NA,NA,NA,"Joint HESS uncertainty requires valid regional genetic and total residual parameters","gcorr_genome"
"chr18_19485844_20649472","region","h2","GWAS1",NA,0.000500958507080031,NA,NA,NA,NA,"Joint HESS uncertainty requires valid regional genetic and total residual parameters","gcorr_genome"
"chr18_20649472_22996651","region","h2","GWAS1",NA,0.000348235259926479,NA,NA,NA,NA,"Joint HESS uncertainty requires valid regional genetic and total residual parameters","gcorr_genome"
"chr18_22996651_24026191","region","h2","GWAS1",NA,0.000338371596207857,NA,NA,NA,NA,"Joint HESS uncertainty requires valid regional genetic and total residual parameters","gcorr_genome"
"chr18_24026191_25927682","region","h2","GWAS1",NA,0.00035747443530337,NA,NA,NA,NA,"Joint HESS uncertainty requires valid regional genetic and total residual parameters","gcorr_genome"
"chr18_25927682_26875587","region","h2","GWAS1",NA,0.000140267415091099,NA,NA,NA,NA,"Joint HESS uncertainty requires valid regional genetic and total residual parameters","gcorr_genome"
"chr18_26875587_27866478","region","h2","GWAS1",NA,0.000340904794905982,NA,NA,NA,NA,"Joint HESS uncertainty requires valid regional genetic and total residual parameters","gcorr_genome"
"chr18_27866478_30264066","region","h2","GWAS1",NA,0.000412620981966327,NA,NA,NA,NA,"Joint HESS uncertainty requires valid regional genetic and total residual parameters","gcorr_genome"
"chr18_30264066_31780067","region","h2","GWAS1",NA,0.000744670799496383,NA,NA,NA,NA,"Joint HESS uncertainty requires valid regional genetic and total residual parameters","gcorr_genome"
"chr18_31780067_33861964","region","h2","GWAS1",NA,0.000360081300223519,NA,NA,NA,NA,"Joint HESS uncertainty requires valid regional genetic and total residual parameters","gcorr_genome"
"chr18_33861964_35075250","region","h2","GWAS1",NA,0.000233316922316398,NA,NA,NA,NA,"Joint HESS uncertainty requires valid regional genetic and total residual parameters","gcorr_genome"
"chr18_35075250_36365490","region","h2","GWAS1",NA,0.000521115446671635,NA,NA,NA,NA,"Joint HESS uncertainty requires valid regional genetic and total residual parameters","gcorr_genome"
"chr18_36365490_37684367","region","h2","GWAS1",NA,0.000579710397344583,NA,NA,NA,NA,"Joint HESS uncertainty requires valid regional genetic and total residual parameters","gcorr_genome"
"chr18_37684367_39892648","region","h2","GWAS1",NA,0.000358368115176788,NA,NA,NA,NA,"Joint HESS uncertainty requires valid regional genetic and total residual parameters","gcorr_genome"
"chr18_3891658_5834180","region","h2","GWAS1",NA,0.000223186767402696,NA,NA,NA,NA,"Joint HESS uncertainty requires valid regional genetic and total residual parameters","gcorr_genome"
"chr18_39892648_42922106","region","h2","GWAS1",NA,0.00065893400672282,NA,NA,NA,NA,"Joint HESS uncertainty requires valid regional genetic and total residual parameters","gcorr_genome"
"chr18_42922106_44299246","region","h2","GWAS1",NA,0.000343019480990562,NA,NA,NA,NA,"Joint HESS uncertainty requires valid regional genetic and total residual parameters","gcorr_genome"
"chr18_44299246_45939732","region","h2","GWAS1",NA,0.000192719838140141,NA,NA,NA,NA,"Joint HESS uncertainty requires valid regional genetic and total residual parameters","gcorr_genome"
"chr18_45939732_47730584","region","h2","GWAS1",NA,0.000491786523091865,NA,NA,NA,NA,"Joint HESS uncertainty requires valid regional genetic and total residual parameters","gcorr_genome"
"chr18_47730584_51062185","region","h2","GWAS1",NA,0.000286676646709248,NA,NA,NA,NA,"Joint HESS uncertainty requires valid regional genetic and total residual parameters","gcorr_genome"
"chr18_51062185_51554175","region","h2","GWAS1",NA,0.000344978978463003,NA,NA,NA,NA,"Joint HESS uncertainty requires valid regional genetic and total residual parameters","gcorr_genome"
"chr18_51554175_55213838","region","h2","GWAS1",NA,0.000818631184337109,NA,NA,NA,NA,"Joint HESS uncertainty requires valid regional genetic and total residual parameters","gcorr_genome"
"chr18_55213838_56530220","region","h2","GWAS1",NA,0.000418609963574856,NA,NA,NA,NA,"Joint HESS uncertainty requires valid regional genetic and total residual parameters","gcorr_genome"
"chr18_56530220_57630483","region","h2","GWAS1",NA,0.000310638131798813,NA,NA,NA,NA,"Joint HESS uncertainty requires valid regional genetic and total residual parameters","gcorr_genome"
"chr18_57630483_59020751","region","h2","GWAS1",NA,0.00149339055308634,NA,NA,NA,NA,"Joint HESS uncertainty requires valid regional genetic and total residual parameters","gcorr_genome"
"chr18_5834180_7090485","region","h2","GWAS1",NA,0.000139884239407791,NA,NA,NA,NA,"Joint HESS uncertainty requires valid regional genetic and total residual parameters","gcorr_genome"
"chr18_59020751_60277715","region","h2","GWAS1",NA,0.000274031916081859,NA,NA,NA,NA,"Joint HESS uncertainty requires valid regional genetic and total residual parameters","gcorr_genome"
"chr18_60277715_61820252","region","h2","GWAS1",NA,0.000305301148226156,NA,NA,NA,NA,"Joint HESS uncertainty requires valid regional genetic and total residual parameters","gcorr_genome"
"chr18_61820252_63463402","region","h2","GWAS1",NA,0.000405951494882572,NA,NA,NA,NA,"Joint HESS uncertainty requires valid regional genetic and total residual parameters","gcorr_genome"
"chr18_63463402_64252801","region","h2","GWAS1",NA,0.00046514794351546,NA,NA,NA,NA,"Joint HESS uncertainty requires valid regional genetic and total residual parameters","gcorr_genome"
"chr18_64252801_66125817","region","h2","GWAS1",NA,0.000287921261347294,NA,NA,NA,NA,"Joint HESS uncertainty requires valid regional genetic and total residual parameters","gcorr_genome"
"chr18_66125817_67175820","region","h2","GWAS1",NA,2.89340887986049e-05,NA,NA,NA,NA,"Joint HESS uncertainty requires valid regional genetic and total residual parameters","gcorr_genome"
"chr18_67175820_68621179","region","h2","GWAS1",NA,0.000197046870284587,NA,NA,NA,NA,"Joint HESS uncertainty requires valid regional genetic and total residual parameters","gcorr_genome"
"chr18_68621179_69621618","region","h2","GWAS1",NA,0.000266589203763672,NA,NA,NA,NA,"Joint HESS uncertainty requires valid regional genetic and total residual parameters","gcorr_genome"
"chr18_69621618_71038474","region","h2","GWAS1",NA,0.000367519346942742,NA,NA,NA,NA,"Joint HESS uncertainty requires valid regional genetic and total residual parameters","gcorr_genome"
"chr18_7090485_8498931","region","h2","GWAS1",NA,0.000144211390586734,NA,NA,NA,NA,"Joint HESS uncertainty requires valid regional genetic and total residual parameters","gcorr_genome"
"chr18_71038474_71971462","region","h2","GWAS1",NA,0.000283598046116544,NA,NA,NA,NA,"Joint HESS uncertainty requires valid regional genetic and total residual parameters","gcorr_genome"
"chr18_71971462_73526987","region","h2","GWAS1",NA,0.000486780973841937,NA,NA,NA,NA,"Joint HESS uncertainty requires valid regional genetic and total residual parameters","gcorr_genome"
"chr18_73526987_74813815","region","h2","GWAS1",NA,0.000523425802162336,NA,NA,NA,NA,"Joint HESS uncertainty requires valid regional genetic and total residual parameters","gcorr_genome"
"chr18_74813815_75976317","region","h2","GWAS1",NA,0.000229033232631728,NA,NA,NA,NA,"Joint HESS uncertainty requires valid regional genetic and total residual parameters","gcorr_genome"
"chr18_75976317_77149991","region","h2","GWAS1",NA,0.000398200817720756,NA,NA,NA,NA,"Joint HESS uncertainty requires valid regional genetic and total residual parameters","gcorr_genome"
"chr18_77149991_78017158","region","h2","GWAS1",NA,0.000471331165215422,NA,NA,NA,NA,"Joint HESS uncertainty requires valid regional genetic and total residual parameters","gcorr_genome"
"chr18_8498931_11075913","region","h2","GWAS1",NA,2.60943039777364e-05,NA,NA,NA,NA,"Joint HESS uncertainty requires valid regional genetic and total residual parameters","gcorr_genome"
"chr18_912486_1942911","region","h2","GWAS1",NA,0.000557458287390022,NA,NA,NA,NA,"Joint HESS uncertainty requires valid regional genetic and total residual parameters","gcorr_genome"
"chr19_11284028_13471127","region","h2","GWAS1",NA,0.000456271838934901,NA,NA,NA,NA,"Joint HESS uncertainty requires valid regional genetic and total residual parameters","gcorr_genome"
"chr19_13471127_14486347","region","h2","GWAS1",NA,0.000325635880950282,NA,NA,NA,NA,"Joint HESS uncertainty requires valid regional genetic and total residual parameters","gcorr_genome"
"chr19_14486347_15648610","region","h2","GWAS1",NA,0.000167249402926018,NA,NA,NA,NA,"Joint HESS uncertainty requires valid regional genetic and total residual parameters","gcorr_genome"
"chr19_15648610_16374416","region","h2","GWAS1",NA,0.000277284336401862,NA,NA,NA,NA,"Joint HESS uncertainty requires valid regional genetic and total residual parameters","gcorr_genome"
"chr19_16374416_18409862","region","h2","GWAS1",NA,0.000360963248965895,NA,NA,NA,NA,"Joint HESS uncertainty requires valid regional genetic and total residual parameters","gcorr_genome"
"chr19_18409862_19877471","region","h2","GWAS1",NA,0.000759779320491081,NA,NA,NA,NA,"Joint HESS uncertainty requires valid regional genetic and total residual parameters","gcorr_genome"
"chr19_19877471_20905757","region","h2","GWAS1",NA,0.000604071402979024,NA,NA,NA,NA,"Joint HESS uncertainty requires valid regional genetic and total residual parameters","gcorr_genome"
"chr19_20905757_22732896","region","h2","GWAS1",NA,0.000448365129454533,NA,NA,NA,NA,"Joint HESS uncertainty requires valid regional genetic and total residual parameters","gcorr_genome"
"chr19_2098396_3019660","region","h2","GWAS1",NA,0.00041248321459291,NA,NA,NA,NA,"Joint HESS uncertainty requires valid regional genetic and total residual parameters","gcorr_genome"
"chr19_22732896_23467746","region","h2","GWAS1",NA,0.000424234802263882,NA,NA,NA,NA,"Joint HESS uncertainty requires valid regional genetic and total residual parameters","gcorr_genome"
"chr19_23467746_28557893","region","h2","GWAS1",NA,0.00044439495887289,NA,NA,NA,NA,"Joint HESS uncertainty requires valid regional genetic and total residual parameters","gcorr_genome"
"chr19_28557893_29790947","region","h2","GWAS1",NA,0.000215974023853564,NA,NA,NA,NA,"Joint HESS uncertainty requires valid regional genetic and total residual parameters","gcorr_genome"
"chr19_29790947_30727954","region","h2","GWAS1",NA,0.000163652750645023,NA,NA,NA,NA,"Joint HESS uncertainty requires valid regional genetic and total residual parameters","gcorr_genome"
"chr19_3019660_4348967","region","h2","GWAS1",NA,0.000224842896700739,NA,NA,NA,NA,"Joint HESS uncertainty requires valid regional genetic and total residual parameters","gcorr_genome"
"chr19_30727954_32746520","region","h2","GWAS1",NA,0.000429261950900325,NA,NA,NA,NA,"Joint HESS uncertainty requires valid regional genetic and total residual parameters","gcorr_genome"
"chr19_32746520_34262952","region","h2","GWAS1",NA,0.000409571779118068,NA,NA,NA,NA,"Joint HESS uncertainty requires valid regional genetic and total residual parameters","gcorr_genome"
"chr19_34262952_36469295","region","h2","GWAS1",NA,5.94677510752488e-05,NA,NA,NA,NA,"Joint HESS uncertainty requires valid regional genetic and total residual parameters","gcorr_genome"
"chr19_36469295_37527033","region","h2","GWAS1",NA,0.000335716831148396,NA,NA,NA,NA,"Joint HESS uncertainty requires valid regional genetic and total residual parameters","gcorr_genome"
"chr19_37527033_40170619","region","h2","GWAS1",NA,0.000292561360338549,NA,NA,NA,NA,"Joint HESS uncertainty requires valid regional genetic and total residual parameters","gcorr_genome"
"chr19_40170619_40984601","region","h2","GWAS1",NA,0.000167031280749375,NA,NA,NA,NA,"Joint HESS uncertainty requires valid regional genetic and total residual parameters","gcorr_genome"
"chr19_40984601_42131573","region","h2","GWAS1",NA,0.000300374185418329,NA,NA,NA,NA,"Joint HESS uncertainty requires valid regional genetic and total residual parameters","gcorr_genome"
"chr19_42131573_43862455","region","h2","GWAS1",NA,0.000206214793489842,NA,NA,NA,NA,"Joint HESS uncertainty requires valid regional genetic and total residual parameters","gcorr_genome"
"chr19_4348967_5811852","region","h2","GWAS1",NA,0.000336358499872225,NA,NA,NA,NA,"Joint HESS uncertainty requires valid regional genetic and total residual parameters","gcorr_genome"
"chr19_43862455_44744108","region","h2","GWAS1",NA,0.000286660077442054,NA,NA,NA,NA,"Joint HESS uncertainty requires valid regional genetic and total residual parameters","gcorr_genome"
"chr19_44744108_46102697","region","h2","GWAS1",NA,0.000500497092191688,NA,NA,NA,NA,"Joint HESS uncertainty requires valid regional genetic and total residual parameters","gcorr_genome"
"chr19_46102697_47150082","region","h2","GWAS1",NA,0.000668370381966256,NA,NA,NA,NA,"Joint HESS uncertainty requires valid regional genetic and total residual parameters","gcorr_genome"
"chr19_47150082_49282227","region","h2","GWAS1",NA,0.000457070947271873,NA,NA,NA,NA,"Joint HESS uncertainty requires valid regional genetic and total residual parameters","gcorr_genome"
"chr19_49282227_51532567","region","h2","GWAS1",NA,9.96954496545004e-05,NA,NA,NA,NA,"Joint HESS uncertainty requires valid regional genetic and total residual parameters","gcorr_genome"
"chr19_51532567_52985290","region","h2","GWAS1",NA,0.000327944386344424,NA,NA,NA,NA,"Joint HESS uncertainty requires valid regional genetic and total residual parameters","gcorr_genome"
"chr19_52985290_54602362","region","h2","GWAS1",NA,0.000227195999340873,NA,NA,NA,NA,"Joint HESS uncertainty requires valid regional genetic and total residual parameters","gcorr_genome"
"chr19_54602362_55728080","region","h2","GWAS1",NA,0.00022917877646032,NA,NA,NA,NA,"Joint HESS uncertainty requires valid regional genetic and total residual parameters","gcorr_genome"
"chr19_55728080_57521335","region","h2","GWAS1",NA,0.000294373194212252,NA,NA,NA,NA,"Joint HESS uncertainty requires valid regional genetic and total residual parameters","gcorr_genome"
"chr19_57521335_59118839","region","h2","GWAS1",NA,0.000367829019424302,NA,NA,NA,NA,"Joint HESS uncertainty requires valid regional genetic and total residual parameters","gcorr_genome"
"chr19_5811852_6684885","region","h2","GWAS1",NA,0.000216678036116095,NA,NA,NA,NA,"Joint HESS uncertainty requires valid regional genetic and total residual parameters","gcorr_genome"
"chr19_610729_2098396","region","h2","GWAS1",NA,0.000645309094984046,NA,NA,NA,NA,"Joint HESS uncertainty requires valid regional genetic and total residual parameters","gcorr_genome"
"chr19_6684885_8347513","region","h2","GWAS1",NA,0.000365998572791033,NA,NA,NA,NA,"Joint HESS uncertainty requires valid regional genetic and total residual parameters","gcorr_genome"
"chr19_80840_610729","region","h2","GWAS1",NA,0.000344603604421361,NA,NA,NA,NA,"Joint HESS uncertainty requires valid regional genetic and total residual parameters","gcorr_genome"
"chr19_8347513_9238393","region","h2","GWAS1",NA,0.000209639240052706,NA,NA,NA,NA,"Joint HESS uncertainty requires valid regional genetic and total residual parameters","gcorr_genome"
"chr19_9238393_11284028","region","h2","GWAS1",NA,0.000130654186764722,NA,NA,NA,NA,"Joint HESS uncertainty requires valid regional genetic and total residual parameters","gcorr_genome"
"chr1_100826405_102041016","region","h2","GWAS1",NA,0.000267187621691471,NA,NA,NA,NA,"Joint HESS uncertainty requires valid regional genetic and total residual parameters","gcorr_genome"
"chr1_102041016_102898745","region","h2","GWAS1",NA,0.000127616144751084,NA,NA,NA,NA,"Joint HESS uncertainty requires valid regional genetic and total residual parameters","gcorr_genome"
"chr1_102898745_103914211","region","h2","GWAS1",NA,0.000522885897524567,NA,NA,NA,NA,"Joint HESS uncertainty requires valid regional genetic and total residual parameters","gcorr_genome"
"chr1_103914211_106087842","region","h2","GWAS1",NA,0.000214157848225693,NA,NA,NA,NA,"Joint HESS uncertainty requires valid regional genetic and total residual parameters","gcorr_genome"
"chr1_10583_1892607","region","h2","GWAS1",NA,0.00037681221303824,NA,NA,NA,NA,"Joint HESS uncertainty requires valid regional genetic and total residual parameters","gcorr_genome"
"chr1_106087842_108409665","region","h2","GWAS1",NA,0.000305749147804895,NA,NA,NA,NA,"Joint HESS uncertainty requires valid regional genetic and total residual parameters","gcorr_genome"
"chr1_10806984_11777841","region","h2","GWAS1",NA,0.000383780249642171,NA,NA,NA,NA,"Joint HESS uncertainty requires valid regional genetic and total residual parameters","gcorr_genome"
"chr1_108409665_110303931","region","h2","GWAS1",NA,0.000445324805197835,NA,NA,NA,NA,"Joint HESS uncertainty requires valid regional genetic and total residual parameters","gcorr_genome"
"chr1_110303931_111741737","region","h2","GWAS1",NA,0.000346746964958922,NA,NA,NA,NA,"Joint HESS uncertainty requires valid regional genetic and total residual parameters","gcorr_genome"
"chr1_111741737_113273306","region","h2","GWAS1",NA,0.000410794362928625,NA,NA,NA,NA,"Joint HESS uncertainty requires valid regional genetic and total residual parameters","gcorr_genome"
"chr1_113273306_114873845","region","h2","GWAS1",NA,0.000340082052475605,NA,NA,NA,NA,"Joint HESS uncertainty requires valid regional genetic and total residual parameters","gcorr_genome"
"chr1_114873845_115880593","region","h2","GWAS1",NA,0.000732357413955119,NA,NA,NA,NA,"Joint HESS uncertainty requires valid regional genetic and total residual parameters","gcorr_genome"
"chr1_115880593_118839067","region","h2","GWAS1",NA,0.000342671745127698,NA,NA,NA,NA,"Joint HESS uncertainty requires valid regional genetic and total residual parameters","gcorr_genome"
"chr1_11777841_12779466","region","h2","GWAS1",NA,0.000175715527015748,NA,NA,NA,NA,"Joint HESS uncertainty requires valid regional genetic and total residual parameters","gcorr_genome"
"chr1_118839067_144977494","region","h2","GWAS1",NA,0.00066149319702751,NA,NA,NA,NA,"Joint HESS uncertainty requires valid regional genetic and total residual parameters","gcorr_genome"
"chr1_12779466_14891511","region","h2","GWAS1",NA,0.000348074054720511,NA,NA,NA,NA,"Joint HESS uncertainty requires valid regional genetic and total residual parameters","gcorr_genome"
"chr1_144977494_148361253","region","h2","GWAS1",NA,0.000151327259824929,NA,NA,NA,NA,"Joint HESS uncertainty requires valid regional genetic and total residual parameters","gcorr_genome"
"chr1_148361253_151538881","region","h2","GWAS1",NA,0.00109852029404288,NA,NA,NA,NA,"Joint HESS uncertainty requires valid regional genetic and total residual parameters","gcorr_genome"
"chr1_14891511_16897730","region","h2","GWAS1",NA,0.000514848303311654,NA,NA,NA,NA,"Joint HESS uncertainty requires valid regional genetic and total residual parameters","gcorr_genome"
"chr1_151538881_153180829","region","h2","GWAS1",NA,0.000232294015378655,NA,NA,NA,NA,"Joint HESS uncertainty requires valid regional genetic and total residual parameters","gcorr_genome"
"chr1_153180829_154770403","region","h2","GWAS1",NA,0.000369931205579056,NA,NA,NA,NA,"Joint HESS uncertainty requires valid regional genetic and total residual parameters","gcorr_genome"
"chr1_154770403_156336133","region","h2","GWAS1",NA,0.000750066615091773,NA,NA,NA,NA,"Joint HESS uncertainty requires valid regional genetic and total residual parameters","gcorr_genome"
"chr1_156336133_158027412","region","h2","GWAS1",NA,0.000454936436251129,NA,NA,NA,NA,"Joint HESS uncertainty requires valid regional genetic and total residual parameters","gcorr_genome"
"chr1_158027412_159913048","region","h2","GWAS1",NA,0.000166125364359454,NA,NA,NA,NA,"Joint HESS uncertainty requires valid regional genetic and total residual parameters","gcorr_genome"
"chr1_159913048_162346721","region","h2","GWAS1",NA,0.000243384449360115,NA,NA,NA,NA,"Joint HESS uncertainty requires valid regional genetic and total residual parameters","gcorr_genome"
"chr1_162346721_165191702","region","h2","GWAS1",NA,0.000153818419114453,NA,NA,NA,NA,"Joint HESS uncertainty requires valid regional genetic and total residual parameters","gcorr_genome"
"chr1_165191702_166460517","region","h2","GWAS1",NA,0.000425113268098347,NA,NA,NA,NA,"Joint HESS uncertainty requires valid regional genetic and total residual parameters","gcorr_genome"
"chr1_166460517_169086324","region","h2","GWAS1",NA,0.000199803663515333,NA,NA,NA,NA,"Joint HESS uncertainty requires valid regional genetic and total residual parameters","gcorr_genome"
"chr1_16897730_18662899","region","h2","GWAS1",NA,0.000258084584460121,NA,NA,NA,NA,"Joint HESS uncertainty requires valid regional genetic and total residual parameters","gcorr_genome"
"chr1_169086324_170557776","region","h2","GWAS1",NA,7.29123536905915e-05,NA,NA,NA,NA,"Joint HESS uncertainty requires valid regional genetic and total residual parameters","gcorr_genome"
"chr1_170557776_173097907","region","h2","GWAS1",NA,0.000297149431406716,NA,NA,NA,NA,"Joint HESS uncertainty requires valid regional genetic and total residual parameters","gcorr_genome"
"chr1_173097907_175089768","region","h2","GWAS1",NA,0.000331829646146773,NA,NA,NA,NA,"Joint HESS uncertainty requires valid regional genetic and total residual parameters","gcorr_genome"
"chr1_175089768_177433381","region","h2","GWAS1",NA,0.000399259848592003,NA,NA,NA,NA,"Joint HESS uncertainty requires valid regional genetic and total residual parameters","gcorr_genome"
"chr1_177433381_178944309","region","h2","GWAS1",NA,0.000960812209708536,NA,NA,NA,NA,"Joint HESS uncertainty requires valid regional genetic and total residual parameters","gcorr_genome"
"chr1_178944309_178954470","region","h2","GWAS1",NA,8.43700494795581e-05,NA,NA,NA,NA,"Joint HESS uncertainty requires valid regional genetic and total residual parameters","gcorr_genome"
"chr1_178954470_181144121","region","h2","GWAS1",NA,0.000508809330273037,NA,NA,NA,NA,"Joint HESS uncertainty requires valid regional genetic and total residual parameters","gcorr_genome"
"chr1_181144121_182755356","region","h2","GWAS1",NA,0.000207708339024021,NA,NA,NA,NA,"Joint HESS uncertainty requires valid regional genetic and total residual parameters","gcorr_genome"
"chr1_182755356_184595513","region","h2","GWAS1",NA,0.000180210023626323,NA,NA,NA,NA,"Joint HESS uncertainty requires valid regional genetic and total residual parameters","gcorr_genome"
"chr1_184595513_186810023","region","h2","GWAS1",NA,7.82514088288853e-05,NA,NA,NA,NA,"Joint HESS uncertainty requires valid regional genetic and total residual parameters","gcorr_genome"
"chr1_18662899_20469149","region","h2","GWAS1",NA,0.000166279964745227,NA,NA,NA,NA,"Joint HESS uncertainty requires valid regional genetic and total residual parameters","gcorr_genome"
"chr1_186810023_188759945","region","h2","GWAS1",NA,0.000399333572436266,NA,NA,NA,NA,"Joint HESS uncertainty requires valid regional genetic and total residual parameters","gcorr_genome"
"chr1_188759945_189904130","region","h2","GWAS1",NA,0.000323092196212248,NA,NA,NA,NA,"Joint HESS uncertainty requires valid regional genetic and total residual parameters","gcorr_genome"
"chr1_1892607_3582736","region","h2","GWAS1",NA,0.000197674762262149,NA,NA,NA,NA,"Joint HESS uncertainty requires valid regional genetic and total residual parameters","gcorr_genome"
"chr1_189904130_191868930","region","h2","GWAS1",NA,0.000601593714402482,NA,NA,NA,NA,"Joint HESS uncertainty requires valid regional genetic and total residual parameters","gcorr_genome"
"chr1_191868930_194107442","region","h2","GWAS1",NA,0.000328481251367708,NA,NA,NA,NA,"Joint HESS uncertainty requires valid regional genetic and total residual parameters","gcorr_genome"
"chr1_194107442_196176201","region","h2","GWAS1",NA,0.000313465581530012,NA,NA,NA,NA,"Joint HESS uncertainty requires valid regional genetic and total residual parameters","gcorr_genome"
"chr1_196176201_197311514","region","h2","GWAS1",NA,0.000187483412396758,NA,NA,NA,NA,"Joint HESS uncertainty requires valid regional genetic and total residual parameters","gcorr_genome"
"chr1_197311514_199239884","region","h2","GWAS1",NA,0.000163140128306883,NA,NA,NA,NA,"Joint HESS uncertainty requires valid regional genetic and total residual parameters","gcorr_genome"
"chr1_199239884_200137649","region","h2","GWAS1",NA,0.000627744677257716,NA,NA,NA,NA,"Joint HESS uncertainty requires valid regional genetic and total residual parameters","gcorr_genome"
"chr1_200137649_201589975","region","h2","GWAS1",NA,0.00020099476903764,NA,NA,NA,NA,"Joint HESS uncertainty requires valid regional genetic and total residual parameters","gcorr_genome"
"chr1_201589975_203334734","region","h2","GWAS1",NA,0.000562983877467519,NA,NA,NA,NA,"Joint HESS uncertainty requires valid regional genetic and total residual parameters","gcorr_genome"
"chr1_203334734_204681068","region","h2","GWAS1",NA,0.000514842415408128,NA,NA,NA,NA,"Joint HESS uncertainty requires valid regional genetic and total residual parameters","gcorr_genome"
"chr1_204681068_206073265","region","h2","GWAS1",NA,0.000719743125890077,NA,NA,NA,NA,"Joint HESS uncertainty requires valid regional genetic and total residual parameters","gcorr_genome"
"chr1_20469149_21736588","region","h2","GWAS1",NA,0.000540852557837544,NA,NA,NA,NA,"Joint HESS uncertainty requires valid regional genetic and total residual parameters","gcorr_genome"
"chr1_206073265_208410364","region","h2","GWAS1",NA,0.000506954443515526,NA,NA,NA,NA,"Joint HESS uncertainty requires valid regional genetic and total residual parameters","gcorr_genome"
"chr1_208410364_210787750","region","h2","GWAS1",NA,0.00019663151821088,NA,NA,NA,NA,"Joint HESS uncertainty requires valid regional genetic and total residual parameters","gcorr_genome"
"chr1_210787750_212842330","region","h2","GWAS1",NA,0.000344820713316448,NA,NA,NA,NA,"Joint HESS uncertainty requires valid regional genetic and total residual parameters","gcorr_genome"
"chr1_212842330_214578266","region","h2","GWAS1",NA,0.00102293381882967,NA,NA,NA,NA,"Joint HESS uncertainty requires valid regional genetic and total residual parameters","gcorr_genome"
"chr1_214578266_216243634","region","h2","GWAS1",NA,0.000720427167335686,NA,NA,NA,NA,"Joint HESS uncertainty requires valid regional genetic and total residual parameters","gcorr_genome"
"chr1_216243634_218705513","region","h2","GWAS1",NA,0.000286890910519672,NA,NA,NA,NA,"Joint HESS uncertainty requires valid regional genetic and total residual parameters","gcorr_genome"
"chr1_21736588_23086883","region","h2","GWAS1",NA,0.000441070563498003,NA,NA,NA,NA,"Joint HESS uncertainty requires valid regional genetic and total residual parameters","gcorr_genome"
"chr1_218705513_219590571","region","h2","GWAS1",NA,0.000566759600777883,NA,NA,NA,NA,"Joint HESS uncertainty requires valid regional genetic and total residual parameters","gcorr_genome"
"chr1_219590571_221858231","region","h2","GWAS1",NA,0.00117330863631186,NA,NA,NA,NA,"Joint HESS uncertainty requires valid regional genetic and total residual parameters","gcorr_genome"
"chr1_221858231_222230220","region","h2","GWAS1",NA,0.000344813583995721,NA,NA,NA,NA,"Joint HESS uncertainty requires valid regional genetic and total residual parameters","gcorr_genome"
"chr1_222230220_224938520","region","h2","GWAS1",NA,0.000220081572147122,NA,NA,NA,NA,"Joint HESS uncertainty requires valid regional genetic and total residual parameters","gcorr_genome"
"chr1_224938520_226810860","region","h2","GWAS1",NA,0.000422598369548196,NA,NA,NA,NA,"Joint HESS uncertainty requires valid regional genetic and total residual parameters","gcorr_genome"
"chr1_226810860_229156248","region","h2","GWAS1",NA,0.000363227517383666,NA,NA,NA,NA,"Joint HESS uncertainty requires valid regional genetic and total residual parameters","gcorr_genome"
"chr1_229156248_230685255","region","h2","GWAS1",NA,0.000455478467490526,NA,NA,NA,NA,"Joint HESS uncertainty requires valid regional genetic and total residual parameters","gcorr_genome"
"chr1_230685255_232090252","region","h2","GWAS1",NA,0.000281032324321293,NA,NA,NA,NA,"Joint HESS uncertainty requires valid regional genetic and total residual parameters","gcorr_genome"
"chr1_23086883_23920590","region","h2","GWAS1",NA,0.000303156367690074,NA,NA,NA,NA,"Joint HESS uncertainty requires valid regional genetic and total residual parameters","gcorr_genome"
"chr1_232090252_233429284","region","h2","GWAS1",NA,0.000133438688272167,NA,NA,NA,NA,"Joint HESS uncertainty requires valid regional genetic and total residual parameters","gcorr_genome"
"chr1_233429284_234599434","region","h2","GWAS1",NA,5.78042301700383e-05,NA,NA,NA,NA,"Joint HESS uncertainty requires valid regional genetic and total residual parameters","gcorr_genome"
"chr1_234599434_235819436","region","h2","GWAS1",NA,0.000616925191007683,NA,NA,NA,NA,"Joint HESS uncertainty requires valid regional genetic and total residual parameters","gcorr_genome"
"chr1_235819436_237555628","region","h2","GWAS1",NA,0.000387075012718332,NA,NA,NA,NA,"Joint HESS uncertainty requires valid regional genetic and total residual parameters","gcorr_genome"
"chr1_237555628_238567807","region","h2","GWAS1",NA,0.000248133220393001,NA,NA,NA,NA,"Joint HESS uncertainty requires valid regional genetic and total residual parameters","gcorr_genome"
"chr1_238567807_239925314","region","h2","GWAS1",NA,0.000242484515746609,NA,NA,NA,NA,"Joint HESS uncertainty requires valid regional genetic and total residual parameters","gcorr_genome"
"chr1_23920590_25516845","region","h2","GWAS1",NA,0.000343644089278013,NA,NA,NA,NA,"Joint HESS uncertainty requires valid regional genetic and total residual parameters","gcorr_genome"
"chr1_239925314_240564091","region","h2","GWAS1",NA,0.000251850301497125,NA,NA,NA,NA,"Joint HESS uncertainty requires valid regional genetic and total residual parameters","gcorr_genome"
"chr1_240564091_241582220","region","h2","GWAS1",NA,0.000282852428397698,NA,NA,NA,NA,"Joint HESS uncertainty requires valid regional genetic and total residual parameters","gcorr_genome"
"chr1_241582220_242071602","region","h2","GWAS1",NA,0.000423032621629416,NA,NA,NA,NA,"Joint HESS uncertainty requires valid regional genetic and total residual parameters","gcorr_genome"
"chr1_242071602_244109499","region","h2","GWAS1",NA,0.000279994084900281,NA,NA,NA,NA,"Joint HESS uncertainty requires valid regional genetic and total residual parameters","gcorr_genome"
"chr1_244109499_245506746","region","h2","GWAS1",NA,0.00010398042960951,NA,NA,NA,NA,"Joint HESS uncertainty requires valid regional genetic and total residual parameters","gcorr_genome"
"chr1_245506746_247344518","region","h2","GWAS1",NA,0.000178319172835279,NA,NA,NA,NA,"Joint HESS uncertainty requires valid regional genetic and total residual parameters","gcorr_genome"
"chr1_247344518_249239466","region","h2","GWAS1",NA,0.000135712628826377,NA,NA,NA,NA,"Joint HESS uncertainty requires valid regional genetic and total residual parameters","gcorr_genome"
"chr1_25516845_27401867","region","h2","GWAS1",NA,0.000848388915286533,NA,NA,NA,NA,"Joint HESS uncertainty requires valid regional genetic and total residual parameters","gcorr_genome"
"chr1_27401867_30161881","region","h2","GWAS1",NA,0.000471904231095734,NA,NA,NA,NA,"Joint HESS uncertainty requires valid regional genetic and total residual parameters","gcorr_genome"
"chr1_30161881_32438685","region","h2","GWAS1",NA,0.000486745085098388,NA,NA,NA,NA,"Joint HESS uncertainty requires valid regional genetic and total residual parameters","gcorr_genome"
"chr1_32438685_34799758","region","h2","GWAS1",NA,0.000538614771250118,NA,NA,NA,NA,"Joint HESS uncertainty requires valid regional genetic and total residual parameters","gcorr_genome"
"chr1_34799758_37549183","region","h2","GWAS1",NA,0.000461991230385037,NA,NA,NA,NA,"Joint HESS uncertainty requires valid regional genetic and total residual parameters","gcorr_genome"
"chr1_3582736_4380811","region","h2","GWAS1",NA,0.000305159503979757,NA,NA,NA,NA,"Joint HESS uncertainty requires valid regional genetic and total residual parameters","gcorr_genome"
"chr1_37549183_38731847","region","h2","GWAS1",NA,0.000122390535701982,NA,NA,NA,NA,"Joint HESS uncertainty requires valid regional genetic and total residual parameters","gcorr_genome"
"chr1_38731847_40200567","region","h2","GWAS1",NA,0.00150386515420892,NA,NA,NA,NA,"Joint HESS uncertainty requires valid regional genetic and total residual parameters","gcorr_genome"
"chr1_40200567_41975327","region","h2","GWAS1",NA,0.000129790440322306,NA,NA,NA,NA,"Joint HESS uncertainty requires valid regional genetic and total residual parameters","gcorr_genome"
"chr1_41975327_43758457","region","h2","GWAS1",NA,0.000249394902596065,NA,NA,NA,NA,"Joint HESS uncertainty requires valid regional genetic and total residual parameters","gcorr_genome"
"chr1_43758457_44969183","region","h2","GWAS1",NA,0.000208871195142761,NA,NA,NA,NA,"Joint HESS uncertainty requires valid regional genetic and total residual parameters","gcorr_genome"
"chr1_4380811_5913893","region","h2","GWAS1",NA,0.000170627097221722,NA,NA,NA,NA,"Joint HESS uncertainty requires valid regional genetic and total residual parameters","gcorr_genome"
"chr1_44969183_46899501","region","h2","GWAS1",NA,0.000486222843636142,NA,NA,NA,NA,"Joint HESS uncertainty requires valid regional genetic and total residual parameters","gcorr_genome"
"chr1_46899501_48002576","region","h2","GWAS1",NA,0.000286657508376606,NA,NA,NA,NA,"Joint HESS uncertainty requires valid regional genetic and total residual parameters","gcorr_genome"
"chr1_48002576_48978188","region","h2","GWAS1",NA,0.000429400485489289,NA,NA,NA,NA,"Joint HESS uncertainty requires valid regional genetic and total residual parameters","gcorr_genome"
"chr1_48978188_49894177","region","h2","GWAS1",NA,0.000357960271514113,NA,NA,NA,NA,"Joint HESS uncertainty requires valid regional genetic and total residual parameters","gcorr_genome"
"chr1_49894177_51713726","region","h2","GWAS1",NA,0.000651286083576922,NA,NA,NA,NA,"Joint HESS uncertainty requires valid regional genetic and total residual parameters","gcorr_genome"
"chr1_51713726_54226262","region","h2","GWAS1",NA,0.000537135973993255,NA,NA,NA,NA,"Joint HESS uncertainty requires valid regional genetic and total residual parameters","gcorr_genome"
"chr1_54226262_56413117","region","h2","GWAS1",NA,0.000137516771628716,NA,NA,NA,NA,"Joint HESS uncertainty requires valid regional genetic and total residual parameters","gcorr_genome"
"chr1_56413117_57021728","region","h2","GWAS1",NA,0.000379100204654782,NA,NA,NA,NA,"Joint HESS uncertainty requires valid regional genetic and total residual parameters","gcorr_genome"
"chr1_57021728_58865399","region","h2","GWAS1",NA,0.000398389758979667,NA,NA,NA,NA,"Joint HESS uncertainty requires valid regional genetic and total residual parameters","gcorr_genome"
"chr1_58865399_59890409","region","h2","GWAS1",NA,0.000196214872876646,NA,NA,NA,NA,"Joint HESS uncertainty requires valid regional genetic and total residual parameters","gcorr_genome"
"chr1_5913893_7247335","region","h2","GWAS1",NA,0.000327543533237945,NA,NA,NA,NA,"Joint HESS uncertainty requires valid regional genetic and total residual parameters","gcorr_genome"
"chr1_59890409_61922365","region","h2","GWAS1",NA,0.000187830192262713,NA,NA,NA,NA,"Joint HESS uncertainty requires valid regional genetic and total residual parameters","gcorr_genome"
"chr1_61922365_63455089","region","h2","GWAS1",NA,0.000275866492948674,NA,NA,NA,NA,"Joint HESS uncertainty requires valid regional genetic and total residual parameters","gcorr_genome"
"chr1_63455089_65041704","region","h2","GWAS1",NA,0.00077076768858997,NA,NA,NA,NA,"Joint HESS uncertainty requires valid regional genetic and total residual parameters","gcorr_genome"
"chr1_65041704_66939404","region","h2","GWAS1",NA,0.000478099506982315,NA,NA,NA,NA,"Joint HESS uncertainty requires valid regional genetic and total residual parameters","gcorr_genome"
"chr1_66939404_68477895","region","h2","GWAS1",NA,0.000585373319152429,NA,NA,NA,NA,"Joint HESS uncertainty requires valid regional genetic and total residual parameters","gcorr_genome"
"chr1_68477895_69687616","region","h2","GWAS1",NA,0.000247216199738197,NA,NA,NA,NA,"Joint HESS uncertainty requires valid regional genetic and total residual parameters","gcorr_genome"
"chr1_69687616_71372470","region","h2","GWAS1",NA,0.000333288072942646,NA,NA,NA,NA,"Joint HESS uncertainty requires valid regional genetic and total residual parameters","gcorr_genome"
"chr1_71372470_71684405","region","h2","GWAS1",NA,0.000845761656006058,NA,NA,NA,NA,"Joint HESS uncertainty requires valid regional genetic and total residual parameters","gcorr_genome"
"chr1_71684405_74326907","region","h2","GWAS1",NA,0.000668735112213908,NA,NA,NA,NA,"Joint HESS uncertainty requires valid regional genetic and total residual parameters","gcorr_genome"
"chr1_7247335_9365199","region","h2","GWAS1",NA,0.000261840799407547,NA,NA,NA,NA,"Joint HESS uncertainty requires valid regional genetic and total residual parameters","gcorr_genome"
"chr1_74326907_76728135","region","h2","GWAS1",NA,0.000433093783868503,NA,NA,NA,NA,"Joint HESS uncertainty requires valid regional genetic and total residual parameters","gcorr_genome"
"chr1_76728135_79661198","region","h2","GWAS1",NA,0.00056516092966114,NA,NA,NA,NA,"Joint HESS uncertainty requires valid regional genetic and total residual parameters","gcorr_genome"
"chr1_79661198_81354191","region","h2","GWAS1",NA,0.000120275100384502,NA,NA,NA,NA,"Joint HESS uncertainty requires valid regional genetic and total residual parameters","gcorr_genome"
"chr1_81354191_83991748","region","h2","GWAS1",NA,0.000497073868534652,NA,NA,NA,NA,"Joint HESS uncertainty requires valid regional genetic and total residual parameters","gcorr_genome"
"chr1_83991748_84844495","region","h2","GWAS1",NA,0.000167325578467812,NA,NA,NA,NA,"Joint HESS uncertainty requires valid regional genetic and total residual parameters","gcorr_genome"
"chr1_84844495_86454751","region","h2","GWAS1",NA,0.000307826818650656,NA,NA,NA,NA,"Joint HESS uncertainty requires valid regional genetic and total residual parameters","gcorr_genome"
"chr1_86454751_88128631","region","h2","GWAS1",NA,0.000306412433144352,NA,NA,NA,NA,"Joint HESS uncertainty requires valid regional genetic and total residual parameters","gcorr_genome"
"chr1_88128631_90066303","region","h2","GWAS1",NA,0.000415380813489131,NA,NA,NA,NA,"Joint HESS uncertainty requires valid regional genetic and total residual parameters","gcorr_genome"
"chr1_90066303_91886317","region","h2","GWAS1",NA,0.00024929810222147,NA,NA,NA,NA,"Joint HESS uncertainty requires valid regional genetic and total residual parameters","gcorr_genome"
"chr1_91886317_93536459","region","h2","GWAS1",NA,0.000822118289373208,NA,NA,NA,NA,"Joint HESS uncertainty requires valid regional genetic and total residual parameters","gcorr_genome"
"chr1_93536459_94506191","region","h2","GWAS1",NA,0.000191409427843314,NA,NA,NA,NA,"Joint HESS uncertainty requires valid regional genetic and total residual parameters","gcorr_genome"
"chr1_9365199_10806984","region","h2","GWAS1",NA,0.000364123166437881,NA,NA,NA,NA,"Joint HESS uncertainty requires valid regional genetic and total residual parameters","gcorr_genome"
"chr1_94506191_96150893","region","h2","GWAS1",NA,0.00025179000338219,NA,NA,NA,NA,"Joint HESS uncertainty requires valid regional genetic and total residual parameters","gcorr_genome"
"chr1_96150893_97885249","region","h2","GWAS1",NA,0.000276206320000757,NA,NA,NA,NA,"Joint HESS uncertainty requires valid regional genetic and total residual parameters","gcorr_genome"
"chr1_97885249_99800604","region","h2","GWAS1",NA,0.000438381166804311,NA,NA,NA,NA,"Joint HESS uncertainty requires valid regional genetic and total residual parameters","gcorr_genome"
"chr1_99800604_100826405","region","h2","GWAS1",NA,0.00051644624791448,NA,NA,NA,NA,"Joint HESS uncertainty requires valid regional genetic and total residual parameters","gcorr_genome"
"chr20_11249536_12447499","region","h2","GWAS1",NA,0.000334643823961645,NA,NA,NA,NA,"Joint HESS uncertainty requires valid regional genetic and total residual parameters","gcorr_genome"
"chr20_12447499_13689864","region","h2","GWAS1",NA,0.000345769601040092,NA,NA,NA,NA,"Joint HESS uncertainty requires valid regional genetic and total residual parameters","gcorr_genome"
"chr20_13689864_15958359","region","h2","GWAS1",NA,0.000141572752976218,NA,NA,NA,NA,"Joint HESS uncertainty requires valid regional genetic and total residual parameters","gcorr_genome"
"chr20_15958359_17487232","region","h2","GWAS1",NA,0.000218852766236222,NA,NA,NA,NA,"Joint HESS uncertainty requires valid regional genetic and total residual parameters","gcorr_genome"
"chr20_17487232_18972203","region","h2","GWAS1",NA,0.000298842572642707,NA,NA,NA,NA,"Joint HESS uncertainty requires valid regional genetic and total residual parameters","gcorr_genome"
"chr20_18972203_20959710","region","h2","GWAS1",NA,0.0002580368718555,NA,NA,NA,NA,"Joint HESS uncertainty requires valid regional genetic and total residual parameters","gcorr_genome"
"chr20_20959710_22491456","region","h2","GWAS1",NA,0.000627142134868089,NA,NA,NA,NA,"Joint HESS uncertainty requires valid regional genetic and total residual parameters","gcorr_genome"
"chr20_22491456_23293790","region","h2","GWAS1",NA,0.000350522882384366,NA,NA,NA,NA,"Joint HESS uncertainty requires valid regional genetic and total residual parameters","gcorr_genome"
"chr20_23293790_24717724","region","h2","GWAS1",NA,0.000134840919826333,NA,NA,NA,NA,"Joint HESS uncertainty requires valid regional genetic and total residual parameters","gcorr_genome"
"chr20_2469501_3828413","region","h2","GWAS1",NA,0.000343578664801187,NA,NA,NA,NA,"Joint HESS uncertainty requires valid regional genetic and total residual parameters","gcorr_genome"
"chr20_24717724_25344231","region","h2","GWAS1",NA,0.000241337066161126,NA,NA,NA,NA,"Joint HESS uncertainty requires valid regional genetic and total residual parameters","gcorr_genome"
"chr20_25344231_31614823","region","h2","GWAS1",NA,0.000228835392214246,NA,NA,NA,NA,"Joint HESS uncertainty requires valid regional genetic and total residual parameters","gcorr_genome"
"chr20_31614823_32813441","region","h2","GWAS1",NA,0.000970504888779731,NA,NA,NA,NA,"Joint HESS uncertainty requires valid regional genetic and total residual parameters","gcorr_genome"
"chr20_32813441_34960446","region","h2","GWAS1",NA,0.000475557445146041,NA,NA,NA,NA,"Joint HESS uncertainty requires valid regional genetic and total residual parameters","gcorr_genome"
"chr20_34960446_36909530","region","h2","GWAS1",NA,0.00021287077703587,NA,NA,NA,NA,"Joint HESS uncertainty requires valid regional genetic and total residual parameters","gcorr_genome"
"chr20_36909530_38436761","region","h2","GWAS1",NA,0.000630165002072405,NA,NA,NA,NA,"Joint HESS uncertainty requires valid regional genetic and total residual parameters","gcorr_genome"
"chr20_3828413_5477850","region","h2","GWAS1",NA,0.000275693672878894,NA,NA,NA,NA,"Joint HESS uncertainty requires valid regional genetic and total residual parameters","gcorr_genome"
"chr20_38436761_39610856","region","h2","GWAS1",NA,0.000259737468245996,NA,NA,NA,NA,"Joint HESS uncertainty requires valid regional genetic and total residual parameters","gcorr_genome"
"chr20_39610856_40585689","region","h2","GWAS1",NA,0.000546851032484353,NA,NA,NA,NA,"Joint HESS uncertainty requires valid regional genetic and total residual parameters","gcorr_genome"
"chr20_40585689_41615460","region","h2","GWAS1",NA,0.000133468104975461,NA,NA,NA,NA,"Joint HESS uncertainty requires valid regional genetic and total residual parameters","gcorr_genome"
"chr20_41615460_42680176","region","h2","GWAS1",NA,0.000470992152448761,NA,NA,NA,NA,"Joint HESS uncertainty requires valid regional genetic and total residual parameters","gcorr_genome"
"chr20_42680176_44839056","region","h2","GWAS1",NA,0.000441749907100915,NA,NA,NA,NA,"Joint HESS uncertainty requires valid regional genetic and total residual parameters","gcorr_genome"
"chr20_44839056_47199980","region","h2","GWAS1",NA,0.000425087458097162,NA,NA,NA,NA,"Joint HESS uncertainty requires valid regional genetic and total residual parameters","gcorr_genome"
"chr20_47199980_49239658","region","h2","GWAS1",NA,0.000537508731327348,NA,NA,NA,NA,"Joint HESS uncertainty requires valid regional genetic and total residual parameters","gcorr_genome"
"chr20_49239658_52472549","region","h2","GWAS1",NA,0.000781111128908088,NA,NA,NA,NA,"Joint HESS uncertainty requires valid regional genetic and total residual parameters","gcorr_genome"
"chr20_52472549_54055266","region","h2","GWAS1",NA,5.49339723543218e-05,NA,NA,NA,NA,"Joint HESS uncertainty requires valid regional genetic and total residual parameters","gcorr_genome"
"chr20_54055266_56447959","region","h2","GWAS1",NA,0.000249262312451101,NA,NA,NA,NA,"Joint HESS uncertainty requires valid regional genetic and total residual parameters","gcorr_genome"
"chr20_5477850_7084073","region","h2","GWAS1",NA,0.00012588939109081,NA,NA,NA,NA,"Joint HESS uncertainty requires valid regional genetic and total residual parameters","gcorr_genome"
"chr20_56447959_58406572","region","h2","GWAS1",NA,0.000591262661234559,NA,NA,NA,NA,"Joint HESS uncertainty requires valid regional genetic and total residual parameters","gcorr_genome"
"chr20_58406572_59561724","region","h2","GWAS1",NA,6.05790780491686e-05,NA,NA,NA,NA,"Joint HESS uncertainty requires valid regional genetic and total residual parameters","gcorr_genome"
"chr20_59561724_61301855","region","h2","GWAS1",NA,0.000181383443957412,NA,NA,NA,NA,"Joint HESS uncertainty requires valid regional genetic and total residual parameters","gcorr_genome"
"chr20_60479_697600","region","h2","GWAS1",NA,0.000706397537457644,NA,NA,NA,NA,"Joint HESS uncertainty requires valid regional genetic and total residual parameters","gcorr_genome"
"chr20_61301855_62190180","region","h2","GWAS1",NA,0.000221591968367839,NA,NA,NA,NA,"Joint HESS uncertainty requires valid regional genetic and total residual parameters","gcorr_genome"
"chr20_62190180_62965163","region","h2","GWAS1",NA,0.000609877057868419,NA,NA,NA,NA,"Joint HESS uncertainty requires valid regional genetic and total residual parameters","gcorr_genome"
"chr20_697600_2469501","region","h2","GWAS1",NA,0.00027148707499856,NA,NA,NA,NA,"Joint HESS uncertainty requires valid regional genetic and total residual parameters","gcorr_genome"
"chr20_7084073_8117011","region","h2","GWAS1",NA,0.000318819987177432,NA,NA,NA,NA,"Joint HESS uncertainty requires valid regional genetic and total residual parameters","gcorr_genome"
"chr20_8117011_9730921","region","h2","GWAS1",NA,3.48314769552825e-05,NA,NA,NA,NA,"Joint HESS uncertainty requires valid regional genetic and total residual parameters","gcorr_genome"
"chr20_9730921_11249536","region","h2","GWAS1",NA,0.000127324399742521,NA,NA,NA,NA,"Joint HESS uncertainty requires valid regional genetic and total residual parameters","gcorr_genome"
"chr21_15950982_18053165","region","h2","GWAS1",NA,0.000197008633972926,NA,NA,NA,NA,"Joint HESS uncertainty requires valid regional genetic and total residual parameters","gcorr_genome"
"chr21_18053165_19480375","region","h2","GWAS1",NA,0.000179847762983304,NA,NA,NA,NA,"Joint HESS uncertainty requires valid regional genetic and total residual parameters","gcorr_genome"
"chr21_19480375_20962339","region","h2","GWAS1",NA,0.000242289691326701,NA,NA,NA,NA,"Joint HESS uncertainty requires valid regional genetic and total residual parameters","gcorr_genome"
"chr21_20962339_22072764","region","h2","GWAS1",NA,0.000384066725401366,NA,NA,NA,NA,"Joint HESS uncertainty requires valid regional genetic and total residual parameters","gcorr_genome"
"chr21_22072764_23362875","region","h2","GWAS1",NA,0.000286298853579997,NA,NA,NA,NA,"Joint HESS uncertainty requires valid regional genetic and total residual parameters","gcorr_genome"
"chr21_23362875_24696231","region","h2","GWAS1",NA,0.000189879470952893,NA,NA,NA,NA,"Joint HESS uncertainty requires valid regional genetic and total residual parameters","gcorr_genome"
"chr21_24696231_26469122","region","h2","GWAS1",NA,0.000302372548661654,NA,NA,NA,NA,"Joint HESS uncertainty requires valid regional genetic and total residual parameters","gcorr_genome"
"chr21_26469122_27271019","region","h2","GWAS1",NA,0.000107911991710095,NA,NA,NA,NA,"Joint HESS uncertainty requires valid regional genetic and total residual parameters","gcorr_genome"
"chr21_27271019_29125226","region","h2","GWAS1",NA,0.00031391543978346,NA,NA,NA,NA,"Joint HESS uncertainty requires valid regional genetic and total residual parameters","gcorr_genome"
"chr21_29125226_31197025","region","h2","GWAS1",NA,0.000299756367292243,NA,NA,NA,NA,"Joint HESS uncertainty requires valid regional genetic and total residual parameters","gcorr_genome"
"chr21_31197025_32668642","region","h2","GWAS1",NA,0.000299036719744339,NA,NA,NA,NA,"Joint HESS uncertainty requires valid regional genetic and total residual parameters","gcorr_genome"
"chr21_32668642_34376999","region","h2","GWAS1",NA,0.000337179245312295,NA,NA,NA,NA,"Joint HESS uncertainty requires valid regional genetic and total residual parameters","gcorr_genome"
"chr21_34376999_35225465","region","h2","GWAS1",NA,0.00038260728784917,NA,NA,NA,NA,"Joint HESS uncertainty requires valid regional genetic and total residual parameters","gcorr_genome"
"chr21_35225465_36524373","region","h2","GWAS1",NA,0.00022675004675153,NA,NA,NA,NA,"Joint HESS uncertainty requires valid regional genetic and total residual parameters","gcorr_genome"
"chr21_36524373_37870779","region","h2","GWAS1",NA,0.000209564887857653,NA,NA,NA,NA,"Joint HESS uncertainty requires valid regional genetic and total residual parameters","gcorr_genome"
"chr21_37870779_38711704","region","h2","GWAS1",NA,0.000131852864686628,NA,NA,NA,NA,"Joint HESS uncertainty requires valid regional genetic and total residual parameters","gcorr_genome"
"chr21_38711704_40482902","region","h2","GWAS1",NA,0.000229190342244497,NA,NA,NA,NA,"Joint HESS uncertainty requires valid regional genetic and total residual parameters","gcorr_genome"
"chr21_40482902_41389527","region","h2","GWAS1",NA,0.000232331509668107,NA,NA,NA,NA,"Joint HESS uncertainty requires valid regional genetic and total residual parameters","gcorr_genome"
"chr21_41389527_43321528","region","h2","GWAS1",NA,0.000116515382999841,NA,NA,NA,NA,"Joint HESS uncertainty requires valid regional genetic and total residual parameters","gcorr_genome"
"chr21_43321528_44506268","region","h2","GWAS1",NA,0.000206863818069527,NA,NA,NA,NA,"Joint HESS uncertainty requires valid regional genetic and total residual parameters","gcorr_genome"
"chr21_44506268_46177105","region","h2","GWAS1",NA,0.000282832473476331,NA,NA,NA,NA,"Joint HESS uncertainty requires valid regional genetic and total residual parameters","gcorr_genome"
"chr21_46177105_47492226","region","h2","GWAS1",NA,0.000357076793806776,NA,NA,NA,NA,"Joint HESS uncertainty requires valid regional genetic and total residual parameters","gcorr_genome"
"chr21_47492226_48119752","region","h2","GWAS1",NA,0.000879012946734055,NA,NA,NA,NA,"Joint HESS uncertainty requires valid regional genetic and total residual parameters","gcorr_genome"
"chr21_9411243_15950982","region","h2","GWAS1",NA,0.000131942765841498,NA,NA,NA,NA,"Joint HESS uncertainty requires valid regional genetic and total residual parameters","gcorr_genome"
"chr22_16050408_17674295","region","h2","GWAS1",NA,0.000302230349866853,NA,NA,NA,NA,"Joint HESS uncertainty requires valid regional genetic and total residual parameters","gcorr_genome"
"chr22_17674295_18296088","region","h2","GWAS1",NA,0.000432293059917539,NA,NA,NA,NA,"Joint HESS uncertainty requires valid regional genetic and total residual parameters","gcorr_genome"
"chr22_18296088_19912358","region","h2","GWAS1",NA,0.000668686965913358,NA,NA,NA,NA,"Joint HESS uncertainty requires valid regional genetic and total residual parameters","gcorr_genome"
"chr22_19912358_22357325","region","h2","GWAS1",NA,0.000388884120239552,NA,NA,NA,NA,"Joint HESS uncertainty requires valid regional genetic and total residual parameters","gcorr_genome"
"chr22_22357325_23712647","region","h2","GWAS1",NA,0.000141809184087165,NA,NA,NA,NA,"Joint HESS uncertainty requires valid regional genetic and total residual parameters","gcorr_genome"
"chr22_23712647_24984204","region","h2","GWAS1",NA,0.000470967776024329,NA,NA,NA,NA,"Joint HESS uncertainty requires valid regional genetic and total residual parameters","gcorr_genome"
"chr22_24984204_26791628","region","h2","GWAS1",NA,0.000326737860482389,NA,NA,NA,NA,"Joint HESS uncertainty requires valid regional genetic and total residual parameters","gcorr_genome"
"chr22_26791628_27834752","region","h2","GWAS1",NA,0.000102934201107808,NA,NA,NA,NA,"Joint HESS uncertainty requires valid regional genetic and total residual parameters","gcorr_genome"
"chr22_27834752_29651799","region","h2","GWAS1",NA,0.000597472704098236,NA,NA,NA,NA,"Joint HESS uncertainty requires valid regional genetic and total residual parameters","gcorr_genome"
"chr22_29651799_31439918","region","h2","GWAS1",NA,0.00114685449004087,NA,NA,NA,NA,"Joint HESS uncertainty requires valid regional genetic and total residual parameters","gcorr_genome"
"chr22_31439918_32664986","region","h2","GWAS1",NA,0.000616902828065469,NA,NA,NA,NA,"Joint HESS uncertainty requires valid regional genetic and total residual parameters","gcorr_genome"
"chr22_32664986_34494914","region","h2","GWAS1",NA,5.32571820436859e-05,NA,NA,NA,NA,"Joint HESS uncertainty requires valid regional genetic and total residual parameters","gcorr_genome"
"chr22_34494914_35530985","region","h2","GWAS1",NA,0.000258876796045707,NA,NA,NA,NA,"Joint HESS uncertainty requires valid regional genetic and total residual parameters","gcorr_genome"
"chr22_35530985_37570269","region","h2","GWAS1",NA,0.000116565764300792,NA,NA,NA,NA,"Joint HESS uncertainty requires valid regional genetic and total residual parameters","gcorr_genome"
"chr22_37570269_39307894","region","h2","GWAS1",NA,0.000415941610845425,NA,NA,NA,NA,"Joint HESS uncertainty requires valid regional genetic and total residual parameters","gcorr_genome"
"chr22_39307894_40545797","region","h2","GWAS1",NA,0.000488145958153043,NA,NA,NA,NA,"Joint HESS uncertainty requires valid regional genetic and total residual parameters","gcorr_genome"
"chr22_40545797_42690818","region","h2","GWAS1",NA,0.000728141596683755,NA,NA,NA,NA,"Joint HESS uncertainty requires valid regional genetic and total residual parameters","gcorr_genome"
"chr22_42690818_43714200","region","h2","GWAS1",NA,0.000411109718262796,NA,NA,NA,NA,"Joint HESS uncertainty requires valid regional genetic and total residual parameters","gcorr_genome"
"chr22_43714200_44995308","region","h2","GWAS1",NA,0.000549661807394396,NA,NA,NA,NA,"Joint HESS uncertainty requires valid regional genetic and total residual parameters","gcorr_genome"
"chr22_44995308_46470495","region","h2","GWAS1",NA,0.000204872072530714,NA,NA,NA,NA,"Joint HESS uncertainty requires valid regional genetic and total residual parameters","gcorr_genome"
"chr22_46470495_47596318","region","h2","GWAS1",NA,0.00027627970403175,NA,NA,NA,NA,"Joint HESS uncertainty requires valid regional genetic and total residual parameters","gcorr_genome"
"chr22_47596318_48903703","region","h2","GWAS1",NA,0.000148311093035276,NA,NA,NA,NA,"Joint HESS uncertainty requires valid regional genetic and total residual parameters","gcorr_genome"
"chr22_48903703_49824534","region","h2","GWAS1",NA,0.000324729468677291,NA,NA,NA,NA,"Joint HESS uncertainty requires valid regional genetic and total residual parameters","gcorr_genome"
"chr22_49824534_51243298","region","h2","GWAS1",NA,0.000837834248177327,NA,NA,NA,NA,"Joint HESS uncertainty requires valid regional genetic and total residual parameters","gcorr_genome"
"chr2_10133_1781022","region","h2","GWAS1",NA,0.000495056442688169,NA,NA,NA,NA,"Joint HESS uncertainty requires valid regional genetic and total residual parameters","gcorr_genome"
"chr2_101822329_102688765","region","h2","GWAS1",NA,0.000453658475280123,NA,NA,NA,NA,"Joint HESS uncertainty requires valid regional genetic and total residual parameters","gcorr_genome"
"chr2_102688765_103588215","region","h2","GWAS1",NA,4.36013469992738e-05,NA,NA,NA,NA,"Joint HESS uncertainty requires valid regional genetic and total residual parameters","gcorr_genome"
"chr2_10298469_12419150","region","h2","GWAS1",NA,0.000385834466929505,NA,NA,NA,NA,"Joint HESS uncertainty requires valid regional genetic and total residual parameters","gcorr_genome"
"chr2_103588215_105125034","region","h2","GWAS1",NA,0.000181558230466649,NA,NA,NA,NA,"Joint HESS uncertainty requires valid regional genetic and total residual parameters","gcorr_genome"
"chr2_105125034_106210058","region","h2","GWAS1",NA,0.000258718482283549,NA,NA,NA,NA,"Joint HESS uncertainty requires valid regional genetic and total residual parameters","gcorr_genome"
"chr2_106210058_107408267","region","h2","GWAS1",NA,0.000109215590916758,NA,NA,NA,NA,"Joint HESS uncertainty requires valid regional genetic and total residual parameters","gcorr_genome"
"chr2_107408267_108429177","region","h2","GWAS1",NA,0.000235541491017876,NA,NA,NA,NA,"Joint HESS uncertainty requires valid regional genetic and total residual parameters","gcorr_genome"
"chr2_108429177_110572432","region","h2","GWAS1",NA,0.000665346822735465,NA,NA,NA,NA,"Joint HESS uncertainty requires valid regional genetic and total residual parameters","gcorr_genome"
"chr2_110572432_113921856","region","h2","GWAS1",NA,0.00047410132468917,NA,NA,NA,NA,"Joint HESS uncertainty requires valid regional genetic and total residual parameters","gcorr_genome"
"chr2_113921856_116772470","region","h2","GWAS1",NA,0.000272264226098949,NA,NA,NA,NA,"Joint HESS uncertainty requires valid regional genetic and total residual parameters","gcorr_genome"
"chr2_116772470_118367466","region","h2","GWAS1",NA,0.000201635148143737,NA,NA,NA,NA,"Joint HESS uncertainty requires valid regional genetic and total residual parameters","gcorr_genome"
"chr2_118367466_121303783","region","h2","GWAS1",NA,0.000128051720179611,NA,NA,NA,NA,"Joint HESS uncertainty requires valid regional genetic and total residual parameters","gcorr_genome"
"chr2_121303783_123302906","region","h2","GWAS1",NA,0.00032575261839737,NA,NA,NA,NA,"Joint HESS uncertainty requires valid regional genetic and total residual parameters","gcorr_genome"
"chr2_123302906_124732250","region","h2","GWAS1",NA,0.000358703840988736,NA,NA,NA,NA,"Joint HESS uncertainty requires valid regional genetic and total residual parameters","gcorr_genome"
"chr2_12419150_14335308","region","h2","GWAS1",NA,0.000149405872786757,NA,NA,NA,NA,"Joint HESS uncertainty requires valid regional genetic and total residual parameters","gcorr_genome"
"chr2_124732250_125840921","region","h2","GWAS1",NA,0.000397670271665696,NA,NA,NA,NA,"Joint HESS uncertainty requires valid regional genetic and total residual parameters","gcorr_genome"
"chr2_125840921_127373764","region","h2","GWAS1",NA,0.00050221299957731,NA,NA,NA,NA,"Joint HESS uncertainty requires valid regional genetic and total residual parameters","gcorr_genome"
"chr2_127373764_128034347","region","h2","GWAS1",NA,0.000283752589173051,NA,NA,NA,NA,"Joint HESS uncertainty requires valid regional genetic and total residual parameters","gcorr_genome"
"chr2_128034347_129474441","region","h2","GWAS1",NA,0.000280923087673071,NA,NA,NA,NA,"Joint HESS uncertainty requires valid regional genetic and total residual parameters","gcorr_genome"
"chr2_129474441_130067170","region","h2","GWAS1",NA,0.000280211560442182,NA,NA,NA,NA,"Joint HESS uncertainty requires valid regional genetic and total residual parameters","gcorr_genome"
"chr2_130067170_130658085","region","h2","GWAS1",NA,0.000291445990177428,NA,NA,NA,NA,"Joint HESS uncertainty requires valid regional genetic and total residual parameters","gcorr_genome"
"chr2_130658085_133042784","region","h2","GWAS1",NA,0.00018907455068514,NA,NA,NA,NA,"Joint HESS uncertainty requires valid regional genetic and total residual parameters","gcorr_genome"
"chr2_133042784_135158578","region","h2","GWAS1",NA,0.000470444901496271,NA,NA,NA,NA,"Joint HESS uncertainty requires valid regional genetic and total residual parameters","gcorr_genome"
"chr2_135158578_137042794","region","h2","GWAS1",NA,0.000446604145755298,NA,NA,NA,NA,"Joint HESS uncertainty requires valid regional genetic and total residual parameters","gcorr_genome"
"chr2_137042794_138698117","region","h2","GWAS1",NA,0.000255690521133455,NA,NA,NA,NA,"Joint HESS uncertainty requires valid regional genetic and total residual parameters","gcorr_genome"
"chr2_138698117_140100271","region","h2","GWAS1",NA,0.000298657736765912,NA,NA,NA,NA,"Joint HESS uncertainty requires valid regional genetic and total residual parameters","gcorr_genome"
"chr2_140100271_141805351","region","h2","GWAS1",NA,0.000224958785053145,NA,NA,NA,NA,"Joint HESS uncertainty requires valid regional genetic and total residual parameters","gcorr_genome"
"chr2_141805351_142518602","region","h2","GWAS1",NA,0.000503534356547931,NA,NA,NA,NA,"Joint HESS uncertainty requires valid regional genetic and total residual parameters","gcorr_genome"
"chr2_142518602_144519484","region","h2","GWAS1",NA,0.000390825166907189,NA,NA,NA,NA,"Joint HESS uncertainty requires valid regional genetic and total residual parameters","gcorr_genome"
"chr2_14335308_16329735","region","h2","GWAS1",NA,0.000242218309018424,NA,NA,NA,NA,"Joint HESS uncertainty requires valid regional genetic and total residual parameters","gcorr_genome"
"chr2_144519484_146445570","region","h2","GWAS1",NA,0.000600209163756215,NA,NA,NA,NA,"Joint HESS uncertainty requires valid regional genetic and total residual parameters","gcorr_genome"
"chr2_146445570_147277162","region","h2","GWAS1",NA,0.000350441261008352,NA,NA,NA,NA,"Joint HESS uncertainty requires valid regional genetic and total residual parameters","gcorr_genome"
"chr2_147277162_150210292","region","h2","GWAS1",NA,0.000650206472454347,NA,NA,NA,NA,"Joint HESS uncertainty requires valid regional genetic and total residual parameters","gcorr_genome"
"chr2_150210292_151731462","region","h2","GWAS1",NA,0.000238630398389015,NA,NA,NA,NA,"Joint HESS uncertainty requires valid regional genetic and total residual parameters","gcorr_genome"
"chr2_151731462_152486782","region","h2","GWAS1",NA,0.000581122584628986,NA,NA,NA,NA,"Joint HESS uncertainty requires valid regional genetic and total residual parameters","gcorr_genome"
"chr2_152486782_154005056","region","h2","GWAS1",NA,0.000162594297556499,NA,NA,NA,NA,"Joint HESS uncertainty requires valid regional genetic and total residual parameters","gcorr_genome"
"chr2_154005056_155391135","region","h2","GWAS1",NA,0.000152673081229979,NA,NA,NA,NA,"Joint HESS uncertainty requires valid regional genetic and total residual parameters","gcorr_genome"
"chr2_155391135_157560635","region","h2","GWAS1",NA,0.000228698864414847,NA,NA,NA,NA,"Joint HESS uncertainty requires valid regional genetic and total residual parameters","gcorr_genome"
"chr2_157560635_158533218","region","h2","GWAS1",NA,0.000927524615204855,NA,NA,NA,NA,"Joint HESS uncertainty requires valid regional genetic and total residual parameters","gcorr_genome"
"chr2_158533218_159577082","region","h2","GWAS1",NA,0.000460219093245523,NA,NA,NA,NA,"Joint HESS uncertainty requires valid regional genetic and total residual parameters","gcorr_genome"
"chr2_159577082_161769733","region","h2","GWAS1",NA,0.00102950293558126,NA,NA,NA,NA,"Joint HESS uncertainty requires valid regional genetic and total residual parameters","gcorr_genome"
"chr2_161769733_163503551","region","h2","GWAS1",NA,0.000481631975255179,NA,NA,NA,NA,"Joint HESS uncertainty requires valid regional genetic and total residual parameters","gcorr_genome"
"chr2_16329735_18647423","region","h2","GWAS1",NA,0.000217116193191951,NA,NA,NA,NA,"Joint HESS uncertainty requires valid regional genetic and total residual parameters","gcorr_genome"
"chr2_163503551_164466638","region","h2","GWAS1",NA,0.00063566056070358,NA,NA,NA,NA,"Joint HESS uncertainty requires valid regional genetic and total residual parameters","gcorr_genome"
"chr2_164466638_165178840","region","h2","GWAS1",NA,0.000283522108391166,NA,NA,NA,NA,"Joint HESS uncertainty requires valid regional genetic and total residual parameters","gcorr_genome"
"chr2_165178840_167160270","region","h2","GWAS1",NA,0.00126019218207282,NA,NA,NA,NA,"Joint HESS uncertainty requires valid regional genetic and total residual parameters","gcorr_genome"
"chr2_167160270_167355970","region","h2","GWAS1",NA,0.000394653432019675,NA,NA,NA,NA,"Joint HESS uncertainty requires valid regional genetic and total residual parameters","gcorr_genome"
"chr2_167355970_169968236","region","h2","GWAS1",NA,0.000214034946128448,NA,NA,NA,NA,"Joint HESS uncertainty requires valid regional genetic and total residual parameters","gcorr_genome"
"chr2_169968236_171226245","region","h2","GWAS1",NA,0.000220149758863083,NA,NA,NA,NA,"Joint HESS uncertainty requires valid regional genetic and total residual parameters","gcorr_genome"
"chr2_171226245_173138905","region","h2","GWAS1",NA,0.000485189541608549,NA,NA,NA,NA,"Joint HESS uncertainty requires valid regional genetic and total residual parameters","gcorr_genome"
"chr2_173138905_175588929","region","h2","GWAS1",NA,0.000364027410866488,NA,NA,NA,NA,"Joint HESS uncertainty requires valid regional genetic and total residual parameters","gcorr_genome"
"chr2_175588929_177363636","region","h2","GWAS1",NA,0.000250414078699968,NA,NA,NA,NA,"Joint HESS uncertainty requires valid regional genetic and total residual parameters","gcorr_genome"
"chr2_177363636_178553183","region","h2","GWAS1",NA,0.00018590277052202,NA,NA,NA,NA,"Joint HESS uncertainty requires valid regional genetic and total residual parameters","gcorr_genome"
"chr2_1781022_3973779","region","h2","GWAS1",NA,0.000256059473835007,NA,NA,NA,NA,"Joint HESS uncertainty requires valid regional genetic and total residual parameters","gcorr_genome"
"chr2_178553183_181312739","region","h2","GWAS1",NA,0.000626432714579003,NA,NA,NA,NA,"Joint HESS uncertainty requires valid regional genetic and total residual parameters","gcorr_genome"
"chr2_181312739_182266031","region","h2","GWAS1",NA,0.000300717456676289,NA,NA,NA,NA,"Joint HESS uncertainty requires valid regional genetic and total residual parameters","gcorr_genome"
"chr2_182266031_184357608","region","h2","GWAS1",NA,7.99814346557882e-05,NA,NA,NA,NA,"Joint HESS uncertainty requires valid regional genetic and total residual parameters","gcorr_genome"
"chr2_184357608_185280173","region","h2","GWAS1",NA,0.000326849760256167,NA,NA,NA,NA,"Joint HESS uncertainty requires valid regional genetic and total residual parameters","gcorr_genome"
"chr2_185280173_189882065","region","h2","GWAS1",NA,0.000265847778987993,NA,NA,NA,NA,"Joint HESS uncertainty requires valid regional genetic and total residual parameters","gcorr_genome"
"chr2_18647423_19692404","region","h2","GWAS1",NA,0.00033138933442831,NA,NA,NA,NA,"Joint HESS uncertainty requires valid regional genetic and total residual parameters","gcorr_genome"
"chr2_189882065_191973357","region","h2","GWAS1",NA,0.00024151376620915,NA,NA,NA,NA,"Joint HESS uncertainty requires valid regional genetic and total residual parameters","gcorr_genome"
"chr2_191973357_195861164","region","h2","GWAS1",NA,0.000351915366576184,NA,NA,NA,NA,"Joint HESS uncertainty requires valid regional genetic and total residual parameters","gcorr_genome"
"chr2_195861164_196447456","region","h2","GWAS1",NA,0.00041252873544085,NA,NA,NA,NA,"Joint HESS uncertainty requires valid regional genetic and total residual parameters","gcorr_genome"
"chr2_196447456_198078110","region","h2","GWAS1",NA,0.000300889721886785,NA,NA,NA,NA,"Joint HESS uncertainty requires valid regional genetic and total residual parameters","gcorr_genome"
"chr2_19692404_21050490","region","h2","GWAS1",NA,0.000130165098386607,NA,NA,NA,NA,"Joint HESS uncertainty requires valid regional genetic and total residual parameters","gcorr_genome"
"chr2_198078110_199311125","region","h2","GWAS1",NA,0.00053441883146207,NA,NA,NA,NA,"Joint HESS uncertainty requires valid regional genetic and total residual parameters","gcorr_genome"
"chr2_199311125_201576284","region","h2","GWAS1",NA,0.000317945922595002,NA,NA,NA,NA,"Joint HESS uncertainty requires valid regional genetic and total residual parameters","gcorr_genome"
"chr2_201576284_202818637","region","h2","GWAS1",NA,0.000284603700265306,NA,NA,NA,NA,"Joint HESS uncertainty requires valid regional genetic and total residual parameters","gcorr_genome"
"chr2_202818637_205799241","region","h2","GWAS1",NA,0.000593456248319828,NA,NA,NA,NA,"Joint HESS uncertainty requires valid regional genetic and total residual parameters","gcorr_genome"
"chr2_205799241_206735704","region","h2","GWAS1",NA,0.000364026425955146,NA,NA,NA,NA,"Joint HESS uncertainty requires valid regional genetic and total residual parameters","gcorr_genome"
"chr2_206735704_208645399","region","h2","GWAS1",NA,0.000626053167017939,NA,NA,NA,NA,"Joint HESS uncertainty requires valid regional genetic and total residual parameters","gcorr_genome"
"chr2_208645399_209941529","region","h2","GWAS1",NA,0.000371602665208195,NA,NA,NA,NA,"Joint HESS uncertainty requires valid regional genetic and total residual parameters","gcorr_genome"
"chr2_209941529_212379518","region","h2","GWAS1",NA,0.000328289173696379,NA,NA,NA,NA,"Joint HESS uncertainty requires valid regional genetic and total residual parameters","gcorr_genome"
"chr2_21050490_23341383","region","h2","GWAS1",NA,0.000287126504993463,NA,NA,NA,NA,"Joint HESS uncertainty requires valid regional genetic and total residual parameters","gcorr_genome"
"chr2_212379518_214014282","region","h2","GWAS1",NA,0.000432424096367291,NA,NA,NA,NA,"Joint HESS uncertainty requires valid regional genetic and total residual parameters","gcorr_genome"
"chr2_214014282_215573795","region","h2","GWAS1",NA,0.000108060430777533,NA,NA,NA,NA,"Joint HESS uncertainty requires valid regional genetic and total residual parameters","gcorr_genome"
"chr2_215573795_217715661","region","h2","GWAS1",NA,0.000133610628408572,NA,NA,NA,NA,"Joint HESS uncertainty requires valid regional genetic and total residual parameters","gcorr_genome"
"chr2_217715661_218395480","region","h2","GWAS1",NA,0.000267760625914944,NA,NA,NA,NA,"Joint HESS uncertainty requires valid regional genetic and total residual parameters","gcorr_genome"
"chr2_218395480_220454551","region","h2","GWAS1",NA,0.000353810090403,NA,NA,NA,NA,"Joint HESS uncertainty requires valid regional genetic and total residual parameters","gcorr_genome"
"chr2_220454551_222521176","region","h2","GWAS1",NA,0.00027362882256119,NA,NA,NA,NA,"Joint HESS uncertainty requires valid regional genetic and total residual parameters","gcorr_genome"
"chr2_222521176_224859419","region","h2","GWAS1",NA,0.000299899171811886,NA,NA,NA,NA,"Joint HESS uncertainty requires valid regional genetic and total residual parameters","gcorr_genome"
"chr2_224859419_225840004","region","h2","GWAS1",NA,0.000387057151778857,NA,NA,NA,NA,"Joint HESS uncertainty requires valid regional genetic and total residual parameters","gcorr_genome"
"chr2_225840004_228119842","region","h2","GWAS1",NA,0.00274636153231731,NA,NA,NA,NA,"Joint HESS uncertainty requires valid regional genetic and total residual parameters","gcorr_genome"
"chr2_228119842_229370787","region","h2","GWAS1",NA,0.000338065230675346,NA,NA,NA,NA,"Joint HESS uncertainty requires valid regional genetic and total residual parameters","gcorr_genome"
"chr2_229370787_231843389","region","h2","GWAS1",NA,0.000246941798284508,NA,NA,NA,NA,"Joint HESS uncertainty requires valid regional genetic and total residual parameters","gcorr_genome"
"chr2_231843389_233550003","region","h2","GWAS1",NA,0.000201539922188404,NA,NA,NA,NA,"Joint HESS uncertainty requires valid regional genetic and total residual parameters","gcorr_genome"
"chr2_23341383_24686918","region","h2","GWAS1",NA,0.000350329789824479,NA,NA,NA,NA,"Joint HESS uncertainty requires valid regional genetic and total residual parameters","gcorr_genome"
"chr2_233550003_235150987","region","h2","GWAS1",NA,0.000588803894291395,NA,NA,NA,NA,"Joint HESS uncertainty requires valid regional genetic and total residual parameters","gcorr_genome"
"chr2_235150987_236043550","region","h2","GWAS1",NA,0.000259068312067098,NA,NA,NA,NA,"Joint HESS uncertainty requires valid regional genetic and total residual parameters","gcorr_genome"
"chr2_236043550_237449032","region","h2","GWAS1",NA,0.000274680039665272,NA,NA,NA,NA,"Joint HESS uncertainty requires valid regional genetic and total residual parameters","gcorr_genome"
"chr2_237449032_238760981","region","h2","GWAS1",NA,0.000371710289249397,NA,NA,NA,NA,"Joint HESS uncertainty requires valid regional genetic and total residual parameters","gcorr_genome"
"chr2_238760981_239952643","region","h2","GWAS1",NA,0.000412825089242419,NA,NA,NA,NA,"Joint HESS uncertainty requires valid regional genetic and total residual parameters","gcorr_genome"
"chr2_239952643_241560084","region","h2","GWAS1",NA,0.000408437539551274,NA,NA,NA,NA,"Joint HESS uncertainty requires valid regional genetic and total residual parameters","gcorr_genome"
"chr2_241560084_242149921","region","h2","GWAS1",NA,0.000117206438409959,NA,NA,NA,NA,"Joint HESS uncertainty requires valid regional genetic and total residual parameters","gcorr_genome"
"chr2_242149921_243188920","region","h2","GWAS1",NA,8.68223317846152e-05,NA,NA,NA,NA,"Joint HESS uncertainty requires valid regional genetic and total residual parameters","gcorr_genome"
"chr2_24686918_26894985","region","h2","GWAS1",NA,0.000872625308676309,NA,NA,NA,NA,"Joint HESS uncertainty requires valid regional genetic and total residual parameters","gcorr_genome"
"chr2_26894985_28598777","region","h2","GWAS1",NA,0.000998116568264906,NA,NA,NA,NA,"Joint HESS uncertainty requires valid regional genetic and total residual parameters","gcorr_genome"
"chr2_28598777_29217559","region","h2","GWAS1",NA,0.000319182631749188,NA,NA,NA,NA,"Joint HESS uncertainty requires valid regional genetic and total residual parameters","gcorr_genome"
"chr2_29217559_30463711","region","h2","GWAS1",NA,0.000296599366355398,NA,NA,NA,NA,"Joint HESS uncertainty requires valid regional genetic and total residual parameters","gcorr_genome"
"chr2_30463711_31550450","region","h2","GWAS1",NA,0.00058881056965509,NA,NA,NA,NA,"Joint HESS uncertainty requires valid regional genetic and total residual parameters","gcorr_genome"
"chr2_31550450_33363777","region","h2","GWAS1",NA,0.000443850923353594,NA,NA,NA,NA,"Joint HESS uncertainty requires valid regional genetic and total residual parameters","gcorr_genome"
"chr2_33363777_35345028","region","h2","GWAS1",NA,7.74225328182242e-05,NA,NA,NA,NA,"Joint HESS uncertainty requires valid regional genetic and total residual parameters","gcorr_genome"
"chr2_35345028_36122006","region","h2","GWAS1",NA,0.000605716655999657,NA,NA,NA,NA,"Joint HESS uncertainty requires valid regional genetic and total residual parameters","gcorr_genome"
"chr2_36122006_38132712","region","h2","GWAS1",NA,0.000181381025276747,NA,NA,NA,NA,"Joint HESS uncertainty requires valid regional genetic and total residual parameters","gcorr_genome"
"chr2_38132712_39031337","region","h2","GWAS1",NA,0.000373954762496174,NA,NA,NA,NA,"Joint HESS uncertainty requires valid regional genetic and total residual parameters","gcorr_genome"
"chr2_39031337_40281483","region","h2","GWAS1",NA,0.000495043957827027,NA,NA,NA,NA,"Joint HESS uncertainty requires valid regional genetic and total residual parameters","gcorr_genome"
"chr2_3973779_5708337","region","h2","GWAS1",NA,0.000168360008705057,NA,NA,NA,NA,"Joint HESS uncertainty requires valid regional genetic and total residual parameters","gcorr_genome"
"chr2_40281483_43309590","region","h2","GWAS1",NA,0.000400752377110299,NA,NA,NA,NA,"Joint HESS uncertainty requires valid regional genetic and total residual parameters","gcorr_genome"
"chr2_43309590_44313803","region","h2","GWAS1",NA,0.00219634523774066,NA,NA,NA,NA,"Joint HESS uncertainty requires valid regional genetic and total residual parameters","gcorr_genome"
"chr2_44313803_46482634","region","h2","GWAS1",NA,0.00014947161066814,NA,NA,NA,NA,"Joint HESS uncertainty requires valid regional genetic and total residual parameters","gcorr_genome"
"chr2_46482634_47318772","region","h2","GWAS1",NA,0.000535485712073474,NA,NA,NA,NA,"Joint HESS uncertainty requires valid regional genetic and total residual parameters","gcorr_genome"
"chr2_47318772_48213001","region","h2","GWAS1",NA,0.000269240095730546,NA,NA,NA,NA,"Joint HESS uncertainty requires valid regional genetic and total residual parameters","gcorr_genome"
"chr2_48213001_50022257","region","h2","GWAS1",NA,0.000387182981506779,NA,NA,NA,NA,"Joint HESS uncertainty requires valid regional genetic and total residual parameters","gcorr_genome"
"chr2_50022257_50818928","region","h2","GWAS1",NA,0.000533065762587452,NA,NA,NA,NA,"Joint HESS uncertainty requires valid regional genetic and total residual parameters","gcorr_genome"
"chr2_50818928_52491133","region","h2","GWAS1",NA,0.000190244907498815,NA,NA,NA,NA,"Joint HESS uncertainty requires valid regional genetic and total residual parameters","gcorr_genome"
"chr2_52491133_53508452","region","h2","GWAS1",NA,0.000284440170308496,NA,NA,NA,NA,"Joint HESS uncertainty requires valid regional genetic and total residual parameters","gcorr_genome"
"chr2_53508452_54685226","region","h2","GWAS1",NA,0.000576291251179493,NA,NA,NA,NA,"Joint HESS uncertainty requires valid regional genetic and total residual parameters","gcorr_genome"
"chr2_54685226_56203345","region","h2","GWAS1",NA,0.000541632006625271,NA,NA,NA,NA,"Joint HESS uncertainty requires valid regional genetic and total residual parameters","gcorr_genome"
"chr2_56203345_57429100","region","h2","GWAS1",NA,0.000508716758187882,NA,NA,NA,NA,"Joint HESS uncertainty requires valid regional genetic and total residual parameters","gcorr_genome"
"chr2_5708337_6836254","region","h2","GWAS1",NA,0.000391988515068268,NA,NA,NA,NA,"Joint HESS uncertainty requires valid regional genetic and total residual parameters","gcorr_genome"
"chr2_57429100_58297315","region","h2","GWAS1",NA,7.21253070418976e-05,NA,NA,NA,NA,"Joint HESS uncertainty requires valid regional genetic and total residual parameters","gcorr_genome"
"chr2_58297315_60292000","region","h2","GWAS1",NA,0.000796856491107493,NA,NA,NA,NA,"Joint HESS uncertainty requires valid regional genetic and total residual parameters","gcorr_genome"
"chr2_60292000_62429044","region","h2","GWAS1",NA,0.000662595233141308,NA,NA,NA,NA,"Joint HESS uncertainty requires valid regional genetic and total residual parameters","gcorr_genome"
"chr2_62429044_64625913","region","h2","GWAS1",NA,0.000475047121168198,NA,NA,NA,NA,"Joint HESS uncertainty requires valid regional genetic and total residual parameters","gcorr_genome"
"chr2_64625913_65933444","region","h2","GWAS1",NA,0.0012450409088759,NA,NA,NA,NA,"Joint HESS uncertainty requires valid regional genetic and total residual parameters","gcorr_genome"
"chr2_65933444_67226166","region","h2","GWAS1",NA,0.000410642180155055,NA,NA,NA,NA,"Joint HESS uncertainty requires valid regional genetic and total residual parameters","gcorr_genome"
"chr2_67226166_68010176","region","h2","GWAS1",NA,0.000525949392546498,NA,NA,NA,NA,"Joint HESS uncertainty requires valid regional genetic and total residual parameters","gcorr_genome"
"chr2_68010176_69139564","region","h2","GWAS1",NA,0.000393231063032953,NA,NA,NA,NA,"Joint HESS uncertainty requires valid regional genetic and total residual parameters","gcorr_genome"
"chr2_6836254_8422147","region","h2","GWAS1",NA,0.000240888133952704,NA,NA,NA,NA,"Joint HESS uncertainty requires valid regional genetic and total residual parameters","gcorr_genome"
"chr2_69139564_70755198","region","h2","GWAS1",NA,0.000269498459428145,NA,NA,NA,NA,"Joint HESS uncertainty requires valid regional genetic and total residual parameters","gcorr_genome"
"chr2_70755198_73174848","region","h2","GWAS1",NA,0.0005390339278767,NA,NA,NA,NA,"Joint HESS uncertainty requires valid regional genetic and total residual parameters","gcorr_genome"
"chr2_73174848_75630086","region","h2","GWAS1",NA,0.000513558626679395,NA,NA,NA,NA,"Joint HESS uncertainty requires valid regional genetic and total residual parameters","gcorr_genome"
"chr2_75630086_76913661","region","h2","GWAS1",NA,0.000409241095618528,NA,NA,NA,NA,"Joint HESS uncertainty requires valid regional genetic and total residual parameters","gcorr_genome"
"chr2_76913661_78079264","region","h2","GWAS1",NA,0.000256993092927199,NA,NA,NA,NA,"Joint HESS uncertainty requires valid regional genetic and total residual parameters","gcorr_genome"
"chr2_78079264_80050403","region","h2","GWAS1",NA,0.000304473882126101,NA,NA,NA,NA,"Joint HESS uncertainty requires valid regional genetic and total residual parameters","gcorr_genome"
"chr2_80050403_81620841","region","h2","GWAS1",NA,0.00026361369891602,NA,NA,NA,NA,"Joint HESS uncertainty requires valid regional genetic and total residual parameters","gcorr_genome"
"chr2_81620841_85140680","region","h2","GWAS1",NA,0.000227847819493352,NA,NA,NA,NA,"Joint HESS uncertainty requires valid regional genetic and total residual parameters","gcorr_genome"
"chr2_8422147_10298469","region","h2","GWAS1",NA,0.000283491738733948,NA,NA,NA,NA,"Joint HESS uncertainty requires valid regional genetic and total residual parameters","gcorr_genome"
"chr2_85140680_88038507","region","h2","GWAS1",NA,0.000478353849037629,NA,NA,NA,NA,"Joint HESS uncertainty requires valid regional genetic and total residual parameters","gcorr_genome"
"chr2_88038507_89154526","region","h2","GWAS1",NA,0.000174702386309532,NA,NA,NA,NA,"Joint HESS uncertainty requires valid regional genetic and total residual parameters","gcorr_genome"
"chr2_89154526_95326452","region","h2","GWAS1",NA,0.000110251028949849,NA,NA,NA,NA,"Joint HESS uncertainty requires valid regional genetic and total residual parameters","gcorr_genome"
"chr2_95326452_98995201","region","h2","GWAS1",NA,0.000121098298582011,NA,NA,NA,NA,"Joint HESS uncertainty requires valid regional genetic and total residual parameters","gcorr_genome"
"chr2_98995201_101822329","region","h2","GWAS1",NA,0.00044712214087552,NA,NA,NA,NA,"Joint HESS uncertainty requires valid regional genetic and total residual parameters","gcorr_genome"
"chr3_100592217_103084960","region","h2","GWAS1",NA,0.000153582681449092,NA,NA,NA,NA,"Joint HESS uncertainty requires valid regional genetic and total residual parameters","gcorr_genome"
"chr3_103084960_104581613","region","h2","GWAS1",NA,0.000170671172156722,NA,NA,NA,NA,"Joint HESS uncertainty requires valid regional genetic and total residual parameters","gcorr_genome"
"chr3_104581613_106982811","region","h2","GWAS1",NA,0.000407757675200453,NA,NA,NA,NA,"Joint HESS uncertainty requires valid regional genetic and total residual parameters","gcorr_genome"
"chr3_106982811_109522395","region","h2","GWAS1",NA,0.000435729014264022,NA,NA,NA,NA,"Joint HESS uncertainty requires valid regional genetic and total residual parameters","gcorr_genome"
"chr3_109522395_110513770","region","h2","GWAS1",NA,0.000151546162307523,NA,NA,NA,NA,"Joint HESS uncertainty requires valid regional genetic and total residual parameters","gcorr_genome"
"chr3_11019665_13070799","region","h2","GWAS1",NA,0.00246344851862952,NA,NA,NA,NA,"Joint HESS uncertainty requires valid regional genetic and total residual parameters","gcorr_genome"
"chr3_110513770_112815699","region","h2","GWAS1",NA,0.000388325929156562,NA,NA,NA,NA,"Joint HESS uncertainty requires valid regional genetic and total residual parameters","gcorr_genome"
"chr3_112815699_113947863","region","h2","GWAS1",NA,0.000391736176003999,NA,NA,NA,NA,"Joint HESS uncertainty requires valid regional genetic and total residual parameters","gcorr_genome"
"chr3_113947863_115447080","region","h2","GWAS1",NA,0.000795841033023348,NA,NA,NA,NA,"Joint HESS uncertainty requires valid regional genetic and total residual parameters","gcorr_genome"
"chr3_115447080_116800153","region","h2","GWAS1",NA,0.000104672018364976,NA,NA,NA,NA,"Joint HESS uncertainty requires valid regional genetic and total residual parameters","gcorr_genome"
"chr3_116800153_118530251","region","h2","GWAS1",NA,0.000404634675623931,NA,NA,NA,NA,"Joint HESS uncertainty requires valid regional genetic and total residual parameters","gcorr_genome"
"chr3_118530251_120523055","region","h2","GWAS1",NA,0.000291599827633253,NA,NA,NA,NA,"Joint HESS uncertainty requires valid regional genetic and total residual parameters","gcorr_genome"
"chr3_120523055_121974097","region","h2","GWAS1",NA,0.000407801058187174,NA,NA,NA,NA,"Joint HESS uncertainty requires valid regional genetic and total residual parameters","gcorr_genome"
"chr3_121974097_123517768","region","h2","GWAS1",NA,0.000565263355383296,NA,NA,NA,NA,"Joint HESS uncertainty requires valid regional genetic and total residual parameters","gcorr_genome"
"chr3_123517768_124936642","region","h2","GWAS1",NA,0.000375078820291744,NA,NA,NA,NA,"Joint HESS uncertainty requires valid regional genetic and total residual parameters","gcorr_genome"
"chr3_124936642_126214943","region","h2","GWAS1",NA,0.000352693890468414,NA,NA,NA,NA,"Joint HESS uncertainty requires valid regional genetic and total residual parameters","gcorr_genome"
"chr3_126214943_128194861","region","h2","GWAS1",NA,0.000427319206495663,NA,NA,NA,NA,"Joint HESS uncertainty requires valid regional genetic and total residual parameters","gcorr_genome"
"chr3_128194861_130244735","region","h2","GWAS1",NA,0.000818100577930007,NA,NA,NA,NA,"Joint HESS uncertainty requires valid regional genetic and total residual parameters","gcorr_genome"
"chr3_130244735_131836516","region","h2","GWAS1",NA,0.000444984207574304,NA,NA,NA,NA,"Joint HESS uncertainty requires valid regional genetic and total residual parameters","gcorr_genome"
"chr3_13070799_14816900","region","h2","GWAS1",NA,0.00032574084563591,NA,NA,NA,NA,"Joint HESS uncertainty requires valid regional genetic and total residual parameters","gcorr_genome"
"chr3_131836516_133252173","region","h2","GWAS1",NA,0.000115802825574842,NA,NA,NA,NA,"Joint HESS uncertainty requires valid regional genetic and total residual parameters","gcorr_genome"
"chr3_133252173_135456906","region","h2","GWAS1",NA,0.000387733433117689,NA,NA,NA,NA,"Joint HESS uncertainty requires valid regional genetic and total residual parameters","gcorr_genome"
"chr3_135456906_137371083","region","h2","GWAS1",NA,0.000661821113598156,NA,NA,NA,NA,"Joint HESS uncertainty requires valid regional genetic and total residual parameters","gcorr_genome"
"chr3_137371083_139954597","region","h2","GWAS1",NA,0.000578303825211532,NA,NA,NA,NA,"Joint HESS uncertainty requires valid regional genetic and total residual parameters","gcorr_genome"
"chr3_139954597_141339097","region","h2","GWAS1",NA,0.000349033349139072,NA,NA,NA,NA,"Joint HESS uncertainty requires valid regional genetic and total residual parameters","gcorr_genome"
"chr3_141339097_143164628","region","h2","GWAS1",NA,0.000169916224822516,NA,NA,NA,NA,"Joint HESS uncertainty requires valid regional genetic and total residual parameters","gcorr_genome"
"chr3_143164628_144410816","region","h2","GWAS1",NA,8.12498228222616e-05,NA,NA,NA,NA,"Joint HESS uncertainty requires valid regional genetic and total residual parameters","gcorr_genome"
"chr3_1441779_2992120","region","h2","GWAS1",NA,0.00018176011509459,NA,NA,NA,NA,"Joint HESS uncertainty requires valid regional genetic and total residual parameters","gcorr_genome"
"chr3_144410816_145664619","region","h2","GWAS1",NA,0.000116409421367923,NA,NA,NA,NA,"Joint HESS uncertainty requires valid regional genetic and total residual parameters","gcorr_genome"
"chr3_145664619_146726629","region","h2","GWAS1",NA,0.000230978939644888,NA,NA,NA,NA,"Joint HESS uncertainty requires valid regional genetic and total residual parameters","gcorr_genome"
"chr3_146726629_149043237","region","h2","GWAS1",NA,0.000182647555672334,NA,NA,NA,NA,"Joint HESS uncertainty requires valid regional genetic and total residual parameters","gcorr_genome"
"chr3_14816900_16282442","region","h2","GWAS1",NA,0.000766475842079423,NA,NA,NA,NA,"Joint HESS uncertainty requires valid regional genetic and total residual parameters","gcorr_genome"
"chr3_149043237_150252004","region","h2","GWAS1",NA,0.000481679587134454,NA,NA,NA,NA,"Joint HESS uncertainty requires valid regional genetic and total residual parameters","gcorr_genome"
"chr3_150252004_151348730","region","h2","GWAS1",NA,0.000735886153224273,NA,NA,NA,NA,"Joint HESS uncertainty requires valid regional genetic and total residual parameters","gcorr_genome"
"chr3_151348730_153256571","region","h2","GWAS1",NA,0.00123873800006798,NA,NA,NA,NA,"Joint HESS uncertainty requires valid regional genetic and total residual parameters","gcorr_genome"
"chr3_153256571_154714218","region","h2","GWAS1",NA,0.000314430655269833,NA,NA,NA,NA,"Joint HESS uncertainty requires valid regional genetic and total residual parameters","gcorr_genome"
"chr3_154714218_156008700","region","h2","GWAS1",NA,0.000258703068699923,NA,NA,NA,NA,"Joint HESS uncertainty requires valid regional genetic and total residual parameters","gcorr_genome"
"chr3_156008700_157312028","region","h2","GWAS1",NA,0.000439661952623679,NA,NA,NA,NA,"Joint HESS uncertainty requires valid regional genetic and total residual parameters","gcorr_genome"
"chr3_157312028_159477890","region","h2","GWAS1",NA,0.000432606065594541,NA,NA,NA,NA,"Joint HESS uncertainty requires valid regional genetic and total residual parameters","gcorr_genome"
"chr3_159477890_161524504","region","h2","GWAS1",NA,0.000419448964106737,NA,NA,NA,NA,"Joint HESS uncertainty requires valid regional genetic and total residual parameters","gcorr_genome"
"chr3_161524504_163253205","region","h2","GWAS1",NA,0.000315059961073579,NA,NA,NA,NA,"Joint HESS uncertainty requires valid regional genetic and total residual parameters","gcorr_genome"
"chr3_16282442_17891118","region","h2","GWAS1",NA,0.000444737304782563,NA,NA,NA,NA,"Joint HESS uncertainty requires valid regional genetic and total residual parameters","gcorr_genome"
"chr3_163253205_165055469","region","h2","GWAS1",NA,0.000426951209002954,NA,NA,NA,NA,"Joint HESS uncertainty requires valid regional genetic and total residual parameters","gcorr_genome"
"chr3_165055469_167117429","region","h2","GWAS1",NA,0.000328321697301518,NA,NA,NA,NA,"Joint HESS uncertainty requires valid regional genetic and total residual parameters","gcorr_genome"
"chr3_167117429_168580960","region","h2","GWAS1",NA,0.000703259028717379,NA,NA,NA,NA,"Joint HESS uncertainty requires valid regional genetic and total residual parameters","gcorr_genome"
"chr3_168580960_170964909","region","h2","GWAS1",NA,0.00104766221283593,NA,NA,NA,NA,"Joint HESS uncertainty requires valid regional genetic and total residual parameters","gcorr_genome"
"chr3_170964909_172295731","region","h2","GWAS1",NA,0.000125035500685194,NA,NA,NA,NA,"Joint HESS uncertainty requires valid regional genetic and total residual parameters","gcorr_genome"
"chr3_172295731_173477285","region","h2","GWAS1",NA,0.000399296659796601,NA,NA,NA,NA,"Joint HESS uncertainty requires valid regional genetic and total residual parameters","gcorr_genome"
"chr3_173477285_175116539","region","h2","GWAS1",NA,0.000438793577231004,NA,NA,NA,NA,"Joint HESS uncertainty requires valid regional genetic and total residual parameters","gcorr_genome"
"chr3_175116539_176320287","region","h2","GWAS1",NA,0.000391364077436782,NA,NA,NA,NA,"Joint HESS uncertainty requires valid regional genetic and total residual parameters","gcorr_genome"
"chr3_176320287_178107165","region","h2","GWAS1",NA,0.000190170262567269,NA,NA,NA,NA,"Joint HESS uncertainty requires valid regional genetic and total residual parameters","gcorr_genome"
"chr3_178107165_179374586","region","h2","GWAS1",NA,0.000213772910136114,NA,NA,NA,NA,"Joint HESS uncertainty requires valid regional genetic and total residual parameters","gcorr_genome"
"chr3_17891118_19125144","region","h2","GWAS1",NA,0.00059559705243485,NA,NA,NA,NA,"Joint HESS uncertainty requires valid regional genetic and total residual parameters","gcorr_genome"
"chr3_179374586_181511166","region","h2","GWAS1",NA,0.000356430749990346,NA,NA,NA,NA,"Joint HESS uncertainty requires valid regional genetic and total residual parameters","gcorr_genome"
"chr3_181511166_183769683","region","h2","GWAS1",NA,0.000876399641786518,NA,NA,NA,NA,"Joint HESS uncertainty requires valid regional genetic and total residual parameters","gcorr_genome"
"chr3_183769683_185068255","region","h2","GWAS1",NA,0.000397523462295843,NA,NA,NA,NA,"Joint HESS uncertainty requires valid regional genetic and total residual parameters","gcorr_genome"
"chr3_185068255_186890344","region","h2","GWAS1",NA,0.00269875920414209,NA,NA,NA,NA,"Joint HESS uncertainty requires valid regional genetic and total residual parameters","gcorr_genome"
"chr3_186890344_188856214","region","h2","GWAS1",NA,0.000203476433390005,NA,NA,NA,NA,"Joint HESS uncertainty requires valid regional genetic and total residual parameters","gcorr_genome"
"chr3_188856214_190226607","region","h2","GWAS1",NA,0.0001071889452311,NA,NA,NA,NA,"Joint HESS uncertainty requires valid regional genetic and total residual parameters","gcorr_genome"
"chr3_190226607_192343814","region","h2","GWAS1",NA,0.000311490620818272,NA,NA,NA,NA,"Joint HESS uncertainty requires valid regional genetic and total residual parameters","gcorr_genome"
"chr3_19125144_20091348","region","h2","GWAS1",NA,0.000231378873789102,NA,NA,NA,NA,"Joint HESS uncertainty requires valid regional genetic and total residual parameters","gcorr_genome"
"chr3_192343814_194059671","region","h2","GWAS1",NA,0.000273908346381816,NA,NA,NA,NA,"Joint HESS uncertainty requires valid regional genetic and total residual parameters","gcorr_genome"
"chr3_194059671_194786674","region","h2","GWAS1",NA,0.000440385500474,NA,NA,NA,NA,"Joint HESS uncertainty requires valid regional genetic and total residual parameters","gcorr_genome"
"chr3_194786674_195971408","region","h2","GWAS1",NA,0.000502023714496493,NA,NA,NA,NA,"Joint HESS uncertainty requires valid regional genetic and total residual parameters","gcorr_genome"
"chr3_195971408_197075987","region","h2","GWAS1",NA,0.00045771670920916,NA,NA,NA,NA,"Joint HESS uncertainty requires valid regional genetic and total residual parameters","gcorr_genome"
"chr3_197075987_197946622","region","h2","GWAS1",NA,0.00012794227078167,NA,NA,NA,NA,"Joint HESS uncertainty requires valid regional genetic and total residual parameters","gcorr_genome"
"chr3_20091348_21643707","region","h2","GWAS1",NA,0.000353500951643825,NA,NA,NA,NA,"Joint HESS uncertainty requires valid regional genetic and total residual parameters","gcorr_genome"
"chr3_21643707_22204244","region","h2","GWAS1",NA,0.000447816526761231,NA,NA,NA,NA,"Joint HESS uncertainty requires valid regional genetic and total residual parameters","gcorr_genome"
"chr3_22204244_23804865","region","h2","GWAS1",NA,0.00112911281635712,NA,NA,NA,NA,"Joint HESS uncertainty requires valid regional genetic and total residual parameters","gcorr_genome"
"chr3_23804865_25461558","region","h2","GWAS1",NA,0.000258787493133452,NA,NA,NA,NA,"Joint HESS uncertainty requires valid regional genetic and total residual parameters","gcorr_genome"
"chr3_25461558_26877769","region","h2","GWAS1",NA,0.000324823260456372,NA,NA,NA,NA,"Joint HESS uncertainty requires valid regional genetic and total residual parameters","gcorr_genome"
"chr3_26877769_27840910","region","h2","GWAS1",NA,0.000554741650971716,NA,NA,NA,NA,"Joint HESS uncertainty requires valid regional genetic and total residual parameters","gcorr_genome"
"chr3_27840910_29142260","region","h2","GWAS1",NA,0.000211905765321634,NA,NA,NA,NA,"Joint HESS uncertainty requires valid regional genetic and total residual parameters","gcorr_genome"
"chr3_29142260_30717955","region","h2","GWAS1",NA,0.000481127478469067,NA,NA,NA,NA,"Joint HESS uncertainty requires valid regional genetic and total residual parameters","gcorr_genome"
"chr3_2992120_4431647","region","h2","GWAS1",NA,0.000255687391537075,NA,NA,NA,NA,"Joint HESS uncertainty requires valid regional genetic and total residual parameters","gcorr_genome"
"chr3_30717955_32351715","region","h2","GWAS1",NA,0.000238774968515995,NA,NA,NA,NA,"Joint HESS uncertainty requires valid regional genetic and total residual parameters","gcorr_genome"
"chr3_32351715_33255592","region","h2","GWAS1",NA,0.000149123434895999,NA,NA,NA,NA,"Joint HESS uncertainty requires valid regional genetic and total residual parameters","gcorr_genome"
"chr3_33255592_35283458","region","h2","GWAS1",NA,0.000483501861358791,NA,NA,NA,NA,"Joint HESS uncertainty requires valid regional genetic and total residual parameters","gcorr_genome"
"chr3_35283458_36486842","region","h2","GWAS1",NA,0.00051985729823631,NA,NA,NA,NA,"Joint HESS uncertainty requires valid regional genetic and total residual parameters","gcorr_genome"
"chr3_36486842_38356116","region","h2","GWAS1",NA,0.000332633590220717,NA,NA,NA,NA,"Joint HESS uncertainty requires valid regional genetic and total residual parameters","gcorr_genome"
"chr3_38356116_40221298","region","h2","GWAS1",NA,0.000375292898136823,NA,NA,NA,NA,"Joint HESS uncertainty requires valid regional genetic and total residual parameters","gcorr_genome"
"chr3_40221298_41064528","region","h2","GWAS1",NA,0.000136491619185314,NA,NA,NA,NA,"Joint HESS uncertainty requires valid regional genetic and total residual parameters","gcorr_genome"
"chr3_41064528_42540002","region","h2","GWAS1",NA,0.000215627754744895,NA,NA,NA,NA,"Joint HESS uncertainty requires valid regional genetic and total residual parameters","gcorr_genome"
"chr3_42540002_45165153","region","h2","GWAS1",NA,0.000267610497193243,NA,NA,NA,NA,"Joint HESS uncertainty requires valid regional genetic and total residual parameters","gcorr_genome"
"chr3_4431647_6083183","region","h2","GWAS1",NA,0.000387811034660657,NA,NA,NA,NA,"Joint HESS uncertainty requires valid regional genetic and total residual parameters","gcorr_genome"
"chr3_45165153_46657500","region","h2","GWAS1",NA,0.000467504718710184,NA,NA,NA,NA,"Joint HESS uncertainty requires valid regional genetic and total residual parameters","gcorr_genome"
"chr3_46657500_47727212","region","h2","GWAS1",NA,0.00114445153971256,NA,NA,NA,NA,"Joint HESS uncertainty requires valid regional genetic and total residual parameters","gcorr_genome"
"chr3_47727212_49316972","region","h2","GWAS1",NA,0.00110351195148063,NA,NA,NA,NA,"Joint HESS uncertainty requires valid regional genetic and total residual parameters","gcorr_genome"
"chr3_49316972_51832015","region","h2","GWAS1",NA,0.000536747458141018,NA,NA,NA,NA,"Joint HESS uncertainty requires valid regional genetic and total residual parameters","gcorr_genome"
"chr3_51832015_54081390","region","h2","GWAS1",NA,0.000658542633453545,NA,NA,NA,NA,"Joint HESS uncertainty requires valid regional genetic and total residual parameters","gcorr_genome"
"chr3_54081390_55348860","region","h2","GWAS1",NA,0.000267482060151516,NA,NA,NA,NA,"Joint HESS uncertainty requires valid regional genetic and total residual parameters","gcorr_genome"
"chr3_55348860_56433907","region","h2","GWAS1",NA,0.000150391783223329,NA,NA,NA,NA,"Joint HESS uncertainty requires valid regional genetic and total residual parameters","gcorr_genome"
"chr3_56433907_58157519","region","h2","GWAS1",NA,0.000462016668014087,NA,NA,NA,NA,"Joint HESS uncertainty requires valid regional genetic and total residual parameters","gcorr_genome"
"chr3_58157519_60272906","region","h2","GWAS1",NA,0.000578399172472761,NA,NA,NA,NA,"Joint HESS uncertainty requires valid regional genetic and total residual parameters","gcorr_genome"
"chr3_60157_1441779","region","h2","GWAS1",NA,0.000192672987527199,NA,NA,NA,NA,"Joint HESS uncertainty requires valid regional genetic and total residual parameters","gcorr_genome"
"chr3_60272906_62355666","region","h2","GWAS1",NA,0.000411890959758886,NA,NA,NA,NA,"Joint HESS uncertainty requires valid regional genetic and total residual parameters","gcorr_genome"
"chr3_6083183_7083387","region","h2","GWAS1",NA,0.000229451144351607,NA,NA,NA,NA,"Joint HESS uncertainty requires valid regional genetic and total residual parameters","gcorr_genome"
"chr3_62355666_63669286","region","h2","GWAS1",NA,0.000401208894271782,NA,NA,NA,NA,"Joint HESS uncertainty requires valid regional genetic and total residual parameters","gcorr_genome"
"chr3_63669286_65273538","region","h2","GWAS1",NA,0.000629251451989844,NA,NA,NA,NA,"Joint HESS uncertainty requires valid regional genetic and total residual parameters","gcorr_genome"
"chr3_65273538_66270447","region","h2","GWAS1",NA,0.000100475437797868,NA,NA,NA,NA,"Joint HESS uncertainty requires valid regional genetic and total residual parameters","gcorr_genome"
"chr3_66270447_68286914","region","h2","GWAS1",NA,0.000612565671100985,NA,NA,NA,NA,"Joint HESS uncertainty requires valid regional genetic and total residual parameters","gcorr_genome"
"chr3_68286914_69276762","region","h2","GWAS1",NA,0.000184460114805564,NA,NA,NA,NA,"Joint HESS uncertainty requires valid regional genetic and total residual parameters","gcorr_genome"
"chr3_69276762_70449028","region","h2","GWAS1",NA,0.000418424324084144,NA,NA,NA,NA,"Joint HESS uncertainty requires valid regional genetic and total residual parameters","gcorr_genome"
"chr3_70449028_72529329","region","h2","GWAS1",NA,0.000220222667412744,NA,NA,NA,NA,"Joint HESS uncertainty requires valid regional genetic and total residual parameters","gcorr_genome"
"chr3_7083387_8648561","region","h2","GWAS1",NA,0.000185907972092952,NA,NA,NA,NA,"Joint HESS uncertainty requires valid regional genetic and total residual parameters","gcorr_genome"
"chr3_72529329_74321817","region","h2","GWAS1",NA,0.000417291132461576,NA,NA,NA,NA,"Joint HESS uncertainty requires valid regional genetic and total residual parameters","gcorr_genome"
"chr3_74321817_75704949","region","h2","GWAS1",NA,0.000169466685405455,NA,NA,NA,NA,"Joint HESS uncertainty requires valid regional genetic and total residual parameters","gcorr_genome"
"chr3_75704949_77508835","region","h2","GWAS1",NA,0.000697993788389927,NA,NA,NA,NA,"Joint HESS uncertainty requires valid regional genetic and total residual parameters","gcorr_genome"
"chr3_77508835_79024541","region","h2","GWAS1",NA,0.000547757253264909,NA,NA,NA,NA,"Joint HESS uncertainty requires valid regional genetic and total residual parameters","gcorr_genome"
"chr3_79024541_81427310","region","h2","GWAS1",NA,0.000218209212134903,NA,NA,NA,NA,"Joint HESS uncertainty requires valid regional genetic and total residual parameters","gcorr_genome"
"chr3_81427310_82643886","region","h2","GWAS1",NA,0.000490635540973131,NA,NA,NA,NA,"Joint HESS uncertainty requires valid regional genetic and total residual parameters","gcorr_genome"
"chr3_82643886_84367479","region","h2","GWAS1",NA,0.000194274622861372,NA,NA,NA,NA,"Joint HESS uncertainty requires valid regional genetic and total residual parameters","gcorr_genome"
"chr3_84367479_85582231","region","h2","GWAS1",NA,0.000272798838089847,NA,NA,NA,NA,"Joint HESS uncertainty requires valid regional genetic and total residual parameters","gcorr_genome"
"chr3_85582231_87409732","region","h2","GWAS1",NA,0.000437368697575461,NA,NA,NA,NA,"Joint HESS uncertainty requires valid regional genetic and total residual parameters","gcorr_genome"
"chr3_8648561_9543183","region","h2","GWAS1",NA,0.000600620477747537,NA,NA,NA,NA,"Joint HESS uncertainty requires valid regional genetic and total residual parameters","gcorr_genome"
"chr3_87409732_88298373","region","h2","GWAS1",NA,0.000422222901575121,NA,NA,NA,NA,"Joint HESS uncertainty requires valid regional genetic and total residual parameters","gcorr_genome"
"chr3_88298373_94255316","region","h2","GWAS1",NA,0.000552158693333183,NA,NA,NA,NA,"Joint HESS uncertainty requires valid regional genetic and total residual parameters","gcorr_genome"
"chr3_94255316_95311971","region","h2","GWAS1",NA,0.000534501982365402,NA,NA,NA,NA,"Joint HESS uncertainty requires valid regional genetic and total residual parameters","gcorr_genome"
"chr3_95311971_98215950","region","h2","GWAS1",NA,0.000504864731051791,NA,NA,NA,NA,"Joint HESS uncertainty requires valid regional genetic and total residual parameters","gcorr_genome"
"chr3_9543183_11019665","region","h2","GWAS1",NA,0.000327353850907191,NA,NA,NA,NA,"Joint HESS uncertainty requires valid regional genetic and total residual parameters","gcorr_genome"
"chr3_98215950_99373762","region","h2","GWAS1",NA,0.00035492678576512,NA,NA,NA,NA,"Joint HESS uncertainty requires valid regional genetic and total residual parameters","gcorr_genome"
"chr3_99373762_100592217","region","h2","GWAS1",NA,0.000292477638634048,NA,NA,NA,NA,"Joint HESS uncertainty requires valid regional genetic and total residual parameters","gcorr_genome"
"chr4_100678360_103221356","region","h2","GWAS1",NA,0.000113310854125282,NA,NA,NA,NA,"Joint HESS uncertainty requires valid regional genetic and total residual parameters","gcorr_genome"
"chr4_10240_694715","region","h2","GWAS1",NA,0.000514850263351085,NA,NA,NA,NA,"Joint HESS uncertainty requires valid regional genetic and total residual parameters","gcorr_genome"
"chr4_103221356_105305294","region","h2","GWAS1",NA,0.00113583273335964,NA,NA,NA,NA,"Joint HESS uncertainty requires valid regional genetic and total residual parameters","gcorr_genome"
"chr4_105305294_107501305","region","h2","GWAS1",NA,0.000666703366843807,NA,NA,NA,NA,"Joint HESS uncertainty requires valid regional genetic and total residual parameters","gcorr_genome"
"chr4_10699152_12323034","region","h2","GWAS1",NA,0.000321425588161738,NA,NA,NA,NA,"Joint HESS uncertainty requires valid regional genetic and total residual parameters","gcorr_genome"
"chr4_107501305_108815348","region","h2","GWAS1",NA,0.000286852063410615,NA,NA,NA,NA,"Joint HESS uncertainty requires valid regional genetic and total residual parameters","gcorr_genome"
"chr4_108815348_111256567","region","h2","GWAS1",NA,0.000187592358899108,NA,NA,NA,NA,"Joint HESS uncertainty requires valid regional genetic and total residual parameters","gcorr_genome"
"chr4_111256567_113870102","region","h2","GWAS1",NA,0.000218690671421483,NA,NA,NA,NA,"Joint HESS uncertainty requires valid regional genetic and total residual parameters","gcorr_genome"
"chr4_113870102_115666246","region","h2","GWAS1",NA,0.000569207457101618,NA,NA,NA,NA,"Joint HESS uncertainty requires valid regional genetic and total residual parameters","gcorr_genome"
"chr4_115666246_117276929","region","h2","GWAS1",NA,0.000276364526591213,NA,NA,NA,NA,"Joint HESS uncertainty requires valid regional genetic and total residual parameters","gcorr_genome"
"chr4_117276929_118479918","region","h2","GWAS1",NA,0.000288992036073691,NA,NA,NA,NA,"Joint HESS uncertainty requires valid regional genetic and total residual parameters","gcorr_genome"
"chr4_118479918_119933512","region","h2","GWAS1",NA,0.000469399918109363,NA,NA,NA,NA,"Joint HESS uncertainty requires valid regional genetic and total residual parameters","gcorr_genome"
"chr4_119933512_120392684","region","h2","GWAS1",NA,0.000268035854053789,NA,NA,NA,NA,"Joint HESS uncertainty requires valid regional genetic and total residual parameters","gcorr_genome"
"chr4_120392684_122657987","region","h2","GWAS1",NA,0.000314662129458632,NA,NA,NA,NA,"Joint HESS uncertainty requires valid regional genetic and total residual parameters","gcorr_genome"
"chr4_122657987_124286481","region","h2","GWAS1",NA,0.000318110715741382,NA,NA,NA,NA,"Joint HESS uncertainty requires valid regional genetic and total residual parameters","gcorr_genome"
"chr4_12323034_14272001","region","h2","GWAS1",NA,0.000221128029337154,NA,NA,NA,NA,"Joint HESS uncertainty requires valid regional genetic and total residual parameters","gcorr_genome"
"chr4_124286481_125210862","region","h2","GWAS1",NA,0.000321011437026606,NA,NA,NA,NA,"Joint HESS uncertainty requires valid regional genetic and total residual parameters","gcorr_genome"
"chr4_125210862_126480886","region","h2","GWAS1",NA,0.000638269455366357,NA,NA,NA,NA,"Joint HESS uncertainty requires valid regional genetic and total residual parameters","gcorr_genome"
"chr4_126480886_127275477","region","h2","GWAS1",NA,0.000319574202377332,NA,NA,NA,NA,"Joint HESS uncertainty requires valid regional genetic and total residual parameters","gcorr_genome"
"chr4_127275477_127830293","region","h2","GWAS1",NA,0.000194688655672942,NA,NA,NA,NA,"Joint HESS uncertainty requires valid regional genetic and total residual parameters","gcorr_genome"
"chr4_127830293_128996665","region","h2","GWAS1",NA,0.00050735678676007,NA,NA,NA,NA,"Joint HESS uncertainty requires valid regional genetic and total residual parameters","gcorr_genome"
"chr4_128996665_130591885","region","h2","GWAS1",NA,0.000545341076930314,NA,NA,NA,NA,"Joint HESS uncertainty requires valid regional genetic and total residual parameters","gcorr_genome"
"chr4_130591885_131283821","region","h2","GWAS1",NA,0.00030750328417161,NA,NA,NA,NA,"Joint HESS uncertainty requires valid regional genetic and total residual parameters","gcorr_genome"
"chr4_131283821_132954033","region","h2","GWAS1",NA,0.000430676550322822,NA,NA,NA,NA,"Joint HESS uncertainty requires valid regional genetic and total residual parameters","gcorr_genome"
"chr4_132954033_134628434","region","h2","GWAS1",NA,0.000303807349728866,NA,NA,NA,NA,"Joint HESS uncertainty requires valid regional genetic and total residual parameters","gcorr_genome"
"chr4_134628434_136566407","region","h2","GWAS1",NA,0.000237063942760354,NA,NA,NA,NA,"Joint HESS uncertainty requires valid regional genetic and total residual parameters","gcorr_genome"
"chr4_136566407_138541971","region","h2","GWAS1",NA,0.000286640881033369,NA,NA,NA,NA,"Joint HESS uncertainty requires valid regional genetic and total residual parameters","gcorr_genome"
"chr4_138541971_139556511","region","h2","GWAS1",NA,0.000328137904751183,NA,NA,NA,NA,"Joint HESS uncertainty requires valid regional genetic and total residual parameters","gcorr_genome"
"chr4_139556511_141084631","region","h2","GWAS1",NA,0.000201674747549487,NA,NA,NA,NA,"Joint HESS uncertainty requires valid regional genetic and total residual parameters","gcorr_genome"
"chr4_141084631_143443265","region","h2","GWAS1",NA,9.88087687796248e-05,NA,NA,NA,NA,"Joint HESS uncertainty requires valid regional genetic and total residual parameters","gcorr_genome"
"chr4_14272001_15147446","region","h2","GWAS1",NA,0.000282849057590914,NA,NA,NA,NA,"Joint HESS uncertainty requires valid regional genetic and total residual parameters","gcorr_genome"
"chr4_143443265_146178187","region","h2","GWAS1",NA,0.000483145718114716,NA,NA,NA,NA,"Joint HESS uncertainty requires valid regional genetic and total residual parameters","gcorr_genome"
"chr4_146178187_148521873","region","h2","GWAS1",NA,0.000248234878552581,NA,NA,NA,NA,"Joint HESS uncertainty requires valid regional genetic and total residual parameters","gcorr_genome"
"chr4_1478711_2842979","region","h2","GWAS1",NA,0.000349373441802053,NA,NA,NA,NA,"Joint HESS uncertainty requires valid regional genetic and total residual parameters","gcorr_genome"
"chr4_148521873_150683580","region","h2","GWAS1",NA,0.000272547246941719,NA,NA,NA,NA,"Joint HESS uncertainty requires valid regional genetic and total residual parameters","gcorr_genome"
"chr4_150683580_152782184","region","h2","GWAS1",NA,0.000137584758569447,NA,NA,NA,NA,"Joint HESS uncertainty requires valid regional genetic and total residual parameters","gcorr_genome"
"chr4_15147446_15927009","region","h2","GWAS1",NA,0.000209868304108516,NA,NA,NA,NA,"Joint HESS uncertainty requires valid regional genetic and total residual parameters","gcorr_genome"
"chr4_152782184_154477641","region","h2","GWAS1",NA,0.000938585324464414,NA,NA,NA,NA,"Joint HESS uncertainty requires valid regional genetic and total residual parameters","gcorr_genome"
"chr4_154477641_155056126","region","h2","GWAS1",NA,0.000281669980758226,NA,NA,NA,NA,"Joint HESS uncertainty requires valid regional genetic and total residual parameters","gcorr_genome"
"chr4_155056126_157485097","region","h2","GWAS1",NA,0.000307201756444899,NA,NA,NA,NA,"Joint HESS uncertainty requires valid regional genetic and total residual parameters","gcorr_genome"
"chr4_157485097_158743718","region","h2","GWAS1",NA,0.000518286231885675,NA,NA,NA,NA,"Joint HESS uncertainty requires valid regional genetic and total residual parameters","gcorr_genome"
"chr4_158743718_161058864","region","h2","GWAS1",NA,0.000298871513013538,NA,NA,NA,NA,"Joint HESS uncertainty requires valid regional genetic and total residual parameters","gcorr_genome"
"chr4_15927009_17383322","region","h2","GWAS1",NA,0.000348608827062723,NA,NA,NA,NA,"Joint HESS uncertainty requires valid regional genetic and total residual parameters","gcorr_genome"
"chr4_161058864_161826435","region","h2","GWAS1",NA,0.000312174739945284,NA,NA,NA,NA,"Joint HESS uncertainty requires valid regional genetic and total residual parameters","gcorr_genome"
"chr4_161826435_163243679","region","h2","GWAS1",NA,0.000565152252140993,NA,NA,NA,NA,"Joint HESS uncertainty requires valid regional genetic and total residual parameters","gcorr_genome"
"chr4_163243679_164478234","region","h2","GWAS1",NA,0.000520746449580264,NA,NA,NA,NA,"Joint HESS uncertainty requires valid regional genetic and total residual parameters","gcorr_genome"
"chr4_164478234_165823448","region","h2","GWAS1",NA,0.000237894813288628,NA,NA,NA,NA,"Joint HESS uncertainty requires valid regional genetic and total residual parameters","gcorr_genome"
"chr4_165823448_167018858","region","h2","GWAS1",NA,0.000220389202616693,NA,NA,NA,NA,"Joint HESS uncertainty requires valid regional genetic and total residual parameters","gcorr_genome"
"chr4_167018858_167852917","region","h2","GWAS1",NA,0.000526078569853211,NA,NA,NA,NA,"Joint HESS uncertainty requires valid regional genetic and total residual parameters","gcorr_genome"
"chr4_167852917_169676825","region","h2","GWAS1",NA,6.50235897250441e-05,NA,NA,NA,NA,"Joint HESS uncertainty requires valid regional genetic and total residual parameters","gcorr_genome"
"chr4_169676825_170776510","region","h2","GWAS1",NA,0.000280459018109559,NA,NA,NA,NA,"Joint HESS uncertainty requires valid regional genetic and total residual parameters","gcorr_genome"
"chr4_170776510_172558635","region","h2","GWAS1",NA,0.000540516169900118,NA,NA,NA,NA,"Joint HESS uncertainty requires valid regional genetic and total residual parameters","gcorr_genome"
"chr4_172558635_174264132","region","h2","GWAS1",NA,0.00035222354898683,NA,NA,NA,NA,"Joint HESS uncertainty requires valid regional genetic and total residual parameters","gcorr_genome"
"chr4_17383322_18841874","region","h2","GWAS1",NA,0.000813476984931208,NA,NA,NA,NA,"Joint HESS uncertainty requires valid regional genetic and total residual parameters","gcorr_genome"
"chr4_174264132_176570716","region","h2","GWAS1",NA,0.000206540619987875,NA,NA,NA,NA,"Joint HESS uncertainty requires valid regional genetic and total residual parameters","gcorr_genome"
"chr4_176570716_178991910","region","h2","GWAS1",NA,0.000260248037111452,NA,NA,NA,NA,"Joint HESS uncertainty requires valid regional genetic and total residual parameters","gcorr_genome"
"chr4_178991910_180122043","region","h2","GWAS1",NA,0.000105498152160022,NA,NA,NA,NA,"Joint HESS uncertainty requires valid regional genetic and total residual parameters","gcorr_genome"
"chr4_180122043_182066807","region","h2","GWAS1",NA,0.000267332104951192,NA,NA,NA,NA,"Joint HESS uncertainty requires valid regional genetic and total residual parameters","gcorr_genome"
"chr4_182066807_183371275","region","h2","GWAS1",NA,0.000137268464484625,NA,NA,NA,NA,"Joint HESS uncertainty requires valid regional genetic and total residual parameters","gcorr_genome"
"chr4_183371275_184929455","region","h2","GWAS1",NA,0.00029978638513021,NA,NA,NA,NA,"Joint HESS uncertainty requires valid regional genetic and total residual parameters","gcorr_genome"
"chr4_184929455_186909090","region","h2","GWAS1",NA,0.000602306837462846,NA,NA,NA,NA,"Joint HESS uncertainty requires valid regional genetic and total residual parameters","gcorr_genome"
"chr4_186909090_188472981","region","h2","GWAS1",NA,0.00017722429860618,NA,NA,NA,NA,"Joint HESS uncertainty requires valid regional genetic and total residual parameters","gcorr_genome"
"chr4_18841874_20544557","region","h2","GWAS1",NA,0.000567060513736072,NA,NA,NA,NA,"Joint HESS uncertainty requires valid regional genetic and total residual parameters","gcorr_genome"
"chr4_188472981_189693511","region","h2","GWAS1",NA,0.000484073596040937,NA,NA,NA,NA,"Joint HESS uncertainty requires valid regional genetic and total residual parameters","gcorr_genome"
"chr4_189693511_191043594","region","h2","GWAS1",NA,0.000541630211896099,NA,NA,NA,NA,"Joint HESS uncertainty requires valid regional genetic and total residual parameters","gcorr_genome"
"chr4_20544557_22319347","region","h2","GWAS1",NA,0.000331702500603311,NA,NA,NA,NA,"Joint HESS uncertainty requires valid regional genetic and total residual parameters","gcorr_genome"
"chr4_22319347_24135529","region","h2","GWAS1",NA,0.00032015487477697,NA,NA,NA,NA,"Joint HESS uncertainty requires valid regional genetic and total residual parameters","gcorr_genome"
"chr4_24135529_25609322","region","h2","GWAS1",NA,0.000376007719718877,NA,NA,NA,NA,"Joint HESS uncertainty requires valid regional genetic and total residual parameters","gcorr_genome"
"chr4_25609322_27343722","region","h2","GWAS1",NA,0.00076982665780699,NA,NA,NA,NA,"Joint HESS uncertainty requires valid regional genetic and total residual parameters","gcorr_genome"
"chr4_27343722_27965868","region","h2","GWAS1",NA,7.27146816840604e-05,NA,NA,NA,NA,"Joint HESS uncertainty requires valid regional genetic and total residual parameters","gcorr_genome"
"chr4_27965868_29762208","region","h2","GWAS1",NA,0.000493687190644493,NA,NA,NA,NA,"Joint HESS uncertainty requires valid regional genetic and total residual parameters","gcorr_genome"
"chr4_2842979_3846040","region","h2","GWAS1",NA,0.000362109403106539,NA,NA,NA,NA,"Joint HESS uncertainty requires valid regional genetic and total residual parameters","gcorr_genome"
"chr4_29762208_30454535","region","h2","GWAS1",NA,0.000470995118137912,NA,NA,NA,NA,"Joint HESS uncertainty requires valid regional genetic and total residual parameters","gcorr_genome"
"chr4_30454535_31782981","region","h2","GWAS1",NA,0.000156216560106304,NA,NA,NA,NA,"Joint HESS uncertainty requires valid regional genetic and total residual parameters","gcorr_genome"
"chr4_31782981_33172766","region","h2","GWAS1",NA,0.000478262962499202,NA,NA,NA,NA,"Joint HESS uncertainty requires valid regional genetic and total residual parameters","gcorr_genome"
"chr4_33172766_35151415","region","h2","GWAS1",NA,0.000368533519840215,NA,NA,NA,NA,"Joint HESS uncertainty requires valid regional genetic and total residual parameters","gcorr_genome"
"chr4_35151415_36020436","region","h2","GWAS1",NA,0.000231511997327174,NA,NA,NA,NA,"Joint HESS uncertainty requires valid regional genetic and total residual parameters","gcorr_genome"
"chr4_36020436_37255047","region","h2","GWAS1",NA,0.000274545098622162,NA,NA,NA,NA,"Joint HESS uncertainty requires valid regional genetic and total residual parameters","gcorr_genome"
"chr4_37255047_38907022","region","h2","GWAS1",NA,0.000328169844863366,NA,NA,NA,NA,"Joint HESS uncertainty requires valid regional genetic and total residual parameters","gcorr_genome"
"chr4_3846040_4684116","region","h2","GWAS1",NA,0.000335739299890389,NA,NA,NA,NA,"Joint HESS uncertainty requires valid regional genetic and total residual parameters","gcorr_genome"
"chr4_38907022_40202609","region","h2","GWAS1",NA,0.000418312219492627,NA,NA,NA,NA,"Joint HESS uncertainty requires valid regional genetic and total residual parameters","gcorr_genome"
"chr4_40202609_42213058","region","h2","GWAS1",NA,9.86150119572042e-05,NA,NA,NA,NA,"Joint HESS uncertainty requires valid regional genetic and total residual parameters","gcorr_genome"
"chr4_42213058_43965045","region","h2","GWAS1",NA,0.000191104854332934,NA,NA,NA,NA,"Joint HESS uncertainty requires valid regional genetic and total residual parameters","gcorr_genome"
"chr4_43965045_45189157","region","h2","GWAS1",NA,0.000992461903035912,NA,NA,NA,NA,"Joint HESS uncertainty requires valid regional genetic and total residual parameters","gcorr_genome"
"chr4_45189157_47411896","region","h2","GWAS1",NA,0.000559019565263441,NA,NA,NA,NA,"Joint HESS uncertainty requires valid regional genetic and total residual parameters","gcorr_genome"
"chr4_4684116_5502388","region","h2","GWAS1",NA,0.000566859140567862,NA,NA,NA,NA,"Joint HESS uncertainty requires valid regional genetic and total residual parameters","gcorr_genome"
"chr4_47411896_48123600","region","h2","GWAS1",NA,0.000173187046610574,NA,NA,NA,NA,"Joint HESS uncertainty requires valid regional genetic and total residual parameters","gcorr_genome"
"chr4_48123600_53877433","region","h2","GWAS1",NA,0.00056961195811083,NA,NA,NA,NA,"Joint HESS uncertainty requires valid regional genetic and total residual parameters","gcorr_genome"
"chr4_53877433_55429556","region","h2","GWAS1",NA,0.000455531544803972,NA,NA,NA,NA,"Joint HESS uncertainty requires valid regional genetic and total residual parameters","gcorr_genome"
"chr4_5502388_6773043","region","h2","GWAS1",NA,0.00187461934254119,NA,NA,NA,NA,"Joint HESS uncertainty requires valid regional genetic and total residual parameters","gcorr_genome"
"chr4_55429556_56547644","region","h2","GWAS1",NA,0.000360181526772497,NA,NA,NA,NA,"Joint HESS uncertainty requires valid regional genetic and total residual parameters","gcorr_genome"
"chr4_56547644_58935008","region","h2","GWAS1",NA,8.37473513869172e-05,NA,NA,NA,NA,"Joint HESS uncertainty requires valid regional genetic and total residual parameters","gcorr_genome"
"chr4_58935008_60741087","region","h2","GWAS1",NA,0.000504948930565687,NA,NA,NA,NA,"Joint HESS uncertainty requires valid regional genetic and total residual parameters","gcorr_genome"
"chr4_60741087_62371763","region","h2","GWAS1",NA,0.000204942074134705,NA,NA,NA,NA,"Joint HESS uncertainty requires valid regional genetic and total residual parameters","gcorr_genome"
"chr4_62371763_64341001","region","h2","GWAS1",NA,0.000133351744589585,NA,NA,NA,NA,"Joint HESS uncertainty requires valid regional genetic and total residual parameters","gcorr_genome"
"chr4_64341001_66600492","region","h2","GWAS1",NA,0.000248754627279152,NA,NA,NA,NA,"Joint HESS uncertainty requires valid regional genetic and total residual parameters","gcorr_genome"
"chr4_66600492_68059497","region","h2","GWAS1",NA,0.000298008922673339,NA,NA,NA,NA,"Joint HESS uncertainty requires valid regional genetic and total residual parameters","gcorr_genome"
"chr4_6773043_7539692","region","h2","GWAS1",NA,0.000428393196214476,NA,NA,NA,NA,"Joint HESS uncertainty requires valid regional genetic and total residual parameters","gcorr_genome"
"chr4_68059497_68854765","region","h2","GWAS1",NA,0.000345469121155397,NA,NA,NA,NA,"Joint HESS uncertainty requires valid regional genetic and total residual parameters","gcorr_genome"
"chr4_68854765_71049152","region","h2","GWAS1",NA,0.000246744927698376,NA,NA,NA,NA,"Joint HESS uncertainty requires valid regional genetic and total residual parameters","gcorr_genome"
"chr4_694715_1478711","region","h2","GWAS1",NA,0.00109827703555603,NA,NA,NA,NA,"Joint HESS uncertainty requires valid regional genetic and total residual parameters","gcorr_genome"
"chr4_71049152_72140558","region","h2","GWAS1",NA,0.000522551091793169,NA,NA,NA,NA,"Joint HESS uncertainty requires valid regional genetic and total residual parameters","gcorr_genome"
"chr4_72140558_74592390","region","h2","GWAS1",NA,0.000451866992441925,NA,NA,NA,NA,"Joint HESS uncertainty requires valid regional genetic and total residual parameters","gcorr_genome"
"chr4_74592390_77130707","region","h2","GWAS1",NA,0.000245728796922108,NA,NA,NA,NA,"Joint HESS uncertainty requires valid regional genetic and total residual parameters","gcorr_genome"
"chr4_7539692_8152235","region","h2","GWAS1",NA,0.000404040094617913,NA,NA,NA,NA,"Joint HESS uncertainty requires valid regional genetic and total residual parameters","gcorr_genome"
"chr4_77130707_79093979","region","h2","GWAS1",NA,0.000718074264091386,NA,NA,NA,NA,"Joint HESS uncertainty requires valid regional genetic and total residual parameters","gcorr_genome"
"chr4_79093979_80990297","region","h2","GWAS1",NA,0.000602002328375003,NA,NA,NA,NA,"Joint HESS uncertainty requires valid regional genetic and total residual parameters","gcorr_genome"
"chr4_80990297_82125315","region","h2","GWAS1",NA,0.000355185011753208,NA,NA,NA,NA,"Joint HESS uncertainty requires valid regional genetic and total residual parameters","gcorr_genome"
"chr4_8152235_9326479","region","h2","GWAS1",NA,0.000383538704559806,NA,NA,NA,NA,"Joint HESS uncertainty requires valid regional genetic and total residual parameters","gcorr_genome"
"chr4_82125315_83372593","region","h2","GWAS1",NA,0.000426553099347696,NA,NA,NA,NA,"Joint HESS uncertainty requires valid regional genetic and total residual parameters","gcorr_genome"
"chr4_83372593_84799656","region","h2","GWAS1",NA,0.000518020274299948,NA,NA,NA,NA,"Joint HESS uncertainty requires valid regional genetic and total residual parameters","gcorr_genome"
"chr4_84799656_86930609","region","h2","GWAS1",NA,0.000327394147622412,NA,NA,NA,NA,"Joint HESS uncertainty requires valid regional genetic and total residual parameters","gcorr_genome"
"chr4_86930609_87534648","region","h2","GWAS1",NA,0.00025895957589197,NA,NA,NA,NA,"Joint HESS uncertainty requires valid regional genetic and total residual parameters","gcorr_genome"
"chr4_87534648_89238028","region","h2","GWAS1",NA,0.00016732725735413,NA,NA,NA,NA,"Joint HESS uncertainty requires valid regional genetic and total residual parameters","gcorr_genome"
"chr4_89238028_90231564","region","h2","GWAS1",NA,0.000704744011964548,NA,NA,NA,NA,"Joint HESS uncertainty requires valid regional genetic and total residual parameters","gcorr_genome"
"chr4_90231564_91560677","region","h2","GWAS1",NA,0.00040834001101164,NA,NA,NA,NA,"Joint HESS uncertainty requires valid regional genetic and total residual parameters","gcorr_genome"
"chr4_91560677_94233299","region","h2","GWAS1",NA,0.000183878111460859,NA,NA,NA,NA,"Joint HESS uncertainty requires valid regional genetic and total residual parameters","gcorr_genome"
"chr4_9326479_10699152","region","h2","GWAS1",NA,0.000322384651332409,NA,NA,NA,NA,"Joint HESS uncertainty requires valid regional genetic and total residual parameters","gcorr_genome"
"chr4_94233299_96182188","region","h2","GWAS1",NA,0.00124201822553976,NA,NA,NA,NA,"Joint HESS uncertainty requires valid regional genetic and total residual parameters","gcorr_genome"
"chr4_96182188_97540703","region","h2","GWAS1",NA,0.000316026666905723,NA,NA,NA,NA,"Joint HESS uncertainty requires valid regional genetic and total residual parameters","gcorr_genome"
"chr4_97540703_99424067","region","h2","GWAS1",NA,0.000359958573133305,NA,NA,NA,NA,"Joint HESS uncertainty requires valid regional genetic and total residual parameters","gcorr_genome"
"chr4_99424067_100678360","region","h2","GWAS1",NA,0.000516604094503331,NA,NA,NA,NA,"Joint HESS uncertainty requires valid regional genetic and total residual parameters","gcorr_genome"
"chr5_101578769_103320005","region","h2","GWAS1",NA,0.00111783486956753,NA,NA,NA,NA,"Joint HESS uncertainty requires valid regional genetic and total residual parameters","gcorr_genome"
"chr5_103320005_104851483","region","h2","GWAS1",NA,0.000408397578611663,NA,NA,NA,NA,"Joint HESS uncertainty requires valid regional genetic and total residual parameters","gcorr_genome"
"chr5_104851483_105893055","region","h2","GWAS1",NA,0.000498987487071245,NA,NA,NA,NA,"Joint HESS uncertainty requires valid regional genetic and total residual parameters","gcorr_genome"
"chr5_105893055_107264196","region","h2","GWAS1",NA,0.000448265423982835,NA,NA,NA,NA,"Joint HESS uncertainty requires valid regional genetic and total residual parameters","gcorr_genome"
"chr5_107264196_108633934","region","h2","GWAS1",NA,0.000244894377366222,NA,NA,NA,NA,"Joint HESS uncertainty requires valid regional genetic and total residual parameters","gcorr_genome"
"chr5_108633934_110821144","region","h2","GWAS1",NA,0.00018273006181039,NA,NA,NA,NA,"Joint HESS uncertainty requires valid regional genetic and total residual parameters","gcorr_genome"
"chr5_110821144_111981562","region","h2","GWAS1",NA,0.000128170504287269,NA,NA,NA,NA,"Joint HESS uncertainty requires valid regional genetic and total residual parameters","gcorr_genome"
"chr5_11173271_13464832","region","h2","GWAS1",NA,0.000383533526070635,NA,NA,NA,NA,"Joint HESS uncertainty requires valid regional genetic and total residual parameters","gcorr_genome"
"chr5_111981562_113396285","region","h2","GWAS1",NA,0.000481805821029964,NA,NA,NA,NA,"Joint HESS uncertainty requires valid regional genetic and total residual parameters","gcorr_genome"
"chr5_113396285_114830370","region","h2","GWAS1",NA,0.000241631192030389,NA,NA,NA,NA,"Joint HESS uncertainty requires valid regional genetic and total residual parameters","gcorr_genome"
"chr5_114830370_115831047","region","h2","GWAS1",NA,0.000143902253221746,NA,NA,NA,NA,"Joint HESS uncertainty requires valid regional genetic and total residual parameters","gcorr_genome"
"chr5_115831047_117346213","region","h2","GWAS1",NA,0.000329622680283563,NA,NA,NA,NA,"Joint HESS uncertainty requires valid regional genetic and total residual parameters","gcorr_genome"
"chr5_117346213_118608820","region","h2","GWAS1",NA,0.000336160280127472,NA,NA,NA,NA,"Joint HESS uncertainty requires valid regional genetic and total residual parameters","gcorr_genome"
"chr5_118608820_119669042","region","h2","GWAS1",NA,0.000665889137620183,NA,NA,NA,NA,"Joint HESS uncertainty requires valid regional genetic and total residual parameters","gcorr_genome"
"chr5_11940_982252","region","h2","GWAS1",NA,0.000431048718228148,NA,NA,NA,NA,"Joint HESS uncertainty requires valid regional genetic and total residual parameters","gcorr_genome"
"chr5_119669042_120452166","region","h2","GWAS1",NA,0.000228176559153693,NA,NA,NA,NA,"Joint HESS uncertainty requires valid regional genetic and total residual parameters","gcorr_genome"
"chr5_120452166_122556905","region","h2","GWAS1",NA,0.000217750584804583,NA,NA,NA,NA,"Joint HESS uncertainty requires valid regional genetic and total residual parameters","gcorr_genome"
"chr5_122556905_123798100","region","h2","GWAS1",NA,0.000475479542383164,NA,NA,NA,NA,"Joint HESS uncertainty requires valid regional genetic and total residual parameters","gcorr_genome"
"chr5_123798100_125785649","region","h2","GWAS1",NA,0.000343224055443573,NA,NA,NA,NA,"Joint HESS uncertainty requires valid regional genetic and total residual parameters","gcorr_genome"
"chr5_125785649_127344604","region","h2","GWAS1",NA,0.000563828572847177,NA,NA,NA,NA,"Joint HESS uncertainty requires valid regional genetic and total residual parameters","gcorr_genome"
"chr5_127344604_129519025","region","h2","GWAS1",NA,0.000123063170429635,NA,NA,NA,NA,"Joint HESS uncertainty requires valid regional genetic and total residual parameters","gcorr_genome"
"chr5_129519025_132139649","region","h2","GWAS1",NA,0.000426804024971218,NA,NA,NA,NA,"Joint HESS uncertainty requires valid regional genetic and total residual parameters","gcorr_genome"
"chr5_132139649_134777401","region","h2","GWAS1",NA,0.000235837658480325,NA,NA,NA,NA,"Joint HESS uncertainty requires valid regional genetic and total residual parameters","gcorr_genome"
"chr5_13464832_14757804","region","h2","GWAS1",NA,0.000470966454503989,NA,NA,NA,NA,"Joint HESS uncertainty requires valid regional genetic and total residual parameters","gcorr_genome"
"chr5_134777401_136376050","region","h2","GWAS1",NA,0.000106230775968246,NA,NA,NA,NA,"Joint HESS uncertainty requires valid regional genetic and total residual parameters","gcorr_genome"
"chr5_136376050_139265072","region","h2","GWAS1",NA,0.000239489805413222,NA,NA,NA,NA,"Joint HESS uncertainty requires valid regional genetic and total residual parameters","gcorr_genome"
"chr5_139265072_140645971","region","h2","GWAS1",NA,0.000662591640645677,NA,NA,NA,NA,"Joint HESS uncertainty requires valid regional genetic and total residual parameters","gcorr_genome"
"chr5_140645971_142981248","region","h2","GWAS1",NA,0.000288080629928457,NA,NA,NA,NA,"Joint HESS uncertainty requires valid regional genetic and total residual parameters","gcorr_genome"
"chr5_142981248_144943354","region","h2","GWAS1",NA,0.000139047293329055,NA,NA,NA,NA,"Joint HESS uncertainty requires valid regional genetic and total residual parameters","gcorr_genome"
"chr5_144943354_147181998","region","h2","GWAS1",NA,0.000402697896723316,NA,NA,NA,NA,"Joint HESS uncertainty requires valid regional genetic and total residual parameters","gcorr_genome"
"chr5_147181998_148662624","region","h2","GWAS1",NA,0.000291327993181048,NA,NA,NA,NA,"Joint HESS uncertainty requires valid regional genetic and total residual parameters","gcorr_genome"
"chr5_14757804_16963613","region","h2","GWAS1",NA,0.000585752394503989,NA,NA,NA,NA,"Joint HESS uncertainty requires valid regional genetic and total residual parameters","gcorr_genome"
"chr5_148662624_150561298","region","h2","GWAS1",NA,0.000154251419973702,NA,NA,NA,NA,"Joint HESS uncertainty requires valid regional genetic and total residual parameters","gcorr_genome"
"chr5_150561298_152867774","region","h2","GWAS1",NA,0.000214005287392671,NA,NA,NA,NA,"Joint HESS uncertainty requires valid regional genetic and total residual parameters","gcorr_genome"
"chr5_152867774_153773088","region","h2","GWAS1",NA,0.000381459069197709,NA,NA,NA,NA,"Joint HESS uncertainty requires valid regional genetic and total residual parameters","gcorr_genome"
"chr5_153773088_155373505","region","h2","GWAS1",NA,0.000269537114343822,NA,NA,NA,NA,"Joint HESS uncertainty requires valid regional genetic and total residual parameters","gcorr_genome"
"chr5_155373505_156628700","region","h2","GWAS1",NA,0.000410547899128875,NA,NA,NA,NA,"Joint HESS uncertainty requires valid regional genetic and total residual parameters","gcorr_genome"
"chr5_156628700_158825698","region","h2","GWAS1",NA,0.000693660603251061,NA,NA,NA,NA,"Joint HESS uncertainty requires valid regional genetic and total residual parameters","gcorr_genome"
"chr5_158825698_159973944","region","h2","GWAS1",NA,0.000577367484240853,NA,NA,NA,NA,"Joint HESS uncertainty requires valid regional genetic and total residual parameters","gcorr_genome"
"chr5_159973944_161482133","region","h2","GWAS1",NA,0.000195050229376053,NA,NA,NA,NA,"Joint HESS uncertainty requires valid regional genetic and total residual parameters","gcorr_genome"
"chr5_161482133_162743908","region","h2","GWAS1",NA,0.000234613463272272,NA,NA,NA,NA,"Joint HESS uncertainty requires valid regional genetic and total residual parameters","gcorr_genome"
"chr5_162743908_163771582","region","h2","GWAS1",NA,0.000397178493612285,NA,NA,NA,NA,"Joint HESS uncertainty requires valid regional genetic and total residual parameters","gcorr_genome"
"chr5_163771582_165642395","region","h2","GWAS1",NA,0.000654088381999287,NA,NA,NA,NA,"Joint HESS uncertainty requires valid regional genetic and total residual parameters","gcorr_genome"
"chr5_165642395_166847740","region","h2","GWAS1",NA,0.000242236920352121,NA,NA,NA,NA,"Joint HESS uncertainty requires valid regional genetic and total residual parameters","gcorr_genome"
"chr5_166847740_168525318","region","h2","GWAS1",NA,0.000287221991140073,NA,NA,NA,NA,"Joint HESS uncertainty requires valid regional genetic and total residual parameters","gcorr_genome"
"chr5_168525318_169505664","region","h2","GWAS1",NA,0.000188190450156515,NA,NA,NA,NA,"Joint HESS uncertainty requires valid regional genetic and total residual parameters","gcorr_genome"
"chr5_169505664_171074292","region","h2","GWAS1",NA,0.000480089138371251,NA,NA,NA,NA,"Joint HESS uncertainty requires valid regional genetic and total residual parameters","gcorr_genome"
"chr5_16963613_18051592","region","h2","GWAS1",NA,0.000104965168582599,NA,NA,NA,NA,"Joint HESS uncertainty requires valid regional genetic and total residual parameters","gcorr_genome"
"chr5_171074292_172678327","region","h2","GWAS1",NA,0.000296088708394879,NA,NA,NA,NA,"Joint HESS uncertainty requires valid regional genetic and total residual parameters","gcorr_genome"
"chr5_172678327_173642871","region","h2","GWAS1",NA,0.0003204316475001,NA,NA,NA,NA,"Joint HESS uncertainty requires valid regional genetic and total residual parameters","gcorr_genome"
"chr5_173642871_175450595","region","h2","GWAS1",NA,9.5728542276868e-05,NA,NA,NA,NA,"Joint HESS uncertainty requires valid regional genetic and total residual parameters","gcorr_genome"
"chr5_175450595_177251507","region","h2","GWAS1",NA,0.000253392573777931,NA,NA,NA,NA,"Joint HESS uncertainty requires valid regional genetic and total residual parameters","gcorr_genome"
"chr5_177251507_178413464","region","h2","GWAS1",NA,0.0002849843754691,NA,NA,NA,NA,"Joint HESS uncertainty requires valid regional genetic and total residual parameters","gcorr_genome"
"chr5_178413464_179401244","region","h2","GWAS1",NA,0.000250009225547256,NA,NA,NA,NA,"Joint HESS uncertainty requires valid regional genetic and total residual parameters","gcorr_genome"
"chr5_179401244_180559933","region","h2","GWAS1",NA,0.000494962459465679,NA,NA,NA,NA,"Joint HESS uncertainty requires valid regional genetic and total residual parameters","gcorr_genome"
"chr5_18051592_19917716","region","h2","GWAS1",NA,0.000294354734589162,NA,NA,NA,NA,"Joint HESS uncertainty requires valid regional genetic and total residual parameters","gcorr_genome"
"chr5_180559933_180885156","region","h2","GWAS1",NA,0.000287829533236664,NA,NA,NA,NA,"Joint HESS uncertainty requires valid regional genetic and total residual parameters","gcorr_genome"
"chr5_19917716_22152073","region","h2","GWAS1",NA,0.000325249403430566,NA,NA,NA,NA,"Joint HESS uncertainty requires valid regional genetic and total residual parameters","gcorr_genome"
"chr5_2132442_3361941","region","h2","GWAS1",NA,0.000134208371337606,NA,NA,NA,NA,"Joint HESS uncertainty requires valid regional genetic and total residual parameters","gcorr_genome"
"chr5_22152073_23494324","region","h2","GWAS1",NA,0.000392948083823397,NA,NA,NA,NA,"Joint HESS uncertainty requires valid regional genetic and total residual parameters","gcorr_genome"
"chr5_23494324_26184851","region","h2","GWAS1",NA,0.000260937614175885,NA,NA,NA,NA,"Joint HESS uncertainty requires valid regional genetic and total residual parameters","gcorr_genome"
"chr5_26184851_26857604","region","h2","GWAS1",NA,0.000238894518632728,NA,NA,NA,NA,"Joint HESS uncertainty requires valid regional genetic and total residual parameters","gcorr_genome"
"chr5_26857604_27984513","region","h2","GWAS1",NA,0.000314648697800338,NA,NA,NA,NA,"Joint HESS uncertainty requires valid regional genetic and total residual parameters","gcorr_genome"
"chr5_27984513_29714820","region","h2","GWAS1",NA,0.000348221874680176,NA,NA,NA,NA,"Joint HESS uncertainty requires valid regional genetic and total residual parameters","gcorr_genome"
"chr5_29714820_31390249","region","h2","GWAS1",NA,0.000407321228579916,NA,NA,NA,NA,"Joint HESS uncertainty requires valid regional genetic and total residual parameters","gcorr_genome"
"chr5_31390249_33500180","region","h2","GWAS1",NA,3.18868213031163e-05,NA,NA,NA,NA,"Joint HESS uncertainty requires valid regional genetic and total residual parameters","gcorr_genome"
"chr5_33500180_35048970","region","h2","GWAS1",NA,7.89687969391957e-05,NA,NA,NA,NA,"Joint HESS uncertainty requires valid regional genetic and total residual parameters","gcorr_genome"
"chr5_3361941_4632110","region","h2","GWAS1",NA,0.000129260330120059,NA,NA,NA,NA,"Joint HESS uncertainty requires valid regional genetic and total residual parameters","gcorr_genome"
"chr5_35048970_36433954","region","h2","GWAS1",NA,0.00034955270147778,NA,NA,NA,NA,"Joint HESS uncertainty requires valid regional genetic and total residual parameters","gcorr_genome"
"chr5_36433954_38802410","region","h2","GWAS1",NA,0.000204978488633579,NA,NA,NA,NA,"Joint HESS uncertainty requires valid regional genetic and total residual parameters","gcorr_genome"
"chr5_38802410_40287729","region","h2","GWAS1",NA,0.000253263343540928,NA,NA,NA,NA,"Joint HESS uncertainty requires valid regional genetic and total residual parameters","gcorr_genome"
"chr5_40287729_41888710","region","h2","GWAS1",NA,0.000202837486123161,NA,NA,NA,NA,"Joint HESS uncertainty requires valid regional genetic and total residual parameters","gcorr_genome"
"chr5_41888710_43983499","region","h2","GWAS1",NA,0.000433288009366604,NA,NA,NA,NA,"Joint HESS uncertainty requires valid regional genetic and total residual parameters","gcorr_genome"
"chr5_43983499_50163398","region","h2","GWAS1",NA,0.000857167190188087,NA,NA,NA,NA,"Joint HESS uncertainty requires valid regional genetic and total residual parameters","gcorr_genome"
"chr5_4632110_5973233","region","h2","GWAS1",NA,0.000344271576240266,NA,NA,NA,NA,"Joint HESS uncertainty requires valid regional genetic and total residual parameters","gcorr_genome"
"chr5_50163398_52134622","region","h2","GWAS1",NA,0.000685178040006466,NA,NA,NA,NA,"Joint HESS uncertainty requires valid regional genetic and total residual parameters","gcorr_genome"
"chr5_52134622_53703044","region","h2","GWAS1",NA,0.00146102201127132,NA,NA,NA,NA,"Joint HESS uncertainty requires valid regional genetic and total residual parameters","gcorr_genome"
"chr5_53703044_55417349","region","h2","GWAS1",NA,0.000381367227076097,NA,NA,NA,NA,"Joint HESS uncertainty requires valid regional genetic and total residual parameters","gcorr_genome"
"chr5_55417349_56621102","region","h2","GWAS1",NA,0.000684529938544907,NA,NA,NA,NA,"Joint HESS uncertainty requires valid regional genetic and total residual parameters","gcorr_genome"
"chr5_56621102_57340073","region","h2","GWAS1",NA,0.000176695942158769,NA,NA,NA,NA,"Joint HESS uncertainty requires valid regional genetic and total residual parameters","gcorr_genome"
"chr5_57340073_58524622","region","h2","GWAS1",NA,0.000421194439414661,NA,NA,NA,NA,"Joint HESS uncertainty requires valid regional genetic and total residual parameters","gcorr_genome"
"chr5_58524622_60935907","region","h2","GWAS1",NA,0.000516957910888927,NA,NA,NA,NA,"Joint HESS uncertainty requires valid regional genetic and total residual parameters","gcorr_genome"
"chr5_5973233_7143218","region","h2","GWAS1",NA,0.000228780099522009,NA,NA,NA,NA,"Joint HESS uncertainty requires valid regional genetic and total residual parameters","gcorr_genome"
"chr5_60935907_61672995","region","h2","GWAS1",NA,0.000539906627166251,NA,NA,NA,NA,"Joint HESS uncertainty requires valid regional genetic and total residual parameters","gcorr_genome"
"chr5_61672995_63218987","region","h2","GWAS1",NA,0.000439280694871174,NA,NA,NA,NA,"Joint HESS uncertainty requires valid regional genetic and total residual parameters","gcorr_genome"
"chr5_63218987_63968304","region","h2","GWAS1",NA,0.000369023629532381,NA,NA,NA,NA,"Joint HESS uncertainty requires valid regional genetic and total residual parameters","gcorr_genome"
"chr5_63968304_65911286","region","h2","GWAS1",NA,0.000539315472976911,NA,NA,NA,NA,"Joint HESS uncertainty requires valid regional genetic and total residual parameters","gcorr_genome"
"chr5_65911286_67850860","region","h2","GWAS1",NA,0.000284372144699036,NA,NA,NA,NA,"Joint HESS uncertainty requires valid regional genetic and total residual parameters","gcorr_genome"
"chr5_67850860_71240456","region","h2","GWAS1",NA,0.000338683783409129,NA,NA,NA,NA,"Joint HESS uncertainty requires valid regional genetic and total residual parameters","gcorr_genome"
"chr5_71240456_73759326","region","h2","GWAS1",NA,0.000414420578965773,NA,NA,NA,NA,"Joint HESS uncertainty requires valid regional genetic and total residual parameters","gcorr_genome"
"chr5_7143218_8446336","region","h2","GWAS1",NA,7.77222636965966e-05,NA,NA,NA,NA,"Joint HESS uncertainty requires valid regional genetic and total residual parameters","gcorr_genome"
"chr5_73759326_75798866","region","h2","GWAS1",NA,0.000743478255752863,NA,NA,NA,NA,"Joint HESS uncertainty requires valid regional genetic and total residual parameters","gcorr_genome"
"chr5_75798866_77623332","region","h2","GWAS1",NA,0.000479524711230916,NA,NA,NA,NA,"Joint HESS uncertainty requires valid regional genetic and total residual parameters","gcorr_genome"
"chr5_77623332_79393144","region","h2","GWAS1",NA,0.00113723504599554,NA,NA,NA,NA,"Joint HESS uncertainty requires valid regional genetic and total residual parameters","gcorr_genome"
"chr5_79393144_80481471","region","h2","GWAS1",NA,0.000103205805188452,NA,NA,NA,NA,"Joint HESS uncertainty requires valid regional genetic and total residual parameters","gcorr_genome"
"chr5_80481471_82025648","region","h2","GWAS1",NA,0.000414952254940758,NA,NA,NA,NA,"Joint HESS uncertainty requires valid regional genetic and total residual parameters","gcorr_genome"
"chr5_82025648_83972689","region","h2","GWAS1",NA,0.000184828528206251,NA,NA,NA,NA,"Joint HESS uncertainty requires valid regional genetic and total residual parameters","gcorr_genome"
"chr5_83972689_85767290","region","h2","GWAS1",NA,0.00050625732942655,NA,NA,NA,NA,"Joint HESS uncertainty requires valid regional genetic and total residual parameters","gcorr_genome"
"chr5_8446336_9718832","region","h2","GWAS1",NA,0.000255701794879121,NA,NA,NA,NA,"Joint HESS uncertainty requires valid regional genetic and total residual parameters","gcorr_genome"
"chr5_85767290_87389991","region","h2","GWAS1",NA,0.000586135186391283,NA,NA,NA,NA,"Joint HESS uncertainty requires valid regional genetic and total residual parameters","gcorr_genome"
"chr5_87389991_88891530","region","h2","GWAS1",NA,0.000503326431729899,NA,NA,NA,NA,"Joint HESS uncertainty requires valid regional genetic and total residual parameters","gcorr_genome"
"chr5_88891530_90422654","region","h2","GWAS1",NA,0.000263531775981711,NA,NA,NA,NA,"Joint HESS uncertainty requires valid regional genetic and total residual parameters","gcorr_genome"
"chr5_90422654_91840542","region","h2","GWAS1",NA,0.000102873226812141,NA,NA,NA,NA,"Joint HESS uncertainty requires valid regional genetic and total residual parameters","gcorr_genome"
"chr5_91840542_93809984","region","h2","GWAS1",NA,0.00033933298145079,NA,NA,NA,NA,"Joint HESS uncertainty requires valid regional genetic and total residual parameters","gcorr_genome"
"chr5_93809984_95963519","region","h2","GWAS1",NA,0.000265246082457566,NA,NA,NA,NA,"Joint HESS uncertainty requires valid regional genetic and total residual parameters","gcorr_genome"
"chr5_95963519_97315601","region","h2","GWAS1",NA,0.000254743362028529,NA,NA,NA,NA,"Joint HESS uncertainty requires valid regional genetic and total residual parameters","gcorr_genome"
"chr5_9718832_11173271","region","h2","GWAS1",NA,0.000121875979267826,NA,NA,NA,NA,"Joint HESS uncertainty requires valid regional genetic and total residual parameters","gcorr_genome"
"chr5_97315601_99260992","region","h2","GWAS1",NA,0.000331402037735404,NA,NA,NA,NA,"Joint HESS uncertainty requires valid regional genetic and total residual parameters","gcorr_genome"
"chr5_982252_2132442","region","h2","GWAS1",NA,0.000275302013197758,NA,NA,NA,NA,"Joint HESS uncertainty requires valid regional genetic and total residual parameters","gcorr_genome"
"chr5_99260992_101578769","region","h2","GWAS1",NA,0.000361219460273175,NA,NA,NA,NA,"Joint HESS uncertainty requires valid regional genetic and total residual parameters","gcorr_genome"
"chr6_100630146_102636772","region","h2","GWAS1",NA,0.000366184269327788,NA,NA,NA,NA,"Joint HESS uncertainty requires valid regional genetic and total residual parameters","gcorr_genome"
"chr6_102636772_103983395","region","h2","GWAS1",NA,0.000694583171369585,NA,NA,NA,NA,"Joint HESS uncertainty requires valid regional genetic and total residual parameters","gcorr_genome"
"chr6_103983395_106056733","region","h2","GWAS1",NA,0.000427966019753994,NA,NA,NA,NA,"Joint HESS uncertainty requires valid regional genetic and total residual parameters","gcorr_genome"
"chr6_10540317_11790816","region","h2","GWAS1",NA,0.000352967115178675,NA,NA,NA,NA,"Joint HESS uncertainty requires valid regional genetic and total residual parameters","gcorr_genome"
"chr6_106056733_107450306","region","h2","GWAS1",NA,0.000438553239307933,NA,NA,NA,NA,"Joint HESS uncertainty requires valid regional genetic and total residual parameters","gcorr_genome"
"chr6_107450306_108464380","region","h2","GWAS1",NA,0.000442175292619704,NA,NA,NA,NA,"Joint HESS uncertainty requires valid regional genetic and total residual parameters","gcorr_genome"
"chr6_108464380_110304247","region","h2","GWAS1",NA,0.000504890557377895,NA,NA,NA,NA,"Joint HESS uncertainty requires valid regional genetic and total residual parameters","gcorr_genome"
"chr6_110304247_112345014","region","h2","GWAS1",NA,0.00056206336888405,NA,NA,NA,NA,"Joint HESS uncertainty requires valid regional genetic and total residual parameters","gcorr_genome"
"chr6_112345014_114220833","region","h2","GWAS1",NA,0.000194370034217334,NA,NA,NA,NA,"Joint HESS uncertainty requires valid regional genetic and total residual parameters","gcorr_genome"
"chr6_114220833_116131396","region","h2","GWAS1",NA,0.000512935028046144,NA,NA,NA,NA,"Joint HESS uncertainty requires valid regional genetic and total residual parameters","gcorr_genome"
"chr6_116131396_117672972","region","h2","GWAS1",NA,0.000258697702762004,NA,NA,NA,NA,"Joint HESS uncertainty requires valid regional genetic and total residual parameters","gcorr_genome"
"chr6_117672972_118963115","region","h2","GWAS1",NA,0.000723262228406813,NA,NA,NA,NA,"Joint HESS uncertainty requires valid regional genetic and total residual parameters","gcorr_genome"
"chr6_11790816_13209388","region","h2","GWAS1",NA,0.000194583339764608,NA,NA,NA,NA,"Joint HESS uncertainty requires valid regional genetic and total residual parameters","gcorr_genome"
"chr6_118963115_119963278","region","h2","GWAS1",NA,0.000795819852027716,NA,NA,NA,NA,"Joint HESS uncertainty requires valid regional genetic and total residual parameters","gcorr_genome"
"chr6_119963278_120512128","region","h2","GWAS1",NA,0.00033231460462463,NA,NA,NA,NA,"Joint HESS uncertainty requires valid regional genetic and total residual parameters","gcorr_genome"
"chr6_120512128_121905676","region","h2","GWAS1",NA,0.000249466167132923,NA,NA,NA,NA,"Joint HESS uncertainty requires valid regional genetic and total residual parameters","gcorr_genome"
"chr6_121905676_123856181","region","h2","GWAS1",NA,0.000307450588470426,NA,NA,NA,NA,"Joint HESS uncertainty requires valid regional genetic and total residual parameters","gcorr_genome"
"chr6_123856181_125424383","region","h2","GWAS1",NA,0.000408939344959224,NA,NA,NA,NA,"Joint HESS uncertainty requires valid regional genetic and total residual parameters","gcorr_genome"
"chr6_125424383_127540461","region","h2","GWAS1",NA,0.00114852165085623,NA,NA,NA,NA,"Joint HESS uncertainty requires valid regional genetic and total residual parameters","gcorr_genome"
"chr6_127540461_129861031","region","h2","GWAS1",NA,0.000333344780520539,NA,NA,NA,NA,"Joint HESS uncertainty requires valid regional genetic and total residual parameters","gcorr_genome"
"chr6_129861031_130935454","region","h2","GWAS1",NA,0.000526416978460824,NA,NA,NA,NA,"Joint HESS uncertainty requires valid regional genetic and total residual parameters","gcorr_genome"
"chr6_130935454_132765669","region","h2","GWAS1",NA,0.000355287616261298,NA,NA,NA,NA,"Joint HESS uncertainty requires valid regional genetic and total residual parameters","gcorr_genome"
"chr6_13209388_14802924","region","h2","GWAS1",NA,0.000477694752366894,NA,NA,NA,NA,"Joint HESS uncertainty requires valid regional genetic and total residual parameters","gcorr_genome"
"chr6_132765669_134244243","region","h2","GWAS1",NA,0.000314658490911577,NA,NA,NA,NA,"Joint HESS uncertainty requires valid regional genetic and total residual parameters","gcorr_genome"
"chr6_134244243_136224177","region","h2","GWAS1",NA,0.000294431471205316,NA,NA,NA,NA,"Joint HESS uncertainty requires valid regional genetic and total residual parameters","gcorr_genome"
"chr6_136224177_137614218","region","h2","GWAS1",NA,0.00103957603219212,NA,NA,NA,NA,"Joint HESS uncertainty requires valid regional genetic and total residual parameters","gcorr_genome"
"chr6_137614218_138822629","region","h2","GWAS1",NA,0.000715012987066375,NA,NA,NA,NA,"Joint HESS uncertainty requires valid regional genetic and total residual parameters","gcorr_genome"
"chr6_138822629_139845436","region","h2","GWAS1",NA,0.000356011492870877,NA,NA,NA,NA,"Joint HESS uncertainty requires valid regional genetic and total residual parameters","gcorr_genome"
"chr6_139845436_142288479","region","h2","GWAS1",NA,0.00070495390184708,NA,NA,NA,NA,"Joint HESS uncertainty requires valid regional genetic and total residual parameters","gcorr_genome"
"chr6_142288479_145319810","region","h2","GWAS1",NA,0.000120141967795567,NA,NA,NA,NA,"Joint HESS uncertainty requires valid regional genetic and total residual parameters","gcorr_genome"
"chr6_1452362_2458936","region","h2","GWAS1",NA,0.000313120409928899,NA,NA,NA,NA,"Joint HESS uncertainty requires valid regional genetic and total residual parameters","gcorr_genome"
"chr6_145319810_146665424","region","h2","GWAS1",NA,0.000343321198977091,NA,NA,NA,NA,"Joint HESS uncertainty requires valid regional genetic and total residual parameters","gcorr_genome"
"chr6_146665424_148920352","region","h2","GWAS1",NA,0.000345647979663905,NA,NA,NA,NA,"Joint HESS uncertainty requires valid regional genetic and total residual parameters","gcorr_genome"
"chr6_14802924_17386405","region","h2","GWAS1",NA,0.000516240722024321,NA,NA,NA,NA,"Joint HESS uncertainty requires valid regional genetic and total residual parameters","gcorr_genome"
"chr6_148920352_150253404","region","h2","GWAS1",NA,0.000345678174641149,NA,NA,NA,NA,"Joint HESS uncertainty requires valid regional genetic and total residual parameters","gcorr_genome"
"chr6_150253404_151912703","region","h2","GWAS1",NA,6.31614165986461e-05,NA,NA,NA,NA,"Joint HESS uncertainty requires valid regional genetic and total residual parameters","gcorr_genome"
"chr6_151912703_153094496","region","h2","GWAS1",NA,0.00032078669668909,NA,NA,NA,NA,"Joint HESS uncertainty requires valid regional genetic and total residual parameters","gcorr_genome"
"chr6_153094496_154974120","region","h2","GWAS1",NA,0.000654248522960456,NA,NA,NA,NA,"Joint HESS uncertainty requires valid regional genetic and total residual parameters","gcorr_genome"
"chr6_154974120_156763326","region","h2","GWAS1",NA,0.00049797174337752,NA,NA,NA,NA,"Joint HESS uncertainty requires valid regional genetic and total residual parameters","gcorr_genome"
"chr6_156763326_158218719","region","h2","GWAS1",NA,0.000155339679535275,NA,NA,NA,NA,"Joint HESS uncertainty requires valid regional genetic and total residual parameters","gcorr_genome"
"chr6_158218719_160580497","region","h2","GWAS1",NA,0.000248413104080041,NA,NA,NA,NA,"Joint HESS uncertainty requires valid regional genetic and total residual parameters","gcorr_genome"
"chr6_160580497_162169564","region","h2","GWAS1",NA,0.000490561196507271,NA,NA,NA,NA,"Joint HESS uncertainty requires valid regional genetic and total residual parameters","gcorr_genome"
"chr6_162169564_162931203","region","h2","GWAS1",NA,0.000122624616076148,NA,NA,NA,NA,"Joint HESS uncertainty requires valid regional genetic and total residual parameters","gcorr_genome"
"chr6_162931203_164383521","region","h2","GWAS1",NA,0.000422492065088411,NA,NA,NA,NA,"Joint HESS uncertainty requires valid regional genetic and total residual parameters","gcorr_genome"
"chr6_164383521_165586864","region","h2","GWAS1",NA,0.000178842411368564,NA,NA,NA,NA,"Joint HESS uncertainty requires valid regional genetic and total residual parameters","gcorr_genome"
"chr6_165586864_167024733","region","h2","GWAS1",NA,0.000210252872449864,NA,NA,NA,NA,"Joint HESS uncertainty requires valid regional genetic and total residual parameters","gcorr_genome"
"chr6_167024733_168042835","region","h2","GWAS1",NA,0.000518483066731108,NA,NA,NA,NA,"Joint HESS uncertainty requires valid regional genetic and total residual parameters","gcorr_genome"
"chr6_168042835_169382050","region","h2","GWAS1",NA,0.000127671708254638,NA,NA,NA,NA,"Joint HESS uncertainty requires valid regional genetic and total residual parameters","gcorr_genome"
"chr6_169382050_170330173","region","h2","GWAS1",NA,0.000258685255075454,NA,NA,NA,NA,"Joint HESS uncertainty requires valid regional genetic and total residual parameters","gcorr_genome"
"chr6_170330173_171051270","region","h2","GWAS1",NA,0.000323343735082217,NA,NA,NA,NA,"Joint HESS uncertainty requires valid regional genetic and total residual parameters","gcorr_genome"
"chr6_17386405_19207487","region","h2","GWAS1",NA,0.000525164540521183,NA,NA,NA,NA,"Joint HESS uncertainty requires valid regional genetic and total residual parameters","gcorr_genome"
"chr6_19207487_21684065","region","h2","GWAS1",NA,0.00359303951877958,NA,NA,NA,NA,"Joint HESS uncertainty requires valid regional genetic and total residual parameters","gcorr_genome"
"chr6_21684065_22748307","region","h2","GWAS1",NA,0.000208174435018596,NA,NA,NA,NA,"Joint HESS uncertainty requires valid regional genetic and total residual parameters","gcorr_genome"
"chr6_22748307_23936619","region","h2","GWAS1",NA,0.000295531258360436,NA,NA,NA,NA,"Joint HESS uncertainty requires valid regional genetic and total residual parameters","gcorr_genome"
"chr6_23936619_24852275","region","h2","GWAS1",NA,0.000289397040502107,NA,NA,NA,NA,"Joint HESS uncertainty requires valid regional genetic and total residual parameters","gcorr_genome"
"chr6_2458936_3573593","region","h2","GWAS1",NA,0.00021523229337095,NA,NA,NA,NA,"Joint HESS uncertainty requires valid regional genetic and total residual parameters","gcorr_genome"
"chr6_24852275_25684587","region","h2","GWAS1",NA,0.000144549008686708,NA,NA,NA,NA,"Joint HESS uncertainty requires valid regional genetic and total residual parameters","gcorr_genome"
"chr6_25684587_26791233","region","h2","GWAS1",NA,0.00071717413843502,NA,NA,NA,NA,"Joint HESS uncertainty requires valid regional genetic and total residual parameters","gcorr_genome"
"chr6_26791233_28017819","region","h2","GWAS1",NA,0.000557448860503407,NA,NA,NA,NA,"Joint HESS uncertainty requires valid regional genetic and total residual parameters","gcorr_genome"
"chr6_28017819_28917608","region","h2","GWAS1",NA,0.000506656763291787,NA,NA,NA,NA,"Joint HESS uncertainty requires valid regional genetic and total residual parameters","gcorr_genome"
"chr6_28917608_29737971","region","h2","GWAS1",NA,0.000242083402990894,NA,NA,NA,NA,"Joint HESS uncertainty requires valid regional genetic and total residual parameters","gcorr_genome"
"chr6_29737971_30798168","region","h2","GWAS1",NA,0.000494448524677016,NA,NA,NA,NA,"Joint HESS uncertainty requires valid regional genetic and total residual parameters","gcorr_genome"
"chr6_30798168_31571218","region","h2","GWAS1",NA,0.00132434394060356,NA,NA,NA,NA,"Joint HESS uncertainty requires valid regional genetic and total residual parameters","gcorr_genome"
"chr6_31571218_32682664","region","h2","GWAS1",NA,0.00197458935485337,NA,NA,NA,NA,"Joint HESS uncertainty requires valid regional genetic and total residual parameters","gcorr_genome"
"chr6_32682664_33236497","region","h2","GWAS1",NA,0.000851589710212964,NA,NA,NA,NA,"Joint HESS uncertainty requires valid regional genetic and total residual parameters","gcorr_genome"
"chr6_33236497_35455756","region","h2","GWAS1",NA,0.00046657516260295,NA,NA,NA,NA,"Joint HESS uncertainty requires valid regional genetic and total residual parameters","gcorr_genome"
"chr6_35455756_37572596","region","h2","GWAS1",NA,0.000481429822712125,NA,NA,NA,NA,"Joint HESS uncertainty requires valid regional genetic and total residual parameters","gcorr_genome"
"chr6_3573593_4617817","region","h2","GWAS1",NA,0.000192371698018669,NA,NA,NA,NA,"Joint HESS uncertainty requires valid regional genetic and total residual parameters","gcorr_genome"
"chr6_37572596_39295677","region","h2","GWAS1",NA,0.000805643623139739,NA,NA,NA,NA,"Joint HESS uncertainty requires valid regional genetic and total residual parameters","gcorr_genome"
"chr6_39295677_40345115","region","h2","GWAS1",NA,0.00061732232293813,NA,NA,NA,NA,"Joint HESS uncertainty requires valid regional genetic and total residual parameters","gcorr_genome"
"chr6_40345115_42038721","region","h2","GWAS1",NA,0.000412858522855571,NA,NA,NA,NA,"Joint HESS uncertainty requires valid regional genetic and total residual parameters","gcorr_genome"
"chr6_42038721_43756169","region","h2","GWAS1",NA,0.000532670582382644,NA,NA,NA,NA,"Joint HESS uncertainty requires valid regional genetic and total residual parameters","gcorr_genome"
"chr6_43756169_45406563","region","h2","GWAS1",NA,0.000524616186066184,NA,NA,NA,NA,"Joint HESS uncertainty requires valid regional genetic and total residual parameters","gcorr_genome"
"chr6_45406563_47311898","region","h2","GWAS1",NA,0.000413559250007757,NA,NA,NA,NA,"Joint HESS uncertainty requires valid regional genetic and total residual parameters","gcorr_genome"
"chr6_4617817_5791472","region","h2","GWAS1",NA,2.22354146012823e-05,NA,NA,NA,NA,"Joint HESS uncertainty requires valid regional genetic and total residual parameters","gcorr_genome"
"chr6_47311898_48391125","region","h2","GWAS1",NA,0.000229637740449836,NA,NA,NA,NA,"Joint HESS uncertainty requires valid regional genetic and total residual parameters","gcorr_genome"
"chr6_48391125_50386145","region","h2","GWAS1",NA,0.000144200601671391,NA,NA,NA,NA,"Joint HESS uncertainty requires valid regional genetic and total residual parameters","gcorr_genome"
"chr6_50386145_52210476","region","h2","GWAS1",NA,0.000827487704746905,NA,NA,NA,NA,"Joint HESS uncertainty requires valid regional genetic and total residual parameters","gcorr_genome"
"chr6_52210476_53279102","region","h2","GWAS1",NA,0.000463958456941638,NA,NA,NA,NA,"Joint HESS uncertainty requires valid regional genetic and total residual parameters","gcorr_genome"
"chr6_53279102_55468270","region","h2","GWAS1",NA,0.000378791509782442,NA,NA,NA,NA,"Joint HESS uncertainty requires valid regional genetic and total residual parameters","gcorr_genome"
"chr6_55468270_56105313","region","h2","GWAS1",NA,0.000391185639933279,NA,NA,NA,NA,"Joint HESS uncertainty requires valid regional genetic and total residual parameters","gcorr_genome"
"chr6_56105313_57599465","region","h2","GWAS1",NA,0.000401947535377441,NA,NA,NA,NA,"Joint HESS uncertainty requires valid regional genetic and total residual parameters","gcorr_genome"
"chr6_57599465_61880512","region","h2","GWAS1",NA,4.25096588689988e-05,NA,NA,NA,NA,"Joint HESS uncertainty requires valid regional genetic and total residual parameters","gcorr_genome"
"chr6_5791472_6785207","region","h2","GWAS1",NA,0.000380297971301844,NA,NA,NA,NA,"Joint HESS uncertainty requires valid regional genetic and total residual parameters","gcorr_genome"
"chr6_61880512_63552888","region","h2","GWAS1",NA,7.35761719366806e-05,NA,NA,NA,NA,"Joint HESS uncertainty requires valid regional genetic and total residual parameters","gcorr_genome"
"chr6_63552888_65765742","region","h2","GWAS1",NA,0.000397394869058957,NA,NA,NA,NA,"Joint HESS uncertainty requires valid regional genetic and total residual parameters","gcorr_genome"
"chr6_65765742_67329215","region","h2","GWAS1",NA,0.000247061144018504,NA,NA,NA,NA,"Joint HESS uncertainty requires valid regional genetic and total residual parameters","gcorr_genome"
"chr6_67329215_68849483","region","h2","GWAS1",NA,0.000166923144866406,NA,NA,NA,NA,"Joint HESS uncertainty requires valid regional genetic and total residual parameters","gcorr_genome"
"chr6_6785207_7808936","region","h2","GWAS1",NA,0.00104663260776168,NA,NA,NA,NA,"Joint HESS uncertainty requires valid regional genetic and total residual parameters","gcorr_genome"
"chr6_68849483_69523448","region","h2","GWAS1",NA,0.000232657444399536,NA,NA,NA,NA,"Joint HESS uncertainty requires valid regional genetic and total residual parameters","gcorr_genome"
"chr6_69523448_71609510","region","h2","GWAS1",NA,0.000280705050493829,NA,NA,NA,NA,"Joint HESS uncertainty requires valid regional genetic and total residual parameters","gcorr_genome"
"chr6_71609510_73450097","region","h2","GWAS1",NA,0.000453103625238659,NA,NA,NA,NA,"Joint HESS uncertainty requires valid regional genetic and total residual parameters","gcorr_genome"
"chr6_73450097_75462003","region","h2","GWAS1",NA,0.000317707501421948,NA,NA,NA,NA,"Joint HESS uncertainty requires valid regional genetic and total residual parameters","gcorr_genome"
"chr6_73924_1452362","region","h2","GWAS1",NA,0.000392171417389225,NA,NA,NA,NA,"Joint HESS uncertainty requires valid regional genetic and total residual parameters","gcorr_genome"
"chr6_75462003_77414881","region","h2","GWAS1",NA,0.000410180721350823,NA,NA,NA,NA,"Joint HESS uncertainty requires valid regional genetic and total residual parameters","gcorr_genome"
"chr6_77414881_78957728","region","h2","GWAS1",NA,0.000392329725317379,NA,NA,NA,NA,"Joint HESS uncertainty requires valid regional genetic and total residual parameters","gcorr_genome"
"chr6_7808936_9020026","region","h2","GWAS1",NA,0.000227423516309249,NA,NA,NA,NA,"Joint HESS uncertainty requires valid regional genetic and total residual parameters","gcorr_genome"
"chr6_78957728_80691170","region","h2","GWAS1",NA,0.000447090782638875,NA,NA,NA,NA,"Joint HESS uncertainty requires valid regional genetic and total residual parameters","gcorr_genome"
"chr6_80691170_81929222","region","h2","GWAS1",NA,0.000617352018888245,NA,NA,NA,NA,"Joint HESS uncertainty requires valid regional genetic and total residual parameters","gcorr_genome"
"chr6_81929222_83127149","region","h2","GWAS1",NA,0.000666063413558144,NA,NA,NA,NA,"Joint HESS uncertainty requires valid regional genetic and total residual parameters","gcorr_genome"
"chr6_83127149_85209989","region","h2","GWAS1",NA,0.000586914624927266,NA,NA,NA,NA,"Joint HESS uncertainty requires valid regional genetic and total residual parameters","gcorr_genome"
"chr6_85209989_87069500","region","h2","GWAS1",NA,0.00023290719928534,NA,NA,NA,NA,"Joint HESS uncertainty requires valid regional genetic and total residual parameters","gcorr_genome"
"chr6_87069500_88822140","region","h2","GWAS1",NA,9.77885147948568e-05,NA,NA,NA,NA,"Joint HESS uncertainty requires valid regional genetic and total residual parameters","gcorr_genome"
"chr6_88822140_89973052","region","h2","GWAS1",NA,0.000424251490981474,NA,NA,NA,NA,"Joint HESS uncertainty requires valid regional genetic and total residual parameters","gcorr_genome"
"chr6_89973052_91843196","region","h2","GWAS1",NA,0.000222570638912053,NA,NA,NA,NA,"Joint HESS uncertainty requires valid regional genetic and total residual parameters","gcorr_genome"
"chr6_9020026_10540317","region","h2","GWAS1",NA,0.000143097583977845,NA,NA,NA,NA,"Joint HESS uncertainty requires valid regional genetic and total residual parameters","gcorr_genome"
"chr6_91843196_93428644","region","h2","GWAS1",NA,0.000282769078819853,NA,NA,NA,NA,"Joint HESS uncertainty requires valid regional genetic and total residual parameters","gcorr_genome"
"chr6_93428644_94118142","region","h2","GWAS1",NA,0.000538001838624461,NA,NA,NA,NA,"Joint HESS uncertainty requires valid regional genetic and total residual parameters","gcorr_genome"
"chr6_94118142_94441175","region","h2","GWAS1",NA,0.000345257666329671,NA,NA,NA,NA,"Joint HESS uncertainty requires valid regional genetic and total residual parameters","gcorr_genome"
"chr6_94441175_97093511","region","h2","GWAS1",NA,0.00019549773880992,NA,NA,NA,NA,"Joint HESS uncertainty requires valid regional genetic and total residual parameters","gcorr_genome"
"chr6_97093511_97842284","region","h2","GWAS1",NA,0.000491435323689851,NA,NA,NA,NA,"Joint HESS uncertainty requires valid regional genetic and total residual parameters","gcorr_genome"
"chr6_97842284_100630146","region","h2","GWAS1",NA,0.000306757199498136,NA,NA,NA,NA,"Joint HESS uncertainty requires valid regional genetic and total residual parameters","gcorr_genome"
"chr7_100196651_101199253","region","h2","GWAS1",NA,0.000490935823797555,NA,NA,NA,NA,"Joint HESS uncertainty requires valid regional genetic and total residual parameters","gcorr_genome"
"chr7_101199253_103197510","region","h2","GWAS1",NA,0.000581942736034538,NA,NA,NA,NA,"Joint HESS uncertainty requires valid regional genetic and total residual parameters","gcorr_genome"
"chr7_103197510_104159525","region","h2","GWAS1",NA,0.000790244430042843,NA,NA,NA,NA,"Joint HESS uncertainty requires valid regional genetic and total residual parameters","gcorr_genome"
"chr7_104159525_105682905","region","h2","GWAS1",NA,0.000455025542002787,NA,NA,NA,NA,"Joint HESS uncertainty requires valid regional genetic and total residual parameters","gcorr_genome"
"chr7_105682905_107780178","region","h2","GWAS1",NA,0.000455533361269139,NA,NA,NA,NA,"Joint HESS uncertainty requires valid regional genetic and total residual parameters","gcorr_genome"
"chr7_107780178_109647594","region","h2","GWAS1",NA,0.000426154698728952,NA,NA,NA,NA,"Joint HESS uncertainty requires valid regional genetic and total residual parameters","gcorr_genome"
"chr7_109647594_112618684","region","h2","GWAS1",NA,0.000352726496812278,NA,NA,NA,NA,"Joint HESS uncertainty requires valid regional genetic and total residual parameters","gcorr_genome"
"chr7_112618684_113712387","region","h2","GWAS1",NA,0.000334170289651497,NA,NA,NA,NA,"Joint HESS uncertainty requires valid regional genetic and total residual parameters","gcorr_genome"
"chr7_11299198_12635461","region","h2","GWAS1",NA,0.000340468469143508,NA,NA,NA,NA,"Joint HESS uncertainty requires valid regional genetic and total residual parameters","gcorr_genome"
"chr7_113712387_116780178","region","h2","GWAS1",NA,0.000261330575176985,NA,NA,NA,NA,"Joint HESS uncertainty requires valid regional genetic and total residual parameters","gcorr_genome"
"chr7_116780178_118351581","region","h2","GWAS1",NA,0.00050373797893334,NA,NA,NA,NA,"Joint HESS uncertainty requires valid regional genetic and total residual parameters","gcorr_genome"
"chr7_118351581_121045273","region","h2","GWAS1",NA,0.000158912395721999,NA,NA,NA,NA,"Joint HESS uncertainty requires valid regional genetic and total residual parameters","gcorr_genome"
"chr7_121045273_121933630","region","h2","GWAS1",NA,0.000185568986956453,NA,NA,NA,NA,"Joint HESS uncertainty requires valid regional genetic and total residual parameters","gcorr_genome"
"chr7_121933630_124156805","region","h2","GWAS1",NA,0.000311509633596018,NA,NA,NA,NA,"Joint HESS uncertainty requires valid regional genetic and total residual parameters","gcorr_genome"
"chr7_124156805_124167552","region","h2","GWAS1",NA,6.87922386141944e-05,NA,NA,NA,NA,"Joint HESS uncertainty requires valid regional genetic and total residual parameters","gcorr_genome"
"chr7_124167552_126519170","region","h2","GWAS1",NA,0.000142202452991611,NA,NA,NA,NA,"Joint HESS uncertainty requires valid regional genetic and total residual parameters","gcorr_genome"
"chr7_12635461_13884202","region","h2","GWAS1",NA,0.000208707011980939,NA,NA,NA,NA,"Joint HESS uncertainty requires valid regional genetic and total residual parameters","gcorr_genome"
"chr7_126519170_126869221","region","h2","GWAS1",NA,0.000445148692279286,NA,NA,NA,NA,"Joint HESS uncertainty requires valid regional genetic and total residual parameters","gcorr_genome"
"chr7_126869221_128778386","region","h2","GWAS1",NA,0.000331847637376191,NA,NA,NA,NA,"Joint HESS uncertainty requires valid regional genetic and total residual parameters","gcorr_genome"
"chr7_128778386_130422414","region","h2","GWAS1",NA,0.000269760463145156,NA,NA,NA,NA,"Joint HESS uncertainty requires valid regional genetic and total residual parameters","gcorr_genome"
"chr7_130422414_132805848","region","h2","GWAS1",NA,0.000644035670648385,NA,NA,NA,NA,"Joint HESS uncertainty requires valid regional genetic and total residual parameters","gcorr_genome"
"chr7_132805848_134307596","region","h2","GWAS1",NA,0.000193306353533263,NA,NA,NA,NA,"Joint HESS uncertainty requires valid regional genetic and total residual parameters","gcorr_genome"
"chr7_134307596_135591083","region","h2","GWAS1",NA,8.54102598406319e-05,NA,NA,NA,NA,"Joint HESS uncertainty requires valid regional genetic and total residual parameters","gcorr_genome"
"chr7_1353067_2062398","region","h2","GWAS1",NA,0.00042359347261682,NA,NA,NA,NA,"Joint HESS uncertainty requires valid regional genetic and total residual parameters","gcorr_genome"
"chr7_135591083_136876562","region","h2","GWAS1",NA,0.000396483135119814,NA,NA,NA,NA,"Joint HESS uncertainty requires valid regional genetic and total residual parameters","gcorr_genome"
"chr7_136876562_138744679","region","h2","GWAS1",NA,0.000194733872609078,NA,NA,NA,NA,"Joint HESS uncertainty requires valid regional genetic and total residual parameters","gcorr_genome"
"chr7_138744679_139933177","region","h2","GWAS1",NA,0.000443412591865971,NA,NA,NA,NA,"Joint HESS uncertainty requires valid regional genetic and total residual parameters","gcorr_genome"
"chr7_13884202_15143657","region","h2","GWAS1",NA,0.00184976374046295,NA,NA,NA,NA,"Joint HESS uncertainty requires valid regional genetic and total residual parameters","gcorr_genome"
"chr7_139933177_140235210","region","h2","GWAS1",NA,0.000573114534944485,NA,NA,NA,NA,"Joint HESS uncertainty requires valid regional genetic and total residual parameters","gcorr_genome"
"chr7_140235210_141226557","region","h2","GWAS1",NA,0.000479414724189759,NA,NA,NA,NA,"Joint HESS uncertainty requires valid regional genetic and total residual parameters","gcorr_genome"
"chr7_141226557_142656310","region","h2","GWAS1",NA,0.000283383713633982,NA,NA,NA,NA,"Joint HESS uncertainty requires valid regional genetic and total residual parameters","gcorr_genome"
"chr7_142656310_144968289","region","h2","GWAS1",NA,0.000218279481296441,NA,NA,NA,NA,"Joint HESS uncertainty requires valid regional genetic and total residual parameters","gcorr_genome"
"chr7_144968289_146427960","region","h2","GWAS1",NA,0.000350489366819544,NA,NA,NA,NA,"Joint HESS uncertainty requires valid regional genetic and total residual parameters","gcorr_genome"
"chr7_146427960_147815318","region","h2","GWAS1",NA,0.000690963497540975,NA,NA,NA,NA,"Joint HESS uncertainty requires valid regional genetic and total residual parameters","gcorr_genome"
"chr7_147815318_149840658","region","h2","GWAS1",NA,0.000306872952565433,NA,NA,NA,NA,"Joint HESS uncertainty requires valid regional genetic and total residual parameters","gcorr_genome"
"chr7_149840658_150711505","region","h2","GWAS1",NA,0.000592546896322754,NA,NA,NA,NA,"Joint HESS uncertainty requires valid regional genetic and total residual parameters","gcorr_genome"
"chr7_150711505_152249806","region","h2","GWAS1",NA,0.000336112389814655,NA,NA,NA,NA,"Joint HESS uncertainty requires valid regional genetic and total residual parameters","gcorr_genome"
"chr7_15143657_16902069","region","h2","GWAS1",NA,0.000168907070317306,NA,NA,NA,NA,"Joint HESS uncertainty requires valid regional genetic and total residual parameters","gcorr_genome"
"chr7_152249806_153674019","region","h2","GWAS1",NA,0.000332288869167714,NA,NA,NA,NA,"Joint HESS uncertainty requires valid regional genetic and total residual parameters","gcorr_genome"
"chr7_153674019_154964730","region","h2","GWAS1",NA,0.000217012148727788,NA,NA,NA,NA,"Joint HESS uncertainty requires valid regional genetic and total residual parameters","gcorr_genome"
"chr7_154964730_156065250","region","h2","GWAS1",NA,0.000306038384141272,NA,NA,NA,NA,"Joint HESS uncertainty requires valid regional genetic and total residual parameters","gcorr_genome"
"chr7_156065250_157634597","region","h2","GWAS1",NA,0.000948002816428457,NA,NA,NA,NA,"Joint HESS uncertainty requires valid regional genetic and total residual parameters","gcorr_genome"
"chr7_157634597_159128575","region","h2","GWAS1",NA,0.000102888641165725,NA,NA,NA,NA,"Joint HESS uncertainty requires valid regional genetic and total residual parameters","gcorr_genome"
"chr7_16161_972752","region","h2","GWAS1",NA,0.000126891180428991,NA,NA,NA,NA,"Joint HESS uncertainty requires valid regional genetic and total residual parameters","gcorr_genome"
"chr7_16902069_19481547","region","h2","GWAS1",NA,0.00021603772678391,NA,NA,NA,NA,"Joint HESS uncertainty requires valid regional genetic and total residual parameters","gcorr_genome"
"chr7_19481547_20124908","region","h2","GWAS1",NA,0.000135320200156824,NA,NA,NA,NA,"Joint HESS uncertainty requires valid regional genetic and total residual parameters","gcorr_genome"
"chr7_20124908_22507629","region","h2","GWAS1",NA,0.000193257171589939,NA,NA,NA,NA,"Joint HESS uncertainty requires valid regional genetic and total residual parameters","gcorr_genome"
"chr7_2062398_2772227","region","h2","GWAS1",NA,0.000378415438650324,NA,NA,NA,NA,"Joint HESS uncertainty requires valid regional genetic and total residual parameters","gcorr_genome"
"chr7_22507629_23471442","region","h2","GWAS1",NA,0.000495426995469869,NA,NA,NA,NA,"Joint HESS uncertainty requires valid regional genetic and total residual parameters","gcorr_genome"
"chr7_23471442_25077259","region","h2","GWAS1",NA,0.000385614641848379,NA,NA,NA,NA,"Joint HESS uncertainty requires valid regional genetic and total residual parameters","gcorr_genome"
"chr7_25077259_25909555","region","h2","GWAS1",NA,0.000185877554683868,NA,NA,NA,NA,"Joint HESS uncertainty requires valid regional genetic and total residual parameters","gcorr_genome"
"chr7_25909555_28360309","region","h2","GWAS1",NA,0.000454700081101761,NA,NA,NA,NA,"Joint HESS uncertainty requires valid regional genetic and total residual parameters","gcorr_genome"
"chr7_2772227_4573428","region","h2","GWAS1",NA,0.000248128676872288,NA,NA,NA,NA,"Joint HESS uncertainty requires valid regional genetic and total residual parameters","gcorr_genome"
"chr7_28360309_31137289","region","h2","GWAS1",NA,0.000287619743869899,NA,NA,NA,NA,"Joint HESS uncertainty requires valid regional genetic and total residual parameters","gcorr_genome"
"chr7_31137289_33555768","region","h2","GWAS1",NA,0.0004322416299284,NA,NA,NA,NA,"Joint HESS uncertainty requires valid regional genetic and total residual parameters","gcorr_genome"
"chr7_33555768_36213538","region","h2","GWAS1",NA,0.000323598190030613,NA,NA,NA,NA,"Joint HESS uncertainty requires valid regional genetic and total residual parameters","gcorr_genome"
"chr7_36213538_37555184","region","h2","GWAS1",NA,0.000118891056934264,NA,NA,NA,NA,"Joint HESS uncertainty requires valid regional genetic and total residual parameters","gcorr_genome"
"chr7_37555184_38966703","region","h2","GWAS1",NA,0.000341300894675755,NA,NA,NA,NA,"Joint HESS uncertainty requires valid regional genetic and total residual parameters","gcorr_genome"
"chr7_38966703_39862670","region","h2","GWAS1",NA,0.000281081609021575,NA,NA,NA,NA,"Joint HESS uncertainty requires valid regional genetic and total residual parameters","gcorr_genome"
"chr7_39862670_42001811","region","h2","GWAS1",NA,0.000451890630708984,NA,NA,NA,NA,"Joint HESS uncertainty requires valid regional genetic and total residual parameters","gcorr_genome"
"chr7_42001811_43159074","region","h2","GWAS1",NA,0.000338073142473981,NA,NA,NA,NA,"Joint HESS uncertainty requires valid regional genetic and total residual parameters","gcorr_genome"
"chr7_43159074_44763828","region","h2","GWAS1",NA,0.00118277915681897,NA,NA,NA,NA,"Joint HESS uncertainty requires valid regional genetic and total residual parameters","gcorr_genome"
"chr7_44763828_45952922","region","h2","GWAS1",NA,0.000607224909503233,NA,NA,NA,NA,"Joint HESS uncertainty requires valid regional genetic and total residual parameters","gcorr_genome"
"chr7_4573428_5416232","region","h2","GWAS1",NA,0.000329681332528443,NA,NA,NA,NA,"Joint HESS uncertainty requires valid regional genetic and total residual parameters","gcorr_genome"
"chr7_45952922_46986720","region","h2","GWAS1",NA,0.000348491719463788,NA,NA,NA,NA,"Joint HESS uncertainty requires valid regional genetic and total residual parameters","gcorr_genome"
"chr7_46986720_49212278","region","h2","GWAS1",NA,0.000243085330173824,NA,NA,NA,NA,"Joint HESS uncertainty requires valid regional genetic and total residual parameters","gcorr_genome"
"chr7_49212278_51675322","region","h2","GWAS1",NA,0.000346341592140732,NA,NA,NA,NA,"Joint HESS uncertainty requires valid regional genetic and total residual parameters","gcorr_genome"
"chr7_51675322_53176312","region","h2","GWAS1",NA,0.000264920543557451,NA,NA,NA,NA,"Joint HESS uncertainty requires valid regional genetic and total residual parameters","gcorr_genome"
"chr7_53176312_54222976","region","h2","GWAS1",NA,0.000155403111868987,NA,NA,NA,NA,"Joint HESS uncertainty requires valid regional genetic and total residual parameters","gcorr_genome"
"chr7_5416232_5854526","region","h2","GWAS1",NA,0.000559888829940398,NA,NA,NA,NA,"Joint HESS uncertainty requires valid regional genetic and total residual parameters","gcorr_genome"
"chr7_54222976_55691584","region","h2","GWAS1",NA,0.000331057497373845,NA,NA,NA,NA,"Joint HESS uncertainty requires valid regional genetic and total residual parameters","gcorr_genome"
"chr7_55691584_57382638","region","h2","GWAS1",NA,0.000334609894819559,NA,NA,NA,NA,"Joint HESS uncertainty requires valid regional genetic and total residual parameters","gcorr_genome"
"chr7_57382638_63307359","region","h2","GWAS1",NA,0.000180261676055344,NA,NA,NA,NA,"Joint HESS uncertainty requires valid regional genetic and total residual parameters","gcorr_genome"
"chr7_5854526_6573857","region","h2","GWAS1",NA,0.000239621665174102,NA,NA,NA,NA,"Joint HESS uncertainty requires valid regional genetic and total residual parameters","gcorr_genome"
"chr7_63307359_63641125","region","h2","GWAS1",NA,0.000275286603026854,NA,NA,NA,NA,"Joint HESS uncertainty requires valid regional genetic and total residual parameters","gcorr_genome"
"chr7_63641125_65689809","region","h2","GWAS1",NA,0.000276113907975453,NA,NA,NA,NA,"Joint HESS uncertainty requires valid regional genetic and total residual parameters","gcorr_genome"
"chr7_65689809_68234074","region","h2","GWAS1",NA,0.000105595108123203,NA,NA,NA,NA,"Joint HESS uncertainty requires valid regional genetic and total residual parameters","gcorr_genome"
"chr7_6573857_7808752","region","h2","GWAS1",NA,0.000286682645358143,NA,NA,NA,NA,"Joint HESS uncertainty requires valid regional genetic and total residual parameters","gcorr_genome"
"chr7_68234074_69085364","region","h2","GWAS1",NA,0.000315894232913798,NA,NA,NA,NA,"Joint HESS uncertainty requires valid regional genetic and total residual parameters","gcorr_genome"
"chr7_69085364_71874885","region","h2","GWAS1",NA,0.000324814561298363,NA,NA,NA,NA,"Joint HESS uncertainty requires valid regional genetic and total residual parameters","gcorr_genome"
"chr7_71874885_73334602","region","h2","GWAS1",NA,0.000530499640282649,NA,NA,NA,NA,"Joint HESS uncertainty requires valid regional genetic and total residual parameters","gcorr_genome"
"chr7_73334602_76458564","region","h2","GWAS1",NA,0.000406602470247467,NA,NA,NA,NA,"Joint HESS uncertainty requires valid regional genetic and total residual parameters","gcorr_genome"
"chr7_76458564_78093859","region","h2","GWAS1",NA,0.000348817126601509,NA,NA,NA,NA,"Joint HESS uncertainty requires valid regional genetic and total residual parameters","gcorr_genome"
"chr7_7808752_9123423","region","h2","GWAS1",NA,0.000277451990202872,NA,NA,NA,NA,"Joint HESS uncertainty requires valid regional genetic and total residual parameters","gcorr_genome"
"chr7_78093859_79888069","region","h2","GWAS1",NA,0.000368895744598081,NA,NA,NA,NA,"Joint HESS uncertainty requires valid regional genetic and total residual parameters","gcorr_genome"
"chr7_79888069_82022686","region","h2","GWAS1",NA,0.000300721885117764,NA,NA,NA,NA,"Joint HESS uncertainty requires valid regional genetic and total residual parameters","gcorr_genome"
"chr7_82022686_83801203","region","h2","GWAS1",NA,0.000444408684587922,NA,NA,NA,NA,"Joint HESS uncertainty requires valid regional genetic and total residual parameters","gcorr_genome"
"chr7_83801203_85572182","region","h2","GWAS1",NA,0.000269963342524386,NA,NA,NA,NA,"Joint HESS uncertainty requires valid regional genetic and total residual parameters","gcorr_genome"
"chr7_85572182_87825004","region","h2","GWAS1",NA,0.000230669219717067,NA,NA,NA,NA,"Joint HESS uncertainty requires valid regional genetic and total residual parameters","gcorr_genome"
"chr7_87825004_90661784","region","h2","GWAS1",NA,0.000325504823774615,NA,NA,NA,NA,"Joint HESS uncertainty requires valid regional genetic and total residual parameters","gcorr_genome"
"chr7_90661784_92493752","region","h2","GWAS1",NA,0.000219764231061617,NA,NA,NA,NA,"Joint HESS uncertainty requires valid regional genetic and total residual parameters","gcorr_genome"
"chr7_9123423_9987499","region","h2","GWAS1",NA,0.000457356771000514,NA,NA,NA,NA,"Joint HESS uncertainty requires valid regional genetic and total residual parameters","gcorr_genome"
"chr7_92493752_93966601","region","h2","GWAS1",NA,0.000250508902513493,NA,NA,NA,NA,"Joint HESS uncertainty requires valid regional genetic and total residual parameters","gcorr_genome"
"chr7_93966601_96073508","region","h2","GWAS1",NA,6.49202743991942e-05,NA,NA,NA,NA,"Joint HESS uncertainty requires valid regional genetic and total residual parameters","gcorr_genome"
"chr7_96073508_97099570","region","h2","GWAS1",NA,0.000107601607122826,NA,NA,NA,NA,"Joint HESS uncertainty requires valid regional genetic and total residual parameters","gcorr_genome"
"chr7_97099570_98715474","region","h2","GWAS1",NA,0.000750293396413653,NA,NA,NA,NA,"Joint HESS uncertainty requires valid regional genetic and total residual parameters","gcorr_genome"
"chr7_972752_1353067","region","h2","GWAS1",NA,0.000268875113101348,NA,NA,NA,NA,"Joint HESS uncertainty requires valid regional genetic and total residual parameters","gcorr_genome"
"chr7_98715474_100196651","region","h2","GWAS1",NA,0.00043505964887195,NA,NA,NA,NA,"Joint HESS uncertainty requires valid regional genetic and total residual parameters","gcorr_genome"
"chr7_9987499_11299198","region","h2","GWAS1",NA,0.000417865946629273,NA,NA,NA,NA,"Joint HESS uncertainty requires valid regional genetic and total residual parameters","gcorr_genome"
"chr8_101620958_104123306","region","h2","GWAS1",NA,0.000320223154384323,NA,NA,NA,NA,"Joint HESS uncertainty requires valid regional genetic and total residual parameters","gcorr_genome"
"chr8_104123306_104988752","region","h2","GWAS1",NA,0.000614007673509659,NA,NA,NA,NA,"Joint HESS uncertainty requires valid regional genetic and total residual parameters","gcorr_genome"
"chr8_10422_1044217","region","h2","GWAS1",NA,0.00059264544636608,NA,NA,NA,NA,"Joint HESS uncertainty requires valid regional genetic and total residual parameters","gcorr_genome"
"chr8_1044217_1163245","region","h2","GWAS1",NA,0.00038774104049042,NA,NA,NA,NA,"Joint HESS uncertainty requires valid regional genetic and total residual parameters","gcorr_genome"
"chr8_10463197_11278998","region","h2","GWAS1",NA,0.00107858814112921,NA,NA,NA,NA,"Joint HESS uncertainty requires valid regional genetic and total residual parameters","gcorr_genome"
"chr8_104988752_107410754","region","h2","GWAS1",NA,0.000752780816763453,NA,NA,NA,NA,"Joint HESS uncertainty requires valid regional genetic and total residual parameters","gcorr_genome"
"chr8_107410754_108648177","region","h2","GWAS1",NA,0.000431621645184329,NA,NA,NA,NA,"Joint HESS uncertainty requires valid regional genetic and total residual parameters","gcorr_genome"
"chr8_108648177_109248173","region","h2","GWAS1",NA,0.000286385782224524,NA,NA,NA,NA,"Joint HESS uncertainty requires valid regional genetic and total residual parameters","gcorr_genome"
"chr8_109248173_110484314","region","h2","GWAS1",NA,0.000460279509117657,NA,NA,NA,NA,"Joint HESS uncertainty requires valid regional genetic and total residual parameters","gcorr_genome"
"chr8_110484314_111850847","region","h2","GWAS1",NA,0.000321554864969681,NA,NA,NA,NA,"Joint HESS uncertainty requires valid regional genetic and total residual parameters","gcorr_genome"
"chr8_111850847_113064320","region","h2","GWAS1",NA,0.000371617258912018,NA,NA,NA,NA,"Joint HESS uncertainty requires valid regional genetic and total residual parameters","gcorr_genome"
"chr8_11278998_13491775","region","h2","GWAS1",NA,0.000875571705557861,NA,NA,NA,NA,"Joint HESS uncertainty requires valid regional genetic and total residual parameters","gcorr_genome"
"chr8_113064320_116096495","region","h2","GWAS1",NA,0.000354596708459341,NA,NA,NA,NA,"Joint HESS uncertainty requires valid regional genetic and total residual parameters","gcorr_genome"
"chr8_116096495_119685457","region","h2","GWAS1",NA,0.000807154144633432,NA,NA,NA,NA,"Joint HESS uncertainty requires valid regional genetic and total residual parameters","gcorr_genome"
"chr8_1163245_2042942","region","h2","GWAS1",NA,0.000185490515267191,NA,NA,NA,NA,"Joint HESS uncertainty requires valid regional genetic and total residual parameters","gcorr_genome"
"chr8_119685457_121201700","region","h2","GWAS1",NA,0.000265265086291217,NA,NA,NA,NA,"Joint HESS uncertainty requires valid regional genetic and total residual parameters","gcorr_genome"
"chr8_121201700_124861459","region","h2","GWAS1",NA,0.000230868841640362,NA,NA,NA,NA,"Joint HESS uncertainty requires valid regional genetic and total residual parameters","gcorr_genome"
"chr8_124861459_125683719","region","h2","GWAS1",NA,8.45038185599032e-05,NA,NA,NA,NA,"Joint HESS uncertainty requires valid regional genetic and total residual parameters","gcorr_genome"
"chr8_125683719_126410917","region","h2","GWAS1",NA,0.000226812445690578,NA,NA,NA,NA,"Joint HESS uncertainty requires valid regional genetic and total residual parameters","gcorr_genome"
"chr8_126410917_128659111","region","h2","GWAS1",NA,0.000284693105040048,NA,NA,NA,NA,"Joint HESS uncertainty requires valid regional genetic and total residual parameters","gcorr_genome"
"chr8_128659111_130381139","region","h2","GWAS1",NA,0.000481961640499596,NA,NA,NA,NA,"Joint HESS uncertainty requires valid regional genetic and total residual parameters","gcorr_genome"
"chr8_130381139_131639625","region","h2","GWAS1",NA,0.000229105117448969,NA,NA,NA,NA,"Joint HESS uncertainty requires valid regional genetic and total residual parameters","gcorr_genome"
"chr8_131639625_133351144","region","h2","GWAS1",NA,0.000260595466631906,NA,NA,NA,NA,"Joint HESS uncertainty requires valid regional genetic and total residual parameters","gcorr_genome"
"chr8_133351144_134570001","region","h2","GWAS1",NA,0.000189528997013569,NA,NA,NA,NA,"Joint HESS uncertainty requires valid regional genetic and total residual parameters","gcorr_genome"
"chr8_134570001_136035605","region","h2","GWAS1",NA,0.00063831109299139,NA,NA,NA,NA,"Joint HESS uncertainty requires valid regional genetic and total residual parameters","gcorr_genome"
"chr8_13491775_13944992","region","h2","GWAS1",NA,0.000452197841873375,NA,NA,NA,NA,"Joint HESS uncertainty requires valid regional genetic and total residual parameters","gcorr_genome"
"chr8_136035605_137524151","region","h2","GWAS1",NA,0.000433855981832903,NA,NA,NA,NA,"Joint HESS uncertainty requires valid regional genetic and total residual parameters","gcorr_genome"
"chr8_137524151_139254830","region","h2","GWAS1",NA,0.000293989262139209,NA,NA,NA,NA,"Joint HESS uncertainty requires valid regional genetic and total residual parameters","gcorr_genome"
"chr8_139254830_140725643","region","h2","GWAS1",NA,0.000287498347314344,NA,NA,NA,NA,"Joint HESS uncertainty requires valid regional genetic and total residual parameters","gcorr_genome"
"chr8_13944992_15991660","region","h2","GWAS1",NA,0.000476920199175431,NA,NA,NA,NA,"Joint HESS uncertainty requires valid regional genetic and total residual parameters","gcorr_genome"
"chr8_140725643_143044914","region","h2","GWAS1",NA,0.000131040154731804,NA,NA,NA,NA,"Joint HESS uncertainty requires valid regional genetic and total residual parameters","gcorr_genome"
"chr8_143044914_144236881","region","h2","GWAS1",NA,0.000473457939240915,NA,NA,NA,NA,"Joint HESS uncertainty requires valid regional genetic and total residual parameters","gcorr_genome"
"chr8_144236881_146303867","region","h2","GWAS1",NA,0.00133647678324171,NA,NA,NA,NA,"Joint HESS uncertainty requires valid regional genetic and total residual parameters","gcorr_genome"
"chr8_15991660_17387876","region","h2","GWAS1",NA,0.000312460898945262,NA,NA,NA,NA,"Joint HESS uncertainty requires valid regional genetic and total residual parameters","gcorr_genome"
"chr8_17387876_17836399","region","h2","GWAS1",NA,0.000401303949441682,NA,NA,NA,NA,"Joint HESS uncertainty requires valid regional genetic and total residual parameters","gcorr_genome"
"chr8_17836399_19492840","region","h2","GWAS1",NA,0.000309268823688172,NA,NA,NA,NA,"Joint HESS uncertainty requires valid regional genetic and total residual parameters","gcorr_genome"
"chr8_19492840_20060856","region","h2","GWAS1",NA,0.000443642349261812,NA,NA,NA,NA,"Joint HESS uncertainty requires valid regional genetic and total residual parameters","gcorr_genome"
"chr8_20060856_21661737","region","h2","GWAS1",NA,0.000348004570237287,NA,NA,NA,NA,"Joint HESS uncertainty requires valid regional genetic and total residual parameters","gcorr_genome"
"chr8_2042942_2573279","region","h2","GWAS1",NA,0.000294208777924782,NA,NA,NA,NA,"Joint HESS uncertainty requires valid regional genetic and total residual parameters","gcorr_genome"
"chr8_21661737_22897057","region","h2","GWAS1",NA,0.000232162182982189,NA,NA,NA,NA,"Joint HESS uncertainty requires valid regional genetic and total residual parameters","gcorr_genome"
"chr8_22897057_24674718","region","h2","GWAS1",NA,0.000327136841091654,NA,NA,NA,NA,"Joint HESS uncertainty requires valid regional genetic and total residual parameters","gcorr_genome"
"chr8_24674718_25483454","region","h2","GWAS1",NA,0.00040469703773297,NA,NA,NA,NA,"Joint HESS uncertainty requires valid regional genetic and total residual parameters","gcorr_genome"
"chr8_25483454_26682525","region","h2","GWAS1",NA,0.00060167350486863,NA,NA,NA,NA,"Joint HESS uncertainty requires valid regional genetic and total residual parameters","gcorr_genome"
"chr8_2573279_3392926","region","h2","GWAS1",NA,0.000398415036237666,NA,NA,NA,NA,"Joint HESS uncertainty requires valid regional genetic and total residual parameters","gcorr_genome"
"chr8_26682525_28162392","region","h2","GWAS1",NA,0.000374890369539734,NA,NA,NA,NA,"Joint HESS uncertainty requires valid regional genetic and total residual parameters","gcorr_genome"
"chr8_28162392_29327896","region","h2","GWAS1",NA,0.000120552864226503,NA,NA,NA,NA,"Joint HESS uncertainty requires valid regional genetic and total residual parameters","gcorr_genome"
"chr8_29327896_31133729","region","h2","GWAS1",NA,0.000317999348098295,NA,NA,NA,NA,"Joint HESS uncertainty requires valid regional genetic and total residual parameters","gcorr_genome"
"chr8_31133729_31548360","region","h2","GWAS1",NA,0.000311123088948274,NA,NA,NA,NA,"Joint HESS uncertainty requires valid regional genetic and total residual parameters","gcorr_genome"
"chr8_31548360_32977218","region","h2","GWAS1",NA,0.000204409013338513,NA,NA,NA,NA,"Joint HESS uncertainty requires valid regional genetic and total residual parameters","gcorr_genome"
"chr8_32977218_35317232","region","h2","GWAS1",NA,0.000304965040782345,NA,NA,NA,NA,"Joint HESS uncertainty requires valid regional genetic and total residual parameters","gcorr_genome"
"chr8_3392926_3783017","region","h2","GWAS1",NA,0.000185230473633795,NA,NA,NA,NA,"Joint HESS uncertainty requires valid regional genetic and total residual parameters","gcorr_genome"
"chr8_35317232_37379389","region","h2","GWAS1",NA,0.0005106722397419,NA,NA,NA,NA,"Joint HESS uncertainty requires valid regional genetic and total residual parameters","gcorr_genome"
"chr8_37379389_38938806","region","h2","GWAS1",NA,0.000339948403477873,NA,NA,NA,NA,"Joint HESS uncertainty requires valid regional genetic and total residual parameters","gcorr_genome"
"chr8_3783017_4480476","region","h2","GWAS1",NA,0.00023549988008073,NA,NA,NA,NA,"Joint HESS uncertainty requires valid regional genetic and total residual parameters","gcorr_genome"
"chr8_38938806_40703337","region","h2","GWAS1",NA,0.000109113447137767,NA,NA,NA,NA,"Joint HESS uncertainty requires valid regional genetic and total residual parameters","gcorr_genome"
"chr8_40703337_41721454","region","h2","GWAS1",NA,0.00154216289267249,NA,NA,NA,NA,"Joint HESS uncertainty requires valid regional genetic and total residual parameters","gcorr_genome"
"chr8_41721454_42773823","region","h2","GWAS1",NA,0.000306835739124523,NA,NA,NA,NA,"Joint HESS uncertainty requires valid regional genetic and total residual parameters","gcorr_genome"
"chr8_42773823_46841315","region","h2","GWAS1",NA,0.000180832781663393,NA,NA,NA,NA,"Joint HESS uncertainty requires valid regional genetic and total residual parameters","gcorr_genome"
"chr8_4480476_5146927","region","h2","GWAS1",NA,0.000417730812417585,NA,NA,NA,NA,"Joint HESS uncertainty requires valid regional genetic and total residual parameters","gcorr_genome"
"chr8_46841315_50082470","region","h2","GWAS1",NA,0.000116897474441619,NA,NA,NA,NA,"Joint HESS uncertainty requires valid regional genetic and total residual parameters","gcorr_genome"
"chr8_50082470_53302930","region","h2","GWAS1",NA,9.70827668229021e-05,NA,NA,NA,NA,"Joint HESS uncertainty requires valid regional genetic and total residual parameters","gcorr_genome"
"chr8_5146927_6142797","region","h2","GWAS1",NA,9.22271725286634e-05,NA,NA,NA,NA,"Joint HESS uncertainty requires valid regional genetic and total residual parameters","gcorr_genome"
"chr8_53302930_54418044","region","h2","GWAS1",NA,0.000456703023528851,NA,NA,NA,NA,"Joint HESS uncertainty requires valid regional genetic and total residual parameters","gcorr_genome"
"chr8_54418044_55945581","region","h2","GWAS1",NA,0.000296285510244449,NA,NA,NA,NA,"Joint HESS uncertainty requires valid regional genetic and total residual parameters","gcorr_genome"
"chr8_55945581_56956383","region","h2","GWAS1",NA,0.000432046914976507,NA,NA,NA,NA,"Joint HESS uncertainty requires valid regional genetic and total residual parameters","gcorr_genome"
"chr8_56956383_59068651","region","h2","GWAS1",NA,0.000467681903151071,NA,NA,NA,NA,"Joint HESS uncertainty requires valid regional genetic and total residual parameters","gcorr_genome"
"chr8_59068651_59728100","region","h2","GWAS1",NA,0.000292858069610412,NA,NA,NA,NA,"Joint HESS uncertainty requires valid regional genetic and total residual parameters","gcorr_genome"
"chr8_59728100_62329099","region","h2","GWAS1",NA,0.000298084013459609,NA,NA,NA,NA,"Joint HESS uncertainty requires valid regional genetic and total residual parameters","gcorr_genome"
"chr8_6142797_7153079","region","h2","GWAS1",NA,0.000128468758567399,NA,NA,NA,NA,"Joint HESS uncertainty requires valid regional genetic and total residual parameters","gcorr_genome"
"chr8_62329099_63349306","region","h2","GWAS1",NA,0.000180071532436181,NA,NA,NA,NA,"Joint HESS uncertainty requires valid regional genetic and total residual parameters","gcorr_genome"
"chr8_63349306_65232872","region","h2","GWAS1",NA,0.000453049873772704,NA,NA,NA,NA,"Joint HESS uncertainty requires valid regional genetic and total residual parameters","gcorr_genome"
"chr8_65232872_66489090","region","h2","GWAS1",NA,0.000202467794793321,NA,NA,NA,NA,"Joint HESS uncertainty requires valid regional genetic and total residual parameters","gcorr_genome"
"chr8_66489090_69863057","region","h2","GWAS1",NA,0.000124989915383719,NA,NA,NA,NA,"Joint HESS uncertainty requires valid regional genetic and total residual parameters","gcorr_genome"
"chr8_69863057_70867979","region","h2","GWAS1",NA,0.000395176659150329,NA,NA,NA,NA,"Joint HESS uncertainty requires valid regional genetic and total residual parameters","gcorr_genome"
"chr8_70867979_72289454","region","h2","GWAS1",NA,0.000192955714360449,NA,NA,NA,NA,"Joint HESS uncertainty requires valid regional genetic and total residual parameters","gcorr_genome"
"chr8_7153079_9154694","region","h2","GWAS1",NA,0.000759227588540391,NA,NA,NA,NA,"Joint HESS uncertainty requires valid regional genetic and total residual parameters","gcorr_genome"
"chr8_72289454_73817199","region","h2","GWAS1",NA,0.000186209550919194,NA,NA,NA,NA,"Joint HESS uncertainty requires valid regional genetic and total residual parameters","gcorr_genome"
"chr8_73817199_75445064","region","h2","GWAS1",NA,0.000604219655718382,NA,NA,NA,NA,"Joint HESS uncertainty requires valid regional genetic and total residual parameters","gcorr_genome"
"chr8_75445064_76456542","region","h2","GWAS1",NA,0.000513370657377676,NA,NA,NA,NA,"Joint HESS uncertainty requires valid regional genetic and total residual parameters","gcorr_genome"
"chr8_76456542_79132861","region","h2","GWAS1",NA,0.000291867257968377,NA,NA,NA,NA,"Joint HESS uncertainty requires valid regional genetic and total residual parameters","gcorr_genome"
"chr8_79132861_81956395","region","h2","GWAS1",NA,0.000389623061291741,NA,NA,NA,NA,"Joint HESS uncertainty requires valid regional genetic and total residual parameters","gcorr_genome"
"chr8_81956395_82693739","region","h2","GWAS1",NA,0.000426993928077405,NA,NA,NA,NA,"Joint HESS uncertainty requires valid regional genetic and total residual parameters","gcorr_genome"
"chr8_82693739_84225589","region","h2","GWAS1",NA,0.000327564873090854,NA,NA,NA,NA,"Joint HESS uncertainty requires valid regional genetic and total residual parameters","gcorr_genome"
"chr8_84225589_85955619","region","h2","GWAS1",NA,0.000488617760562582,NA,NA,NA,NA,"Joint HESS uncertainty requires valid regional genetic and total residual parameters","gcorr_genome"
"chr8_85955619_87411709","region","h2","GWAS1",NA,0.000730082987284429,NA,NA,NA,NA,"Joint HESS uncertainty requires valid regional genetic and total residual parameters","gcorr_genome"
"chr8_87411709_89085481","region","h2","GWAS1",NA,0.000610055980478955,NA,NA,NA,NA,"Joint HESS uncertainty requires valid regional genetic and total residual parameters","gcorr_genome"
"chr8_89085481_90638162","region","h2","GWAS1",NA,9.52169037879312e-05,NA,NA,NA,NA,"Joint HESS uncertainty requires valid regional genetic and total residual parameters","gcorr_genome"
"chr8_90638162_93554386","region","h2","GWAS1",NA,0.000339792265815075,NA,NA,NA,NA,"Joint HESS uncertainty requires valid regional genetic and total residual parameters","gcorr_genome"
"chr8_9154694_9640787","region","h2","GWAS1",NA,0.000897477617081059,NA,NA,NA,NA,"Joint HESS uncertainty requires valid regional genetic and total residual parameters","gcorr_genome"
"chr8_93554386_95005527","region","h2","GWAS1",NA,0.000281253908833835,NA,NA,NA,NA,"Joint HESS uncertainty requires valid regional genetic and total residual parameters","gcorr_genome"
"chr8_95005527_96534806","region","h2","GWAS1",NA,0.00112699834459057,NA,NA,NA,NA,"Joint HESS uncertainty requires valid regional genetic and total residual parameters","gcorr_genome"
"chr8_9640787_10463197","region","h2","GWAS1",NA,0.000921324055009988,NA,NA,NA,NA,"Joint HESS uncertainty requires valid regional genetic and total residual parameters","gcorr_genome"
"chr8_96534806_99401581","region","h2","GWAS1",NA,5.39405686465733e-05,NA,NA,NA,NA,"Joint HESS uncertainty requires valid regional genetic and total residual parameters","gcorr_genome"
"chr8_99401581_101620958","region","h2","GWAS1",NA,0.000313310606033513,NA,NA,NA,NA,"Joint HESS uncertainty requires valid regional genetic and total residual parameters","gcorr_genome"
"chr9_10023_1079707","region","h2","GWAS1",NA,0.000554732080572757,NA,NA,NA,NA,"Joint HESS uncertainty requires valid regional genetic and total residual parameters","gcorr_genome"
"chr9_101592859_104624437","region","h2","GWAS1",NA,0.00018762986164222,NA,NA,NA,NA,"Joint HESS uncertainty requires valid regional genetic and total residual parameters","gcorr_genome"
"chr9_104624437_105967976","region","h2","GWAS1",NA,0.00018553120778764,NA,NA,NA,NA,"Joint HESS uncertainty requires valid regional genetic and total residual parameters","gcorr_genome"
"chr9_105967976_107581749","region","h2","GWAS1",NA,0.000467222781977771,NA,NA,NA,NA,"Joint HESS uncertainty requires valid regional genetic and total residual parameters","gcorr_genome"
"chr9_107581749_109298754","region","h2","GWAS1",NA,0.000429746902115017,NA,NA,NA,NA,"Joint HESS uncertainty requires valid regional genetic and total residual parameters","gcorr_genome"
"chr9_1079707_1916877","region","h2","GWAS1",NA,0.000182237846113172,NA,NA,NA,NA,"Joint HESS uncertainty requires valid regional genetic and total residual parameters","gcorr_genome"
"chr9_10879253_12276489","region","h2","GWAS1",NA,0.000381185680251371,NA,NA,NA,NA,"Joint HESS uncertainty requires valid regional genetic and total residual parameters","gcorr_genome"
"chr9_109298754_110695062","region","h2","GWAS1",NA,0.000150394516190119,NA,NA,NA,NA,"Joint HESS uncertainty requires valid regional genetic and total residual parameters","gcorr_genome"
"chr9_110695062_112778024","region","h2","GWAS1",NA,0.000481264196695688,NA,NA,NA,NA,"Joint HESS uncertainty requires valid regional genetic and total residual parameters","gcorr_genome"
"chr9_112778024_114831082","region","h2","GWAS1",NA,0.000281944328002763,NA,NA,NA,NA,"Joint HESS uncertainty requires valid regional genetic and total residual parameters","gcorr_genome"
"chr9_114831082_115693145","region","h2","GWAS1",NA,0.000172187224266767,NA,NA,NA,NA,"Joint HESS uncertainty requires valid regional genetic and total residual parameters","gcorr_genome"
"chr9_115693145_117019801","region","h2","GWAS1",NA,0.000329614009267953,NA,NA,NA,NA,"Joint HESS uncertainty requires valid regional genetic and total residual parameters","gcorr_genome"
"chr9_117019801_117921960","region","h2","GWAS1",NA,0.000539565794119958,NA,NA,NA,NA,"Joint HESS uncertainty requires valid regional genetic and total residual parameters","gcorr_genome"
"chr9_117921960_121321537","region","h2","GWAS1",NA,0.000532326619717809,NA,NA,NA,NA,"Joint HESS uncertainty requires valid regional genetic and total residual parameters","gcorr_genome"
"chr9_121321537_122260297","region","h2","GWAS1",NA,0.000380499188399044,NA,NA,NA,NA,"Joint HESS uncertainty requires valid regional genetic and total residual parameters","gcorr_genome"
"chr9_122260297_124871322","region","h2","GWAS1",NA,0.000434244183336232,NA,NA,NA,NA,"Joint HESS uncertainty requires valid regional genetic and total residual parameters","gcorr_genome"
"chr9_12276489_14836363","region","h2","GWAS1",NA,0.000332804777433794,NA,NA,NA,NA,"Joint HESS uncertainty requires valid regional genetic and total residual parameters","gcorr_genome"
"chr9_124871322_126971887","region","h2","GWAS1",NA,0.00112185434242172,NA,NA,NA,NA,"Joint HESS uncertainty requires valid regional genetic and total residual parameters","gcorr_genome"
"chr9_126971887_129059665","region","h2","GWAS1",NA,0.000507153966727346,NA,NA,NA,NA,"Joint HESS uncertainty requires valid regional genetic and total residual parameters","gcorr_genome"
"chr9_129059665_130055510","region","h2","GWAS1",NA,0.000497183750020994,NA,NA,NA,NA,"Joint HESS uncertainty requires valid regional genetic and total residual parameters","gcorr_genome"
"chr9_130055510_132165470","region","h2","GWAS1",NA,0.000286219195291263,NA,NA,NA,NA,"Joint HESS uncertainty requires valid regional genetic and total residual parameters","gcorr_genome"
"chr9_132165470_133223217","region","h2","GWAS1",NA,0.000531331246721074,NA,NA,NA,NA,"Joint HESS uncertainty requires valid regional genetic and total residual parameters","gcorr_genome"
"chr9_133223217_134127888","region","h2","GWAS1",NA,0.000418310946071894,NA,NA,NA,NA,"Joint HESS uncertainty requires valid regional genetic and total residual parameters","gcorr_genome"
"chr9_134127888_135298842","region","h2","GWAS1",NA,0.00046291299042787,NA,NA,NA,NA,"Joint HESS uncertainty requires valid regional genetic and total residual parameters","gcorr_genome"
"chr9_135298842_137041122","region","h2","GWAS1",NA,0.000430126889042237,NA,NA,NA,NA,"Joint HESS uncertainty requires valid regional genetic and total residual parameters","gcorr_genome"
"chr9_137041122_137589364","region","h2","GWAS1",NA,0.000230434507526546,NA,NA,NA,NA,"Joint HESS uncertainty requires valid regional genetic and total residual parameters","gcorr_genome"
"chr9_137589364_138938978","region","h2","GWAS1",NA,7.56392343486183e-05,NA,NA,NA,NA,"Joint HESS uncertainty requires valid regional genetic and total residual parameters","gcorr_genome"
"chr9_138938978_139500342","region","h2","GWAS1",NA,0.00101409395277597,NA,NA,NA,NA,"Joint HESS uncertainty requires valid regional genetic and total residual parameters","gcorr_genome"
"chr9_139500342_141144796","region","h2","GWAS1",NA,0.000232105792988861,NA,NA,NA,NA,"Joint HESS uncertainty requires valid regional genetic and total residual parameters","gcorr_genome"
"chr9_14836363_16659655","region","h2","GWAS1",NA,0.000138887586283681,NA,NA,NA,NA,"Joint HESS uncertainty requires valid regional genetic and total residual parameters","gcorr_genome"
"chr9_16659655_18661051","region","h2","GWAS1",NA,0.000311767587366345,NA,NA,NA,NA,"Joint HESS uncertainty requires valid regional genetic and total residual parameters","gcorr_genome"
"chr9_18661051_20463534","region","h2","GWAS1",NA,0.000694580172655167,NA,NA,NA,NA,"Joint HESS uncertainty requires valid regional genetic and total residual parameters","gcorr_genome"
"chr9_1916877_3190064","region","h2","GWAS1",NA,0.000120335313489327,NA,NA,NA,NA,"Joint HESS uncertainty requires valid regional genetic and total residual parameters","gcorr_genome"
"chr9_20463534_22206559","region","h2","GWAS1",NA,0.00112448167817226,NA,NA,NA,NA,"Joint HESS uncertainty requires valid regional genetic and total residual parameters","gcorr_genome"
"chr9_22206559_24158518","region","h2","GWAS1",NA,0.000451989479090197,NA,NA,NA,NA,"Joint HESS uncertainty requires valid regional genetic and total residual parameters","gcorr_genome"
"chr9_24158518_25330810","region","h2","GWAS1",NA,0.000300959917622719,NA,NA,NA,NA,"Joint HESS uncertainty requires valid regional genetic and total residual parameters","gcorr_genome"
"chr9_25330810_26111757","region","h2","GWAS1",NA,0.00024585487741386,NA,NA,NA,NA,"Joint HESS uncertainty requires valid regional genetic and total residual parameters","gcorr_genome"
"chr9_26111757_28224283","region","h2","GWAS1",NA,0.000185342164869045,NA,NA,NA,NA,"Joint HESS uncertainty requires valid regional genetic and total residual parameters","gcorr_genome"
"chr9_28224283_28811584","region","h2","GWAS1",NA,0.000580109609092441,NA,NA,NA,NA,"Joint HESS uncertainty requires valid regional genetic and total residual parameters","gcorr_genome"
"chr9_28811584_30387392","region","h2","GWAS1",NA,0.000380299486052979,NA,NA,NA,NA,"Joint HESS uncertainty requires valid regional genetic and total residual parameters","gcorr_genome"
"chr9_30387392_31310383","region","h2","GWAS1",NA,0.000646489585915705,NA,NA,NA,NA,"Joint HESS uncertainty requires valid regional genetic and total residual parameters","gcorr_genome"
"chr9_31310383_32019368","region","h2","GWAS1",NA,0.000412350546425141,NA,NA,NA,NA,"Joint HESS uncertainty requires valid regional genetic and total residual parameters","gcorr_genome"
"chr9_3190064_4495328","region","h2","GWAS1",NA,0.00091862836560146,NA,NA,NA,NA,"Joint HESS uncertainty requires valid regional genetic and total residual parameters","gcorr_genome"
"chr9_32019368_33578334","region","h2","GWAS1",NA,0.000364805929338928,NA,NA,NA,NA,"Joint HESS uncertainty requires valid regional genetic and total residual parameters","gcorr_genome"
"chr9_33578334_34642243","region","h2","GWAS1",NA,0.000791182937332064,NA,NA,NA,NA,"Joint HESS uncertainty requires valid regional genetic and total residual parameters","gcorr_genome"
"chr9_34642243_36743283","region","h2","GWAS1",NA,0.000303329124400607,NA,NA,NA,NA,"Joint HESS uncertainty requires valid regional genetic and total residual parameters","gcorr_genome"
"chr9_36743283_38641599","region","h2","GWAS1",NA,0.00027366667458286,NA,NA,NA,NA,"Joint HESS uncertainty requires valid regional genetic and total residual parameters","gcorr_genome"
"chr9_38641599_65472190","region","h2","GWAS1",NA,0.00030492583766459,NA,NA,NA,NA,"Joint HESS uncertainty requires valid regional genetic and total residual parameters","gcorr_genome"
"chr9_4495328_4884926","region","h2","GWAS1",NA,0.000179206780352253,NA,NA,NA,NA,"Joint HESS uncertainty requires valid regional genetic and total residual parameters","gcorr_genome"
"chr9_4884926_6557589","region","h2","GWAS1",NA,0.000569656235946269,NA,NA,NA,NA,"Joint HESS uncertainty requires valid regional genetic and total residual parameters","gcorr_genome"
"chr9_65472190_72512711","region","h2","GWAS1",NA,0.000448874844141624,NA,NA,NA,NA,"Joint HESS uncertainty requires valid regional genetic and total residual parameters","gcorr_genome"
"chr9_6557589_7154923","region","h2","GWAS1",NA,0.000199850431846275,NA,NA,NA,NA,"Joint HESS uncertainty requires valid regional genetic and total residual parameters","gcorr_genome"
"chr9_7154923_8456299","region","h2","GWAS1",NA,0.000191723729910303,NA,NA,NA,NA,"Joint HESS uncertainty requires valid regional genetic and total residual parameters","gcorr_genome"
"chr9_72512711_72753755","region","h2","GWAS1",NA,0.000371182204400492,NA,NA,NA,NA,"Joint HESS uncertainty requires valid regional genetic and total residual parameters","gcorr_genome"
"chr9_72753755_74253040","region","h2","GWAS1",NA,0.000235868057412483,NA,NA,NA,NA,"Joint HESS uncertainty requires valid regional genetic and total residual parameters","gcorr_genome"
"chr9_74253040_76203946","region","h2","GWAS1",NA,0.000333148934664738,NA,NA,NA,NA,"Joint HESS uncertainty requires valid regional genetic and total residual parameters","gcorr_genome"
"chr9_76203946_76973081","region","h2","GWAS1",NA,0.00021649701924531,NA,NA,NA,NA,"Joint HESS uncertainty requires valid regional genetic and total residual parameters","gcorr_genome"
"chr9_76973081_78900183","region","h2","GWAS1",NA,0.000161662320968037,NA,NA,NA,NA,"Joint HESS uncertainty requires valid regional genetic and total residual parameters","gcorr_genome"
"chr9_78900183_79471208","region","h2","GWAS1",NA,0.000328289857485599,NA,NA,NA,NA,"Joint HESS uncertainty requires valid regional genetic and total residual parameters","gcorr_genome"
"chr9_79471208_81079055","region","h2","GWAS1",NA,0.00023145285801042,NA,NA,NA,NA,"Joint HESS uncertainty requires valid regional genetic and total residual parameters","gcorr_genome"
"chr9_81079055_82590928","region","h2","GWAS1",NA,0.000935955128992245,NA,NA,NA,NA,"Joint HESS uncertainty requires valid regional genetic and total residual parameters","gcorr_genome"
"chr9_82590928_84211233","region","h2","GWAS1",NA,0.000348012794619153,NA,NA,NA,NA,"Joint HESS uncertainty requires valid regional genetic and total residual parameters","gcorr_genome"
"chr9_84211233_85440801","region","h2","GWAS1",NA,0.000873686547372471,NA,NA,NA,NA,"Joint HESS uncertainty requires valid regional genetic and total residual parameters","gcorr_genome"
"chr9_8456299_9166403","region","h2","GWAS1",NA,0.000193606198547381,NA,NA,NA,NA,"Joint HESS uncertainty requires valid regional genetic and total residual parameters","gcorr_genome"
"chr9_85440801_86938196","region","h2","GWAS1",NA,0.000569210794825833,NA,NA,NA,NA,"Joint HESS uncertainty requires valid regional genetic and total residual parameters","gcorr_genome"
"chr9_86938196_88109333","region","h2","GWAS1",NA,0.000152454346646981,NA,NA,NA,NA,"Joint HESS uncertainty requires valid regional genetic and total residual parameters","gcorr_genome"
"chr9_88109333_88590417","region","h2","GWAS1",NA,0.000332168644168117,NA,NA,NA,NA,"Joint HESS uncertainty requires valid regional genetic and total residual parameters","gcorr_genome"
"chr9_88590417_90136246","region","h2","GWAS1",NA,0.000653939038579167,NA,NA,NA,NA,"Joint HESS uncertainty requires valid regional genetic and total residual parameters","gcorr_genome"
"chr9_90136246_92528698","region","h2","GWAS1",NA,0.000510252369333231,NA,NA,NA,NA,"Joint HESS uncertainty requires valid regional genetic and total residual parameters","gcorr_genome"
"chr9_9166403_10879253","region","h2","GWAS1",NA,0.000179270651928742,NA,NA,NA,NA,"Joint HESS uncertainty requires valid regional genetic and total residual parameters","gcorr_genome"
"chr9_92528698_94167203","region","h2","GWAS1",NA,0.000386843012305699,NA,NA,NA,NA,"Joint HESS uncertainty requires valid regional genetic and total residual parameters","gcorr_genome"
"chr9_94167203_96671698","region","h2","GWAS1",NA,0.000304596061222978,NA,NA,NA,NA,"Joint HESS uncertainty requires valid regional genetic and total residual parameters","gcorr_genome"
"chr9_96671698_98922040","region","h2","GWAS1",NA,0.00137928029797105,NA,NA,NA,NA,"Joint HESS uncertainty requires valid regional genetic and total residual parameters","gcorr_genome"
"chr9_98922040_101592859","region","h2","GWAS1",NA,0.000196122471907814,NA,NA,NA,NA,"Joint HESS uncertainty requires valid regional genetic and total residual parameters","gcorr_genome"
NA,"total","h2","GWAS1",NA,0.680077783122565,NA,NA,NA,NA,"Joint HESS uncertainty requires valid regional genetic and total residual parameters","gcorr_genome"
"chr10_100241302_100668400","region","h2","GWAS2",NA,-0.000288340008704794,NA,NA,NA,NA,"Joint HESS uncertainty requires valid regional genetic and total residual parameters","gcorr_genome"
"chr10_100668400_102949239","region","h2","GWAS2",NA,-0.000319820822716189,NA,NA,NA,NA,"Joint HESS uncertainty requires valid regional genetic and total residual parameters","gcorr_genome"
"chr10_10249396_12586797","region","h2","GWAS2",NA,-0.000151974991597805,NA,NA,NA,NA,"Joint HESS uncertainty requires valid regional genetic and total residual parameters","gcorr_genome"
"chr10_102949239_104380410","region","h2","GWAS2",NA,5.76819477993023e-05,NA,NA,NA,NA,"Joint HESS uncertainty requires valid regional genetic and total residual parameters","gcorr_genome"
"chr10_104380410_106695048","region","h2","GWAS2",NA,0.000830873414028964,NA,NA,NA,NA,"Joint HESS uncertainty requires valid regional genetic and total residual parameters","gcorr_genome"
"chr10_106695048_108726686","region","h2","GWAS2",NA,-0.000408448727610074,NA,NA,NA,NA,"Joint HESS uncertainty requires valid regional genetic and total residual parameters","gcorr_genome"
"chr10_108726686_110317705","region","h2","GWAS2",NA,-0.000236555782969244,NA,NA,NA,NA,"Joint HESS uncertainty requires valid regional genetic and total residual parameters","gcorr_genome"
"chr10_110317705_112561493","region","h2","GWAS2",NA,-7.12219989785185e-05,NA,NA,NA,NA,"Joint HESS uncertainty requires valid regional genetic and total residual parameters","gcorr_genome"
"chr10_112561493_115328432","region","h2","GWAS2",NA,-0.000216519517955197,NA,NA,NA,NA,"Joint HESS uncertainty requires valid regional genetic and total residual parameters","gcorr_genome"
"chr10_115328432_116421406","region","h2","GWAS2",NA,-3.36562651207146e-05,NA,NA,NA,NA,"Joint HESS uncertainty requires valid regional genetic and total residual parameters","gcorr_genome"
"chr10_116421406_119523934","region","h2","GWAS2",NA,-0.000218642654859994,NA,NA,NA,NA,"Joint HESS uncertainty requires valid regional genetic and total residual parameters","gcorr_genome"
"chr10_119523934_120591353","region","h2","GWAS2",NA,-0.000158150187743025,NA,NA,NA,NA,"Joint HESS uncertainty requires valid regional genetic and total residual parameters","gcorr_genome"
"chr10_120591353_122407323","region","h2","GWAS2",NA,-0.00021743010983544,NA,NA,NA,NA,"Joint HESS uncertainty requires valid regional genetic and total residual parameters","gcorr_genome"
"chr10_122407323_123231465","region","h2","GWAS2",NA,-0.000113776501719037,NA,NA,NA,NA,"Joint HESS uncertainty requires valid regional genetic and total residual parameters","gcorr_genome"
"chr10_123231465_123900545","region","h2","GWAS2",NA,-0.000289923525729128,NA,NA,NA,NA,"Joint HESS uncertainty requires valid regional genetic and total residual parameters","gcorr_genome"
"chr10_123900545_125869346","region","h2","GWAS2",NA,5.13696524888709e-05,NA,NA,NA,NA,"Joint HESS uncertainty requires valid regional genetic and total residual parameters","gcorr_genome"
"chr10_12586797_13321600","region","h2","GWAS2",NA,-9.37035906929578e-05,NA,NA,NA,NA,"Joint HESS uncertainty requires valid regional genetic and total residual parameters","gcorr_genome"
"chr10_125869346_128001098","region","h2","GWAS2",NA,-0.000411158913792743,NA,NA,NA,NA,"Joint HESS uncertainty requires valid regional genetic and total residual parameters","gcorr_genome"
"chr10_128001098_129154362","region","h2","GWAS2",NA,-0.000142357575215844,NA,NA,NA,NA,"Joint HESS uncertainty requires valid regional genetic and total residual parameters","gcorr_genome"
"chr10_129154362_130844284","region","h2","GWAS2",NA,-0.000244284401468056,NA,NA,NA,NA,"Joint HESS uncertainty requires valid regional genetic and total residual parameters","gcorr_genome"
"chr10_130844284_131741327","region","h2","GWAS2",NA,-0.000357881151148123,NA,NA,NA,NA,"Joint HESS uncertainty requires valid regional genetic and total residual parameters","gcorr_genome"
"chr10_131741327_132580245","region","h2","GWAS2",NA,-0.000213518316130552,NA,NA,NA,NA,"Joint HESS uncertainty requires valid regional genetic and total residual parameters","gcorr_genome"
"chr10_132580245_134336329","region","h2","GWAS2",NA,-0.000157949505776922,NA,NA,NA,NA,"Joint HESS uncertainty requires valid regional genetic and total residual parameters","gcorr_genome"
"chr10_13321600_15026068","region","h2","GWAS2",NA,-0.000337781065617785,NA,NA,NA,NA,"Joint HESS uncertainty requires valid regional genetic and total residual parameters","gcorr_genome"
"chr10_134336329_134494673","region","h2","GWAS2",NA,-2.74965416716638e-05,NA,NA,NA,NA,"Joint HESS uncertainty requires valid regional genetic and total residual parameters","gcorr_genome"
"chr10_134494673_135523865","region","h2","GWAS2",NA,-0.000190610854797023,NA,NA,NA,NA,"Joint HESS uncertainty requires valid regional genetic and total residual parameters","gcorr_genome"
"chr10_15026068_16551767","region","h2","GWAS2",NA,-0.000305185133601949,NA,NA,NA,NA,"Joint HESS uncertainty requires valid regional genetic and total residual parameters","gcorr_genome"
"chr10_1523544_2254500","region","h2","GWAS2",NA,-0.000251787324821594,NA,NA,NA,NA,"Joint HESS uncertainty requires valid regional genetic and total residual parameters","gcorr_genome"
"chr10_16551767_18537267","region","h2","GWAS2",NA,-0.000140275638773896,NA,NA,NA,NA,"Joint HESS uncertainty requires valid regional genetic and total residual parameters","gcorr_genome"
"chr10_18537267_19716878","region","h2","GWAS2",NA,-0.00021752823422195,NA,NA,NA,NA,"Joint HESS uncertainty requires valid regional genetic and total residual parameters","gcorr_genome"
"chr10_19716878_22772283","region","h2","GWAS2",NA,-0.000342408238386194,NA,NA,NA,NA,"Joint HESS uncertainty requires valid regional genetic and total residual parameters","gcorr_genome"
"chr10_2254500_3352699","region","h2","GWAS2",NA,-0.000324921428181877,NA,NA,NA,NA,"Joint HESS uncertainty requires valid regional genetic and total residual parameters","gcorr_genome"
"chr10_22772283_23175132","region","h2","GWAS2",NA,-0.000147283469870848,NA,NA,NA,NA,"Joint HESS uncertainty requires valid regional genetic and total residual parameters","gcorr_genome"
"chr10_23175132_25578596","region","h2","GWAS2",NA,-0.000163667154054056,NA,NA,NA,NA,"Joint HESS uncertainty requires valid regional genetic and total residual parameters","gcorr_genome"
"chr10_25578596_26888684","region","h2","GWAS2",NA,-6.70608542679397e-05,NA,NA,NA,NA,"Joint HESS uncertainty requires valid regional genetic and total residual parameters","gcorr_genome"
"chr10_26888684_29323236","region","h2","GWAS2",NA,-0.000261498117156957,NA,NA,NA,NA,"Joint HESS uncertainty requires valid regional genetic and total residual parameters","gcorr_genome"
"chr10_29323236_29783692","region","h2","GWAS2",NA,1.24667323360801e-06,NA,NA,NA,NA,"Joint HESS uncertainty requires valid regional genetic and total residual parameters","gcorr_genome"
"chr10_29783692_30458838","region","h2","GWAS2",NA,0.000475783056018593,NA,NA,NA,NA,"Joint HESS uncertainty requires valid regional genetic and total residual parameters","gcorr_genome"
"chr10_30458838_31907519","region","h2","GWAS2",NA,0.000274256162067312,NA,NA,NA,NA,"Joint HESS uncertainty requires valid regional genetic and total residual parameters","gcorr_genome"
"chr10_31907519_33707968","region","h2","GWAS2",NA,0.000213366963567866,NA,NA,NA,NA,"Joint HESS uncertainty requires valid regional genetic and total residual parameters","gcorr_genome"
"chr10_3352699_4572274","region","h2","GWAS2",NA,-4.27986303238036e-05,NA,NA,NA,NA,"Joint HESS uncertainty requires valid regional genetic and total residual parameters","gcorr_genome"
"chr10_33707968_35109355","region","h2","GWAS2",NA,-0.000411992701974334,NA,NA,NA,NA,"Joint HESS uncertainty requires valid regional genetic and total residual parameters","gcorr_genome"
"chr10_35109355_36572508","region","h2","GWAS2",NA,-0.000191143887172813,NA,NA,NA,NA,"Joint HESS uncertainty requires valid regional genetic and total residual parameters","gcorr_genome"
"chr10_36572508_37790029","region","h2","GWAS2",NA,-0.000118633254598134,NA,NA,NA,NA,"Joint HESS uncertainty requires valid regional genetic and total residual parameters","gcorr_genome"
"chr10_37790029_42372579","region","h2","GWAS2",NA,-0.000226239560054544,NA,NA,NA,NA,"Joint HESS uncertainty requires valid regional genetic and total residual parameters","gcorr_genome"
"chr10_42372579_43894771","region","h2","GWAS2",NA,-0.00025031502584084,NA,NA,NA,NA,"Joint HESS uncertainty requires valid regional genetic and total residual parameters","gcorr_genome"
"chr10_43894771_44730075","region","h2","GWAS2",NA,0.00158527215569277,NA,NA,NA,NA,"Joint HESS uncertainty requires valid regional genetic and total residual parameters","gcorr_genome"
"chr10_44730075_48760450","region","h2","GWAS2",NA,0.00070451889329383,NA,NA,NA,NA,"Joint HESS uncertainty requires valid regional genetic and total residual parameters","gcorr_genome"
"chr10_4572274_5983762","region","h2","GWAS2",NA,-0.000141446428388488,NA,NA,NA,NA,"Joint HESS uncertainty requires valid regional genetic and total residual parameters","gcorr_genome"
"chr10_48760450_50840915","region","h2","GWAS2",NA,-0.000183755209727524,NA,NA,NA,NA,"Joint HESS uncertainty requires valid regional genetic and total residual parameters","gcorr_genome"
"chr10_50840915_53616629","region","h2","GWAS2",NA,2.17204272702449e-05,NA,NA,NA,NA,"Joint HESS uncertainty requires valid regional genetic and total residual parameters","gcorr_genome"
"chr10_53616629_55103572","region","h2","GWAS2",NA,-0.000235077991351425,NA,NA,NA,NA,"Joint HESS uncertainty requires valid regional genetic and total residual parameters","gcorr_genome"
"chr10_55103572_57031140","region","h2","GWAS2",NA,-0.000318582116106329,NA,NA,NA,NA,"Joint HESS uncertainty requires valid regional genetic and total residual parameters","gcorr_genome"
"chr10_57031140_57662146","region","h2","GWAS2",NA,-0.000246969050058564,NA,NA,NA,NA,"Joint HESS uncertainty requires valid regional genetic and total residual parameters","gcorr_genome"
"chr10_57662146_58959528","region","h2","GWAS2",NA,-0.000206204789060856,NA,NA,NA,NA,"Joint HESS uncertainty requires valid regional genetic and total residual parameters","gcorr_genome"
"chr10_58959528_60289987","region","h2","GWAS2",NA,-0.000186618971340284,NA,NA,NA,NA,"Joint HESS uncertainty requires valid regional genetic and total residual parameters","gcorr_genome"
"chr10_5983762_7171484","region","h2","GWAS2",NA,-0.000207130204703887,NA,NA,NA,NA,"Joint HESS uncertainty requires valid regional genetic and total residual parameters","gcorr_genome"
"chr10_60289987_61891409","region","h2","GWAS2",NA,-0.0003229250241009,NA,NA,NA,NA,"Joint HESS uncertainty requires valid regional genetic and total residual parameters","gcorr_genome"
"chr10_60523_751339","region","h2","GWAS2",NA,-0.000208925795663024,NA,NA,NA,NA,"Joint HESS uncertainty requires valid regional genetic and total residual parameters","gcorr_genome"
"chr10_61891409_62659679","region","h2","GWAS2",NA,5.70537335807058e-05,NA,NA,NA,NA,"Joint HESS uncertainty requires valid regional genetic and total residual parameters","gcorr_genome"
"chr10_62659679_63341695","region","h2","GWAS2",NA,-0.000335512698574629,NA,NA,NA,NA,"Joint HESS uncertainty requires valid regional genetic and total residual parameters","gcorr_genome"
"chr10_63341695_65794114","region","h2","GWAS2",NA,-0.000131164364321559,NA,NA,NA,NA,"Joint HESS uncertainty requires valid regional genetic and total residual parameters","gcorr_genome"
"chr10_65794114_67549615","region","h2","GWAS2",NA,-0.000174401391367682,NA,NA,NA,NA,"Joint HESS uncertainty requires valid regional genetic and total residual parameters","gcorr_genome"
"chr10_67549615_69900148","region","h2","GWAS2",NA,-0.0001013572932074,NA,NA,NA,NA,"Joint HESS uncertainty requires valid regional genetic and total residual parameters","gcorr_genome"
"chr10_69900148_70195991","region","h2","GWAS2",NA,6.05833419762363e-05,NA,NA,NA,NA,"Joint HESS uncertainty requires valid regional genetic and total residual parameters","gcorr_genome"
"chr10_70195991_72220850","region","h2","GWAS2",NA,-0.000256034795866315,NA,NA,NA,NA,"Joint HESS uncertainty requires valid regional genetic and total residual parameters","gcorr_genome"
"chr10_7171484_8774665","region","h2","GWAS2",NA,-5.14717912513079e-05,NA,NA,NA,NA,"Joint HESS uncertainty requires valid regional genetic and total residual parameters","gcorr_genome"
"chr10_72220850_73508512","region","h2","GWAS2",NA,-0.000331273983609505,NA,NA,NA,NA,"Joint HESS uncertainty requires valid regional genetic and total residual parameters","gcorr_genome"
"chr10_73508512_75422550","region","h2","GWAS2",NA,-6.47533065861197e-05,NA,NA,NA,NA,"Joint HESS uncertainty requires valid regional genetic and total residual parameters","gcorr_genome"
"chr10_751339_1523544","region","h2","GWAS2",NA,2.93109516732822e-05,NA,NA,NA,NA,"Joint HESS uncertainty requires valid regional genetic and total residual parameters","gcorr_genome"
"chr10_75422550_78706814","region","h2","GWAS2",NA,0.000189644810924398,NA,NA,NA,NA,"Joint HESS uncertainty requires valid regional genetic and total residual parameters","gcorr_genome"
"chr10_78706814_80876749","region","h2","GWAS2",NA,-0.000269851210397898,NA,NA,NA,NA,"Joint HESS uncertainty requires valid regional genetic and total residual parameters","gcorr_genome"
"chr10_80876749_82414679","region","h2","GWAS2",NA,9.17998697161256e-05,NA,NA,NA,NA,"Joint HESS uncertainty requires valid regional genetic and total residual parameters","gcorr_genome"
"chr10_82414679_84383745","region","h2","GWAS2",NA,4.27285536570848e-05,NA,NA,NA,NA,"Joint HESS uncertainty requires valid regional genetic and total residual parameters","gcorr_genome"
"chr10_84383745_85458703","region","h2","GWAS2",NA,-0.000286242676748663,NA,NA,NA,NA,"Joint HESS uncertainty requires valid regional genetic and total residual parameters","gcorr_genome"
"chr10_85458703_87937577","region","h2","GWAS2",NA,-0.000262970622288369,NA,NA,NA,NA,"Joint HESS uncertainty requires valid regional genetic and total residual parameters","gcorr_genome"
"chr10_8774665_10249396","region","h2","GWAS2",NA,-0.000294783840236837,NA,NA,NA,NA,"Joint HESS uncertainty requires valid regional genetic and total residual parameters","gcorr_genome"
"chr10_87937577_89127064","region","h2","GWAS2",NA,-3.33998678905809e-05,NA,NA,NA,NA,"Joint HESS uncertainty requires valid regional genetic and total residual parameters","gcorr_genome"
"chr10_89127064_91013381","region","h2","GWAS2",NA,-0.000103806920536697,NA,NA,NA,NA,"Joint HESS uncertainty requires valid regional genetic and total residual parameters","gcorr_genome"
"chr10_91013381_92006581","region","h2","GWAS2",NA,-0.000229209250473868,NA,NA,NA,NA,"Joint HESS uncertainty requires valid regional genetic and total residual parameters","gcorr_genome"
"chr10_92006581_93335047","region","h2","GWAS2",NA,8.27293917260574e-05,NA,NA,NA,NA,"Joint HESS uncertainty requires valid regional genetic and total residual parameters","gcorr_genome"
"chr10_93335047_95396368","region","h2","GWAS2",NA,0.00014658813718744,NA,NA,NA,NA,"Joint HESS uncertainty requires valid regional genetic and total residual parameters","gcorr_genome"
"chr10_95396368_96221243","region","h2","GWAS2",NA,0.00053959909662591,NA,NA,NA,NA,"Joint HESS uncertainty requires valid regional genetic and total residual parameters","gcorr_genome"
"chr10_96221243_97822357","region","h2","GWAS2",NA,-0.000120280144204386,NA,NA,NA,NA,"Joint HESS uncertainty requires valid regional genetic and total residual parameters","gcorr_genome"
"chr10_97822357_100241302","region","h2","GWAS2",NA,4.07129672253364e-05,NA,NA,NA,NA,"Joint HESS uncertainty requires valid regional genetic and total residual parameters","gcorr_genome"
"chr11_100417169_101331121","region","h2","GWAS2",NA,0.000265620254362161,NA,NA,NA,NA,"Joint HESS uncertainty requires valid regional genetic and total residual parameters","gcorr_genome"
"chr11_101331121_103959636","region","h2","GWAS2",NA,0.000385558032979763,NA,NA,NA,NA,"Joint HESS uncertainty requires valid regional genetic and total residual parameters","gcorr_genome"
"chr11_103959636_104873284","region","h2","GWAS2",NA,-8.85670527210125e-05,NA,NA,NA,NA,"Joint HESS uncertainty requires valid regional genetic and total residual parameters","gcorr_genome"
"chr11_104873284_106520894","region","h2","GWAS2",NA,0.000184541033838986,NA,NA,NA,NA,"Joint HESS uncertainty requires valid regional genetic and total residual parameters","gcorr_genome"
"chr11_106520894_107844200","region","h2","GWAS2",NA,0.000280188126487251,NA,NA,NA,NA,"Joint HESS uncertainty requires valid regional genetic and total residual parameters","gcorr_genome"
"chr11_107844200_108437037","region","h2","GWAS2",NA,-0.000130535905913123,NA,NA,NA,NA,"Joint HESS uncertainty requires valid regional genetic and total residual parameters","gcorr_genome"
"chr11_108437037_109866116","region","h2","GWAS2",NA,-0.000332023061243733,NA,NA,NA,NA,"Joint HESS uncertainty requires valid regional genetic and total residual parameters","gcorr_genome"
"chr11_10952027_12564229","region","h2","GWAS2",NA,-0.000235934153495176,NA,NA,NA,NA,"Joint HESS uncertainty requires valid regional genetic and total residual parameters","gcorr_genome"
"chr11_109866116_111114397","region","h2","GWAS2",NA,8.55237753891495e-05,NA,NA,NA,NA,"Joint HESS uncertainty requires valid regional genetic and total residual parameters","gcorr_genome"
"chr11_111114397_112459488","region","h2","GWAS2",NA,-1.18203027571069e-05,NA,NA,NA,NA,"Joint HESS uncertainty requires valid regional genetic and total residual parameters","gcorr_genome"
"chr11_112459488_114257728","region","h2","GWAS2",NA,-0.000270714265221051,NA,NA,NA,NA,"Joint HESS uncertainty requires valid regional genetic and total residual parameters","gcorr_genome"
"chr11_114257728_114830666","region","h2","GWAS2",NA,-0.00043252222223404,NA,NA,NA,NA,"Joint HESS uncertainty requires valid regional genetic and total residual parameters","gcorr_genome"
"chr11_114830666_116383348","region","h2","GWAS2",NA,-0.000277388766253065,NA,NA,NA,NA,"Joint HESS uncertainty requires valid regional genetic and total residual parameters","gcorr_genome"
"chr11_116383348_117747110","region","h2","GWAS2",NA,0.0003171322168773,NA,NA,NA,NA,"Joint HESS uncertainty requires valid regional genetic and total residual parameters","gcorr_genome"
"chr11_117747110_119215476","region","h2","GWAS2",NA,-2.77625542913188e-05,NA,NA,NA,NA,"Joint HESS uncertainty requires valid regional genetic and total residual parameters","gcorr_genome"
"chr11_119215476_120766806","region","h2","GWAS2",NA,-0.000283695153417884,NA,NA,NA,NA,"Joint HESS uncertainty requires valid regional genetic and total residual parameters","gcorr_genome"
"chr11_120766806_121175943","region","h2","GWAS2",NA,-0.000237617518531499,NA,NA,NA,NA,"Joint HESS uncertainty requires valid regional genetic and total residual parameters","gcorr_genome"
"chr11_121175943_122591910","region","h2","GWAS2",NA,-0.000185607604620041,NA,NA,NA,NA,"Joint HESS uncertainty requires valid regional genetic and total residual parameters","gcorr_genome"
"chr11_1213590_3665481","region","h2","GWAS2",NA,-0.000332318761120804,NA,NA,NA,NA,"Joint HESS uncertainty requires valid regional genetic and total residual parameters","gcorr_genome"
"chr11_122591910_123500117","region","h2","GWAS2",NA,-0.000395427359821873,NA,NA,NA,NA,"Joint HESS uncertainty requires valid regional genetic and total residual parameters","gcorr_genome"
"chr11_123500117_124495528","region","h2","GWAS2",NA,-0.0001566304653639,NA,NA,NA,NA,"Joint HESS uncertainty requires valid regional genetic and total residual parameters","gcorr_genome"
"chr11_124495528_126311320","region","h2","GWAS2",NA,-5.78191938437809e-05,NA,NA,NA,NA,"Joint HESS uncertainty requires valid regional genetic and total residual parameters","gcorr_genome"
"chr11_12564229_13373124","region","h2","GWAS2",NA,0.000192127193252562,NA,NA,NA,NA,"Joint HESS uncertainty requires valid regional genetic and total residual parameters","gcorr_genome"
"chr11_126311320_127316679","region","h2","GWAS2",NA,-0.000272583934813634,NA,NA,NA,NA,"Joint HESS uncertainty requires valid regional genetic and total residual parameters","gcorr_genome"
"chr11_127316679_128188537","region","h2","GWAS2",NA,-9.53434820994517e-05,NA,NA,NA,NA,"Joint HESS uncertainty requires valid regional genetic and total residual parameters","gcorr_genome"
"chr11_128188537_130342575","region","h2","GWAS2",NA,-0.000320234557411406,NA,NA,NA,NA,"Joint HESS uncertainty requires valid regional genetic and total residual parameters","gcorr_genome"
"chr11_130342575_131074612","region","h2","GWAS2",NA,-8.80320675305659e-05,NA,NA,NA,NA,"Joint HESS uncertainty requires valid regional genetic and total residual parameters","gcorr_genome"
"chr11_131074612_133000046","region","h2","GWAS2",NA,-0.000305311203854799,NA,NA,NA,NA,"Joint HESS uncertainty requires valid regional genetic and total residual parameters","gcorr_genome"
"chr11_133000046_134205993","region","h2","GWAS2",NA,-0.000164688735599545,NA,NA,NA,NA,"Joint HESS uncertainty requires valid regional genetic and total residual parameters","gcorr_genome"
"chr11_13373124_15742552","region","h2","GWAS2",NA,-1.90493995419941e-05,NA,NA,NA,NA,"Joint HESS uncertainty requires valid regional genetic and total residual parameters","gcorr_genome"
"chr11_134205993_134946452","region","h2","GWAS2",NA,-9.43848065830627e-05,NA,NA,NA,NA,"Joint HESS uncertainty requires valid regional genetic and total residual parameters","gcorr_genome"
"chr11_15742552_17578402","region","h2","GWAS2",NA,7.0370998187609e-05,NA,NA,NA,NA,"Joint HESS uncertainty requires valid regional genetic and total residual parameters","gcorr_genome"
"chr11_17578402_19569535","region","h2","GWAS2",NA,0.000128904988406235,NA,NA,NA,NA,"Joint HESS uncertainty requires valid regional genetic and total residual parameters","gcorr_genome"
"chr11_19569535_21017138","region","h2","GWAS2",NA,-0.000251320515559544,NA,NA,NA,NA,"Joint HESS uncertainty requires valid regional genetic and total residual parameters","gcorr_genome"
"chr11_21017138_22374142","region","h2","GWAS2",NA,-0.000215705325461176,NA,NA,NA,NA,"Joint HESS uncertainty requires valid regional genetic and total residual parameters","gcorr_genome"
"chr11_22374142_24088517","region","h2","GWAS2",NA,-0.000181702760572614,NA,NA,NA,NA,"Joint HESS uncertainty requires valid regional genetic and total residual parameters","gcorr_genome"
"chr11_24088517_26045753","region","h2","GWAS2",NA,-0.000457231475513605,NA,NA,NA,NA,"Joint HESS uncertainty requires valid regional genetic and total residual parameters","gcorr_genome"
"chr11_26045753_27020461","region","h2","GWAS2",NA,-7.8610829499082e-05,NA,NA,NA,NA,"Joint HESS uncertainty requires valid regional genetic and total residual parameters","gcorr_genome"
"chr11_27020461_28481593","region","h2","GWAS2",NA,0.000384915762169338,NA,NA,NA,NA,"Joint HESS uncertainty requires valid regional genetic and total residual parameters","gcorr_genome"
"chr11_28481593_30141357","region","h2","GWAS2",NA,-9.25280281638309e-05,NA,NA,NA,NA,"Joint HESS uncertainty requires valid regional genetic and total residual parameters","gcorr_genome"
"chr11_30141357_32276901","region","h2","GWAS2",NA,3.19325860287041e-05,NA,NA,NA,NA,"Joint HESS uncertainty requires valid regional genetic and total residual parameters","gcorr_genome"
"chr11_32276901_33958739","region","h2","GWAS2",NA,2.04968577653633e-05,NA,NA,NA,NA,"Joint HESS uncertainty requires valid regional genetic and total residual parameters","gcorr_genome"
"chr11_33958739_35502605","region","h2","GWAS2",NA,-0.00019147100110346,NA,NA,NA,NA,"Joint HESS uncertainty requires valid regional genetic and total residual parameters","gcorr_genome"
"chr11_35502605_37116815","region","h2","GWAS2",NA,-0.000214676053163327,NA,NA,NA,NA,"Joint HESS uncertainty requires valid regional genetic and total residual parameters","gcorr_genome"
"chr11_3665481_4746709","region","h2","GWAS2",NA,-0.000384621196051329,NA,NA,NA,NA,"Joint HESS uncertainty requires valid regional genetic and total residual parameters","gcorr_genome"
"chr11_37116815_39382003","region","h2","GWAS2",NA,-4.17427005438898e-06,NA,NA,NA,NA,"Joint HESS uncertainty requires valid regional genetic and total residual parameters","gcorr_genome"
"chr11_39382003_42310003","region","h2","GWAS2",NA,-0.00035212997926226,NA,NA,NA,NA,"Joint HESS uncertainty requires valid regional genetic and total residual parameters","gcorr_genome"
"chr11_42310003_44693799","region","h2","GWAS2",NA,-0.000125602757613458,NA,NA,NA,NA,"Joint HESS uncertainty requires valid regional genetic and total residual parameters","gcorr_genome"
"chr11_44693799_47006137","region","h2","GWAS2",NA,-0.000213263104536469,NA,NA,NA,NA,"Joint HESS uncertainty requires valid regional genetic and total residual parameters","gcorr_genome"
"chr11_47006137_49866050","region","h2","GWAS2",NA,0.000213942843494343,NA,NA,NA,NA,"Joint HESS uncertainty requires valid regional genetic and total residual parameters","gcorr_genome"
"chr11_4746709_6322869","region","h2","GWAS2",NA,-0.000218707971233435,NA,NA,NA,NA,"Joint HESS uncertainty requires valid regional genetic and total residual parameters","gcorr_genome"
"chr11_49866050_54695473","region","h2","GWAS2",NA,0.000482969473181738,NA,NA,NA,NA,"Joint HESS uncertainty requires valid regional genetic and total residual parameters","gcorr_genome"
"chr11_54695473_55082657","region","h2","GWAS2",NA,2.35763962416302e-05,NA,NA,NA,NA,"Joint HESS uncertainty requires valid regional genetic and total residual parameters","gcorr_genome"
"chr11_55082657_58457495","region","h2","GWAS2",NA,0.000260171671433371,NA,NA,NA,NA,"Joint HESS uncertainty requires valid regional genetic and total residual parameters","gcorr_genome"
"chr11_58457495_58780549","region","h2","GWAS2",NA,-0.000268093709150321,NA,NA,NA,NA,"Joint HESS uncertainty requires valid regional genetic and total residual parameters","gcorr_genome"
"chr11_58780549_62223771","region","h2","GWAS2",NA,-0.000213575710064042,NA,NA,NA,NA,"Joint HESS uncertainty requires valid regional genetic and total residual parameters","gcorr_genome"
"chr11_62223771_63804569","region","h2","GWAS2",NA,-9.32599786664209e-05,NA,NA,NA,NA,"Joint HESS uncertainty requires valid regional genetic and total residual parameters","gcorr_genome"
"chr11_6322869_7436701","region","h2","GWAS2",NA,-0.0001045112414297,NA,NA,NA,NA,"Joint HESS uncertainty requires valid regional genetic and total residual parameters","gcorr_genome"
"chr11_63804569_65898631","region","h2","GWAS2",NA,0.000393523112123948,NA,NA,NA,NA,"Joint HESS uncertainty requires valid regional genetic and total residual parameters","gcorr_genome"
"chr11_65898631_68005825","region","h2","GWAS2",NA,-6.96975527453588e-05,NA,NA,NA,NA,"Joint HESS uncertainty requires valid regional genetic and total residual parameters","gcorr_genome"
"chr11_68005825_69516130","region","h2","GWAS2",NA,-0.000152582341488782,NA,NA,NA,NA,"Joint HESS uncertainty requires valid regional genetic and total residual parameters","gcorr_genome"
"chr11_69516130_70926292","region","h2","GWAS2",NA,-9.27604725720376e-06,NA,NA,NA,NA,"Joint HESS uncertainty requires valid regional genetic and total residual parameters","gcorr_genome"
"chr11_70855_1213590","region","h2","GWAS2",NA,-0.000154583709896858,NA,NA,NA,NA,"Joint HESS uncertainty requires valid regional genetic and total residual parameters","gcorr_genome"
"chr11_70926292_72286017","region","h2","GWAS2",NA,7.52346875252889e-05,NA,NA,NA,NA,"Joint HESS uncertainty requires valid regional genetic and total residual parameters","gcorr_genome"
"chr11_72286017_74412351","region","h2","GWAS2",NA,-0.000106190257957224,NA,NA,NA,NA,"Joint HESS uncertainty requires valid regional genetic and total residual parameters","gcorr_genome"
"chr11_7436701_8333274","region","h2","GWAS2",NA,-0.000369679762619658,NA,NA,NA,NA,"Joint HESS uncertainty requires valid regional genetic and total residual parameters","gcorr_genome"
"chr11_74412351_76797209","region","h2","GWAS2",NA,-0.00023044500389465,NA,NA,NA,NA,"Joint HESS uncertainty requires valid regional genetic and total residual parameters","gcorr_genome"
"chr11_76797209_78355058","region","h2","GWAS2",NA,0.000368676224974725,NA,NA,NA,NA,"Joint HESS uncertainty requires valid regional genetic and total residual parameters","gcorr_genome"
"chr11_78355058_80722373","region","h2","GWAS2",NA,-0.000360101588693246,NA,NA,NA,NA,"Joint HESS uncertainty requires valid regional genetic and total residual parameters","gcorr_genome"
"chr11_80722373_81266712","region","h2","GWAS2",NA,-0.000175821005178273,NA,NA,NA,NA,"Joint HESS uncertainty requires valid regional genetic and total residual parameters","gcorr_genome"
"chr11_81266712_84381272","region","h2","GWAS2",NA,-0.000158863515444194,NA,NA,NA,NA,"Joint HESS uncertainty requires valid regional genetic and total residual parameters","gcorr_genome"
"chr11_8333274_9087317","region","h2","GWAS2",NA,0.000522315066858442,NA,NA,NA,NA,"Joint HESS uncertainty requires valid regional genetic and total residual parameters","gcorr_genome"
"chr11_84381272_86619301","region","h2","GWAS2",NA,-0.000394223099996453,NA,NA,NA,NA,"Joint HESS uncertainty requires valid regional genetic and total residual parameters","gcorr_genome"
"chr11_86619301_87430235","region","h2","GWAS2",NA,-0.000341540637801707,NA,NA,NA,NA,"Joint HESS uncertainty requires valid regional genetic and total residual parameters","gcorr_genome"
"chr11_87430235_89208936","region","h2","GWAS2",NA,9.08850543057833e-05,NA,NA,NA,NA,"Joint HESS uncertainty requires valid regional genetic and total residual parameters","gcorr_genome"
"chr11_89208936_90966490","region","h2","GWAS2",NA,-0.000123599944089166,NA,NA,NA,NA,"Joint HESS uncertainty requires valid regional genetic and total residual parameters","gcorr_genome"
"chr11_9087317_10952027","region","h2","GWAS2",NA,0.000947537964366945,NA,NA,NA,NA,"Joint HESS uncertainty requires valid regional genetic and total residual parameters","gcorr_genome"
"chr11_90966490_92077144","region","h2","GWAS2",NA,3.69003539443321e-05,NA,NA,NA,NA,"Joint HESS uncertainty requires valid regional genetic and total residual parameters","gcorr_genome"
"chr11_92077144_93276157","region","h2","GWAS2",NA,-0.000263588372454576,NA,NA,NA,NA,"Joint HESS uncertainty requires valid regional genetic and total residual parameters","gcorr_genome"
"chr11_93276157_94242260","region","h2","GWAS2",NA,-7.16806468744565e-05,NA,NA,NA,NA,"Joint HESS uncertainty requires valid regional genetic and total residual parameters","gcorr_genome"
"chr11_94242260_95726041","region","h2","GWAS2",NA,-0.000248261117276065,NA,NA,NA,NA,"Joint HESS uncertainty requires valid regional genetic and total residual parameters","gcorr_genome"
"chr11_95726041_97057058","region","h2","GWAS2",NA,-0.000152871055625947,NA,NA,NA,NA,"Joint HESS uncertainty requires valid regional genetic and total residual parameters","gcorr_genome"
"chr11_97057058_98705065","region","h2","GWAS2",NA,-0.000205977218279301,NA,NA,NA,NA,"Joint HESS uncertainty requires valid regional genetic and total residual parameters","gcorr_genome"
"chr11_98705065_100417169","region","h2","GWAS2",NA,-0.000235629580614369,NA,NA,NA,NA,"Joint HESS uncertainty requires valid regional genetic and total residual parameters","gcorr_genome"
"chr12_101447641_101862690","region","h2","GWAS2",NA,-0.000218412829063623,NA,NA,NA,NA,"Joint HESS uncertainty requires valid regional genetic and total residual parameters","gcorr_genome"
"chr12_101862690_102964986","region","h2","GWAS2",NA,-0.000403742034428188,NA,NA,NA,NA,"Joint HESS uncertainty requires valid regional genetic and total residual parameters","gcorr_genome"
"chr12_102964986_104848696","region","h2","GWAS2",NA,-0.000324925182866416,NA,NA,NA,NA,"Joint HESS uncertainty requires valid regional genetic and total residual parameters","gcorr_genome"
"chr12_10481534_11754846","region","h2","GWAS2",NA,-0.000279536794876173,NA,NA,NA,NA,"Joint HESS uncertainty requires valid regional genetic and total residual parameters","gcorr_genome"
"chr12_104848696_106436213","region","h2","GWAS2",NA,-0.000319884812345202,NA,NA,NA,NA,"Joint HESS uncertainty requires valid regional genetic and total residual parameters","gcorr_genome"
"chr12_106436213_106958748","region","h2","GWAS2",NA,1.10949075268109e-05,NA,NA,NA,NA,"Joint HESS uncertainty requires valid regional genetic and total residual parameters","gcorr_genome"
"chr12_106958748_109025901","region","h2","GWAS2",NA,-0.000116439268141179,NA,NA,NA,NA,"Joint HESS uncertainty requires valid regional genetic and total residual parameters","gcorr_genome"
"chr12_1080331_2544786","region","h2","GWAS2",NA,5.53321973919021e-05,NA,NA,NA,NA,"Joint HESS uncertainty requires valid regional genetic and total residual parameters","gcorr_genome"
"chr12_109025901_110336719","region","h2","GWAS2",NA,0.000119801902084019,NA,NA,NA,NA,"Joint HESS uncertainty requires valid regional genetic and total residual parameters","gcorr_genome"
"chr12_110336719_113263518","region","h2","GWAS2",NA,0.00042372531383467,NA,NA,NA,NA,"Joint HESS uncertainty requires valid regional genetic and total residual parameters","gcorr_genome"
"chr12_113263518_113986709","region","h2","GWAS2",NA,-3.58362986524794e-05,NA,NA,NA,NA,"Joint HESS uncertainty requires valid regional genetic and total residual parameters","gcorr_genome"
"chr12_113986709_115036602","region","h2","GWAS2",NA,-8.87763326867111e-05,NA,NA,NA,NA,"Joint HESS uncertainty requires valid regional genetic and total residual parameters","gcorr_genome"
"chr12_115036602_115503216","region","h2","GWAS2",NA,5.96213461142226e-05,NA,NA,NA,NA,"Joint HESS uncertainty requires valid regional genetic and total residual parameters","gcorr_genome"
"chr12_115503216_117087471","region","h2","GWAS2",NA,-0.000157127026309182,NA,NA,NA,NA,"Joint HESS uncertainty requires valid regional genetic and total residual parameters","gcorr_genome"
"chr12_117087471_118135375","region","h2","GWAS2",NA,-0.000173687114815055,NA,NA,NA,NA,"Joint HESS uncertainty requires valid regional genetic and total residual parameters","gcorr_genome"
"chr12_11754846_12733528","region","h2","GWAS2",NA,-0.000232297115272438,NA,NA,NA,NA,"Joint HESS uncertainty requires valid regional genetic and total residual parameters","gcorr_genome"
"chr12_118135375_119754110","region","h2","GWAS2",NA,-0.000349037328168793,NA,NA,NA,NA,"Joint HESS uncertainty requires valid regional genetic and total residual parameters","gcorr_genome"
"chr12_119754110_122007651","region","h2","GWAS2",NA,0.000204187789619511,NA,NA,NA,NA,"Joint HESS uncertainty requires valid regional genetic and total residual parameters","gcorr_genome"
"chr12_122007651_124977980","region","h2","GWAS2",NA,4.06480304903232e-05,NA,NA,NA,NA,"Joint HESS uncertainty requires valid regional genetic and total residual parameters","gcorr_genome"
"chr12_124977980_126445505","region","h2","GWAS2",NA,0.000224235680275208,NA,NA,NA,NA,"Joint HESS uncertainty requires valid regional genetic and total residual parameters","gcorr_genome"
"chr12_126445505_127875098","region","h2","GWAS2",NA,-0.000277075969520101,NA,NA,NA,NA,"Joint HESS uncertainty requires valid regional genetic and total residual parameters","gcorr_genome"
"chr12_12733528_15241484","region","h2","GWAS2",NA,-0.000160966365792377,NA,NA,NA,NA,"Joint HESS uncertainty requires valid regional genetic and total residual parameters","gcorr_genome"
"chr12_127875098_129237297","region","h2","GWAS2",NA,-0.000190234752302148,NA,NA,NA,NA,"Joint HESS uncertainty requires valid regional genetic and total residual parameters","gcorr_genome"
"chr12_129237297_130377921","region","h2","GWAS2",NA,-1.28350290703931e-05,NA,NA,NA,NA,"Joint HESS uncertainty requires valid regional genetic and total residual parameters","gcorr_genome"
"chr12_130377921_131786751","region","h2","GWAS2",NA,-0.000216247867741574,NA,NA,NA,NA,"Joint HESS uncertainty requires valid regional genetic and total residual parameters","gcorr_genome"
"chr12_131786751_132807034","region","h2","GWAS2",NA,-0.000309029130779149,NA,NA,NA,NA,"Joint HESS uncertainty requires valid regional genetic and total residual parameters","gcorr_genome"
"chr12_132807034_133841511","region","h2","GWAS2",NA,0.000225102128448221,NA,NA,NA,NA,"Joint HESS uncertainty requires valid regional genetic and total residual parameters","gcorr_genome"
"chr12_15241484_16310460","region","h2","GWAS2",NA,-0.000124606549146926,NA,NA,NA,NA,"Joint HESS uncertainty requires valid regional genetic and total residual parameters","gcorr_genome"
"chr12_16310460_18087873","region","h2","GWAS2",NA,-0.000119695259094941,NA,NA,NA,NA,"Joint HESS uncertainty requires valid regional genetic and total residual parameters","gcorr_genome"
"chr12_18087873_20863943","region","h2","GWAS2",NA,0.00031703778643941,NA,NA,NA,NA,"Joint HESS uncertainty requires valid regional genetic and total residual parameters","gcorr_genome"
"chr12_20863943_23820634","region","h2","GWAS2",NA,-0.000189370791110462,NA,NA,NA,NA,"Joint HESS uncertainty requires valid regional genetic and total residual parameters","gcorr_genome"
"chr12_23820634_25371083","region","h2","GWAS2",NA,-0.000330478758099672,NA,NA,NA,NA,"Joint HESS uncertainty requires valid regional genetic and total residual parameters","gcorr_genome"
"chr12_25371083_27799773","region","h2","GWAS2",NA,-0.000222101610414425,NA,NA,NA,NA,"Joint HESS uncertainty requires valid regional genetic and total residual parameters","gcorr_genome"
"chr12_2544786_3677037","region","h2","GWAS2",NA,6.6914250748152e-05,NA,NA,NA,NA,"Joint HESS uncertainty requires valid regional genetic and total residual parameters","gcorr_genome"
"chr12_27799773_29651255","region","h2","GWAS2",NA,-0.000108890872365983,NA,NA,NA,NA,"Joint HESS uncertainty requires valid regional genetic and total residual parameters","gcorr_genome"
"chr12_29651255_30512406","region","h2","GWAS2",NA,-0.000140631394642187,NA,NA,NA,NA,"Joint HESS uncertainty requires valid regional genetic and total residual parameters","gcorr_genome"
"chr12_30512406_32165592","region","h2","GWAS2",NA,-1.99257368792433e-05,NA,NA,NA,NA,"Joint HESS uncertainty requires valid regional genetic and total residual parameters","gcorr_genome"
"chr12_32165592_33076989","region","h2","GWAS2",NA,-0.000211859760654472,NA,NA,NA,NA,"Joint HESS uncertainty requires valid regional genetic and total residual parameters","gcorr_genome"
"chr12_33076989_37856717","region","h2","GWAS2",NA,-0.000345131738332588,NA,NA,NA,NA,"Joint HESS uncertainty requires valid regional genetic and total residual parameters","gcorr_genome"
"chr12_3677037_4417679","region","h2","GWAS2",NA,-0.000254717739512497,NA,NA,NA,NA,"Joint HESS uncertainty requires valid regional genetic and total residual parameters","gcorr_genome"
"chr12_37856717_39227169","region","h2","GWAS2",NA,-4.8202490820684e-06,NA,NA,NA,NA,"Joint HESS uncertainty requires valid regional genetic and total residual parameters","gcorr_genome"
"chr12_39227169_40816185","region","h2","GWAS2",NA,-0.000170212837641722,NA,NA,NA,NA,"Joint HESS uncertainty requires valid regional genetic and total residual parameters","gcorr_genome"
"chr12_40816185_41658586","region","h2","GWAS2",NA,-0.000147964047048784,NA,NA,NA,NA,"Joint HESS uncertainty requires valid regional genetic and total residual parameters","gcorr_genome"
"chr12_41658586_43984474","region","h2","GWAS2",NA,0.000239442700799081,NA,NA,NA,NA,"Joint HESS uncertainty requires valid regional genetic and total residual parameters","gcorr_genome"
"chr12_43984474_46024229","region","h2","GWAS2",NA,-0.000236074239448851,NA,NA,NA,NA,"Joint HESS uncertainty requires valid regional genetic and total residual parameters","gcorr_genome"
"chr12_4417679_5321472","region","h2","GWAS2",NA,-9.35994937038609e-05,NA,NA,NA,NA,"Joint HESS uncertainty requires valid regional genetic and total residual parameters","gcorr_genome"
"chr12_46024229_47714793","region","h2","GWAS2",NA,-1.98889153861421e-05,NA,NA,NA,NA,"Joint HESS uncertainty requires valid regional genetic and total residual parameters","gcorr_genome"
"chr12_47714793_49001866","region","h2","GWAS2",NA,-0.000130851073436301,NA,NA,NA,NA,"Joint HESS uncertainty requires valid regional genetic and total residual parameters","gcorr_genome"
"chr12_49001866_51776494","region","h2","GWAS2",NA,-0.000221498048634329,NA,NA,NA,NA,"Joint HESS uncertainty requires valid regional genetic and total residual parameters","gcorr_genome"
"chr12_51776494_53039004","region","h2","GWAS2",NA,-6.29098953864059e-05,NA,NA,NA,NA,"Joint HESS uncertainty requires valid regional genetic and total residual parameters","gcorr_genome"
"chr12_53039004_54778823","region","h2","GWAS2",NA,-0.000188823263511046,NA,NA,NA,NA,"Joint HESS uncertainty requires valid regional genetic and total residual parameters","gcorr_genome"
"chr12_5321472_6419753","region","h2","GWAS2",NA,-3.44377953188205e-05,NA,NA,NA,NA,"Joint HESS uncertainty requires valid regional genetic and total residual parameters","gcorr_genome"
"chr12_54778823_55665837","region","h2","GWAS2",NA,-0.000348721034211718,NA,NA,NA,NA,"Joint HESS uncertainty requires valid regional genetic and total residual parameters","gcorr_genome"
"chr12_55665837_57548860","region","h2","GWAS2",NA,0.000293157059603303,NA,NA,NA,NA,"Joint HESS uncertainty requires valid regional genetic and total residual parameters","gcorr_genome"
"chr12_57548860_59308666","region","h2","GWAS2",NA,-0.000182767899122554,NA,NA,NA,NA,"Joint HESS uncertainty requires valid regional genetic and total residual parameters","gcorr_genome"
"chr12_59308666_61123729","region","h2","GWAS2",NA,-0.000295995573237016,NA,NA,NA,NA,"Joint HESS uncertainty requires valid regional genetic and total residual parameters","gcorr_genome"
"chr12_61107_1080331","region","h2","GWAS2",NA,-0.000344233087081343,NA,NA,NA,NA,"Joint HESS uncertainty requires valid regional genetic and total residual parameters","gcorr_genome"
"chr12_61123729_64032461","region","h2","GWAS2",NA,-0.000174300704028558,NA,NA,NA,NA,"Joint HESS uncertainty requires valid regional genetic and total residual parameters","gcorr_genome"
"chr12_64032461_65559695","region","h2","GWAS2",NA,-0.000269253503306088,NA,NA,NA,NA,"Joint HESS uncertainty requires valid regional genetic and total residual parameters","gcorr_genome"
"chr12_6419753_8377536","region","h2","GWAS2",NA,-0.000337073014224915,NA,NA,NA,NA,"Joint HESS uncertainty requires valid regional genetic and total residual parameters","gcorr_genome"
"chr12_65559695_67181144","region","h2","GWAS2",NA,-1.37705584965896e-05,NA,NA,NA,NA,"Joint HESS uncertainty requires valid regional genetic and total residual parameters","gcorr_genome"
"chr12_67181144_67909729","region","h2","GWAS2",NA,-0.000243103927896149,NA,NA,NA,NA,"Joint HESS uncertainty requires valid regional genetic and total residual parameters","gcorr_genome"
"chr12_67909729_69826542","region","h2","GWAS2",NA,1.43693051150084e-05,NA,NA,NA,NA,"Joint HESS uncertainty requires valid regional genetic and total residual parameters","gcorr_genome"
"chr12_69826542_70957987","region","h2","GWAS2",NA,-0.000168464614164025,NA,NA,NA,NA,"Joint HESS uncertainty requires valid regional genetic and total residual parameters","gcorr_genome"
"chr12_70957987_72645075","region","h2","GWAS2",NA,-2.62056526983813e-05,NA,NA,NA,NA,"Joint HESS uncertainty requires valid regional genetic and total residual parameters","gcorr_genome"
"chr12_72645075_73818454","region","h2","GWAS2",NA,-0.000151789413700426,NA,NA,NA,NA,"Joint HESS uncertainty requires valid regional genetic and total residual parameters","gcorr_genome"
"chr12_73818454_76511314","region","h2","GWAS2",NA,-0.000117750176761843,NA,NA,NA,NA,"Joint HESS uncertainty requires valid regional genetic and total residual parameters","gcorr_genome"
"chr12_76511314_78570570","region","h2","GWAS2",NA,0.000219826772188424,NA,NA,NA,NA,"Joint HESS uncertainty requires valid regional genetic and total residual parameters","gcorr_genome"
"chr12_78570570_80448150","region","h2","GWAS2",NA,8.35634519375618e-05,NA,NA,NA,NA,"Joint HESS uncertainty requires valid regional genetic and total residual parameters","gcorr_genome"
"chr12_80448150_81467767","region","h2","GWAS2",NA,-0.000208868280460027,NA,NA,NA,NA,"Joint HESS uncertainty requires valid regional genetic and total residual parameters","gcorr_genome"
"chr12_81467767_83502666","region","h2","GWAS2",NA,0.000100170581546661,NA,NA,NA,NA,"Joint HESS uncertainty requires valid regional genetic and total residual parameters","gcorr_genome"
"chr12_83502666_84303844","region","h2","GWAS2",NA,-0.000174442409790182,NA,NA,NA,NA,"Joint HESS uncertainty requires valid regional genetic and total residual parameters","gcorr_genome"
"chr12_84303844_85990426","region","h2","GWAS2",NA,-0.000223324590098866,NA,NA,NA,NA,"Joint HESS uncertainty requires valid regional genetic and total residual parameters","gcorr_genome"
"chr12_85990426_89682122","region","h2","GWAS2",NA,-1.50146273871229e-05,NA,NA,NA,NA,"Joint HESS uncertainty requires valid regional genetic and total residual parameters","gcorr_genome"
"chr12_89682122_92066155","region","h2","GWAS2",NA,0.000256293258716062,NA,NA,NA,NA,"Joint HESS uncertainty requires valid regional genetic and total residual parameters","gcorr_genome"
"chr12_9031395_10481534","region","h2","GWAS2",NA,-0.000191061875830707,NA,NA,NA,NA,"Joint HESS uncertainty requires valid regional genetic and total residual parameters","gcorr_genome"
"chr12_92066155_94514567","region","h2","GWAS2",NA,-0.000361079559859547,NA,NA,NA,NA,"Joint HESS uncertainty requires valid regional genetic and total residual parameters","gcorr_genome"
"chr12_94514567_96020785","region","h2","GWAS2",NA,7.30326892059591e-05,NA,NA,NA,NA,"Joint HESS uncertainty requires valid regional genetic and total residual parameters","gcorr_genome"
"chr12_96020785_97108839","region","h2","GWAS2",NA,-0.000114317581176036,NA,NA,NA,NA,"Joint HESS uncertainty requires valid regional genetic and total residual parameters","gcorr_genome"
"chr12_97108839_99305987","region","h2","GWAS2",NA,-0.000178935434912997,NA,NA,NA,NA,"Joint HESS uncertainty requires valid regional genetic and total residual parameters","gcorr_genome"
"chr12_99305987_101447641","region","h2","GWAS2",NA,-0.000220484161575057,NA,NA,NA,NA,"Joint HESS uncertainty requires valid regional genetic and total residual parameters","gcorr_genome"
"chr13_100574095_102300523","region","h2","GWAS2",NA,-0.000186281912641426,NA,NA,NA,NA,"Joint HESS uncertainty requires valid regional genetic and total residual parameters","gcorr_genome"
"chr13_102300523_104066710","region","h2","GWAS2",NA,-0.000249067067711049,NA,NA,NA,NA,"Joint HESS uncertainty requires valid regional genetic and total residual parameters","gcorr_genome"
"chr13_104066710_104844114","region","h2","GWAS2",NA,-0.000434392666710438,NA,NA,NA,NA,"Joint HESS uncertainty requires valid regional genetic and total residual parameters","gcorr_genome"
"chr13_104844114_106247554","region","h2","GWAS2",NA,-0.000218107525553792,NA,NA,NA,NA,"Joint HESS uncertainty requires valid regional genetic and total residual parameters","gcorr_genome"
"chr13_106247554_106750000","region","h2","GWAS2",NA,-5.98454861086611e-06,NA,NA,NA,NA,"Joint HESS uncertainty requires valid regional genetic and total residual parameters","gcorr_genome"
"chr13_106750000_108189877","region","h2","GWAS2",NA,-0.000422649072886796,NA,NA,NA,NA,"Joint HESS uncertainty requires valid regional genetic and total residual parameters","gcorr_genome"
"chr13_108189877_109121210","region","h2","GWAS2",NA,-0.000235219590029977,NA,NA,NA,NA,"Joint HESS uncertainty requires valid regional genetic and total residual parameters","gcorr_genome"
"chr13_109121210_109815112","region","h2","GWAS2",NA,-0.000299909401994461,NA,NA,NA,NA,"Joint HESS uncertainty requires valid regional genetic and total residual parameters","gcorr_genome"
"chr13_109815112_111232073","region","h2","GWAS2",NA,0.000222030598253918,NA,NA,NA,NA,"Joint HESS uncertainty requires valid regional genetic and total residual parameters","gcorr_genome"
"chr13_111232073_112247592","region","h2","GWAS2",NA,7.26855008505313e-06,NA,NA,NA,NA,"Joint HESS uncertainty requires valid regional genetic and total residual parameters","gcorr_genome"
"chr13_112247592_113572488","region","h2","GWAS2",NA,-0.000253464886757116,NA,NA,NA,NA,"Joint HESS uncertainty requires valid regional genetic and total residual parameters","gcorr_genome"
"chr13_113572488_115109853","region","h2","GWAS2",NA,0.000221272458837358,NA,NA,NA,NA,"Joint HESS uncertainty requires valid regional genetic and total residual parameters","gcorr_genome"
"chr13_19020013_20686720","region","h2","GWAS2",NA,-6.00014552506501e-05,NA,NA,NA,NA,"Joint HESS uncertainty requires valid regional genetic and total residual parameters","gcorr_genome"
"chr13_20686720_22242174","region","h2","GWAS2",NA,-0.000407465870816003,NA,NA,NA,NA,"Joint HESS uncertainty requires valid regional genetic and total residual parameters","gcorr_genome"
"chr13_22242174_23594702","region","h2","GWAS2",NA,-0.000143947134512663,NA,NA,NA,NA,"Joint HESS uncertainty requires valid regional genetic and total residual parameters","gcorr_genome"
"chr13_23594702_24531937","region","h2","GWAS2",NA,-0.000284333207342311,NA,NA,NA,NA,"Joint HESS uncertainty requires valid regional genetic and total residual parameters","gcorr_genome"
"chr13_24531937_25784362","region","h2","GWAS2",NA,-0.000352211905900171,NA,NA,NA,NA,"Joint HESS uncertainty requires valid regional genetic and total residual parameters","gcorr_genome"
"chr13_25784362_27284362","region","h2","GWAS2",NA,-0.000220254437150792,NA,NA,NA,NA,"Joint HESS uncertainty requires valid regional genetic and total residual parameters","gcorr_genome"
"chr13_27284362_29257551","region","h2","GWAS2",NA,-0.000158565694693649,NA,NA,NA,NA,"Joint HESS uncertainty requires valid regional genetic and total residual parameters","gcorr_genome"
"chr13_29257551_30483267","region","h2","GWAS2",NA,1.2389023324091e-05,NA,NA,NA,NA,"Joint HESS uncertainty requires valid regional genetic and total residual parameters","gcorr_genome"
"chr13_30483267_32301815","region","h2","GWAS2",NA,-0.000382973616895184,NA,NA,NA,NA,"Joint HESS uncertainty requires valid regional genetic and total residual parameters","gcorr_genome"
"chr13_32301815_33776903","region","h2","GWAS2",NA,0.000107780774301246,NA,NA,NA,NA,"Joint HESS uncertainty requires valid regional genetic and total residual parameters","gcorr_genome"
"chr13_33776903_35026464","region","h2","GWAS2",NA,-0.000184236494216198,NA,NA,NA,NA,"Joint HESS uncertainty requires valid regional genetic and total residual parameters","gcorr_genome"
"chr13_35026464_36046367","region","h2","GWAS2",NA,-7.68673921191788e-05,NA,NA,NA,NA,"Joint HESS uncertainty requires valid regional genetic and total residual parameters","gcorr_genome"
"chr13_36046367_37498185","region","h2","GWAS2",NA,-0.000170561201398975,NA,NA,NA,NA,"Joint HESS uncertainty requires valid regional genetic and total residual parameters","gcorr_genome"
"chr13_37498185_38878163","region","h2","GWAS2",NA,-0.000148614057996333,NA,NA,NA,NA,"Joint HESS uncertainty requires valid regional genetic and total residual parameters","gcorr_genome"
"chr13_38878163_41069263","region","h2","GWAS2",NA,-0.00021454388027587,NA,NA,NA,NA,"Joint HESS uncertainty requires valid regional genetic and total residual parameters","gcorr_genome"
"chr13_41069263_43101027","region","h2","GWAS2",NA,-3.1887005532324e-05,NA,NA,NA,NA,"Joint HESS uncertainty requires valid regional genetic and total residual parameters","gcorr_genome"
"chr13_43101027_44901409","region","h2","GWAS2",NA,-0.00013619580669376,NA,NA,NA,NA,"Joint HESS uncertainty requires valid regional genetic and total residual parameters","gcorr_genome"
"chr13_44901409_46495214","region","h2","GWAS2",NA,-0.000211122708521047,NA,NA,NA,NA,"Joint HESS uncertainty requires valid regional genetic and total residual parameters","gcorr_genome"
"chr13_46495214_47431079","region","h2","GWAS2",NA,-0.000174299426532039,NA,NA,NA,NA,"Joint HESS uncertainty requires valid regional genetic and total residual parameters","gcorr_genome"
"chr13_47431079_49383962","region","h2","GWAS2",NA,-0.000152541865723642,NA,NA,NA,NA,"Joint HESS uncertainty requires valid regional genetic and total residual parameters","gcorr_genome"
"chr13_49383962_51591091","region","h2","GWAS2",NA,1.33291282432152e-05,NA,NA,NA,NA,"Joint HESS uncertainty requires valid regional genetic and total residual parameters","gcorr_genome"
"chr13_51591091_53339622","region","h2","GWAS2",NA,-0.000103116650430726,NA,NA,NA,NA,"Joint HESS uncertainty requires valid regional genetic and total residual parameters","gcorr_genome"
"chr13_53339622_54682864","region","h2","GWAS2",NA,-0.00010100564502647,NA,NA,NA,NA,"Joint HESS uncertainty requires valid regional genetic and total residual parameters","gcorr_genome"
"chr13_54682864_55817131","region","h2","GWAS2",NA,-0.000292115980865441,NA,NA,NA,NA,"Joint HESS uncertainty requires valid regional genetic and total residual parameters","gcorr_genome"
"chr13_55817131_57554217","region","h2","GWAS2",NA,-0.000327907984174896,NA,NA,NA,NA,"Joint HESS uncertainty requires valid regional genetic and total residual parameters","gcorr_genome"
"chr13_57554217_58410626","region","h2","GWAS2",NA,-0.000181925315101461,NA,NA,NA,NA,"Joint HESS uncertainty requires valid regional genetic and total residual parameters","gcorr_genome"
"chr13_58410626_59302271","region","h2","GWAS2",NA,-0.000141132189734165,NA,NA,NA,NA,"Joint HESS uncertainty requires valid regional genetic and total residual parameters","gcorr_genome"
"chr13_59302271_60854778","region","h2","GWAS2",NA,-6.43643402780333e-05,NA,NA,NA,NA,"Joint HESS uncertainty requires valid regional genetic and total residual parameters","gcorr_genome"
"chr13_60854778_61591949","region","h2","GWAS2",NA,-0.000176227085167664,NA,NA,NA,NA,"Joint HESS uncertainty requires valid regional genetic and total residual parameters","gcorr_genome"
"chr13_61591949_63971559","region","h2","GWAS2",NA,-0.000130375586929152,NA,NA,NA,NA,"Joint HESS uncertainty requires valid regional genetic and total residual parameters","gcorr_genome"
"chr13_63971559_65200602","region","h2","GWAS2",NA,-0.000262038210991473,NA,NA,NA,NA,"Joint HESS uncertainty requires valid regional genetic and total residual parameters","gcorr_genome"
"chr13_65200602_67844453","region","h2","GWAS2",NA,-0.000234305711772383,NA,NA,NA,NA,"Joint HESS uncertainty requires valid regional genetic and total residual parameters","gcorr_genome"
"chr13_67844453_70724516","region","h2","GWAS2",NA,-0.000152139099107912,NA,NA,NA,NA,"Joint HESS uncertainty requires valid regional genetic and total residual parameters","gcorr_genome"
"chr13_70724516_71526791","region","h2","GWAS2",NA,-0.000244147990993007,NA,NA,NA,NA,"Joint HESS uncertainty requires valid regional genetic and total residual parameters","gcorr_genome"
"chr13_71526791_73934089","region","h2","GWAS2",NA,-0.000210329970051899,NA,NA,NA,NA,"Joint HESS uncertainty requires valid regional genetic and total residual parameters","gcorr_genome"
"chr13_73934089_75670143","region","h2","GWAS2",NA,-7.05704974702961e-05,NA,NA,NA,NA,"Joint HESS uncertainty requires valid regional genetic and total residual parameters","gcorr_genome"
"chr13_75670143_77410555","region","h2","GWAS2",NA,-2.7614402162794e-05,NA,NA,NA,NA,"Joint HESS uncertainty requires valid regional genetic and total residual parameters","gcorr_genome"
"chr13_77410555_78808813","region","h2","GWAS2",NA,-1.85965587950703e-05,NA,NA,NA,NA,"Joint HESS uncertainty requires valid regional genetic and total residual parameters","gcorr_genome"
"chr13_78808813_80585676","region","h2","GWAS2",NA,-4.98366351220701e-05,NA,NA,NA,NA,"Joint HESS uncertainty requires valid regional genetic and total residual parameters","gcorr_genome"
"chr13_80585676_82581814","region","h2","GWAS2",NA,-0.00021683037212291,NA,NA,NA,NA,"Joint HESS uncertainty requires valid regional genetic and total residual parameters","gcorr_genome"
"chr13_82581814_84133144","region","h2","GWAS2",NA,-0.000402839063940742,NA,NA,NA,NA,"Joint HESS uncertainty requires valid regional genetic and total residual parameters","gcorr_genome"
"chr13_84133144_85610916","region","h2","GWAS2",NA,-0.000192506651901745,NA,NA,NA,NA,"Joint HESS uncertainty requires valid regional genetic and total residual parameters","gcorr_genome"
"chr13_85610916_88559882","region","h2","GWAS2",NA,-0.000213428848604491,NA,NA,NA,NA,"Joint HESS uncertainty requires valid regional genetic and total residual parameters","gcorr_genome"
"chr13_88559882_90521311","region","h2","GWAS2",NA,-0.000207182623271827,NA,NA,NA,NA,"Joint HESS uncertainty requires valid regional genetic and total residual parameters","gcorr_genome"
"chr13_90521311_93129691","region","h2","GWAS2",NA,-0.000272544869132929,NA,NA,NA,NA,"Joint HESS uncertainty requires valid regional genetic and total residual parameters","gcorr_genome"
"chr13_93129691_93586455","region","h2","GWAS2",NA,-0.000177465045514168,NA,NA,NA,NA,"Joint HESS uncertainty requires valid regional genetic and total residual parameters","gcorr_genome"
"chr13_93586455_96087558","region","h2","GWAS2",NA,-0.000250483306964298,NA,NA,NA,NA,"Joint HESS uncertainty requires valid regional genetic and total residual parameters","gcorr_genome"
"chr13_96087558_97519210","region","h2","GWAS2",NA,-7.39712067562978e-05,NA,NA,NA,NA,"Joint HESS uncertainty requires valid regional genetic and total residual parameters","gcorr_genome"
"chr13_97519210_98938919","region","h2","GWAS2",NA,-0.000258540746031323,NA,NA,NA,NA,"Joint HESS uncertainty requires valid regional genetic and total residual parameters","gcorr_genome"
"chr13_98938919_100574095","region","h2","GWAS2",NA,-0.000198744180649016,NA,NA,NA,NA,"Joint HESS uncertainty requires valid regional genetic and total residual parameters","gcorr_genome"
"chr14_101534307_103012102","region","h2","GWAS2",NA,-0.000263085864486945,NA,NA,NA,NA,"Joint HESS uncertainty requires valid regional genetic and total residual parameters","gcorr_genome"
"chr14_103012102_105001723","region","h2","GWAS2",NA,-2.77985463512673e-05,NA,NA,NA,NA,"Joint HESS uncertainty requires valid regional genetic and total residual parameters","gcorr_genome"
"chr14_105001723_106340358","region","h2","GWAS2",NA,5.55429903819076e-05,NA,NA,NA,NA,"Joint HESS uncertainty requires valid regional genetic and total residual parameters","gcorr_genome"
"chr14_106340358_107289454","region","h2","GWAS2",NA,-0.000154335400103409,NA,NA,NA,NA,"Joint HESS uncertainty requires valid regional genetic and total residual parameters","gcorr_genome"
"chr14_19002084_21589402","region","h2","GWAS2",NA,-0.000175252134196113,NA,NA,NA,NA,"Joint HESS uncertainty requires valid regional genetic and total residual parameters","gcorr_genome"
"chr14_21589402_23018665","region","h2","GWAS2",NA,1.12600424881161e-05,NA,NA,NA,NA,"Joint HESS uncertainty requires valid regional genetic and total residual parameters","gcorr_genome"
"chr14_23018665_24905123","region","h2","GWAS2",NA,-8.07767988963859e-05,NA,NA,NA,NA,"Joint HESS uncertainty requires valid regional genetic and total residual parameters","gcorr_genome"
"chr14_24905123_26135686","region","h2","GWAS2",NA,-0.000166944637252948,NA,NA,NA,NA,"Joint HESS uncertainty requires valid regional genetic and total residual parameters","gcorr_genome"
"chr14_26135686_28466533","region","h2","GWAS2",NA,-0.00038642290916107,NA,NA,NA,NA,"Joint HESS uncertainty requires valid regional genetic and total residual parameters","gcorr_genome"
"chr14_28466533_29972145","region","h2","GWAS2",NA,0.000159823269355518,NA,NA,NA,NA,"Joint HESS uncertainty requires valid regional genetic and total residual parameters","gcorr_genome"
"chr14_29972145_32383265","region","h2","GWAS2",NA,-0.000106721846562657,NA,NA,NA,NA,"Joint HESS uncertainty requires valid regional genetic and total residual parameters","gcorr_genome"
"chr14_32383265_34846251","region","h2","GWAS2",NA,-0.000427404913653055,NA,NA,NA,NA,"Joint HESS uncertainty requires valid regional genetic and total residual parameters","gcorr_genome"
"chr14_34846251_35859593","region","h2","GWAS2",NA,0.000107175964680394,NA,NA,NA,NA,"Joint HESS uncertainty requires valid regional genetic and total residual parameters","gcorr_genome"
"chr14_35859593_38667725","region","h2","GWAS2",NA,-0.000271486232296981,NA,NA,NA,NA,"Joint HESS uncertainty requires valid regional genetic and total residual parameters","gcorr_genome"
"chr14_38667725_40341990","region","h2","GWAS2",NA,-0.000232485876342232,NA,NA,NA,NA,"Joint HESS uncertainty requires valid regional genetic and total residual parameters","gcorr_genome"
"chr14_40341990_41615502","region","h2","GWAS2",NA,-0.000218303323513403,NA,NA,NA,NA,"Joint HESS uncertainty requires valid regional genetic and total residual parameters","gcorr_genome"
"chr14_41615502_43137389","region","h2","GWAS2",NA,-0.000113002070941786,NA,NA,NA,NA,"Joint HESS uncertainty requires valid regional genetic and total residual parameters","gcorr_genome"
"chr14_43137389_44543227","region","h2","GWAS2",NA,0.000117701105928555,NA,NA,NA,NA,"Joint HESS uncertainty requires valid regional genetic and total residual parameters","gcorr_genome"
"chr14_44543227_46081896","region","h2","GWAS2",NA,-5.66244210566271e-05,NA,NA,NA,NA,"Joint HESS uncertainty requires valid regional genetic and total residual parameters","gcorr_genome"
"chr14_46081896_46749130","region","h2","GWAS2",NA,-0.000230281672855423,NA,NA,NA,NA,"Joint HESS uncertainty requires valid regional genetic and total residual parameters","gcorr_genome"
"chr14_46749130_48573586","region","h2","GWAS2",NA,-0.000205782912978028,NA,NA,NA,NA,"Joint HESS uncertainty requires valid regional genetic and total residual parameters","gcorr_genome"
"chr14_48573586_49005471","region","h2","GWAS2",NA,-0.000214442881059366,NA,NA,NA,NA,"Joint HESS uncertainty requires valid regional genetic and total residual parameters","gcorr_genome"
"chr14_49005471_50507760","region","h2","GWAS2",NA,-0.000213781826432141,NA,NA,NA,NA,"Joint HESS uncertainty requires valid regional genetic and total residual parameters","gcorr_genome"
"chr14_50507760_51493572","region","h2","GWAS2",NA,-0.00024626224336581,NA,NA,NA,NA,"Joint HESS uncertainty requires valid regional genetic and total residual parameters","gcorr_genome"
"chr14_51493572_53474383","region","h2","GWAS2",NA,-0.000369205239479633,NA,NA,NA,NA,"Joint HESS uncertainty requires valid regional genetic and total residual parameters","gcorr_genome"
"chr14_53474383_53997831","region","h2","GWAS2",NA,-0.000267819616637062,NA,NA,NA,NA,"Joint HESS uncertainty requires valid regional genetic and total residual parameters","gcorr_genome"
"chr14_53997831_55233681","region","h2","GWAS2",NA,-0.000420187189987575,NA,NA,NA,NA,"Joint HESS uncertainty requires valid regional genetic and total residual parameters","gcorr_genome"
"chr14_55233681_56216880","region","h2","GWAS2",NA,-5.56527724273697e-05,NA,NA,NA,NA,"Joint HESS uncertainty requires valid regional genetic and total residual parameters","gcorr_genome"
"chr14_56216880_57481262","region","h2","GWAS2",NA,-0.000137558386753463,NA,NA,NA,NA,"Joint HESS uncertainty requires valid regional genetic and total residual parameters","gcorr_genome"
"chr14_57481262_59448336","region","h2","GWAS2",NA,-1.66846740265185e-05,NA,NA,NA,NA,"Joint HESS uncertainty requires valid regional genetic and total residual parameters","gcorr_genome"
"chr14_59448336_61680424","region","h2","GWAS2",NA,7.63338753680518e-05,NA,NA,NA,NA,"Joint HESS uncertainty requires valid regional genetic and total residual parameters","gcorr_genome"
"chr14_61680424_63790015","region","h2","GWAS2",NA,-0.000185574575479268,NA,NA,NA,NA,"Joint HESS uncertainty requires valid regional genetic and total residual parameters","gcorr_genome"
"chr14_63790015_65220298","region","h2","GWAS2",NA,-6.81999595912398e-05,NA,NA,NA,NA,"Joint HESS uncertainty requires valid regional genetic and total residual parameters","gcorr_genome"
"chr14_65220298_66399555","region","h2","GWAS2",NA,-0.000281142865261845,NA,NA,NA,NA,"Joint HESS uncertainty requires valid regional genetic and total residual parameters","gcorr_genome"
"chr14_66399555_67992317","region","h2","GWAS2",NA,-0.000124160788111621,NA,NA,NA,NA,"Joint HESS uncertainty requires valid regional genetic and total residual parameters","gcorr_genome"
"chr14_67992317_71131957","region","h2","GWAS2",NA,-0.000143263526018892,NA,NA,NA,NA,"Joint HESS uncertainty requires valid regional genetic and total residual parameters","gcorr_genome"
"chr14_71131957_72889615","region","h2","GWAS2",NA,-0.000142003254657082,NA,NA,NA,NA,"Joint HESS uncertainty requires valid regional genetic and total residual parameters","gcorr_genome"
"chr14_72889615_76444767","region","h2","GWAS2",NA,0.000162651040374164,NA,NA,NA,NA,"Joint HESS uncertainty requires valid regional genetic and total residual parameters","gcorr_genome"
"chr14_76444767_77229472","region","h2","GWAS2",NA,-0.000109561435778537,NA,NA,NA,NA,"Joint HESS uncertainty requires valid regional genetic and total residual parameters","gcorr_genome"
"chr14_77229472_78561945","region","h2","GWAS2",NA,-0.000185246458674562,NA,NA,NA,NA,"Joint HESS uncertainty requires valid regional genetic and total residual parameters","gcorr_genome"
"chr14_78561945_80186579","region","h2","GWAS2",NA,-0.000207171240662438,NA,NA,NA,NA,"Joint HESS uncertainty requires valid regional genetic and total residual parameters","gcorr_genome"
"chr14_80186579_81579714","region","h2","GWAS2",NA,-0.00021262068155737,NA,NA,NA,NA,"Joint HESS uncertainty requires valid regional genetic and total residual parameters","gcorr_genome"
"chr14_81579714_83138097","region","h2","GWAS2",NA,6.56775545709101e-05,NA,NA,NA,NA,"Joint HESS uncertainty requires valid regional genetic and total residual parameters","gcorr_genome"
"chr14_83138097_84241633","region","h2","GWAS2",NA,-0.000310151525877188,NA,NA,NA,NA,"Joint HESS uncertainty requires valid regional genetic and total residual parameters","gcorr_genome"
"chr14_84241633_85746319","region","h2","GWAS2",NA,-0.000148450060210732,NA,NA,NA,NA,"Joint HESS uncertainty requires valid regional genetic and total residual parameters","gcorr_genome"
"chr14_85746319_86647002","region","h2","GWAS2",NA,-4.03565230864058e-05,NA,NA,NA,NA,"Joint HESS uncertainty requires valid regional genetic and total residual parameters","gcorr_genome"
"chr14_86647002_87635341","region","h2","GWAS2",NA,-0.000265862432372781,NA,NA,NA,NA,"Joint HESS uncertainty requires valid regional genetic and total residual parameters","gcorr_genome"
"chr14_87635341_89497643","region","h2","GWAS2",NA,-0.000158196766263826,NA,NA,NA,NA,"Joint HESS uncertainty requires valid regional genetic and total residual parameters","gcorr_genome"
"chr14_89497643_91296860","region","h2","GWAS2",NA,-0.000165817765953194,NA,NA,NA,NA,"Joint HESS uncertainty requires valid regional genetic and total residual parameters","gcorr_genome"
"chr14_91296860_93132299","region","h2","GWAS2",NA,0.00016096603003346,NA,NA,NA,NA,"Joint HESS uncertainty requires valid regional genetic and total residual parameters","gcorr_genome"
"chr14_93132299_94325285","region","h2","GWAS2",NA,1.65902517803275e-05,NA,NA,NA,NA,"Joint HESS uncertainty requires valid regional genetic and total residual parameters","gcorr_genome"
"chr14_94325285_95750867","region","h2","GWAS2",NA,-0.000428558451761881,NA,NA,NA,NA,"Joint HESS uncertainty requires valid regional genetic and total residual parameters","gcorr_genome"
"chr14_95750867_96262415","region","h2","GWAS2",NA,-0.000275245922736244,NA,NA,NA,NA,"Joint HESS uncertainty requires valid regional genetic and total residual parameters","gcorr_genome"
"chr14_96262415_98341162","region","h2","GWAS2",NA,-0.000126619271879501,NA,NA,NA,NA,"Joint HESS uncertainty requires valid regional genetic and total residual parameters","gcorr_genome"
"chr14_98341162_99138532","region","h2","GWAS2",NA,-2.64204458718663e-05,NA,NA,NA,NA,"Joint HESS uncertainty requires valid regional genetic and total residual parameters","gcorr_genome"
"chr14_99138532_101534307","region","h2","GWAS2",NA,-0.000210804316530878,NA,NA,NA,NA,"Joint HESS uncertainty requires valid regional genetic and total residual parameters","gcorr_genome"
"chr15_100636847_101552694","region","h2","GWAS2",NA,0.000139932744571753,NA,NA,NA,NA,"Joint HESS uncertainty requires valid regional genetic and total residual parameters","gcorr_genome"
"chr15_101552694_102520966","region","h2","GWAS2",NA,-0.000319068904737012,NA,NA,NA,NA,"Joint HESS uncertainty requires valid regional genetic and total residual parameters","gcorr_genome"
"chr15_20001200_21131604","region","h2","GWAS2",NA,-9.98331334474342e-05,NA,NA,NA,NA,"Joint HESS uncertainty requires valid regional genetic and total residual parameters","gcorr_genome"
"chr15_21131604_24195127","region","h2","GWAS2",NA,-0.000284615584368358,NA,NA,NA,NA,"Joint HESS uncertainty requires valid regional genetic and total residual parameters","gcorr_genome"
"chr15_24195127_25108590","region","h2","GWAS2",NA,-0.00029393759922028,NA,NA,NA,NA,"Joint HESS uncertainty requires valid regional genetic and total residual parameters","gcorr_genome"
"chr15_25108590_27298112","region","h2","GWAS2",NA,-0.0003189736628048,NA,NA,NA,NA,"Joint HESS uncertainty requires valid regional genetic and total residual parameters","gcorr_genome"
"chr15_27298112_29338502","region","h2","GWAS2",NA,-0.00027729397212408,NA,NA,NA,NA,"Joint HESS uncertainty requires valid regional genetic and total residual parameters","gcorr_genome"
"chr15_29338502_30165568","region","h2","GWAS2",NA,-0.000204849554004722,NA,NA,NA,NA,"Joint HESS uncertainty requires valid regional genetic and total residual parameters","gcorr_genome"
"chr15_30165568_31591821","region","h2","GWAS2",NA,-2.47467580416733e-05,NA,NA,NA,NA,"Joint HESS uncertainty requires valid regional genetic and total residual parameters","gcorr_genome"
"chr15_31591821_32441811","region","h2","GWAS2",NA,-0.00012724913195684,NA,NA,NA,NA,"Joint HESS uncertainty requires valid regional genetic and total residual parameters","gcorr_genome"
"chr15_32441811_34015425","region","h2","GWAS2",NA,-0.000344460619456634,NA,NA,NA,NA,"Joint HESS uncertainty requires valid regional genetic and total residual parameters","gcorr_genome"
"chr15_34015425_35083251","region","h2","GWAS2",NA,-0.000244211630128943,NA,NA,NA,NA,"Joint HESS uncertainty requires valid regional genetic and total residual parameters","gcorr_genome"
"chr15_35083251_37456502","region","h2","GWAS2",NA,-0.00023847543333999,NA,NA,NA,NA,"Joint HESS uncertainty requires valid regional genetic and total residual parameters","gcorr_genome"
"chr15_37456502_38530777","region","h2","GWAS2",NA,-8.47813973828824e-05,NA,NA,NA,NA,"Joint HESS uncertainty requires valid regional genetic and total residual parameters","gcorr_genome"
"chr15_38530777_40384132","region","h2","GWAS2",NA,-0.000107623522016127,NA,NA,NA,NA,"Joint HESS uncertainty requires valid regional genetic and total residual parameters","gcorr_genome"
"chr15_40384132_41177514","region","h2","GWAS2",NA,-0.00020912968002543,NA,NA,NA,NA,"Joint HESS uncertainty requires valid regional genetic and total residual parameters","gcorr_genome"
"chr15_41177514_42776399","region","h2","GWAS2",NA,-3.8882110959412e-05,NA,NA,NA,NA,"Joint HESS uncertainty requires valid regional genetic and total residual parameters","gcorr_genome"
"chr15_42776399_44198049","region","h2","GWAS2",NA,-0.000132704087326237,NA,NA,NA,NA,"Joint HESS uncertainty requires valid regional genetic and total residual parameters","gcorr_genome"
"chr15_44198049_46618787","region","h2","GWAS2",NA,-0.000113173815211424,NA,NA,NA,NA,"Joint HESS uncertainty requires valid regional genetic and total residual parameters","gcorr_genome"
"chr15_46618787_48136048","region","h2","GWAS2",NA,-0.000106844765127113,NA,NA,NA,NA,"Joint HESS uncertainty requires valid regional genetic and total residual parameters","gcorr_genome"
"chr15_48136048_50008043","region","h2","GWAS2",NA,-0.000121400667046763,NA,NA,NA,NA,"Joint HESS uncertainty requires valid regional genetic and total residual parameters","gcorr_genome"
"chr15_50008043_51677560","region","h2","GWAS2",NA,-9.85410480840357e-05,NA,NA,NA,NA,"Joint HESS uncertainty requires valid regional genetic and total residual parameters","gcorr_genome"
"chr15_51677560_53069096","region","h2","GWAS2",NA,-0.000196033694117805,NA,NA,NA,NA,"Joint HESS uncertainty requires valid regional genetic and total residual parameters","gcorr_genome"
"chr15_53069096_54508528","region","h2","GWAS2",NA,-0.000398664220991098,NA,NA,NA,NA,"Joint HESS uncertainty requires valid regional genetic and total residual parameters","gcorr_genome"
"chr15_54508528_55136269","region","h2","GWAS2",NA,-0.00033132042559036,NA,NA,NA,NA,"Joint HESS uncertainty requires valid regional genetic and total residual parameters","gcorr_genome"
"chr15_55136269_56901773","region","h2","GWAS2",NA,9.16221406785618e-05,NA,NA,NA,NA,"Joint HESS uncertainty requires valid regional genetic and total residual parameters","gcorr_genome"
"chr15_56901773_58441366","region","h2","GWAS2",NA,-0.000165456207855683,NA,NA,NA,NA,"Joint HESS uncertainty requires valid regional genetic and total residual parameters","gcorr_genome"
"chr15_58441366_59694116","region","h2","GWAS2",NA,-0.000218941748956996,NA,NA,NA,NA,"Joint HESS uncertainty requires valid regional genetic and total residual parameters","gcorr_genome"
"chr15_59694116_61265836","region","h2","GWAS2",NA,-2.16098740605173e-05,NA,NA,NA,NA,"Joint HESS uncertainty requires valid regional genetic and total residual parameters","gcorr_genome"
"chr15_61265836_63215222","region","h2","GWAS2",NA,-0.000206687290474083,NA,NA,NA,NA,"Joint HESS uncertainty requires valid regional genetic and total residual parameters","gcorr_genome"
"chr15_63215222_65104668","region","h2","GWAS2",NA,-0.000138648700420988,NA,NA,NA,NA,"Joint HESS uncertainty requires valid regional genetic and total residual parameters","gcorr_genome"
"chr15_65104668_67094767","region","h2","GWAS2",NA,5.74736112585353e-05,NA,NA,NA,NA,"Joint HESS uncertainty requires valid regional genetic and total residual parameters","gcorr_genome"
"chr15_67094767_69017999","region","h2","GWAS2",NA,-0.000231210094035117,NA,NA,NA,NA,"Joint HESS uncertainty requires valid regional genetic and total residual parameters","gcorr_genome"
"chr15_69017999_70133341","region","h2","GWAS2",NA,-0.000201843437582853,NA,NA,NA,NA,"Joint HESS uncertainty requires valid regional genetic and total residual parameters","gcorr_genome"
"chr15_70133341_71922649","region","h2","GWAS2",NA,-0.000252511048962523,NA,NA,NA,NA,"Joint HESS uncertainty requires valid regional genetic and total residual parameters","gcorr_genome"
"chr15_71922649_73628714","region","h2","GWAS2",NA,0.000117329577206806,NA,NA,NA,NA,"Joint HESS uncertainty requires valid regional genetic and total residual parameters","gcorr_genome"
"chr15_73628714_76398624","region","h2","GWAS2",NA,0.000234061846425365,NA,NA,NA,NA,"Joint HESS uncertainty requires valid regional genetic and total residual parameters","gcorr_genome"
"chr15_76398624_78516053","region","h2","GWAS2",NA,7.01902157149999e-05,NA,NA,NA,NA,"Joint HESS uncertainty requires valid regional genetic and total residual parameters","gcorr_genome"
"chr15_78516053_80860978","region","h2","GWAS2",NA,0.000886186955929887,NA,NA,NA,NA,"Joint HESS uncertainty requires valid regional genetic and total residual parameters","gcorr_genome"
"chr15_80860978_84260468","region","h2","GWAS2",NA,-0.000253514973910393,NA,NA,NA,NA,"Joint HESS uncertainty requires valid regional genetic and total residual parameters","gcorr_genome"
"chr15_84260468_86652905","region","h2","GWAS2",NA,0.000202335379152933,NA,NA,NA,NA,"Joint HESS uncertainty requires valid regional genetic and total residual parameters","gcorr_genome"
"chr15_86652905_88369943","region","h2","GWAS2",NA,-0.000273849114544974,NA,NA,NA,NA,"Joint HESS uncertainty requires valid regional genetic and total residual parameters","gcorr_genome"
"chr15_88369943_90475551","region","h2","GWAS2",NA,2.53197326541273e-05,NA,NA,NA,NA,"Joint HESS uncertainty requires valid regional genetic and total residual parameters","gcorr_genome"
"chr15_90475551_92164392","region","h2","GWAS2",NA,-0.000207596898525826,NA,NA,NA,NA,"Joint HESS uncertainty requires valid regional genetic and total residual parameters","gcorr_genome"
"chr15_92164392_93780902","region","h2","GWAS2",NA,-0.000145719466781631,NA,NA,NA,NA,"Joint HESS uncertainty requires valid regional genetic and total residual parameters","gcorr_genome"
"chr15_93780902_94924330","region","h2","GWAS2",NA,-0.000140965545039887,NA,NA,NA,NA,"Joint HESS uncertainty requires valid regional genetic and total residual parameters","gcorr_genome"
"chr15_94924330_96141596","region","h2","GWAS2",NA,-0.000119175631055017,NA,NA,NA,NA,"Joint HESS uncertainty requires valid regional genetic and total residual parameters","gcorr_genome"
"chr15_96141596_98030910","region","h2","GWAS2",NA,-6.27866249412284e-05,NA,NA,NA,NA,"Joint HESS uncertainty requires valid regional genetic and total residual parameters","gcorr_genome"
"chr15_98030910_99244059","region","h2","GWAS2",NA,-0.000227299623256462,NA,NA,NA,NA,"Joint HESS uncertainty requires valid regional genetic and total residual parameters","gcorr_genome"
"chr15_99244059_100636847","region","h2","GWAS2",NA,-0.0002820660937645,NA,NA,NA,NA,"Joint HESS uncertainty requires valid regional genetic and total residual parameters","gcorr_genome"
"chr16_10426032_11520161","region","h2","GWAS2",NA,-0.000204713149510482,NA,NA,NA,NA,"Joint HESS uncertainty requires valid regional genetic and total residual parameters","gcorr_genome"
"chr16_11520161_12613098","region","h2","GWAS2",NA,-0.000147871112374193,NA,NA,NA,NA,"Joint HESS uncertainty requires valid regional genetic and total residual parameters","gcorr_genome"
"chr16_1207206_2764829","region","h2","GWAS2",NA,-0.000174112469701858,NA,NA,NA,NA,"Joint HESS uncertainty requires valid regional genetic and total residual parameters","gcorr_genome"
"chr16_12613098_13154437","region","h2","GWAS2",NA,-0.000161866573877712,NA,NA,NA,NA,"Joint HESS uncertainty requires valid regional genetic and total residual parameters","gcorr_genome"
"chr16_13154437_14464002","region","h2","GWAS2",NA,-0.000112644819813781,NA,NA,NA,NA,"Joint HESS uncertainty requires valid regional genetic and total residual parameters","gcorr_genome"
"chr16_14464002_16154060","region","h2","GWAS2",NA,0.000344350103946605,NA,NA,NA,NA,"Joint HESS uncertainty requires valid regional genetic and total residual parameters","gcorr_genome"
"chr16_16154060_17644749","region","h2","GWAS2",NA,-0.000294711331183058,NA,NA,NA,NA,"Joint HESS uncertainty requires valid regional genetic and total residual parameters","gcorr_genome"
"chr16_17644749_18643607","region","h2","GWAS2",NA,-0.000255770332230491,NA,NA,NA,NA,"Joint HESS uncertainty requires valid regional genetic and total residual parameters","gcorr_genome"
"chr16_18643607_20150571","region","h2","GWAS2",NA,-0.000147073052398238,NA,NA,NA,NA,"Joint HESS uncertainty requires valid regional genetic and total residual parameters","gcorr_genome"
"chr16_20150571_22448904","region","h2","GWAS2",NA,-0.000150521653870381,NA,NA,NA,NA,"Joint HESS uncertainty requires valid regional genetic and total residual parameters","gcorr_genome"
"chr16_22448904_24136875","region","h2","GWAS2",NA,-0.000362104701733083,NA,NA,NA,NA,"Joint HESS uncertainty requires valid regional genetic and total residual parameters","gcorr_genome"
"chr16_24136875_25986862","region","h2","GWAS2",NA,-0.000255057284157437,NA,NA,NA,NA,"Joint HESS uncertainty requires valid regional genetic and total residual parameters","gcorr_genome"
"chr16_25986862_27445755","region","h2","GWAS2",NA,-0.000339677985832167,NA,NA,NA,NA,"Joint HESS uncertainty requires valid regional genetic and total residual parameters","gcorr_genome"
"chr16_27445755_29036613","region","h2","GWAS2",NA,-0.000136335430230873,NA,NA,NA,NA,"Joint HESS uncertainty requires valid regional genetic and total residual parameters","gcorr_genome"
"chr16_2764829_4001196","region","h2","GWAS2",NA,-0.000214833843059908,NA,NA,NA,NA,"Joint HESS uncertainty requires valid regional genetic and total residual parameters","gcorr_genome"
"chr16_29036613_31382943","region","h2","GWAS2",NA,-0.000193686587606546,NA,NA,NA,NA,"Joint HESS uncertainty requires valid regional genetic and total residual parameters","gcorr_genome"
"chr16_31382943_46399473","region","h2","GWAS2",NA,-0.000198870049284095,NA,NA,NA,NA,"Joint HESS uncertainty requires valid regional genetic and total residual parameters","gcorr_genome"
"chr16_4001196_5118345","region","h2","GWAS2",NA,-4.45793920551659e-05,NA,NA,NA,NA,"Joint HESS uncertainty requires valid regional genetic and total residual parameters","gcorr_genome"
"chr16_46399473_49007926","region","h2","GWAS2",NA,-1.41888370186568e-05,NA,NA,NA,NA,"Joint HESS uncertainty requires valid regional genetic and total residual parameters","gcorr_genome"
"chr16_49007926_52035823","region","h2","GWAS2",NA,-0.000204617135475062,NA,NA,NA,NA,"Joint HESS uncertainty requires valid regional genetic and total residual parameters","gcorr_genome"
"chr16_5118345_5891580","region","h2","GWAS2",NA,-0.000155904988490841,NA,NA,NA,NA,"Joint HESS uncertainty requires valid regional genetic and total residual parameters","gcorr_genome"
"chr16_52035823_53382572","region","h2","GWAS2",NA,-0.000141773141770808,NA,NA,NA,NA,"Joint HESS uncertainty requires valid regional genetic and total residual parameters","gcorr_genome"
"chr16_53382572_55903774","region","h2","GWAS2",NA,-6.69501861911069e-05,NA,NA,NA,NA,"Joint HESS uncertainty requires valid regional genetic and total residual parameters","gcorr_genome"
"chr16_55903774_57664330","region","h2","GWAS2",NA,-0.000270011752544709,NA,NA,NA,NA,"Joint HESS uncertainty requires valid regional genetic and total residual parameters","gcorr_genome"
"chr16_57664330_59045405","region","h2","GWAS2",NA,-0.000189728154030204,NA,NA,NA,NA,"Joint HESS uncertainty requires valid regional genetic and total residual parameters","gcorr_genome"
"chr16_5891580_6893551","region","h2","GWAS2",NA,-0.000309828077697891,NA,NA,NA,NA,"Joint HESS uncertainty requires valid regional genetic and total residual parameters","gcorr_genome"
"chr16_59045405_60745694","region","h2","GWAS2",NA,-0.000276893891011912,NA,NA,NA,NA,"Joint HESS uncertainty requires valid regional genetic and total residual parameters","gcorr_genome"
"chr16_60054_1207206","region","h2","GWAS2",NA,-0.000118302899094207,NA,NA,NA,NA,"Joint HESS uncertainty requires valid regional genetic and total residual parameters","gcorr_genome"
"chr16_60745694_62229849","region","h2","GWAS2",NA,-0.000166977502185826,NA,NA,NA,NA,"Joint HESS uncertainty requires valid regional genetic and total residual parameters","gcorr_genome"
"chr16_62229849_63691589","region","h2","GWAS2",NA,-0.000148023000624048,NA,NA,NA,NA,"Joint HESS uncertainty requires valid regional genetic and total residual parameters","gcorr_genome"
"chr16_63691589_65938566","region","h2","GWAS2",NA,-0.000251613225998714,NA,NA,NA,NA,"Joint HESS uncertainty requires valid regional genetic and total residual parameters","gcorr_genome"
"chr16_65938566_68841363","region","h2","GWAS2",NA,-0.00029306771706193,NA,NA,NA,NA,"Joint HESS uncertainty requires valid regional genetic and total residual parameters","gcorr_genome"
"chr16_68841363_71054028","region","h2","GWAS2",NA,-0.000153128265351412,NA,NA,NA,NA,"Joint HESS uncertainty requires valid regional genetic and total residual parameters","gcorr_genome"
"chr16_6893551_7529121","region","h2","GWAS2",NA,-0.000287761302637864,NA,NA,NA,NA,"Joint HESS uncertainty requires valid regional genetic and total residual parameters","gcorr_genome"
"chr16_71054028_72935150","region","h2","GWAS2",NA,4.03088159695991e-05,NA,NA,NA,NA,"Joint HESS uncertainty requires valid regional genetic and total residual parameters","gcorr_genome"
"chr16_72935150_74971503","region","h2","GWAS2",NA,-0.000306303331091957,NA,NA,NA,NA,"Joint HESS uncertainty requires valid regional genetic and total residual parameters","gcorr_genome"
"chr16_74971503_75977954","region","h2","GWAS2",NA,0.000759688243128098,NA,NA,NA,NA,"Joint HESS uncertainty requires valid regional genetic and total residual parameters","gcorr_genome"
"chr16_7529121_8338519","region","h2","GWAS2",NA,-0.00023771968810209,NA,NA,NA,NA,"Joint HESS uncertainty requires valid regional genetic and total residual parameters","gcorr_genome"
"chr16_75977954_77523678","region","h2","GWAS2",NA,-0.000232327114036389,NA,NA,NA,NA,"Joint HESS uncertainty requires valid regional genetic and total residual parameters","gcorr_genome"
"chr16_77523678_78456292","region","h2","GWAS2",NA,-0.000301951310898744,NA,NA,NA,NA,"Joint HESS uncertainty requires valid regional genetic and total residual parameters","gcorr_genome"
"chr16_78456292_79134815","region","h2","GWAS2",NA,-0.000192989981203562,NA,NA,NA,NA,"Joint HESS uncertainty requires valid regional genetic and total residual parameters","gcorr_genome"
"chr16_79134815_80297374","region","h2","GWAS2",NA,-0.000229412155886015,NA,NA,NA,NA,"Joint HESS uncertainty requires valid regional genetic and total residual parameters","gcorr_genome"
"chr16_80297374_81772536","region","h2","GWAS2",NA,-0.000132376813412329,NA,NA,NA,NA,"Joint HESS uncertainty requires valid regional genetic and total residual parameters","gcorr_genome"
"chr16_81772536_82747728","region","h2","GWAS2",NA,-0.000101077931517183,NA,NA,NA,NA,"Joint HESS uncertainty requires valid regional genetic and total residual parameters","gcorr_genome"
"chr16_82747728_83477208","region","h2","GWAS2",NA,-0.000117378380477036,NA,NA,NA,NA,"Joint HESS uncertainty requires valid regional genetic and total residual parameters","gcorr_genome"
"chr16_8338519_9799419","region","h2","GWAS2",NA,-0.000129308714881766,NA,NA,NA,NA,"Joint HESS uncertainty requires valid regional genetic and total residual parameters","gcorr_genome"
"chr16_83477208_84445883","region","h2","GWAS2",NA,-0.000180923772809419,NA,NA,NA,NA,"Joint HESS uncertainty requires valid regional genetic and total residual parameters","gcorr_genome"
"chr16_84445883_85148685","region","h2","GWAS2",NA,-4.02379200286225e-05,NA,NA,NA,NA,"Joint HESS uncertainty requires valid regional genetic and total residual parameters","gcorr_genome"
"chr16_85148685_86156599","region","h2","GWAS2",NA,-0.000164457248333067,NA,NA,NA,NA,"Joint HESS uncertainty requires valid regional genetic and total residual parameters","gcorr_genome"
"chr16_86156599_86815411","region","h2","GWAS2",NA,-5.12605563912565e-05,NA,NA,NA,NA,"Joint HESS uncertainty requires valid regional genetic and total residual parameters","gcorr_genome"
"chr16_86815411_87647349","region","h2","GWAS2",NA,-0.000197631332214122,NA,NA,NA,NA,"Joint HESS uncertainty requires valid regional genetic and total residual parameters","gcorr_genome"
"chr16_87647349_89041165","region","h2","GWAS2",NA,-2.81197738740448e-05,NA,NA,NA,NA,"Joint HESS uncertainty requires valid regional genetic and total residual parameters","gcorr_genome"
"chr16_89041165_90292812","region","h2","GWAS2",NA,0.000208393433623307,NA,NA,NA,NA,"Joint HESS uncertainty requires valid regional genetic and total residual parameters","gcorr_genome"
"chr16_9799419_10426032","region","h2","GWAS2",NA,-3.72199550367051e-05,NA,NA,NA,NA,"Joint HESS uncertainty requires valid regional genetic and total residual parameters","gcorr_genome"
"chr17_11102815_12534769","region","h2","GWAS2",NA,-0.000411818893554825,NA,NA,NA,NA,"Joint HESS uncertainty requires valid regional genetic and total residual parameters","gcorr_genome"
"chr17_1172399_1928731","region","h2","GWAS2",NA,-0.000261093977164701,NA,NA,NA,NA,"Joint HESS uncertainty requires valid regional genetic and total residual parameters","gcorr_genome"
"chr17_12534769_13180372","region","h2","GWAS2",NA,-0.000174379091407668,NA,NA,NA,NA,"Joint HESS uncertainty requires valid regional genetic and total residual parameters","gcorr_genome"
"chr17_13180372_13894637","region","h2","GWAS2",NA,-0.000319133367826221,NA,NA,NA,NA,"Joint HESS uncertainty requires valid regional genetic and total residual parameters","gcorr_genome"
"chr17_13894637_15019097","region","h2","GWAS2",NA,-0.000378385773734968,NA,NA,NA,NA,"Joint HESS uncertainty requires valid regional genetic and total residual parameters","gcorr_genome"
"chr17_15019097_16412342","region","h2","GWAS2",NA,-0.000110852195837605,NA,NA,NA,NA,"Joint HESS uncertainty requires valid regional genetic and total residual parameters","gcorr_genome"
"chr17_16412342_18856320","region","h2","GWAS2",NA,-8.42014309603046e-05,NA,NA,NA,NA,"Joint HESS uncertainty requires valid regional genetic and total residual parameters","gcorr_genome"
"chr17_18856320_21290357","region","h2","GWAS2",NA,5.92036778515789e-05,NA,NA,NA,NA,"Joint HESS uncertainty requires valid regional genetic and total residual parameters","gcorr_genome"
"chr17_1928731_3702312","region","h2","GWAS2",NA,0.00044992395531657,NA,NA,NA,NA,"Joint HESS uncertainty requires valid regional genetic and total residual parameters","gcorr_genome"
"chr17_21290357_27334244","region","h2","GWAS2",NA,5.03061644818942e-05,NA,NA,NA,NA,"Joint HESS uncertainty requires valid regional genetic and total residual parameters","gcorr_genome"
"chr17_27334244_29786491","region","h2","GWAS2",NA,-7.97400669009949e-06,NA,NA,NA,NA,"Joint HESS uncertainty requires valid regional genetic and total residual parameters","gcorr_genome"
"chr17_29786491_31538425","region","h2","GWAS2",NA,-0.00022198339703924,NA,NA,NA,NA,"Joint HESS uncertainty requires valid regional genetic and total residual parameters","gcorr_genome"
"chr17_31538425_32912798","region","h2","GWAS2",NA,-4.46719841809216e-05,NA,NA,NA,NA,"Joint HESS uncertainty requires valid regional genetic and total residual parameters","gcorr_genome"
"chr17_32912798_34469036","region","h2","GWAS2",NA,-0.000281720481901682,NA,NA,NA,NA,"Joint HESS uncertainty requires valid regional genetic and total residual parameters","gcorr_genome"
"chr17_34469036_36809344","region","h2","GWAS2",NA,-5.5428306126802e-05,NA,NA,NA,NA,"Joint HESS uncertainty requires valid regional genetic and total residual parameters","gcorr_genome"
"chr17_36809344_38877404","region","h2","GWAS2",NA,0.000145969387817817,NA,NA,NA,NA,"Joint HESS uncertainty requires valid regional genetic and total residual parameters","gcorr_genome"
"chr17_3702312_4696261","region","h2","GWAS2",NA,-0.000182320755033997,NA,NA,NA,NA,"Joint HESS uncertainty requires valid regional genetic and total residual parameters","gcorr_genome"
"chr17_38877404_39899810","region","h2","GWAS2",NA,-0.000194763420522215,NA,NA,NA,NA,"Joint HESS uncertainty requires valid regional genetic and total residual parameters","gcorr_genome"
"chr17_39899810_41772087","region","h2","GWAS2",NA,0.000721029057783212,NA,NA,NA,NA,"Joint HESS uncertainty requires valid regional genetic and total residual parameters","gcorr_genome"
"chr17_41772087_43056905","region","h2","GWAS2",NA,-4.20867257055989e-05,NA,NA,NA,NA,"Joint HESS uncertainty requires valid regional genetic and total residual parameters","gcorr_genome"
"chr17_43056905_45876022","region","h2","GWAS2",NA,0.000196597070685779,NA,NA,NA,NA,"Joint HESS uncertainty requires valid regional genetic and total residual parameters","gcorr_genome"
"chr17_45876022_47517400","region","h2","GWAS2",NA,0.000747683113500004,NA,NA,NA,NA,"Joint HESS uncertainty requires valid regional genetic and total residual parameters","gcorr_genome"
"chr17_4696261_5741334","region","h2","GWAS2",NA,-6.07662344608669e-05,NA,NA,NA,NA,"Joint HESS uncertainty requires valid regional genetic and total residual parameters","gcorr_genome"
"chr17_47517400_49898957","region","h2","GWAS2",NA,-6.55617489847652e-05,NA,NA,NA,NA,"Joint HESS uncertainty requires valid regional genetic and total residual parameters","gcorr_genome"
"chr17_49898957_50719055","region","h2","GWAS2",NA,-0.000109591093619558,NA,NA,NA,NA,"Joint HESS uncertainty requires valid regional genetic and total residual parameters","gcorr_genome"
"chr17_50719055_51826118","region","h2","GWAS2",NA,-0.000216280982172172,NA,NA,NA,NA,"Joint HESS uncertainty requires valid regional genetic and total residual parameters","gcorr_genome"
"chr17_51826118_53599432","region","h2","GWAS2",NA,-0.00015588599340591,NA,NA,NA,NA,"Joint HESS uncertainty requires valid regional genetic and total residual parameters","gcorr_genome"
"chr17_53599432_55357541","region","h2","GWAS2",NA,-0.000273836307919142,NA,NA,NA,NA,"Joint HESS uncertainty requires valid regional genetic and total residual parameters","gcorr_genome"
"chr17_55357541_57487512","region","h2","GWAS2",NA,-0.000111594201571844,NA,NA,NA,NA,"Joint HESS uncertainty requires valid regional genetic and total residual parameters","gcorr_genome"
"chr17_56_1172399","region","h2","GWAS2",NA,-0.000169662585307519,NA,NA,NA,NA,"Joint HESS uncertainty requires valid regional genetic and total residual parameters","gcorr_genome"
"chr17_5741334_7317398","region","h2","GWAS2",NA,-2.535280551401e-05,NA,NA,NA,NA,"Joint HESS uncertainty requires valid regional genetic and total residual parameters","gcorr_genome"
"chr17_57487512_59312755","region","h2","GWAS2",NA,0.000359346449292314,NA,NA,NA,NA,"Joint HESS uncertainty requires valid regional genetic and total residual parameters","gcorr_genome"
"chr17_59312755_61545589","region","h2","GWAS2",NA,-0.000155769259143395,NA,NA,NA,NA,"Joint HESS uncertainty requires valid regional genetic and total residual parameters","gcorr_genome"
"chr17_61545589_63148128","region","h2","GWAS2",NA,7.3497488509307e-05,NA,NA,NA,NA,"Joint HESS uncertainty requires valid regional genetic and total residual parameters","gcorr_genome"
"chr17_63148128_64800430","region","h2","GWAS2",NA,-0.000142083328929573,NA,NA,NA,NA,"Joint HESS uncertainty requires valid regional genetic and total residual parameters","gcorr_genome"
"chr17_64800430_67858770","region","h2","GWAS2",NA,-0.000193019749601979,NA,NA,NA,NA,"Joint HESS uncertainty requires valid regional genetic and total residual parameters","gcorr_genome"
"chr17_67858770_69387817","region","h2","GWAS2",NA,-7.7927770574393e-05,NA,NA,NA,NA,"Joint HESS uncertainty requires valid regional genetic and total residual parameters","gcorr_genome"
"chr17_69387817_72672203","region","h2","GWAS2",NA,-0.00025115547530698,NA,NA,NA,NA,"Joint HESS uncertainty requires valid regional genetic and total residual parameters","gcorr_genome"
"chr17_72672203_74375560","region","h2","GWAS2",NA,0.000387220227095675,NA,NA,NA,NA,"Joint HESS uncertainty requires valid regional genetic and total residual parameters","gcorr_genome"
"chr17_7317398_8306425","region","h2","GWAS2",NA,-0.000102044916421822,NA,NA,NA,NA,"Joint HESS uncertainty requires valid regional genetic and total residual parameters","gcorr_genome"
"chr17_74375560_76263413","region","h2","GWAS2",NA,-3.2732828478595e-05,NA,NA,NA,NA,"Joint HESS uncertainty requires valid regional genetic and total residual parameters","gcorr_genome"
"chr17_76263413_77298636","region","h2","GWAS2",NA,-0.000242197769733532,NA,NA,NA,NA,"Joint HESS uncertainty requires valid regional genetic and total residual parameters","gcorr_genome"
"chr17_77298636_78837588","region","h2","GWAS2",NA,-0.000106783275967412,NA,NA,NA,NA,"Joint HESS uncertainty requires valid regional genetic and total residual parameters","gcorr_genome"
"chr17_78837588_80034408","region","h2","GWAS2",NA,-0.000220562927454531,NA,NA,NA,NA,"Joint HESS uncertainty requires valid regional genetic and total residual parameters","gcorr_genome"
"chr17_80034408_81194908","region","h2","GWAS2",NA,-0.000226709534894879,NA,NA,NA,NA,"Joint HESS uncertainty requires valid regional genetic and total residual parameters","gcorr_genome"
"chr17_8306425_9965921","region","h2","GWAS2",NA,-0.000337736027025423,NA,NA,NA,NA,"Joint HESS uncertainty requires valid regional genetic and total residual parameters","gcorr_genome"
"chr17_9965921_11102815","region","h2","GWAS2",NA,-0.000132593675117248,NA,NA,NA,NA,"Joint HESS uncertainty requires valid regional genetic and total residual parameters","gcorr_genome"
"chr18_10644_912486","region","h2","GWAS2",NA,-0.000233074724595276,NA,NA,NA,NA,"Joint HESS uncertainty requires valid regional genetic and total residual parameters","gcorr_genome"
"chr18_11075913_11905440","region","h2","GWAS2",NA,-0.000295242209499095,NA,NA,NA,NA,"Joint HESS uncertainty requires valid regional genetic and total residual parameters","gcorr_genome"
"chr18_11905440_14440799","region","h2","GWAS2",NA,-0.000198908499637657,NA,NA,NA,NA,"Joint HESS uncertainty requires valid regional genetic and total residual parameters","gcorr_genome"
"chr18_14440799_19485844","region","h2","GWAS2",NA,-0.000289352609290098,NA,NA,NA,NA,"Joint HESS uncertainty requires valid regional genetic and total residual parameters","gcorr_genome"
"chr18_1942911_3891658","region","h2","GWAS2",NA,-0.000292962076370327,NA,NA,NA,NA,"Joint HESS uncertainty requires valid regional genetic and total residual parameters","gcorr_genome"
"chr18_19485844_20649472","region","h2","GWAS2",NA,0.000798711533180563,NA,NA,NA,NA,"Joint HESS uncertainty requires valid regional genetic and total residual parameters","gcorr_genome"
"chr18_20649472_22996651","region","h2","GWAS2",NA,-0.000129542723211385,NA,NA,NA,NA,"Joint HESS uncertainty requires valid regional genetic and total residual parameters","gcorr_genome"
"chr18_22996651_24026191","region","h2","GWAS2",NA,-0.000375599275918829,NA,NA,NA,NA,"Joint HESS uncertainty requires valid regional genetic and total residual parameters","gcorr_genome"
"chr18_24026191_25927682","region","h2","GWAS2",NA,-0.000362476954302968,NA,NA,NA,NA,"Joint HESS uncertainty requires valid regional genetic and total residual parameters","gcorr_genome"
"chr18_25927682_26875587","region","h2","GWAS2",NA,-0.000242172134540817,NA,NA,NA,NA,"Joint HESS uncertainty requires valid regional genetic and total residual parameters","gcorr_genome"
"chr18_26875587_27866478","region","h2","GWAS2",NA,-0.000163521127867175,NA,NA,NA,NA,"Joint HESS uncertainty requires valid regional genetic and total residual parameters","gcorr_genome"
"chr18_27866478_30264066","region","h2","GWAS2",NA,-0.000374393356080864,NA,NA,NA,NA,"Joint HESS uncertainty requires valid regional genetic and total residual parameters","gcorr_genome"
"chr18_30264066_31780067","region","h2","GWAS2",NA,-4.72923251503634e-06,NA,NA,NA,NA,"Joint HESS uncertainty requires valid regional genetic and total residual parameters","gcorr_genome"
"chr18_31780067_33861964","region","h2","GWAS2",NA,0.000221133062060745,NA,NA,NA,NA,"Joint HESS uncertainty requires valid regional genetic and total residual parameters","gcorr_genome"
"chr18_33861964_35075250","region","h2","GWAS2",NA,-0.000197401921025544,NA,NA,NA,NA,"Joint HESS uncertainty requires valid regional genetic and total residual parameters","gcorr_genome"
"chr18_35075250_36365490","region","h2","GWAS2",NA,-0.000131252014028962,NA,NA,NA,NA,"Joint HESS uncertainty requires valid regional genetic and total residual parameters","gcorr_genome"
"chr18_36365490_37684367","region","h2","GWAS2",NA,-0.000141166215856357,NA,NA,NA,NA,"Joint HESS uncertainty requires valid regional genetic and total residual parameters","gcorr_genome"
"chr18_37684367_39892648","region","h2","GWAS2",NA,-0.000300560824087089,NA,NA,NA,NA,"Joint HESS uncertainty requires valid regional genetic and total residual parameters","gcorr_genome"
"chr18_3891658_5834180","region","h2","GWAS2",NA,-1.11818276540567e-05,NA,NA,NA,NA,"Joint HESS uncertainty requires valid regional genetic and total residual parameters","gcorr_genome"
"chr18_39892648_42922106","region","h2","GWAS2",NA,-0.000139759110621069,NA,NA,NA,NA,"Joint HESS uncertainty requires valid regional genetic and total residual parameters","gcorr_genome"
"chr18_42922106_44299246","region","h2","GWAS2",NA,-0.00032593173974651,NA,NA,NA,NA,"Joint HESS uncertainty requires valid regional genetic and total residual parameters","gcorr_genome"
"chr18_44299246_45939732","region","h2","GWAS2",NA,-6.8209972586937e-06,NA,NA,NA,NA,"Joint HESS uncertainty requires valid regional genetic and total residual parameters","gcorr_genome"
"chr18_45939732_47730584","region","h2","GWAS2",NA,1.34942709495243e-05,NA,NA,NA,NA,"Joint HESS uncertainty requires valid regional genetic and total residual parameters","gcorr_genome"
"chr18_47730584_51062185","region","h2","GWAS2",NA,-0.00035044352501884,NA,NA,NA,NA,"Joint HESS uncertainty requires valid regional genetic and total residual parameters","gcorr_genome"
"chr18_51062185_51554175","region","h2","GWAS2",NA,-0.000256040995061776,NA,NA,NA,NA,"Joint HESS uncertainty requires valid regional genetic and total residual parameters","gcorr_genome"
"chr18_51554175_55213838","region","h2","GWAS2",NA,-0.000183976009716141,NA,NA,NA,NA,"Joint HESS uncertainty requires valid regional genetic and total residual parameters","gcorr_genome"
"chr18_55213838_56530220","region","h2","GWAS2",NA,-0.000283900559904378,NA,NA,NA,NA,"Joint HESS uncertainty requires valid regional genetic and total residual parameters","gcorr_genome"
"chr18_56530220_57630483","region","h2","GWAS2",NA,-0.000202394869959262,NA,NA,NA,NA,"Joint HESS uncertainty requires valid regional genetic and total residual parameters","gcorr_genome"
"chr18_57630483_59020751","region","h2","GWAS2",NA,0.000475230273643097,NA,NA,NA,NA,"Joint HESS uncertainty requires valid regional genetic and total residual parameters","gcorr_genome"
"chr18_5834180_7090485","region","h2","GWAS2",NA,-0.000195378545180861,NA,NA,NA,NA,"Joint HESS uncertainty requires valid regional genetic and total residual parameters","gcorr_genome"
"chr18_59020751_60277715","region","h2","GWAS2",NA,-0.000114546821370965,NA,NA,NA,NA,"Joint HESS uncertainty requires valid regional genetic and total residual parameters","gcorr_genome"
"chr18_60277715_61820252","region","h2","GWAS2",NA,-0.000248618591839745,NA,NA,NA,NA,"Joint HESS uncertainty requires valid regional genetic and total residual parameters","gcorr_genome"
"chr18_61820252_63463402","region","h2","GWAS2",NA,-0.000288493657206953,NA,NA,NA,NA,"Joint HESS uncertainty requires valid regional genetic and total residual parameters","gcorr_genome"
"chr18_63463402_64252801","region","h2","GWAS2",NA,-7.53482003497655e-05,NA,NA,NA,NA,"Joint HESS uncertainty requires valid regional genetic and total residual parameters","gcorr_genome"
"chr18_64252801_66125817","region","h2","GWAS2",NA,-0.00034851863391472,NA,NA,NA,NA,"Joint HESS uncertainty requires valid regional genetic and total residual parameters","gcorr_genome"
"chr18_66125817_67175820","region","h2","GWAS2",NA,-0.000206803613221859,NA,NA,NA,NA,"Joint HESS uncertainty requires valid regional genetic and total residual parameters","gcorr_genome"
"chr18_67175820_68621179","region","h2","GWAS2",NA,-0.000340446209447771,NA,NA,NA,NA,"Joint HESS uncertainty requires valid regional genetic and total residual parameters","gcorr_genome"
"chr18_68621179_69621618","region","h2","GWAS2",NA,-0.000248176318547711,NA,NA,NA,NA,"Joint HESS uncertainty requires valid regional genetic and total residual parameters","gcorr_genome"
"chr18_69621618_71038474","region","h2","GWAS2",NA,-0.000127652701631916,NA,NA,NA,NA,"Joint HESS uncertainty requires valid regional genetic and total residual parameters","gcorr_genome"
"chr18_7090485_8498931","region","h2","GWAS2",NA,-0.000197696887300274,NA,NA,NA,NA,"Joint HESS uncertainty requires valid regional genetic and total residual parameters","gcorr_genome"
"chr18_71038474_71971462","region","h2","GWAS2",NA,-0.000335466797725954,NA,NA,NA,NA,"Joint HESS uncertainty requires valid regional genetic and total residual parameters","gcorr_genome"
"chr18_71971462_73526987","region","h2","GWAS2",NA,-0.000175301897424724,NA,NA,NA,NA,"Joint HESS uncertainty requires valid regional genetic and total residual parameters","gcorr_genome"
"chr18_73526987_74813815","region","h2","GWAS2",NA,-0.000174410995308824,NA,NA,NA,NA,"Joint HESS uncertainty requires valid regional genetic and total residual parameters","gcorr_genome"
"chr18_74813815_75976317","region","h2","GWAS2",NA,-0.000120932212736927,NA,NA,NA,NA,"Joint HESS uncertainty requires valid regional genetic and total residual parameters","gcorr_genome"
"chr18_75976317_77149991","region","h2","GWAS2",NA,-0.000362323088430627,NA,NA,NA,NA,"Joint HESS uncertainty requires valid regional genetic and total residual parameters","gcorr_genome"
"chr18_77149991_78017158","region","h2","GWAS2",NA,-0.000175256689449095,NA,NA,NA,NA,"Joint HESS uncertainty requires valid regional genetic and total residual parameters","gcorr_genome"
"chr18_8498931_11075913","region","h2","GWAS2",NA,-0.00036241262577723,NA,NA,NA,NA,"Joint HESS uncertainty requires valid regional genetic and total residual parameters","gcorr_genome"
"chr18_912486_1942911","region","h2","GWAS2",NA,-0.000217311609701349,NA,NA,NA,NA,"Joint HESS uncertainty requires valid regional genetic and total residual parameters","gcorr_genome"
"chr19_11284028_13471127","region","h2","GWAS2",NA,-0.000203959938598498,NA,NA,NA,NA,"Joint HESS uncertainty requires valid regional genetic and total residual parameters","gcorr_genome"
"chr19_13471127_14486347","region","h2","GWAS2",NA,-0.000293286113869711,NA,NA,NA,NA,"Joint HESS uncertainty requires valid regional genetic and total residual parameters","gcorr_genome"
"chr19_14486347_15648610","region","h2","GWAS2",NA,-0.000110454963386343,NA,NA,NA,NA,"Joint HESS uncertainty requires valid regional genetic and total residual parameters","gcorr_genome"
"chr19_15648610_16374416","region","h2","GWAS2",NA,0.00016895254944209,NA,NA,NA,NA,"Joint HESS uncertainty requires valid regional genetic and total residual parameters","gcorr_genome"
"chr19_16374416_18409862","region","h2","GWAS2",NA,0.000279025159922458,NA,NA,NA,NA,"Joint HESS uncertainty requires valid regional genetic and total residual parameters","gcorr_genome"
"chr19_18409862_19877471","region","h2","GWAS2",NA,0.000178336954632728,NA,NA,NA,NA,"Joint HESS uncertainty requires valid regional genetic and total residual parameters","gcorr_genome"
"chr19_19877471_20905757","region","h2","GWAS2",NA,-0.000250203015654384,NA,NA,NA,NA,"Joint HESS uncertainty requires valid regional genetic and total residual parameters","gcorr_genome"
"chr19_20905757_22732896","region","h2","GWAS2",NA,0.000156846287018173,NA,NA,NA,NA,"Joint HESS uncertainty requires valid regional genetic and total residual parameters","gcorr_genome"
"chr19_2098396_3019660","region","h2","GWAS2",NA,-0.000115616374777564,NA,NA,NA,NA,"Joint HESS uncertainty requires valid regional genetic and total residual parameters","gcorr_genome"
"chr19_22732896_23467746","region","h2","GWAS2",NA,-0.000374940005130833,NA,NA,NA,NA,"Joint HESS uncertainty requires valid regional genetic and total residual parameters","gcorr_genome"
"chr19_23467746_28557893","region","h2","GWAS2",NA,-0.000284502940248006,NA,NA,NA,NA,"Joint HESS uncertainty requires valid regional genetic and total residual parameters","gcorr_genome"
"chr19_28557893_29790947","region","h2","GWAS2",NA,-0.000401805211878749,NA,NA,NA,NA,"Joint HESS uncertainty requires valid regional genetic and total residual parameters","gcorr_genome"
"chr19_29790947_30727954","region","h2","GWAS2",NA,-0.000302912917816964,NA,NA,NA,NA,"Joint HESS uncertainty requires valid regional genetic and total residual parameters","gcorr_genome"
"chr19_3019660_4348967","region","h2","GWAS2",NA,-9.28116803785169e-05,NA,NA,NA,NA,"Joint HESS uncertainty requires valid regional genetic and total residual parameters","gcorr_genome"
"chr19_30727954_32746520","region","h2","GWAS2",NA,-0.000367118516967653,NA,NA,NA,NA,"Joint HESS uncertainty requires valid regional genetic and total residual parameters","gcorr_genome"
"chr19_32746520_34262952","region","h2","GWAS2",NA,0.000263300546190318,NA,NA,NA,NA,"Joint HESS uncertainty requires valid regional genetic and total residual parameters","gcorr_genome"
"chr19_34262952_36469295","region","h2","GWAS2",NA,-0.000169871105942667,NA,NA,NA,NA,"Joint HESS uncertainty requires valid regional genetic and total residual parameters","gcorr_genome"
"chr19_36469295_37527033","region","h2","GWAS2",NA,9.57089381567502e-05,NA,NA,NA,NA,"Joint HESS uncertainty requires valid regional genetic and total residual parameters","gcorr_genome"
"chr19_37527033_40170619","region","h2","GWAS2",NA,-5.42019975778508e-05,NA,NA,NA,NA,"Joint HESS uncertainty requires valid regional genetic and total residual parameters","gcorr_genome"
"chr19_40170619_40984601","region","h2","GWAS2",NA,-5.90535721382176e-05,NA,NA,NA,NA,"Joint HESS uncertainty requires valid regional genetic and total residual parameters","gcorr_genome"
"chr19_40984601_42131573","region","h2","GWAS2",NA,0.000374975984331423,NA,NA,NA,NA,"Joint HESS uncertainty requires valid regional genetic and total residual parameters","gcorr_genome"
"chr19_42131573_43862455","region","h2","GWAS2",NA,-0.000119650575254018,NA,NA,NA,NA,"Joint HESS uncertainty requires valid regional genetic and total residual parameters","gcorr_genome"
"chr19_4348967_5811852","region","h2","GWAS2",NA,-4.64582548214115e-05,NA,NA,NA,NA,"Joint HESS uncertainty requires valid regional genetic and total residual parameters","gcorr_genome"
"chr19_43862455_44744108","region","h2","GWAS2",NA,-5.71667729394887e-05,NA,NA,NA,NA,"Joint HESS uncertainty requires valid regional genetic and total residual parameters","gcorr_genome"
"chr19_44744108_46102697","region","h2","GWAS2",NA,0.000297441789404592,NA,NA,NA,NA,"Joint HESS uncertainty requires valid regional genetic and total residual parameters","gcorr_genome"
"chr19_46102697_47150082","region","h2","GWAS2",NA,0.000175325462535325,NA,NA,NA,NA,"Joint HESS uncertainty requires valid regional genetic and total residual parameters","gcorr_genome"
"chr19_47150082_49282227","region","h2","GWAS2",NA,-6.38189216307766e-05,NA,NA,NA,NA,"Joint HESS uncertainty requires valid regional genetic and total residual parameters","gcorr_genome"
"chr19_49282227_51532567","region","h2","GWAS2",NA,-3.81918627251314e-05,NA,NA,NA,NA,"Joint HESS uncertainty requires valid regional genetic and total residual parameters","gcorr_genome"
"chr19_51532567_52985290","region","h2","GWAS2",NA,-0.00022348578975409,NA,NA,NA,NA,"Joint HESS uncertainty requires valid regional genetic and total residual parameters","gcorr_genome"
"chr19_52985290_54602362","region","h2","GWAS2",NA,-0.000375995074949523,NA,NA,NA,NA,"Joint HESS uncertainty requires valid regional genetic and total residual parameters","gcorr_genome"
"chr19_54602362_55728080","region","h2","GWAS2",NA,-0.000334687992004045,NA,NA,NA,NA,"Joint HESS uncertainty requires valid regional genetic and total residual parameters","gcorr_genome"
"chr19_55728080_57521335","region","h2","GWAS2",NA,-0.000286225369644792,NA,NA,NA,NA,"Joint HESS uncertainty requires valid regional genetic and total residual parameters","gcorr_genome"
"chr19_57521335_59118839","region","h2","GWAS2",NA,-0.000328681391669365,NA,NA,NA,NA,"Joint HESS uncertainty requires valid regional genetic and total residual parameters","gcorr_genome"
"chr19_5811852_6684885","region","h2","GWAS2",NA,-4.46830840340139e-06,NA,NA,NA,NA,"Joint HESS uncertainty requires valid regional genetic and total residual parameters","gcorr_genome"
"chr19_610729_2098396","region","h2","GWAS2",NA,-0.000205048847626821,NA,NA,NA,NA,"Joint HESS uncertainty requires valid regional genetic and total residual parameters","gcorr_genome"
"chr19_6684885_8347513","region","h2","GWAS2",NA,-0.000252301392049765,NA,NA,NA,NA,"Joint HESS uncertainty requires valid regional genetic and total residual parameters","gcorr_genome"
"chr19_80840_610729","region","h2","GWAS2",NA,-0.000183207076090413,NA,NA,NA,NA,"Joint HESS uncertainty requires valid regional genetic and total residual parameters","gcorr_genome"
"chr19_8347513_9238393","region","h2","GWAS2",NA,0.000289949265011196,NA,NA,NA,NA,"Joint HESS uncertainty requires valid regional genetic and total residual parameters","gcorr_genome"
"chr19_9238393_11284028","region","h2","GWAS2",NA,0.00130073934423211,NA,NA,NA,NA,"Joint HESS uncertainty requires valid regional genetic and total residual parameters","gcorr_genome"
"chr1_100826405_102041016","region","h2","GWAS2",NA,7.10669942908533e-06,NA,NA,NA,NA,"Joint HESS uncertainty requires valid regional genetic and total residual parameters","gcorr_genome"
"chr1_102041016_102898745","region","h2","GWAS2",NA,-3.22461075178161e-05,NA,NA,NA,NA,"Joint HESS uncertainty requires valid regional genetic and total residual parameters","gcorr_genome"
"chr1_102898745_103914211","region","h2","GWAS2",NA,-9.62044977194956e-05,NA,NA,NA,NA,"Joint HESS uncertainty requires valid regional genetic and total residual parameters","gcorr_genome"
"chr1_103914211_106087842","region","h2","GWAS2",NA,-0.000362758829306509,NA,NA,NA,NA,"Joint HESS uncertainty requires valid regional genetic and total residual parameters","gcorr_genome"
"chr1_10583_1892607","region","h2","GWAS2",NA,-0.000156319743328521,NA,NA,NA,NA,"Joint HESS uncertainty requires valid regional genetic and total residual parameters","gcorr_genome"
"chr1_106087842_108409665","region","h2","GWAS2",NA,-0.000119637596417179,NA,NA,NA,NA,"Joint HESS uncertainty requires valid regional genetic and total residual parameters","gcorr_genome"
"chr1_10806984_11777841","region","h2","GWAS2",NA,-0.000159134410976189,NA,NA,NA,NA,"Joint HESS uncertainty requires valid regional genetic and total residual parameters","gcorr_genome"
"chr1_108409665_110303931","region","h2","GWAS2",NA,0.000180806711310134,NA,NA,NA,NA,"Joint HESS uncertainty requires valid regional genetic and total residual parameters","gcorr_genome"
"chr1_110303931_111741737","region","h2","GWAS2",NA,0.000235731904251654,NA,NA,NA,NA,"Joint HESS uncertainty requires valid regional genetic and total residual parameters","gcorr_genome"
"chr1_111741737_113273306","region","h2","GWAS2",NA,1.0075667817001e-05,NA,NA,NA,NA,"Joint HESS uncertainty requires valid regional genetic and total residual parameters","gcorr_genome"
"chr1_113273306_114873845","region","h2","GWAS2",NA,7.23844256437188e-05,NA,NA,NA,NA,"Joint HESS uncertainty requires valid regional genetic and total residual parameters","gcorr_genome"
"chr1_114873845_115880593","region","h2","GWAS2",NA,-4.84470268140068e-05,NA,NA,NA,NA,"Joint HESS uncertainty requires valid regional genetic and total residual parameters","gcorr_genome"
"chr1_115880593_118839067","region","h2","GWAS2",NA,-0.000285324333776027,NA,NA,NA,NA,"Joint HESS uncertainty requires valid regional genetic and total residual parameters","gcorr_genome"
"chr1_11777841_12779466","region","h2","GWAS2",NA,0.000255686349369343,NA,NA,NA,NA,"Joint HESS uncertainty requires valid regional genetic and total residual parameters","gcorr_genome"
"chr1_118839067_144977494","region","h2","GWAS2",NA,-0.000110572440842337,NA,NA,NA,NA,"Joint HESS uncertainty requires valid regional genetic and total residual parameters","gcorr_genome"
"chr1_12779466_14891511","region","h2","GWAS2",NA,-0.000175175252434683,NA,NA,NA,NA,"Joint HESS uncertainty requires valid regional genetic and total residual parameters","gcorr_genome"
"chr1_144977494_148361253","region","h2","GWAS2",NA,-7.35224617609566e-05,NA,NA,NA,NA,"Joint HESS uncertainty requires valid regional genetic and total residual parameters","gcorr_genome"
"chr1_148361253_151538881","region","h2","GWAS2",NA,0.000292050364129084,NA,NA,NA,NA,"Joint HESS uncertainty requires valid regional genetic and total residual parameters","gcorr_genome"
"chr1_14891511_16897730","region","h2","GWAS2",NA,0.000110994084177897,NA,NA,NA,NA,"Joint HESS uncertainty requires valid regional genetic and total residual parameters","gcorr_genome"
"chr1_151538881_153180829","region","h2","GWAS2",NA,0.000603568926901311,NA,NA,NA,NA,"Joint HESS uncertainty requires valid regional genetic and total residual parameters","gcorr_genome"
"chr1_153180829_154770403","region","h2","GWAS2",NA,0.000372042628779387,NA,NA,NA,NA,"Joint HESS uncertainty requires valid regional genetic and total residual parameters","gcorr_genome"
"chr1_154770403_156336133","region","h2","GWAS2",NA,0.000394193517403972,NA,NA,NA,NA,"Joint HESS uncertainty requires valid regional genetic and total residual parameters","gcorr_genome"
"chr1_156336133_158027412","region","h2","GWAS2",NA,-0.000257664638382001,NA,NA,NA,NA,"Joint HESS uncertainty requires valid regional genetic and total residual parameters","gcorr_genome"
"chr1_158027412_159913048","region","h2","GWAS2",NA,0.000180818224216469,NA,NA,NA,NA,"Joint HESS uncertainty requires valid regional genetic and total residual parameters","gcorr_genome"
"chr1_159913048_162346721","region","h2","GWAS2",NA,-0.000262178896461013,NA,NA,NA,NA,"Joint HESS uncertainty requires valid regional genetic and total residual parameters","gcorr_genome"
"chr1_162346721_165191702","region","h2","GWAS2",NA,-0.000308846422794876,NA,NA,NA,NA,"Joint HESS uncertainty requires valid regional genetic and total residual parameters","gcorr_genome"
"chr1_165191702_166460517","region","h2","GWAS2",NA,0.000115278651285086,NA,NA,NA,NA,"Joint HESS uncertainty requires valid regional genetic and total residual parameters","gcorr_genome"
"chr1_166460517_169086324","region","h2","GWAS2",NA,-0.000194734895616696,NA,NA,NA,NA,"Joint HESS uncertainty requires valid regional genetic and total residual parameters","gcorr_genome"
"chr1_16897730_18662899","region","h2","GWAS2",NA,8.49070581647805e-05,NA,NA,NA,NA,"Joint HESS uncertainty requires valid regional genetic and total residual parameters","gcorr_genome"
"chr1_169086324_170557776","region","h2","GWAS2",NA,0.000197933961487243,NA,NA,NA,NA,"Joint HESS uncertainty requires valid regional genetic and total residual parameters","gcorr_genome"
"chr1_170557776_173097907","region","h2","GWAS2",NA,-4.4945072775278e-05,NA,NA,NA,NA,"Joint HESS uncertainty requires valid regional genetic and total residual parameters","gcorr_genome"
"chr1_173097907_175089768","region","h2","GWAS2",NA,-0.0001897865907458,NA,NA,NA,NA,"Joint HESS uncertainty requires valid regional genetic and total residual parameters","gcorr_genome"
"chr1_175089768_177433381","region","h2","GWAS2",NA,0.000113880345510067,NA,NA,NA,NA,"Joint HESS uncertainty requires valid regional genetic and total residual parameters","gcorr_genome"
"chr1_177433381_178944309","region","h2","GWAS2",NA,3.18389370196331e-06,NA,NA,NA,NA,"Joint HESS uncertainty requires valid regional genetic and total residual parameters","gcorr_genome"
"chr1_178944309_178954470","region","h2","GWAS2",NA,-5.57509254012337e-05,NA,NA,NA,NA,"Joint HESS uncertainty requires valid regional genetic and total residual parameters","gcorr_genome"
"chr1_178954470_181144121","region","h2","GWAS2",NA,-0.00037671860858002,NA,NA,NA,NA,"Joint HESS uncertainty requires valid regional genetic and total residual parameters","gcorr_genome"
"chr1_181144121_182755356","region","h2","GWAS2",NA,-0.000312068463552147,NA,NA,NA,NA,"Joint HESS uncertainty requires valid regional genetic and total residual parameters","gcorr_genome"
"chr1_182755356_184595513","region","h2","GWAS2",NA,0.000169415157594977,NA,NA,NA,NA,"Joint HESS uncertainty requires valid regional genetic and total residual parameters","gcorr_genome"
"chr1_184595513_186810023","region","h2","GWAS2",NA,8.11673770874677e-05,NA,NA,NA,NA,"Joint HESS uncertainty requires valid regional genetic and total residual parameters","gcorr_genome"
"chr1_18662899_20469149","region","h2","GWAS2",NA,-0.000195433995701031,NA,NA,NA,NA,"Joint HESS uncertainty requires valid regional genetic and total residual parameters","gcorr_genome"
"chr1_186810023_188759945","region","h2","GWAS2",NA,-0.000258566787948552,NA,NA,NA,NA,"Joint HESS uncertainty requires valid regional genetic and total residual parameters","gcorr_genome"
"chr1_188759945_189904130","region","h2","GWAS2",NA,-0.00032808089346031,NA,NA,NA,NA,"Joint HESS uncertainty requires valid regional genetic and total residual parameters","gcorr_genome"
"chr1_1892607_3582736","region","h2","GWAS2",NA,-2.33121684509144e-05,NA,NA,NA,NA,"Joint HESS uncertainty requires valid regional genetic and total residual parameters","gcorr_genome"
"chr1_189904130_191868930","region","h2","GWAS2",NA,0.000137948899246324,NA,NA,NA,NA,"Joint HESS uncertainty requires valid regional genetic and total residual parameters","gcorr_genome"
"chr1_191868930_194107442","region","h2","GWAS2",NA,-0.000204587914336762,NA,NA,NA,NA,"Joint HESS uncertainty requires valid regional genetic and total residual parameters","gcorr_genome"
"chr1_194107442_196176201","region","h2","GWAS2",NA,-0.000169586615873287,NA,NA,NA,NA,"Joint HESS uncertainty requires valid regional genetic and total residual parameters","gcorr_genome"
"chr1_196176201_197311514","region","h2","GWAS2",NA,-8.92993554599888e-06,NA,NA,NA,NA,"Joint HESS uncertainty requires valid regional genetic and total residual parameters","gcorr_genome"
"chr1_197311514_199239884","region","h2","GWAS2",NA,-5.51865824050568e-05,NA,NA,NA,NA,"Joint HESS uncertainty requires valid regional genetic and total residual parameters","gcorr_genome"
"chr1_199239884_200137649","region","h2","GWAS2",NA,-0.000263360438073113,NA,NA,NA,NA,"Joint HESS uncertainty requires valid regional genetic and total residual parameters","gcorr_genome"
"chr1_200137649_201589975","region","h2","GWAS2",NA,-2.71988913293234e-05,NA,NA,NA,NA,"Joint HESS uncertainty requires valid regional genetic and total residual parameters","gcorr_genome"
"chr1_201589975_203334734","region","h2","GWAS2",NA,-0.000146044791248494,NA,NA,NA,NA,"Joint HESS uncertainty requires valid regional genetic and total residual parameters","gcorr_genome"
"chr1_203334734_204681068","region","h2","GWAS2",NA,-0.000210586911242696,NA,NA,NA,NA,"Joint HESS uncertainty requires valid regional genetic and total residual parameters","gcorr_genome"
"chr1_204681068_206073265","region","h2","GWAS2",NA,-1.56925944345511e-05,NA,NA,NA,NA,"Joint HESS uncertainty requires valid regional genetic and total residual parameters","gcorr_genome"
"chr1_20469149_21736588","region","h2","GWAS2",NA,-0.000288960629360483,NA,NA,NA,NA,"Joint HESS uncertainty requires valid regional genetic and total residual parameters","gcorr_genome"
"chr1_206073265_208410364","region","h2","GWAS2",NA,-0.000188697553921137,NA,NA,NA,NA,"Joint HESS uncertainty requires valid regional genetic and total residual parameters","gcorr_genome"
"chr1_208410364_210787750","region","h2","GWAS2",NA,-0.000104158502710227,NA,NA,NA,NA,"Joint HESS uncertainty requires valid regional genetic and total residual parameters","gcorr_genome"
"chr1_210787750_212842330","region","h2","GWAS2",NA,-8.29847814528186e-05,NA,NA,NA,NA,"Joint HESS uncertainty requires valid regional genetic and total residual parameters","gcorr_genome"
"chr1_212842330_214578266","region","h2","GWAS2",NA,-0.000234259134434075,NA,NA,NA,NA,"Joint HESS uncertainty requires valid regional genetic and total residual parameters","gcorr_genome"
"chr1_214578266_216243634","region","h2","GWAS2",NA,-0.000131703266272573,NA,NA,NA,NA,"Joint HESS uncertainty requires valid regional genetic and total residual parameters","gcorr_genome"
"chr1_216243634_218705513","region","h2","GWAS2",NA,-0.000291031321700037,NA,NA,NA,NA,"Joint HESS uncertainty requires valid regional genetic and total residual parameters","gcorr_genome"
"chr1_21736588_23086883","region","h2","GWAS2",NA,0.000100687268417576,NA,NA,NA,NA,"Joint HESS uncertainty requires valid regional genetic and total residual parameters","gcorr_genome"
"chr1_218705513_219590571","region","h2","GWAS2",NA,1.91730850943176e-05,NA,NA,NA,NA,"Joint HESS uncertainty requires valid regional genetic and total residual parameters","gcorr_genome"
"chr1_219590571_221858231","region","h2","GWAS2",NA,-0.000144561937243165,NA,NA,NA,NA,"Joint HESS uncertainty requires valid regional genetic and total residual parameters","gcorr_genome"
"chr1_221858231_222230220","region","h2","GWAS2",NA,-0.000166783486609977,NA,NA,NA,NA,"Joint HESS uncertainty requires valid regional genetic and total residual parameters","gcorr_genome"
"chr1_222230220_224938520","region","h2","GWAS2",NA,0.00039760058351665,NA,NA,NA,NA,"Joint HESS uncertainty requires valid regional genetic and total residual parameters","gcorr_genome"
"chr1_224938520_226810860","region","h2","GWAS2",NA,-5.13555067166337e-05,NA,NA,NA,NA,"Joint HESS uncertainty requires valid regional genetic and total residual parameters","gcorr_genome"
"chr1_226810860_229156248","region","h2","GWAS2",NA,-0.000189261066508539,NA,NA,NA,NA,"Joint HESS uncertainty requires valid regional genetic and total residual parameters","gcorr_genome"
"chr1_229156248_230685255","region","h2","GWAS2",NA,-0.000208962030798785,NA,NA,NA,NA,"Joint HESS uncertainty requires valid regional genetic and total residual parameters","gcorr_genome"
"chr1_230685255_232090252","region","h2","GWAS2",NA,-0.000189490561836084,NA,NA,NA,NA,"Joint HESS uncertainty requires valid regional genetic and total residual parameters","gcorr_genome"
"chr1_23086883_23920590","region","h2","GWAS2",NA,0.000108451934458505,NA,NA,NA,NA,"Joint HESS uncertainty requires valid regional genetic and total residual parameters","gcorr_genome"
"chr1_232090252_233429284","region","h2","GWAS2",NA,-0.000345257461299131,NA,NA,NA,NA,"Joint HESS uncertainty requires valid regional genetic and total residual parameters","gcorr_genome"
"chr1_233429284_234599434","region","h2","GWAS2",NA,-0.000241068528417573,NA,NA,NA,NA,"Joint HESS uncertainty requires valid regional genetic and total residual parameters","gcorr_genome"
"chr1_234599434_235819436","region","h2","GWAS2",NA,-0.000257470939573553,NA,NA,NA,NA,"Joint HESS uncertainty requires valid regional genetic and total residual parameters","gcorr_genome"
"chr1_235819436_237555628","region","h2","GWAS2",NA,-0.000289392563319462,NA,NA,NA,NA,"Joint HESS uncertainty requires valid regional genetic and total residual parameters","gcorr_genome"
"chr1_237555628_238567807","region","h2","GWAS2",NA,-8.02066925527035e-05,NA,NA,NA,NA,"Joint HESS uncertainty requires valid regional genetic and total residual parameters","gcorr_genome"
"chr1_238567807_239925314","region","h2","GWAS2",NA,-0.000235135596048749,NA,NA,NA,NA,"Joint HESS uncertainty requires valid regional genetic and total residual parameters","gcorr_genome"
"chr1_23920590_25516845","region","h2","GWAS2",NA,-0.000170437088580133,NA,NA,NA,NA,"Joint HESS uncertainty requires valid regional genetic and total residual parameters","gcorr_genome"
"chr1_239925314_240564091","region","h2","GWAS2",NA,-0.000208175199829029,NA,NA,NA,NA,"Joint HESS uncertainty requires valid regional genetic and total residual parameters","gcorr_genome"
"chr1_240564091_241582220","region","h2","GWAS2",NA,-0.000305704302644158,NA,NA,NA,NA,"Joint HESS uncertainty requires valid regional genetic and total residual parameters","gcorr_genome"
"chr1_241582220_242071602","region","h2","GWAS2",NA,-0.000166150218578066,NA,NA,NA,NA,"Joint HESS uncertainty requires valid regional genetic and total residual parameters","gcorr_genome"
"chr1_242071602_244109499","region","h2","GWAS2",NA,-0.000225314359800505,NA,NA,NA,NA,"Joint HESS uncertainty requires valid regional genetic and total residual parameters","gcorr_genome"
"chr1_244109499_245506746","region","h2","GWAS2",NA,-0.000239220893388012,NA,NA,NA,NA,"Joint HESS uncertainty requires valid regional genetic and total residual parameters","gcorr_genome"
"chr1_245506746_247344518","region","h2","GWAS2",NA,-0.000187944003903675,NA,NA,NA,NA,"Joint HESS uncertainty requires valid regional genetic and total residual parameters","gcorr_genome"
"chr1_247344518_249239466","region","h2","GWAS2",NA,-1.3734888081489e-06,NA,NA,NA,NA,"Joint HESS uncertainty requires valid regional genetic and total residual parameters","gcorr_genome"
"chr1_25516845_27401867","region","h2","GWAS2",NA,-0.000207329935434044,NA,NA,NA,NA,"Joint HESS uncertainty requires valid regional genetic and total residual parameters","gcorr_genome"
"chr1_27401867_30161881","region","h2","GWAS2",NA,-0.000234901362147957,NA,NA,NA,NA,"Joint HESS uncertainty requires valid regional genetic and total residual parameters","gcorr_genome"
"chr1_30161881_32438685","region","h2","GWAS2",NA,-0.000242173234872923,NA,NA,NA,NA,"Joint HESS uncertainty requires valid regional genetic and total residual parameters","gcorr_genome"
"chr1_32438685_34799758","region","h2","GWAS2",NA,0.000125557952652363,NA,NA,NA,NA,"Joint HESS uncertainty requires valid regional genetic and total residual parameters","gcorr_genome"
"chr1_34799758_37549183","region","h2","GWAS2",NA,-0.000211531469832671,NA,NA,NA,NA,"Joint HESS uncertainty requires valid regional genetic and total residual parameters","gcorr_genome"
"chr1_3582736_4380811","region","h2","GWAS2",NA,-0.000252913549343305,NA,NA,NA,NA,"Joint HESS uncertainty requires valid regional genetic and total residual parameters","gcorr_genome"
"chr1_37549183_38731847","region","h2","GWAS2",NA,0.000194221852313625,NA,NA,NA,NA,"Joint HESS uncertainty requires valid regional genetic and total residual parameters","gcorr_genome"
"chr1_38731847_40200567","region","h2","GWAS2",NA,-0.000148472647265467,NA,NA,NA,NA,"Joint HESS uncertainty requires valid regional genetic and total residual parameters","gcorr_genome"
"chr1_40200567_41975327","region","h2","GWAS2",NA,-0.000210342286593682,NA,NA,NA,NA,"Joint HESS uncertainty requires valid regional genetic and total residual parameters","gcorr_genome"
"chr1_41975327_43758457","region","h2","GWAS2",NA,5.5439064211944e-05,NA,NA,NA,NA,"Joint HESS uncertainty requires valid regional genetic and total residual parameters","gcorr_genome"
"chr1_43758457_44969183","region","h2","GWAS2",NA,-0.000150977056792382,NA,NA,NA,NA,"Joint HESS uncertainty requires valid regional genetic and total residual parameters","gcorr_genome"
"chr1_4380811_5913893","region","h2","GWAS2",NA,-0.000409964952510941,NA,NA,NA,NA,"Joint HESS uncertainty requires valid regional genetic and total residual parameters","gcorr_genome"
"chr1_44969183_46899501","region","h2","GWAS2",NA,0.000302846570914637,NA,NA,NA,NA,"Joint HESS uncertainty requires valid regional genetic and total residual parameters","gcorr_genome"
"chr1_46899501_48002576","region","h2","GWAS2",NA,-0.00011143193951456,NA,NA,NA,NA,"Joint HESS uncertainty requires valid regional genetic and total residual parameters","gcorr_genome"
"chr1_48002576_48978188","region","h2","GWAS2",NA,-0.000396818169995176,NA,NA,NA,NA,"Joint HESS uncertainty requires valid regional genetic and total residual parameters","gcorr_genome"
"chr1_48978188_49894177","region","h2","GWAS2",NA,-0.000244753535584641,NA,NA,NA,NA,"Joint HESS uncertainty requires valid regional genetic and total residual parameters","gcorr_genome"
"chr1_49894177_51713726","region","h2","GWAS2",NA,-0.000221274980660638,NA,NA,NA,NA,"Joint HESS uncertainty requires valid regional genetic and total residual parameters","gcorr_genome"
"chr1_51713726_54226262","region","h2","GWAS2",NA,-0.000159382647871975,NA,NA,NA,NA,"Joint HESS uncertainty requires valid regional genetic and total residual parameters","gcorr_genome"
"chr1_54226262_56413117","region","h2","GWAS2",NA,-0.000171334020529892,NA,NA,NA,NA,"Joint HESS uncertainty requires valid regional genetic and total residual parameters","gcorr_genome"
"chr1_56413117_57021728","region","h2","GWAS2",NA,0.0011135386719082,NA,NA,NA,NA,"Joint HESS uncertainty requires valid regional genetic and total residual parameters","gcorr_genome"
"chr1_57021728_58865399","region","h2","GWAS2",NA,-0.000221151621124954,NA,NA,NA,NA,"Joint HESS uncertainty requires valid regional genetic and total residual parameters","gcorr_genome"
"chr1_58865399_59890409","region","h2","GWAS2",NA,-1.77040347769878e-05,NA,NA,NA,NA,"Joint HESS uncertainty requires valid regional genetic and total residual parameters","gcorr_genome"
"chr1_5913893_7247335","region","h2","GWAS2",NA,-0.000145228534031242,NA,NA,NA,NA,"Joint HESS uncertainty requires valid regional genetic and total residual parameters","gcorr_genome"
"chr1_59890409_61922365","region","h2","GWAS2",NA,-0.000381835566102042,NA,NA,NA,NA,"Joint HESS uncertainty requires valid regional genetic and total residual parameters","gcorr_genome"
"chr1_61922365_63455089","region","h2","GWAS2",NA,-0.000122989131893018,NA,NA,NA,NA,"Joint HESS uncertainty requires valid regional genetic and total residual parameters","gcorr_genome"
"chr1_63455089_65041704","region","h2","GWAS2",NA,-0.000315471025932631,NA,NA,NA,NA,"Joint HESS uncertainty requires valid regional genetic and total residual parameters","gcorr_genome"
"chr1_65041704_66939404","region","h2","GWAS2",NA,-0.000246472671863725,NA,NA,NA,NA,"Joint HESS uncertainty requires valid regional genetic and total residual parameters","gcorr_genome"
"chr1_66939404_68477895","region","h2","GWAS2",NA,-0.000274947547675143,NA,NA,NA,NA,"Joint HESS uncertainty requires valid regional genetic and total residual parameters","gcorr_genome"
"chr1_68477895_69687616","region","h2","GWAS2",NA,-0.000191683554739136,NA,NA,NA,NA,"Joint HESS uncertainty requires valid regional genetic and total residual parameters","gcorr_genome"
"chr1_69687616_71372470","region","h2","GWAS2",NA,-0.000188649685681101,NA,NA,NA,NA,"Joint HESS uncertainty requires valid regional genetic and total residual parameters","gcorr_genome"
"chr1_71372470_71684405","region","h2","GWAS2",NA,-0.000236661457804355,NA,NA,NA,NA,"Joint HESS uncertainty requires valid regional genetic and total residual parameters","gcorr_genome"
"chr1_71684405_74326907","region","h2","GWAS2",NA,-1.64280349971035e-07,NA,NA,NA,NA,"Joint HESS uncertainty requires valid regional genetic and total residual parameters","gcorr_genome"
"chr1_7247335_9365199","region","h2","GWAS2",NA,0.000270874066974583,NA,NA,NA,NA,"Joint HESS uncertainty requires valid regional genetic and total residual parameters","gcorr_genome"
"chr1_74326907_76728135","region","h2","GWAS2",NA,-0.000142583710258961,NA,NA,NA,NA,"Joint HESS uncertainty requires valid regional genetic and total residual parameters","gcorr_genome"
"chr1_76728135_79661198","region","h2","GWAS2",NA,-0.00020232128932395,NA,NA,NA,NA,"Joint HESS uncertainty requires valid regional genetic and total residual parameters","gcorr_genome"
"chr1_79661198_81354191","region","h2","GWAS2",NA,-0.00013820672589269,NA,NA,NA,NA,"Joint HESS uncertainty requires valid regional genetic and total residual parameters","gcorr_genome"
"chr1_81354191_83991748","region","h2","GWAS2",NA,-0.000262664046214362,NA,NA,NA,NA,"Joint HESS uncertainty requires valid regional genetic and total residual parameters","gcorr_genome"
"chr1_83991748_84844495","region","h2","GWAS2",NA,-9.70368990364108e-05,NA,NA,NA,NA,"Joint HESS uncertainty requires valid regional genetic and total residual parameters","gcorr_genome"
"chr1_84844495_86454751","region","h2","GWAS2",NA,-0.000279469880588996,NA,NA,NA,NA,"Joint HESS uncertainty requires valid regional genetic and total residual parameters","gcorr_genome"
"chr1_86454751_88128631","region","h2","GWAS2",NA,3.05223938486695e-05,NA,NA,NA,NA,"Joint HESS uncertainty requires valid regional genetic and total residual parameters","gcorr_genome"
"chr1_88128631_90066303","region","h2","GWAS2",NA,5.79257450736813e-05,NA,NA,NA,NA,"Joint HESS uncertainty requires valid regional genetic and total residual parameters","gcorr_genome"
"chr1_90066303_91886317","region","h2","GWAS2",NA,0.000143525728014793,NA,NA,NA,NA,"Joint HESS uncertainty requires valid regional genetic and total residual parameters","gcorr_genome"
"chr1_91886317_93536459","region","h2","GWAS2",NA,1.31099909238342e-05,NA,NA,NA,NA,"Joint HESS uncertainty requires valid regional genetic and total residual parameters","gcorr_genome"
"chr1_93536459_94506191","region","h2","GWAS2",NA,3.43691594699451e-06,NA,NA,NA,NA,"Joint HESS uncertainty requires valid regional genetic and total residual parameters","gcorr_genome"
"chr1_9365199_10806984","region","h2","GWAS2",NA,2.36859086072085e-06,NA,NA,NA,NA,"Joint HESS uncertainty requires valid regional genetic and total residual parameters","gcorr_genome"
"chr1_94506191_96150893","region","h2","GWAS2",NA,3.00317705393394e-05,NA,NA,NA,NA,"Joint HESS uncertainty requires valid regional genetic and total residual parameters","gcorr_genome"
"chr1_96150893_97885249","region","h2","GWAS2",NA,-0.000168460562932002,NA,NA,NA,NA,"Joint HESS uncertainty requires valid regional genetic and total residual parameters","gcorr_genome"
"chr1_97885249_99800604","region","h2","GWAS2",NA,-0.000220216150194587,NA,NA,NA,NA,"Joint HESS uncertainty requires valid regional genetic and total residual parameters","gcorr_genome"
"chr1_99800604_100826405","region","h2","GWAS2",NA,-0.00017013608931975,NA,NA,NA,NA,"Joint HESS uncertainty requires valid regional genetic and total residual parameters","gcorr_genome"
"chr20_11249536_12447499","region","h2","GWAS2",NA,-0.000191817084726554,NA,NA,NA,NA,"Joint HESS uncertainty requires valid regional genetic and total residual parameters","gcorr_genome"
"chr20_12447499_13689864","region","h2","GWAS2",NA,-0.000117192538606695,NA,NA,NA,NA,"Joint HESS uncertainty requires valid regional genetic and total residual parameters","gcorr_genome"
"chr20_13689864_15958359","region","h2","GWAS2",NA,-0.000291818124238457,NA,NA,NA,NA,"Joint HESS uncertainty requires valid regional genetic and total residual parameters","gcorr_genome"
"chr20_15958359_17487232","region","h2","GWAS2",NA,-0.000152137497393817,NA,NA,NA,NA,"Joint HESS uncertainty requires valid regional genetic and total residual parameters","gcorr_genome"
"chr20_17487232_18972203","region","h2","GWAS2",NA,-0.000175787618829544,NA,NA,NA,NA,"Joint HESS uncertainty requires valid regional genetic and total residual parameters","gcorr_genome"
"chr20_18972203_20959710","region","h2","GWAS2",NA,2.28480067148376e-05,NA,NA,NA,NA,"Joint HESS uncertainty requires valid regional genetic and total residual parameters","gcorr_genome"
"chr20_20959710_22491456","region","h2","GWAS2",NA,-0.000270759858589166,NA,NA,NA,NA,"Joint HESS uncertainty requires valid regional genetic and total residual parameters","gcorr_genome"
"chr20_22491456_23293790","region","h2","GWAS2",NA,-0.000224702085734992,NA,NA,NA,NA,"Joint HESS uncertainty requires valid regional genetic and total residual parameters","gcorr_genome"
"chr20_23293790_24717724","region","h2","GWAS2",NA,-2.83775114404618e-05,NA,NA,NA,NA,"Joint HESS uncertainty requires valid regional genetic and total residual parameters","gcorr_genome"
"chr20_2469501_3828413","region","h2","GWAS2",NA,-0.000175894044510298,NA,NA,NA,NA,"Joint HESS uncertainty requires valid regional genetic and total residual parameters","gcorr_genome"
"chr20_24717724_25344231","region","h2","GWAS2",NA,6.54491818077035e-05,NA,NA,NA,NA,"Joint HESS uncertainty requires valid regional genetic and total residual parameters","gcorr_genome"
"chr20_25344231_31614823","region","h2","GWAS2",NA,-7.24843411050501e-05,NA,NA,NA,NA,"Joint HESS uncertainty requires valid regional genetic and total residual parameters","gcorr_genome"
"chr20_31614823_32813441","region","h2","GWAS2",NA,-0.000108624923461779,NA,NA,NA,NA,"Joint HESS uncertainty requires valid regional genetic and total residual parameters","gcorr_genome"
"chr20_32813441_34960446","region","h2","GWAS2",NA,0.000361808510627654,NA,NA,NA,NA,"Joint HESS uncertainty requires valid regional genetic and total residual parameters","gcorr_genome"
"chr20_34960446_36909530","region","h2","GWAS2",NA,-0.000157161536721157,NA,NA,NA,NA,"Joint HESS uncertainty requires valid regional genetic and total residual parameters","gcorr_genome"
"chr20_36909530_38436761","region","h2","GWAS2",NA,-0.000131454786521388,NA,NA,NA,NA,"Joint HESS uncertainty requires valid regional genetic and total residual parameters","gcorr_genome"
"chr20_3828413_5477850","region","h2","GWAS2",NA,-0.000136302076190068,NA,NA,NA,NA,"Joint HESS uncertainty requires valid regional genetic and total residual parameters","gcorr_genome"
"chr20_38436761_39610856","region","h2","GWAS2",NA,0.000462472369505035,NA,NA,NA,NA,"Joint HESS uncertainty requires valid regional genetic and total residual parameters","gcorr_genome"
"chr20_39610856_40585689","region","h2","GWAS2",NA,0.00021028742177898,NA,NA,NA,NA,"Joint HESS uncertainty requires valid regional genetic and total residual parameters","gcorr_genome"
"chr20_40585689_41615460","region","h2","GWAS2",NA,-0.000224076704945646,NA,NA,NA,NA,"Joint HESS uncertainty requires valid regional genetic and total residual parameters","gcorr_genome"
"chr20_41615460_42680176","region","h2","GWAS2",NA,-0.000354985365847082,NA,NA,NA,NA,"Joint HESS uncertainty requires valid regional genetic and total residual parameters","gcorr_genome"
"chr20_42680176_44839056","region","h2","GWAS2",NA,-0.000248710619595944,NA,NA,NA,NA,"Joint HESS uncertainty requires valid regional genetic and total residual parameters","gcorr_genome"
"chr20_44839056_47199980","region","h2","GWAS2",NA,-0.000391713831668983,NA,NA,NA,NA,"Joint HESS uncertainty requires valid regional genetic and total residual parameters","gcorr_genome"
"chr20_47199980_49239658","region","h2","GWAS2",NA,0.000628104013449742,NA,NA,NA,NA,"Joint HESS uncertainty requires valid regional genetic and total residual parameters","gcorr_genome"
"chr20_49239658_52472549","region","h2","GWAS2",NA,-0.000394582899244194,NA,NA,NA,NA,"Joint HESS uncertainty requires valid regional genetic and total residual parameters","gcorr_genome"
"chr20_52472549_54055266","region","h2","GWAS2",NA,-0.000178567066350976,NA,NA,NA,NA,"Joint HESS uncertainty requires valid regional genetic and total residual parameters","gcorr_genome"
"chr20_54055266_56447959","region","h2","GWAS2",NA,-5.24767953278529e-05,NA,NA,NA,NA,"Joint HESS uncertainty requires valid regional genetic and total residual parameters","gcorr_genome"
"chr20_5477850_7084073","region","h2","GWAS2",NA,-0.000439480079978415,NA,NA,NA,NA,"Joint HESS uncertainty requires valid regional genetic and total residual parameters","gcorr_genome"
"chr20_56447959_58406572","region","h2","GWAS2",NA,5.8169832409753e-05,NA,NA,NA,NA,"Joint HESS uncertainty requires valid regional genetic and total residual parameters","gcorr_genome"
"chr20_58406572_59561724","region","h2","GWAS2",NA,-0.000192611635717605,NA,NA,NA,NA,"Joint HESS uncertainty requires valid regional genetic and total residual parameters","gcorr_genome"
"chr20_59561724_61301855","region","h2","GWAS2",NA,-0.000189103105923092,NA,NA,NA,NA,"Joint HESS uncertainty requires valid regional genetic and total residual parameters","gcorr_genome"
"chr20_60479_697600","region","h2","GWAS2",NA,-7.40358121057119e-05,NA,NA,NA,NA,"Joint HESS uncertainty requires valid regional genetic and total residual parameters","gcorr_genome"
"chr20_61301855_62190180","region","h2","GWAS2",NA,-0.000215201399956891,NA,NA,NA,NA,"Joint HESS uncertainty requires valid regional genetic and total residual parameters","gcorr_genome"
"chr20_62190180_62965163","region","h2","GWAS2",NA,-0.000120873081017183,NA,NA,NA,NA,"Joint HESS uncertainty requires valid regional genetic and total residual parameters","gcorr_genome"
"chr20_697600_2469501","region","h2","GWAS2",NA,-0.000268592038937338,NA,NA,NA,NA,"Joint HESS uncertainty requires valid regional genetic and total residual parameters","gcorr_genome"
"chr20_7084073_8117011","region","h2","GWAS2",NA,-0.000180984342509154,NA,NA,NA,NA,"Joint HESS uncertainty requires valid regional genetic and total residual parameters","gcorr_genome"
"chr20_8117011_9730921","region","h2","GWAS2",NA,-0.00018051342842658,NA,NA,NA,NA,"Joint HESS uncertainty requires valid regional genetic and total residual parameters","gcorr_genome"
"chr20_9730921_11249536","region","h2","GWAS2",NA,-1.2900026010405e-05,NA,NA,NA,NA,"Joint HESS uncertainty requires valid regional genetic and total residual parameters","gcorr_genome"
"chr21_15950982_18053165","region","h2","GWAS2",NA,-0.000164437303587868,NA,NA,NA,NA,"Joint HESS uncertainty requires valid regional genetic and total residual parameters","gcorr_genome"
"chr21_18053165_19480375","region","h2","GWAS2",NA,-0.000351966952998909,NA,NA,NA,NA,"Joint HESS uncertainty requires valid regional genetic and total residual parameters","gcorr_genome"
"chr21_19480375_20962339","region","h2","GWAS2",NA,-0.000205601829706995,NA,NA,NA,NA,"Joint HESS uncertainty requires valid regional genetic and total residual parameters","gcorr_genome"
"chr21_20962339_22072764","region","h2","GWAS2",NA,-0.000115546454663032,NA,NA,NA,NA,"Joint HESS uncertainty requires valid regional genetic and total residual parameters","gcorr_genome"
"chr21_22072764_23362875","region","h2","GWAS2",NA,-0.000209894686249758,NA,NA,NA,NA,"Joint HESS uncertainty requires valid regional genetic and total residual parameters","gcorr_genome"
"chr21_23362875_24696231","region","h2","GWAS2",NA,-0.000198174992367335,NA,NA,NA,NA,"Joint HESS uncertainty requires valid regional genetic and total residual parameters","gcorr_genome"
"chr21_24696231_26469122","region","h2","GWAS2",NA,-0.000226411517418416,NA,NA,NA,NA,"Joint HESS uncertainty requires valid regional genetic and total residual parameters","gcorr_genome"
"chr21_26469122_27271019","region","h2","GWAS2",NA,-0.000188379131764245,NA,NA,NA,NA,"Joint HESS uncertainty requires valid regional genetic and total residual parameters","gcorr_genome"
"chr21_27271019_29125226","region","h2","GWAS2",NA,-0.000404185976070361,NA,NA,NA,NA,"Joint HESS uncertainty requires valid regional genetic and total residual parameters","gcorr_genome"
"chr21_29125226_31197025","region","h2","GWAS2",NA,9.45000823299624e-05,NA,NA,NA,NA,"Joint HESS uncertainty requires valid regional genetic and total residual parameters","gcorr_genome"
"chr21_31197025_32668642","region","h2","GWAS2",NA,-0.000247296901108204,NA,NA,NA,NA,"Joint HESS uncertainty requires valid regional genetic and total residual parameters","gcorr_genome"
"chr21_32668642_34376999","region","h2","GWAS2",NA,-0.000219275568923657,NA,NA,NA,NA,"Joint HESS uncertainty requires valid regional genetic and total residual parameters","gcorr_genome"
"chr21_34376999_35225465","region","h2","GWAS2",NA,-0.000183250125144366,NA,NA,NA,NA,"Joint HESS uncertainty requires valid regional genetic and total residual parameters","gcorr_genome"
"chr21_35225465_36524373","region","h2","GWAS2",NA,0.000981692423552589,NA,NA,NA,NA,"Joint HESS uncertainty requires valid regional genetic and total residual parameters","gcorr_genome"
"chr21_36524373_37870779","region","h2","GWAS2",NA,-4.76252912207537e-05,NA,NA,NA,NA,"Joint HESS uncertainty requires valid regional genetic and total residual parameters","gcorr_genome"
"chr21_37870779_38711704","region","h2","GWAS2",NA,-0.00013671646603072,NA,NA,NA,NA,"Joint HESS uncertainty requires valid regional genetic and total residual parameters","gcorr_genome"
"chr21_38711704_40482902","region","h2","GWAS2",NA,0.00019816891290056,NA,NA,NA,NA,"Joint HESS uncertainty requires valid regional genetic and total residual parameters","gcorr_genome"
"chr21_40482902_41389527","region","h2","GWAS2",NA,-0.000114636272346015,NA,NA,NA,NA,"Joint HESS uncertainty requires valid regional genetic and total residual parameters","gcorr_genome"
"chr21_41389527_43321528","region","h2","GWAS2",NA,-0.000388508690095517,NA,NA,NA,NA,"Joint HESS uncertainty requires valid regional genetic and total residual parameters","gcorr_genome"
"chr21_43321528_44506268","region","h2","GWAS2",NA,-0.000202905700476974,NA,NA,NA,NA,"Joint HESS uncertainty requires valid regional genetic and total residual parameters","gcorr_genome"
"chr21_44506268_46177105","region","h2","GWAS2",NA,0.000233038616755367,NA,NA,NA,NA,"Joint HESS uncertainty requires valid regional genetic and total residual parameters","gcorr_genome"
"chr21_46177105_47492226","region","h2","GWAS2",NA,6.53050051229196e-06,NA,NA,NA,NA,"Joint HESS uncertainty requires valid regional genetic and total residual parameters","gcorr_genome"
"chr21_47492226_48119752","region","h2","GWAS2",NA,-0.00023858121480977,NA,NA,NA,NA,"Joint HESS uncertainty requires valid regional genetic and total residual parameters","gcorr_genome"
"chr21_9411243_15950982","region","h2","GWAS2",NA,-0.00019718868802399,NA,NA,NA,NA,"Joint HESS uncertainty requires valid regional genetic and total residual parameters","gcorr_genome"
"chr22_16050408_17674295","region","h2","GWAS2",NA,8.11242225663405e-05,NA,NA,NA,NA,"Joint HESS uncertainty requires valid regional genetic and total residual parameters","gcorr_genome"
"chr22_17674295_18296088","region","h2","GWAS2",NA,-0.000225815655132154,NA,NA,NA,NA,"Joint HESS uncertainty requires valid regional genetic and total residual parameters","gcorr_genome"
"chr22_18296088_19912358","region","h2","GWAS2",NA,-0.000128716864942289,NA,NA,NA,NA,"Joint HESS uncertainty requires valid regional genetic and total residual parameters","gcorr_genome"
"chr22_19912358_22357325","region","h2","GWAS2",NA,0.00017610741299833,NA,NA,NA,NA,"Joint HESS uncertainty requires valid regional genetic and total residual parameters","gcorr_genome"
"chr22_22357325_23712647","region","h2","GWAS2",NA,-0.000301327304119698,NA,NA,NA,NA,"Joint HESS uncertainty requires valid regional genetic and total residual parameters","gcorr_genome"
"chr22_23712647_24984204","region","h2","GWAS2",NA,0.000364338139892315,NA,NA,NA,NA,"Joint HESS uncertainty requires valid regional genetic and total residual parameters","gcorr_genome"
"chr22_24984204_26791628","region","h2","GWAS2",NA,-0.000285823349839306,NA,NA,NA,NA,"Joint HESS uncertainty requires valid regional genetic and total residual parameters","gcorr_genome"
"chr22_26791628_27834752","region","h2","GWAS2",NA,-0.000111026096013111,NA,NA,NA,NA,"Joint HESS uncertainty requires valid regional genetic and total residual parameters","gcorr_genome"
"chr22_27834752_29651799","region","h2","GWAS2",NA,-6.54589619470797e-06,NA,NA,NA,NA,"Joint HESS uncertainty requires valid regional genetic and total residual parameters","gcorr_genome"
"chr22_29651799_31439918","region","h2","GWAS2",NA,0.000250164793079598,NA,NA,NA,NA,"Joint HESS uncertainty requires valid regional genetic and total residual parameters","gcorr_genome"
"chr22_31439918_32664986","region","h2","GWAS2",NA,0.000255463403750462,NA,NA,NA,NA,"Joint HESS uncertainty requires valid regional genetic and total residual parameters","gcorr_genome"
"chr22_32664986_34494914","region","h2","GWAS2",NA,0.000102439871258854,NA,NA,NA,NA,"Joint HESS uncertainty requires valid regional genetic and total residual parameters","gcorr_genome"
"chr22_34494914_35530985","region","h2","GWAS2",NA,-0.00027884450899246,NA,NA,NA,NA,"Joint HESS uncertainty requires valid regional genetic and total residual parameters","gcorr_genome"
"chr22_35530985_37570269","region","h2","GWAS2",NA,-0.000220837086746473,NA,NA,NA,NA,"Joint HESS uncertainty requires valid regional genetic and total residual parameters","gcorr_genome"
"chr22_37570269_39307894","region","h2","GWAS2",NA,3.77194508460555e-05,NA,NA,NA,NA,"Joint HESS uncertainty requires valid regional genetic and total residual parameters","gcorr_genome"
"chr22_39307894_40545797","region","h2","GWAS2",NA,-0.000229710819990566,NA,NA,NA,NA,"Joint HESS uncertainty requires valid regional genetic and total residual parameters","gcorr_genome"
"chr22_40545797_42690818","region","h2","GWAS2",NA,-0.000161841824560613,NA,NA,NA,NA,"Joint HESS uncertainty requires valid regional genetic and total residual parameters","gcorr_genome"
"chr22_42690818_43714200","region","h2","GWAS2",NA,-8.01204698393401e-05,NA,NA,NA,NA,"Joint HESS uncertainty requires valid regional genetic and total residual parameters","gcorr_genome"
"chr22_43714200_44995308","region","h2","GWAS2",NA,-0.000178500935152657,NA,NA,NA,NA,"Joint HESS uncertainty requires valid regional genetic and total residual parameters","gcorr_genome"
"chr22_44995308_46470495","region","h2","GWAS2",NA,-0.000268766612034976,NA,NA,NA,NA,"Joint HESS uncertainty requires valid regional genetic and total residual parameters","gcorr_genome"
"chr22_46470495_47596318","region","h2","GWAS2",NA,-0.000166297036347944,NA,NA,NA,NA,"Joint HESS uncertainty requires valid regional genetic and total residual parameters","gcorr_genome"
"chr22_47596318_48903703","region","h2","GWAS2",NA,-0.000129736088910643,NA,NA,NA,NA,"Joint HESS uncertainty requires valid regional genetic and total residual parameters","gcorr_genome"
"chr22_48903703_49824534","region","h2","GWAS2",NA,0.000145722491475286,NA,NA,NA,NA,"Joint HESS uncertainty requires valid regional genetic and total residual parameters","gcorr_genome"
"chr22_49824534_51243298","region","h2","GWAS2",NA,-0.000308182921251984,NA,NA,NA,NA,"Joint HESS uncertainty requires valid regional genetic and total residual parameters","gcorr_genome"
"chr2_10133_1781022","region","h2","GWAS2",NA,0.000188920043473456,NA,NA,NA,NA,"Joint HESS uncertainty requires valid regional genetic and total residual parameters","gcorr_genome"
"chr2_101822329_102688765","region","h2","GWAS2",NA,3.40476262004532e-07,NA,NA,NA,NA,"Joint HESS uncertainty requires valid regional genetic and total residual parameters","gcorr_genome"
"chr2_102688765_103588215","region","h2","GWAS2",NA,-0.00025332344614582,NA,NA,NA,NA,"Joint HESS uncertainty requires valid regional genetic and total residual parameters","gcorr_genome"
"chr2_10298469_12419150","region","h2","GWAS2",NA,-0.000190846478360025,NA,NA,NA,NA,"Joint HESS uncertainty requires valid regional genetic and total residual parameters","gcorr_genome"
"chr2_103588215_105125034","region","h2","GWAS2",NA,-6.68558253262537e-06,NA,NA,NA,NA,"Joint HESS uncertainty requires valid regional genetic and total residual parameters","gcorr_genome"
"chr2_105125034_106210058","region","h2","GWAS2",NA,-0.000223003909266233,NA,NA,NA,NA,"Joint HESS uncertainty requires valid regional genetic and total residual parameters","gcorr_genome"
"chr2_106210058_107408267","region","h2","GWAS2",NA,-0.00028830760367845,NA,NA,NA,NA,"Joint HESS uncertainty requires valid regional genetic and total residual parameters","gcorr_genome"
"chr2_107408267_108429177","region","h2","GWAS2",NA,-5.11464260848163e-05,NA,NA,NA,NA,"Joint HESS uncertainty requires valid regional genetic and total residual parameters","gcorr_genome"
"chr2_108429177_110572432","region","h2","GWAS2",NA,-0.000139695977526829,NA,NA,NA,NA,"Joint HESS uncertainty requires valid regional genetic and total residual parameters","gcorr_genome"
"chr2_110572432_113921856","region","h2","GWAS2",NA,-0.000207723732971086,NA,NA,NA,NA,"Joint HESS uncertainty requires valid regional genetic and total residual parameters","gcorr_genome"
"chr2_113921856_116772470","region","h2","GWAS2",NA,-0.000290441186315825,NA,NA,NA,NA,"Joint HESS uncertainty requires valid regional genetic and total residual parameters","gcorr_genome"
"chr2_116772470_118367466","region","h2","GWAS2",NA,-0.000199846738935965,NA,NA,NA,NA,"Joint HESS uncertainty requires valid regional genetic and total residual parameters","gcorr_genome"
"chr2_118367466_121303783","region","h2","GWAS2",NA,-0.000248476002370364,NA,NA,NA,NA,"Joint HESS uncertainty requires valid regional genetic and total residual parameters","gcorr_genome"
"chr2_121303783_123302906","region","h2","GWAS2",NA,-0.000212972373175149,NA,NA,NA,NA,"Joint HESS uncertainty requires valid regional genetic and total residual parameters","gcorr_genome"
"chr2_123302906_124732250","region","h2","GWAS2",NA,-0.000194467860347722,NA,NA,NA,NA,"Joint HESS uncertainty requires valid regional genetic and total residual parameters","gcorr_genome"
"chr2_12419150_14335308","region","h2","GWAS2",NA,-0.000155531802980017,NA,NA,NA,NA,"Joint HESS uncertainty requires valid regional genetic and total residual parameters","gcorr_genome"
"chr2_124732250_125840921","region","h2","GWAS2",NA,-4.32313819486564e-05,NA,NA,NA,NA,"Joint HESS uncertainty requires valid regional genetic and total residual parameters","gcorr_genome"
"chr2_125840921_127373764","region","h2","GWAS2",NA,-0.000232317557084748,NA,NA,NA,NA,"Joint HESS uncertainty requires valid regional genetic and total residual parameters","gcorr_genome"
"chr2_127373764_128034347","region","h2","GWAS2",NA,-6.98743264433004e-05,NA,NA,NA,NA,"Joint HESS uncertainty requires valid regional genetic and total residual parameters","gcorr_genome"
"chr2_128034347_129474441","region","h2","GWAS2",NA,0.000153810527583705,NA,NA,NA,NA,"Joint HESS uncertainty requires valid regional genetic and total residual parameters","gcorr_genome"
"chr2_129474441_130067170","region","h2","GWAS2",NA,-5.30057703380131e-05,NA,NA,NA,NA,"Joint HESS uncertainty requires valid regional genetic and total residual parameters","gcorr_genome"
"chr2_130067170_130658085","region","h2","GWAS2",NA,-0.000182615266101592,NA,NA,NA,NA,"Joint HESS uncertainty requires valid regional genetic and total residual parameters","gcorr_genome"
"chr2_130658085_133042784","region","h2","GWAS2",NA,-0.00010107775551787,NA,NA,NA,NA,"Joint HESS uncertainty requires valid regional genetic and total residual parameters","gcorr_genome"
"chr2_133042784_135158578","region","h2","GWAS2",NA,-0.000282126259099106,NA,NA,NA,NA,"Joint HESS uncertainty requires valid regional genetic and total residual parameters","gcorr_genome"
"chr2_135158578_137042794","region","h2","GWAS2",NA,0.000123480017856202,NA,NA,NA,NA,"Joint HESS uncertainty requires valid regional genetic and total residual parameters","gcorr_genome"
"chr2_137042794_138698117","region","h2","GWAS2",NA,-0.000263310144793765,NA,NA,NA,NA,"Joint HESS uncertainty requires valid regional genetic and total residual parameters","gcorr_genome"
"chr2_138698117_140100271","region","h2","GWAS2",NA,-0.000356756410208204,NA,NA,NA,NA,"Joint HESS uncertainty requires valid regional genetic and total residual parameters","gcorr_genome"
"chr2_140100271_141805351","region","h2","GWAS2",NA,-0.000247466313834192,NA,NA,NA,NA,"Joint HESS uncertainty requires valid regional genetic and total residual parameters","gcorr_genome"
"chr2_141805351_142518602","region","h2","GWAS2",NA,-0.000262011654726521,NA,NA,NA,NA,"Joint HESS uncertainty requires valid regional genetic and total residual parameters","gcorr_genome"
"chr2_142518602_144519484","region","h2","GWAS2",NA,-0.000287166442357108,NA,NA,NA,NA,"Joint HESS uncertainty requires valid regional genetic and total residual parameters","gcorr_genome"
"chr2_14335308_16329735","region","h2","GWAS2",NA,-0.000121408377456305,NA,NA,NA,NA,"Joint HESS uncertainty requires valid regional genetic and total residual parameters","gcorr_genome"
"chr2_144519484_146445570","region","h2","GWAS2",NA,0.000545893568421335,NA,NA,NA,NA,"Joint HESS uncertainty requires valid regional genetic and total residual parameters","gcorr_genome"
"chr2_146445570_147277162","region","h2","GWAS2",NA,-3.21124668720581e-06,NA,NA,NA,NA,"Joint HESS uncertainty requires valid regional genetic and total residual parameters","gcorr_genome"
"chr2_147277162_150210292","region","h2","GWAS2",NA,0.000134595196257685,NA,NA,NA,NA,"Joint HESS uncertainty requires valid regional genetic and total residual parameters","gcorr_genome"
"chr2_150210292_151731462","region","h2","GWAS2",NA,-9.6572032655699e-05,NA,NA,NA,NA,"Joint HESS uncertainty requires valid regional genetic and total residual parameters","gcorr_genome"
"chr2_151731462_152486782","region","h2","GWAS2",NA,-0.00012131782640311,NA,NA,NA,NA,"Joint HESS uncertainty requires valid regional genetic and total residual parameters","gcorr_genome"
"chr2_152486782_154005056","region","h2","GWAS2",NA,-0.000119417792760986,NA,NA,NA,NA,"Joint HESS uncertainty requires valid regional genetic and total residual parameters","gcorr_genome"
"chr2_154005056_155391135","region","h2","GWAS2",NA,-0.000343169657340575,NA,NA,NA,NA,"Joint HESS uncertainty requires valid regional genetic and total residual parameters","gcorr_genome"
"chr2_155391135_157560635","region","h2","GWAS2",NA,-9.64216378237193e-05,NA,NA,NA,NA,"Joint HESS uncertainty requires valid regional genetic and total residual parameters","gcorr_genome"
"chr2_157560635_158533218","region","h2","GWAS2",NA,3.75815826680295e-05,NA,NA,NA,NA,"Joint HESS uncertainty requires valid regional genetic and total residual parameters","gcorr_genome"
"chr2_158533218_159577082","region","h2","GWAS2",NA,-0.000208087479713785,NA,NA,NA,NA,"Joint HESS uncertainty requires valid regional genetic and total residual parameters","gcorr_genome"
"chr2_159577082_161769733","region","h2","GWAS2",NA,0.000258980579382537,NA,NA,NA,NA,"Joint HESS uncertainty requires valid regional genetic and total residual parameters","gcorr_genome"
"chr2_161769733_163503551","region","h2","GWAS2",NA,0.000254299921033788,NA,NA,NA,NA,"Joint HESS uncertainty requires valid regional genetic and total residual parameters","gcorr_genome"
"chr2_16329735_18647423","region","h2","GWAS2",NA,-0.000128156335516909,NA,NA,NA,NA,"Joint HESS uncertainty requires valid regional genetic and total residual parameters","gcorr_genome"
"chr2_163503551_164466638","region","h2","GWAS2",NA,-0.000367462576722702,NA,NA,NA,NA,"Joint HESS uncertainty requires valid regional genetic and total residual parameters","gcorr_genome"
"chr2_164466638_165178840","region","h2","GWAS2",NA,-6.65569786657923e-05,NA,NA,NA,NA,"Joint HESS uncertainty requires valid regional genetic and total residual parameters","gcorr_genome"
"chr2_165178840_167160270","region","h2","GWAS2",NA,-0.000228519410750541,NA,NA,NA,NA,"Joint HESS uncertainty requires valid regional genetic and total residual parameters","gcorr_genome"
"chr2_167160270_167355970","region","h2","GWAS2",NA,-0.000197486521056706,NA,NA,NA,NA,"Joint HESS uncertainty requires valid regional genetic and total residual parameters","gcorr_genome"
"chr2_167355970_169968236","region","h2","GWAS2",NA,-0.000313264579316626,NA,NA,NA,NA,"Joint HESS uncertainty requires valid regional genetic and total residual parameters","gcorr_genome"
"chr2_169968236_171226245","region","h2","GWAS2",NA,-0.00012175397460626,NA,NA,NA,NA,"Joint HESS uncertainty requires valid regional genetic and total residual parameters","gcorr_genome"
"chr2_171226245_173138905","region","h2","GWAS2",NA,-7.6693388166342e-05,NA,NA,NA,NA,"Joint HESS uncertainty requires valid regional genetic and total residual parameters","gcorr_genome"
"chr2_173138905_175588929","region","h2","GWAS2",NA,-4.07014700161626e-05,NA,NA,NA,NA,"Joint HESS uncertainty requires valid regional genetic and total residual parameters","gcorr_genome"
"chr2_175588929_177363636","region","h2","GWAS2",NA,-1.16624615201145e-05,NA,NA,NA,NA,"Joint HESS uncertainty requires valid regional genetic and total residual parameters","gcorr_genome"
"chr2_177363636_178553183","region","h2","GWAS2",NA,-0.000166351072313323,NA,NA,NA,NA,"Joint HESS uncertainty requires valid regional genetic and total residual parameters","gcorr_genome"
"chr2_1781022_3973779","region","h2","GWAS2",NA,-0.000398761396518057,NA,NA,NA,NA,"Joint HESS uncertainty requires valid regional genetic and total residual parameters","gcorr_genome"
"chr2_178553183_181312739","region","h2","GWAS2",NA,-0.000366708657507413,NA,NA,NA,NA,"Joint HESS uncertainty requires valid regional genetic and total residual parameters","gcorr_genome"
"chr2_181312739_182266031","region","h2","GWAS2",NA,9.5192757780419e-05,NA,NA,NA,NA,"Joint HESS uncertainty requires valid regional genetic and total residual parameters","gcorr_genome"
"chr2_182266031_184357608","region","h2","GWAS2",NA,0.000165858364325979,NA,NA,NA,NA,"Joint HESS uncertainty requires valid regional genetic and total residual parameters","gcorr_genome"
"chr2_184357608_185280173","region","h2","GWAS2",NA,-0.000320311036192468,NA,NA,NA,NA,"Joint HESS uncertainty requires valid regional genetic and total residual parameters","gcorr_genome"
"chr2_185280173_189882065","region","h2","GWAS2",NA,0.000233171219914754,NA,NA,NA,NA,"Joint HESS uncertainty requires valid regional genetic and total residual parameters","gcorr_genome"
"chr2_18647423_19692404","region","h2","GWAS2",NA,-0.000112639707652034,NA,NA,NA,NA,"Joint HESS uncertainty requires valid regional genetic and total residual parameters","gcorr_genome"
"chr2_189882065_191973357","region","h2","GWAS2",NA,-9.18045696147789e-05,NA,NA,NA,NA,"Joint HESS uncertainty requires valid regional genetic and total residual parameters","gcorr_genome"
"chr2_191973357_195861164","region","h2","GWAS2",NA,-0.00033499453783346,NA,NA,NA,NA,"Joint HESS uncertainty requires valid regional genetic and total residual parameters","gcorr_genome"
"chr2_195861164_196447456","region","h2","GWAS2",NA,-0.000326525368048732,NA,NA,NA,NA,"Joint HESS uncertainty requires valid regional genetic and total residual parameters","gcorr_genome"
"chr2_196447456_198078110","region","h2","GWAS2",NA,-0.000317023269533274,NA,NA,NA,NA,"Joint HESS uncertainty requires valid regional genetic and total residual parameters","gcorr_genome"
"chr2_19692404_21050490","region","h2","GWAS2",NA,-1.54591911953926e-05,NA,NA,NA,NA,"Joint HESS uncertainty requires valid regional genetic and total residual parameters","gcorr_genome"
"chr2_198078110_199311125","region","h2","GWAS2",NA,-7.08548690354504e-05,NA,NA,NA,NA,"Joint HESS uncertainty requires valid regional genetic and total residual parameters","gcorr_genome"
"chr2_199311125_201576284","region","h2","GWAS2",NA,-0.000142532143800658,NA,NA,NA,NA,"Joint HESS uncertainty requires valid regional genetic and total residual parameters","gcorr_genome"
"chr2_201576284_202818637","region","h2","GWAS2",NA,-0.000245151256299215,NA,NA,NA,NA,"Joint HESS uncertainty requires valid regional genetic and total residual parameters","gcorr_genome"
"chr2_202818637_205799241","region","h2","GWAS2",NA,0.00152676291266053,NA,NA,NA,NA,"Joint HESS uncertainty requires valid regional genetic and total residual parameters","gcorr_genome"
"chr2_205799241_206735704","region","h2","GWAS2",NA,-0.000301261721963923,NA,NA,NA,NA,"Joint HESS uncertainty requires valid regional genetic and total residual parameters","gcorr_genome"
"chr2_206735704_208645399","region","h2","GWAS2",NA,-0.000226146149014205,NA,NA,NA,NA,"Joint HESS uncertainty requires valid regional genetic and total residual parameters","gcorr_genome"
"chr2_208645399_209941529","region","h2","GWAS2",NA,-0.000155994329879255,NA,NA,NA,NA,"Joint HESS uncertainty requires valid regional genetic and total residual parameters","gcorr_genome"
"chr2_209941529_212379518","region","h2","GWAS2",NA,0.000327578530611793,NA,NA,NA,NA,"Joint HESS uncertainty requires valid regional genetic and total residual parameters","gcorr_genome"
"chr2_21050490_23341383","region","h2","GWAS2",NA,0.000632508925137779,NA,NA,NA,NA,"Joint HESS uncertainty requires valid regional genetic and total residual parameters","gcorr_genome"
"chr2_212379518_214014282","region","h2","GWAS2",NA,7.26726913076456e-05,NA,NA,NA,NA,"Joint HESS uncertainty requires valid regional genetic and total residual parameters","gcorr_genome"
"chr2_214014282_215573795","region","h2","GWAS2",NA,1.15636352889968e-05,NA,NA,NA,NA,"Joint HESS uncertainty requires valid regional genetic and total residual parameters","gcorr_genome"
"chr2_215573795_217715661","region","h2","GWAS2",NA,-0.000202373870643391,NA,NA,NA,NA,"Joint HESS uncertainty requires valid regional genetic and total residual parameters","gcorr_genome"
"chr2_217715661_218395480","region","h2","GWAS2",NA,-6.47587439044006e-05,NA,NA,NA,NA,"Joint HESS uncertainty requires valid regional genetic and total residual parameters","gcorr_genome"
"chr2_218395480_220454551","region","h2","GWAS2",NA,0.000216052332032511,NA,NA,NA,NA,"Joint HESS uncertainty requires valid regional genetic and total residual parameters","gcorr_genome"
"chr2_220454551_222521176","region","h2","GWAS2",NA,-0.000178423063867805,NA,NA,NA,NA,"Joint HESS uncertainty requires valid regional genetic and total residual parameters","gcorr_genome"
"chr2_222521176_224859419","region","h2","GWAS2",NA,-0.000333368611044847,NA,NA,NA,NA,"Joint HESS uncertainty requires valid regional genetic and total residual parameters","gcorr_genome"
"chr2_224859419_225840004","region","h2","GWAS2",NA,-5.42225661360729e-05,NA,NA,NA,NA,"Joint HESS uncertainty requires valid regional genetic and total residual parameters","gcorr_genome"
"chr2_225840004_228119842","region","h2","GWAS2",NA,0.000310066128860393,NA,NA,NA,NA,"Joint HESS uncertainty requires valid regional genetic and total residual parameters","gcorr_genome"
"chr2_228119842_229370787","region","h2","GWAS2",NA,0.000102166862650492,NA,NA,NA,NA,"Joint HESS uncertainty requires valid regional genetic and total residual parameters","gcorr_genome"
"chr2_229370787_231843389","region","h2","GWAS2",NA,-0.000168780818811432,NA,NA,NA,NA,"Joint HESS uncertainty requires valid regional genetic and total residual parameters","gcorr_genome"
"chr2_231843389_233550003","region","h2","GWAS2",NA,-0.00037746125478173,NA,NA,NA,NA,"Joint HESS uncertainty requires valid regional genetic and total residual parameters","gcorr_genome"
"chr2_23341383_24686918","region","h2","GWAS2",NA,0.000116133456516695,NA,NA,NA,NA,"Joint HESS uncertainty requires valid regional genetic and total residual parameters","gcorr_genome"
"chr2_233550003_235150987","region","h2","GWAS2",NA,1.69048493541787e-05,NA,NA,NA,NA,"Joint HESS uncertainty requires valid regional genetic and total residual parameters","gcorr_genome"
"chr2_235150987_236043550","region","h2","GWAS2",NA,-5.78126504760517e-05,NA,NA,NA,NA,"Joint HESS uncertainty requires valid regional genetic and total residual parameters","gcorr_genome"
"chr2_236043550_237449032","region","h2","GWAS2",NA,4.87585797387552e-05,NA,NA,NA,NA,"Joint HESS uncertainty requires valid regional genetic and total residual parameters","gcorr_genome"
"chr2_237449032_238760981","region","h2","GWAS2",NA,-0.000167845106885439,NA,NA,NA,NA,"Joint HESS uncertainty requires valid regional genetic and total residual parameters","gcorr_genome"
"chr2_238760981_239952643","region","h2","GWAS2",NA,-0.000149949479012011,NA,NA,NA,NA,"Joint HESS uncertainty requires valid regional genetic and total residual parameters","gcorr_genome"
"chr2_239952643_241560084","region","h2","GWAS2",NA,-0.000230530984243725,NA,NA,NA,NA,"Joint HESS uncertainty requires valid regional genetic and total residual parameters","gcorr_genome"
"chr2_241560084_242149921","region","h2","GWAS2",NA,3.49750890869137e-05,NA,NA,NA,NA,"Joint HESS uncertainty requires valid regional genetic and total residual parameters","gcorr_genome"
"chr2_242149921_243188920","region","h2","GWAS2",NA,-0.000210417751646492,NA,NA,NA,NA,"Joint HESS uncertainty requires valid regional genetic and total residual parameters","gcorr_genome"
"chr2_24686918_26894985","region","h2","GWAS2",NA,-5.82748486787037e-05,NA,NA,NA,NA,"Joint HESS uncertainty requires valid regional genetic and total residual parameters","gcorr_genome"
"chr2_26894985_28598777","region","h2","GWAS2",NA,6.21589597368481e-05,NA,NA,NA,NA,"Joint HESS uncertainty requires valid regional genetic and total residual parameters","gcorr_genome"
"chr2_28598777_29217559","region","h2","GWAS2",NA,-3.66601314736823e-05,NA,NA,NA,NA,"Joint HESS uncertainty requires valid regional genetic and total residual parameters","gcorr_genome"
"chr2_29217559_30463711","region","h2","GWAS2",NA,-0.000215728969293703,NA,NA,NA,NA,"Joint HESS uncertainty requires valid regional genetic and total residual parameters","gcorr_genome"
"chr2_30463711_31550450","region","h2","GWAS2",NA,5.36970103442197e-05,NA,NA,NA,NA,"Joint HESS uncertainty requires valid regional genetic and total residual parameters","gcorr_genome"
"chr2_31550450_33363777","region","h2","GWAS2",NA,-0.000255429285523695,NA,NA,NA,NA,"Joint HESS uncertainty requires valid regional genetic and total residual parameters","gcorr_genome"
"chr2_33363777_35345028","region","h2","GWAS2",NA,-0.000200647026867749,NA,NA,NA,NA,"Joint HESS uncertainty requires valid regional genetic and total residual parameters","gcorr_genome"
"chr2_35345028_36122006","region","h2","GWAS2",NA,-0.000132598800799863,NA,NA,NA,NA,"Joint HESS uncertainty requires valid regional genetic and total residual parameters","gcorr_genome"
"chr2_36122006_38132712","region","h2","GWAS2",NA,7.37006888605606e-05,NA,NA,NA,NA,"Joint HESS uncertainty requires valid regional genetic and total residual parameters","gcorr_genome"
"chr2_38132712_39031337","region","h2","GWAS2",NA,-0.000297658315467872,NA,NA,NA,NA,"Joint HESS uncertainty requires valid regional genetic and total residual parameters","gcorr_genome"
"chr2_39031337_40281483","region","h2","GWAS2",NA,-0.000262975770906142,NA,NA,NA,NA,"Joint HESS uncertainty requires valid regional genetic and total residual parameters","gcorr_genome"
"chr2_3973779_5708337","region","h2","GWAS2",NA,-0.000270433603942183,NA,NA,NA,NA,"Joint HESS uncertainty requires valid regional genetic and total residual parameters","gcorr_genome"
"chr2_40281483_43309590","region","h2","GWAS2",NA,-0.000407719598140584,NA,NA,NA,NA,"Joint HESS uncertainty requires valid regional genetic and total residual parameters","gcorr_genome"
"chr2_43309590_44313803","region","h2","GWAS2",NA,0.000380691866363031,NA,NA,NA,NA,"Joint HESS uncertainty requires valid regional genetic and total residual parameters","gcorr_genome"
"chr2_44313803_46482634","region","h2","GWAS2",NA,-0.000244203259615962,NA,NA,NA,NA,"Joint HESS uncertainty requires valid regional genetic and total residual parameters","gcorr_genome"
"chr2_46482634_47318772","region","h2","GWAS2",NA,-5.6702545774008e-05,NA,NA,NA,NA,"Joint HESS uncertainty requires valid regional genetic and total residual parameters","gcorr_genome"
"chr2_47318772_48213001","region","h2","GWAS2",NA,-0.000207154666103476,NA,NA,NA,NA,"Joint HESS uncertainty requires valid regional genetic and total residual parameters","gcorr_genome"
"chr2_48213001_50022257","region","h2","GWAS2",NA,-0.000302575309530851,NA,NA,NA,NA,"Joint HESS uncertainty requires valid regional genetic and total residual parameters","gcorr_genome"
"chr2_50022257_50818928","region","h2","GWAS2",NA,0.000225042455430749,NA,NA,NA,NA,"Joint HESS uncertainty requires valid regional genetic and total residual parameters","gcorr_genome"
"chr2_50818928_52491133","region","h2","GWAS2",NA,-0.000259105709941772,NA,NA,NA,NA,"Joint HESS uncertainty requires valid regional genetic and total residual parameters","gcorr_genome"
"chr2_52491133_53508452","region","h2","GWAS2",NA,-9.28184734011508e-05,NA,NA,NA,NA,"Joint HESS uncertainty requires valid regional genetic and total residual parameters","gcorr_genome"
"chr2_53508452_54685226","region","h2","GWAS2",NA,-0.000387872336822108,NA,NA,NA,NA,"Joint HESS uncertainty requires valid regional genetic and total residual parameters","gcorr_genome"
"chr2_54685226_56203345","region","h2","GWAS2",NA,-8.09200088810047e-05,NA,NA,NA,NA,"Joint HESS uncertainty requires valid regional genetic and total residual parameters","gcorr_genome"
"chr2_56203345_57429100","region","h2","GWAS2",NA,-0.000309584403793886,NA,NA,NA,NA,"Joint HESS uncertainty requires valid regional genetic and total residual parameters","gcorr_genome"
"chr2_5708337_6836254","region","h2","GWAS2",NA,-0.000259380320705564,NA,NA,NA,NA,"Joint HESS uncertainty requires valid regional genetic and total residual parameters","gcorr_genome"
"chr2_57429100_58297315","region","h2","GWAS2",NA,-0.000289744986822472,NA,NA,NA,NA,"Joint HESS uncertainty requires valid regional genetic and total residual parameters","gcorr_genome"
"chr2_58297315_60292000","region","h2","GWAS2",NA,-2.93960081807067e-05,NA,NA,NA,NA,"Joint HESS uncertainty requires valid regional genetic and total residual parameters","gcorr_genome"
"chr2_60292000_62429044","region","h2","GWAS2",NA,-0.000289809246049097,NA,NA,NA,NA,"Joint HESS uncertainty requires valid regional genetic and total residual parameters","gcorr_genome"
"chr2_62429044_64625913","region","h2","GWAS2",NA,8.67249691847228e-05,NA,NA,NA,NA,"Joint HESS uncertainty requires valid regional genetic and total residual parameters","gcorr_genome"
"chr2_64625913_65933444","region","h2","GWAS2",NA,-6.87999750274424e-05,NA,NA,NA,NA,"Joint HESS uncertainty requires valid regional genetic and total residual parameters","gcorr_genome"
"chr2_65933444_67226166","region","h2","GWAS2",NA,1.57738123727019e-05,NA,NA,NA,NA,"Joint HESS uncertainty requires valid regional genetic and total residual parameters","gcorr_genome"
"chr2_67226166_68010176","region","h2","GWAS2",NA,-0.000272949712191251,NA,NA,NA,NA,"Joint HESS uncertainty requires valid regional genetic and total residual parameters","gcorr_genome"
"chr2_68010176_69139564","region","h2","GWAS2",NA,-0.000131614579208035,NA,NA,NA,NA,"Joint HESS uncertainty requires valid regional genetic and total residual parameters","gcorr_genome"
"chr2_6836254_8422147","region","h2","GWAS2",NA,-0.000128733182188262,NA,NA,NA,NA,"Joint HESS uncertainty requires valid regional genetic and total residual parameters","gcorr_genome"
"chr2_69139564_70755198","region","h2","GWAS2",NA,0.000216568332756686,NA,NA,NA,NA,"Joint HESS uncertainty requires valid regional genetic and total residual parameters","gcorr_genome"
"chr2_70755198_73174848","region","h2","GWAS2",NA,0.000363445244120732,NA,NA,NA,NA,"Joint HESS uncertainty requires valid regional genetic and total residual parameters","gcorr_genome"
"chr2_73174848_75630086","region","h2","GWAS2",NA,-0.000241769519661543,NA,NA,NA,NA,"Joint HESS uncertainty requires valid regional genetic and total residual parameters","gcorr_genome"
"chr2_75630086_76913661","region","h2","GWAS2",NA,-0.000200790181390168,NA,NA,NA,NA,"Joint HESS uncertainty requires valid regional genetic and total residual parameters","gcorr_genome"
"chr2_76913661_78079264","region","h2","GWAS2",NA,-0.000346457768230646,NA,NA,NA,NA,"Joint HESS uncertainty requires valid regional genetic and total residual parameters","gcorr_genome"
"chr2_78079264_80050403","region","h2","GWAS2",NA,5.53875841982797e-05,NA,NA,NA,NA,"Joint HESS uncertainty requires valid regional genetic and total residual parameters","gcorr_genome"
"chr2_80050403_81620841","region","h2","GWAS2",NA,-0.000189471936469402,NA,NA,NA,NA,"Joint HESS uncertainty requires valid regional genetic and total residual parameters","gcorr_genome"
"chr2_81620841_85140680","region","h2","GWAS2",NA,-0.000205379589916328,NA,NA,NA,NA,"Joint HESS uncertainty requires valid regional genetic and total residual parameters","gcorr_genome"
"chr2_8422147_10298469","region","h2","GWAS2",NA,0.000312663345101685,NA,NA,NA,NA,"Joint HESS uncertainty requires valid regional genetic and total residual parameters","gcorr_genome"
"chr2_85140680_88038507","region","h2","GWAS2",NA,0.000613035237129663,NA,NA,NA,NA,"Joint HESS uncertainty requires valid regional genetic and total residual parameters","gcorr_genome"
"chr2_88038507_89154526","region","h2","GWAS2",NA,6.99076289183624e-06,NA,NA,NA,NA,"Joint HESS uncertainty requires valid regional genetic and total residual parameters","gcorr_genome"
"chr2_89154526_95326452","region","h2","GWAS2",NA,0.000286290109543633,NA,NA,NA,NA,"Joint HESS uncertainty requires valid regional genetic and total residual parameters","gcorr_genome"
"chr2_95326452_98995201","region","h2","GWAS2",NA,-7.56228037416657e-05,NA,NA,NA,NA,"Joint HESS uncertainty requires valid regional genetic and total residual parameters","gcorr_genome"
"chr2_98995201_101822329","region","h2","GWAS2",NA,-0.000160968274774739,NA,NA,NA,NA,"Joint HESS uncertainty requires valid regional genetic and total residual parameters","gcorr_genome"
"chr3_100592217_103084960","region","h2","GWAS2",NA,-0.00026753523679282,NA,NA,NA,NA,"Joint HESS uncertainty requires valid regional genetic and total residual parameters","gcorr_genome"
"chr3_103084960_104581613","region","h2","GWAS2",NA,-4.80970117440822e-05,NA,NA,NA,NA,"Joint HESS uncertainty requires valid regional genetic and total residual parameters","gcorr_genome"
"chr3_104581613_106982811","region","h2","GWAS2",NA,-3.0051531315336e-05,NA,NA,NA,NA,"Joint HESS uncertainty requires valid regional genetic and total residual parameters","gcorr_genome"
"chr3_106982811_109522395","region","h2","GWAS2",NA,-0.000227631879792793,NA,NA,NA,NA,"Joint HESS uncertainty requires valid regional genetic and total residual parameters","gcorr_genome"
"chr3_109522395_110513770","region","h2","GWAS2",NA,-0.000104813825282372,NA,NA,NA,NA,"Joint HESS uncertainty requires valid regional genetic and total residual parameters","gcorr_genome"
"chr3_11019665_13070799","region","h2","GWAS2",NA,-0.0002090603121866,NA,NA,NA,NA,"Joint HESS uncertainty requires valid regional genetic and total residual parameters","gcorr_genome"
"chr3_110513770_112815699","region","h2","GWAS2",NA,-6.7154697483213e-05,NA,NA,NA,NA,"Joint HESS uncertainty requires valid regional genetic and total residual parameters","gcorr_genome"
"chr3_112815699_113947863","region","h2","GWAS2",NA,-8.61950757081973e-05,NA,NA,NA,NA,"Joint HESS uncertainty requires valid regional genetic and total residual parameters","gcorr_genome"
"chr3_113947863_115447080","region","h2","GWAS2",NA,2.36859282312297e-05,NA,NA,NA,NA,"Joint HESS uncertainty requires valid regional genetic and total residual parameters","gcorr_genome"
"chr3_115447080_116800153","region","h2","GWAS2",NA,7.837945715578e-05,NA,NA,NA,NA,"Joint HESS uncertainty requires valid regional genetic and total residual parameters","gcorr_genome"
"chr3_116800153_118530251","region","h2","GWAS2",NA,-0.000381050917550144,NA,NA,NA,NA,"Joint HESS uncertainty requires valid regional genetic and total residual parameters","gcorr_genome"
"chr3_118530251_120523055","region","h2","GWAS2",NA,5.12364513189295e-05,NA,NA,NA,NA,"Joint HESS uncertainty requires valid regional genetic and total residual parameters","gcorr_genome"
"chr3_120523055_121974097","region","h2","GWAS2",NA,-4.97096448189141e-05,NA,NA,NA,NA,"Joint HESS uncertainty requires valid regional genetic and total residual parameters","gcorr_genome"
"chr3_121974097_123517768","region","h2","GWAS2",NA,-0.000111504294680654,NA,NA,NA,NA,"Joint HESS uncertainty requires valid regional genetic and total residual parameters","gcorr_genome"
"chr3_123517768_124936642","region","h2","GWAS2",NA,0.000311194220919366,NA,NA,NA,NA,"Joint HESS uncertainty requires valid regional genetic and total residual parameters","gcorr_genome"
"chr3_124936642_126214943","region","h2","GWAS2",NA,-5.93540073625227e-05,NA,NA,NA,NA,"Joint HESS uncertainty requires valid regional genetic and total residual parameters","gcorr_genome"
"chr3_126214943_128194861","region","h2","GWAS2",NA,9.68078365046149e-05,NA,NA,NA,NA,"Joint HESS uncertainty requires valid regional genetic and total residual parameters","gcorr_genome"
"chr3_128194861_130244735","region","h2","GWAS2",NA,-1.24528904639591e-05,NA,NA,NA,NA,"Joint HESS uncertainty requires valid regional genetic and total residual parameters","gcorr_genome"
"chr3_130244735_131836516","region","h2","GWAS2",NA,-0.000248544141453046,NA,NA,NA,NA,"Joint HESS uncertainty requires valid regional genetic and total residual parameters","gcorr_genome"
"chr3_13070799_14816900","region","h2","GWAS2",NA,-0.000143731615364135,NA,NA,NA,NA,"Joint HESS uncertainty requires valid regional genetic and total residual parameters","gcorr_genome"
"chr3_131836516_133252173","region","h2","GWAS2",NA,-0.000216490452583359,NA,NA,NA,NA,"Joint HESS uncertainty requires valid regional genetic and total residual parameters","gcorr_genome"
"chr3_133252173_135456906","region","h2","GWAS2",NA,0.000237076873568799,NA,NA,NA,NA,"Joint HESS uncertainty requires valid regional genetic and total residual parameters","gcorr_genome"
"chr3_135456906_137371083","region","h2","GWAS2",NA,0.000503822705101509,NA,NA,NA,NA,"Joint HESS uncertainty requires valid regional genetic and total residual parameters","gcorr_genome"
"chr3_137371083_139954597","region","h2","GWAS2",NA,0.000116049438708824,NA,NA,NA,NA,"Joint HESS uncertainty requires valid regional genetic and total residual parameters","gcorr_genome"
"chr3_139954597_141339097","region","h2","GWAS2",NA,-0.000344956928648215,NA,NA,NA,NA,"Joint HESS uncertainty requires valid regional genetic and total residual parameters","gcorr_genome"
"chr3_141339097_143164628","region","h2","GWAS2",NA,-6.79815862300985e-05,NA,NA,NA,NA,"Joint HESS uncertainty requires valid regional genetic and total residual parameters","gcorr_genome"
"chr3_143164628_144410816","region","h2","GWAS2",NA,-0.000185003869262513,NA,NA,NA,NA,"Joint HESS uncertainty requires valid regional genetic and total residual parameters","gcorr_genome"
"chr3_1441779_2992120","region","h2","GWAS2",NA,-0.000323907612783859,NA,NA,NA,NA,"Joint HESS uncertainty requires valid regional genetic and total residual parameters","gcorr_genome"
"chr3_144410816_145664619","region","h2","GWAS2",NA,-5.63877708294729e-06,NA,NA,NA,NA,"Joint HESS uncertainty requires valid regional genetic and total residual parameters","gcorr_genome"
"chr3_145664619_146726629","region","h2","GWAS2",NA,-6.11271036959347e-05,NA,NA,NA,NA,"Joint HESS uncertainty requires valid regional genetic and total residual parameters","gcorr_genome"
"chr3_146726629_149043237","region","h2","GWAS2",NA,-8.49713700865626e-05,NA,NA,NA,NA,"Joint HESS uncertainty requires valid regional genetic and total residual parameters","gcorr_genome"
"chr3_14816900_16282442","region","h2","GWAS2",NA,0.000588327439560274,NA,NA,NA,NA,"Joint HESS uncertainty requires valid regional genetic and total residual parameters","gcorr_genome"
"chr3_149043237_150252004","region","h2","GWAS2",NA,6.7808481299289e-05,NA,NA,NA,NA,"Joint HESS uncertainty requires valid regional genetic and total residual parameters","gcorr_genome"
"chr3_150252004_151348730","region","h2","GWAS2",NA,2.17137746324973e-05,NA,NA,NA,NA,"Joint HESS uncertainty requires valid regional genetic and total residual parameters","gcorr_genome"
"chr3_151348730_153256571","region","h2","GWAS2",NA,-9.03925517567015e-05,NA,NA,NA,NA,"Joint HESS uncertainty requires valid regional genetic and total residual parameters","gcorr_genome"
"chr3_153256571_154714218","region","h2","GWAS2",NA,0.000124757655654567,NA,NA,NA,NA,"Joint HESS uncertainty requires valid regional genetic and total residual parameters","gcorr_genome"
"chr3_154714218_156008700","region","h2","GWAS2",NA,-0.000277299063694699,NA,NA,NA,NA,"Joint HESS uncertainty requires valid regional genetic and total residual parameters","gcorr_genome"
"chr3_156008700_157312028","region","h2","GWAS2",NA,-4.92296547681891e-05,NA,NA,NA,NA,"Joint HESS uncertainty requires valid regional genetic and total residual parameters","gcorr_genome"
"chr3_157312028_159477890","region","h2","GWAS2",NA,-0.000247272812597674,NA,NA,NA,NA,"Joint HESS uncertainty requires valid regional genetic and total residual parameters","gcorr_genome"
"chr3_159477890_161524504","region","h2","GWAS2",NA,-0.000257816281691729,NA,NA,NA,NA,"Joint HESS uncertainty requires valid regional genetic and total residual parameters","gcorr_genome"
"chr3_161524504_163253205","region","h2","GWAS2",NA,-2.46112722522443e-05,NA,NA,NA,NA,"Joint HESS uncertainty requires valid regional genetic and total residual parameters","gcorr_genome"
"chr3_16282442_17891118","region","h2","GWAS2",NA,-0.000210988708731436,NA,NA,NA,NA,"Joint HESS uncertainty requires valid regional genetic and total residual parameters","gcorr_genome"
"chr3_163253205_165055469","region","h2","GWAS2",NA,-0.0002909858487217,NA,NA,NA,NA,"Joint HESS uncertainty requires valid regional genetic and total residual parameters","gcorr_genome"
"chr3_165055469_167117429","region","h2","GWAS2",NA,-0.000144659896672986,NA,NA,NA,NA,"Joint HESS uncertainty requires valid regional genetic and total residual parameters","gcorr_genome"
"chr3_167117429_168580960","region","h2","GWAS2",NA,-1.29650891192381e-05,NA,NA,NA,NA,"Joint HESS uncertainty requires valid regional genetic and total residual parameters","gcorr_genome"
"chr3_168580960_170964909","region","h2","GWAS2",NA,-6.49109841166432e-05,NA,NA,NA,NA,"Joint HESS uncertainty requires valid regional genetic and total residual parameters","gcorr_genome"
"chr3_170964909_172295731","region","h2","GWAS2",NA,0.000188553855348204,NA,NA,NA,NA,"Joint HESS uncertainty requires valid regional genetic and total residual parameters","gcorr_genome"
"chr3_172295731_173477285","region","h2","GWAS2",NA,9.93829996334385e-05,NA,NA,NA,NA,"Joint HESS uncertainty requires valid regional genetic and total residual parameters","gcorr_genome"
"chr3_173477285_175116539","region","h2","GWAS2",NA,-0.000236281280814386,NA,NA,NA,NA,"Joint HESS uncertainty requires valid regional genetic and total residual parameters","gcorr_genome"
"chr3_175116539_176320287","region","h2","GWAS2",NA,-0.000153055606116641,NA,NA,NA,NA,"Joint HESS uncertainty requires valid regional genetic and total residual parameters","gcorr_genome"
"chr3_176320287_178107165","region","h2","GWAS2",NA,-0.000235794357104212,NA,NA,NA,NA,"Joint HESS uncertainty requires valid regional genetic and total residual parameters","gcorr_genome"
"chr3_178107165_179374586","region","h2","GWAS2",NA,-0.000323466359483473,NA,NA,NA,NA,"Joint HESS uncertainty requires valid regional genetic and total residual parameters","gcorr_genome"
"chr3_17891118_19125144","region","h2","GWAS2",NA,-0.000269355061377037,NA,NA,NA,NA,"Joint HESS uncertainty requires valid regional genetic and total residual parameters","gcorr_genome"
"chr3_179374586_181511166","region","h2","GWAS2",NA,-0.000156281381636247,NA,NA,NA,NA,"Joint HESS uncertainty requires valid regional genetic and total residual parameters","gcorr_genome"
"chr3_181511166_183769683","region","h2","GWAS2",NA,5.39750946625707e-07,NA,NA,NA,NA,"Joint HESS uncertainty requires valid regional genetic and total residual parameters","gcorr_genome"
"chr3_183769683_185068255","region","h2","GWAS2",NA,-0.000204202141640682,NA,NA,NA,NA,"Joint HESS uncertainty requires valid regional genetic and total residual parameters","gcorr_genome"
"chr3_185068255_186890344","region","h2","GWAS2",NA,-0.000228364862633708,NA,NA,NA,NA,"Joint HESS uncertainty requires valid regional genetic and total residual parameters","gcorr_genome"
"chr3_186890344_188856214","region","h2","GWAS2",NA,-0.000193393439831324,NA,NA,NA,NA,"Joint HESS uncertainty requires valid regional genetic and total residual parameters","gcorr_genome"
"chr3_188856214_190226607","region","h2","GWAS2",NA,-0.000253037526096121,NA,NA,NA,NA,"Joint HESS uncertainty requires valid regional genetic and total residual parameters","gcorr_genome"
"chr3_190226607_192343814","region","h2","GWAS2",NA,-0.000221009840040671,NA,NA,NA,NA,"Joint HESS uncertainty requires valid regional genetic and total residual parameters","gcorr_genome"
"chr3_19125144_20091348","region","h2","GWAS2",NA,-0.000216650383553638,NA,NA,NA,NA,"Joint HESS uncertainty requires valid regional genetic and total residual parameters","gcorr_genome"
"chr3_192343814_194059671","region","h2","GWAS2",NA,-0.000196385699190758,NA,NA,NA,NA,"Joint HESS uncertainty requires valid regional genetic and total residual parameters","gcorr_genome"
"chr3_194059671_194786674","region","h2","GWAS2",NA,-0.000293218384083632,NA,NA,NA,NA,"Joint HESS uncertainty requires valid regional genetic and total residual parameters","gcorr_genome"
"chr3_194786674_195971408","region","h2","GWAS2",NA,-0.000135758534233197,NA,NA,NA,NA,"Joint HESS uncertainty requires valid regional genetic and total residual parameters","gcorr_genome"
"chr3_195971408_197075987","region","h2","GWAS2",NA,6.83403808557884e-06,NA,NA,NA,NA,"Joint HESS uncertainty requires valid regional genetic and total residual parameters","gcorr_genome"
"chr3_197075987_197946622","region","h2","GWAS2",NA,0.000149548413678602,NA,NA,NA,NA,"Joint HESS uncertainty requires valid regional genetic and total residual parameters","gcorr_genome"
"chr3_20091348_21643707","region","h2","GWAS2",NA,-0.000277532988708463,NA,NA,NA,NA,"Joint HESS uncertainty requires valid regional genetic and total residual parameters","gcorr_genome"
"chr3_21643707_22204244","region","h2","GWAS2",NA,-0.000249691135442076,NA,NA,NA,NA,"Joint HESS uncertainty requires valid regional genetic and total residual parameters","gcorr_genome"
"chr3_22204244_23804865","region","h2","GWAS2",NA,-0.000135115704379011,NA,NA,NA,NA,"Joint HESS uncertainty requires valid regional genetic and total residual parameters","gcorr_genome"
"chr3_23804865_25461558","region","h2","GWAS2",NA,-0.000361441275814686,NA,NA,NA,NA,"Joint HESS uncertainty requires valid regional genetic and total residual parameters","gcorr_genome"
"chr3_25461558_26877769","region","h2","GWAS2",NA,-0.000311533221771646,NA,NA,NA,NA,"Joint HESS uncertainty requires valid regional genetic and total residual parameters","gcorr_genome"
"chr3_26877769_27840910","region","h2","GWAS2",NA,-0.000327854915882122,NA,NA,NA,NA,"Joint HESS uncertainty requires valid regional genetic and total residual parameters","gcorr_genome"
"chr3_27840910_29142260","region","h2","GWAS2",NA,-0.000263875172267056,NA,NA,NA,NA,"Joint HESS uncertainty requires valid regional genetic and total residual parameters","gcorr_genome"
"chr3_29142260_30717955","region","h2","GWAS2",NA,-0.000262044791276559,NA,NA,NA,NA,"Joint HESS uncertainty requires valid regional genetic and total residual parameters","gcorr_genome"
"chr3_2992120_4431647","region","h2","GWAS2",NA,-0.000158092046427293,NA,NA,NA,NA,"Joint HESS uncertainty requires valid regional genetic and total residual parameters","gcorr_genome"
"chr3_30717955_32351715","region","h2","GWAS2",NA,-0.000219930289419541,NA,NA,NA,NA,"Joint HESS uncertainty requires valid regional genetic and total residual parameters","gcorr_genome"
"chr3_32351715_33255592","region","h2","GWAS2",NA,-0.000347665681809985,NA,NA,NA,NA,"Joint HESS uncertainty requires valid regional genetic and total residual parameters","gcorr_genome"
"chr3_33255592_35283458","region","h2","GWAS2",NA,-0.000244938830470464,NA,NA,NA,NA,"Joint HESS uncertainty requires valid regional genetic and total residual parameters","gcorr_genome"
"chr3_35283458_36486842","region","h2","GWAS2",NA,-0.000341371320008875,NA,NA,NA,NA,"Joint HESS uncertainty requires valid regional genetic and total residual parameters","gcorr_genome"
"chr3_36486842_38356116","region","h2","GWAS2",NA,-0.000178251034161278,NA,NA,NA,NA,"Joint HESS uncertainty requires valid regional genetic and total residual parameters","gcorr_genome"
"chr3_38356116_40221298","region","h2","GWAS2",NA,-0.000112751847661951,NA,NA,NA,NA,"Joint HESS uncertainty requires valid regional genetic and total residual parameters","gcorr_genome"
"chr3_40221298_41064528","region","h2","GWAS2",NA,-0.000253664463688346,NA,NA,NA,NA,"Joint HESS uncertainty requires valid regional genetic and total residual parameters","gcorr_genome"
"chr3_41064528_42540002","region","h2","GWAS2",NA,-0.00015811547843075,NA,NA,NA,NA,"Joint HESS uncertainty requires valid regional genetic and total residual parameters","gcorr_genome"
"chr3_42540002_45165153","region","h2","GWAS2",NA,-9.23556900487304e-05,NA,NA,NA,NA,"Joint HESS uncertainty requires valid regional genetic and total residual parameters","gcorr_genome"
"chr3_4431647_6083183","region","h2","GWAS2",NA,-0.000280592457469553,NA,NA,NA,NA,"Joint HESS uncertainty requires valid regional genetic and total residual parameters","gcorr_genome"
"chr3_45165153_46657500","region","h2","GWAS2",NA,-3.38724476463366e-05,NA,NA,NA,NA,"Joint HESS uncertainty requires valid regional genetic and total residual parameters","gcorr_genome"
"chr3_46657500_47727212","region","h2","GWAS2",NA,-2.83180707921777e-05,NA,NA,NA,NA,"Joint HESS uncertainty requires valid regional genetic and total residual parameters","gcorr_genome"
"chr3_47727212_49316972","region","h2","GWAS2",NA,0.000570302488638843,NA,NA,NA,NA,"Joint HESS uncertainty requires valid regional genetic and total residual parameters","gcorr_genome"
"chr3_49316972_51832015","region","h2","GWAS2",NA,0.000523205574747641,NA,NA,NA,NA,"Joint HESS uncertainty requires valid regional genetic and total residual parameters","gcorr_genome"
"chr3_51832015_54081390","region","h2","GWAS2",NA,6.37375364286829e-05,NA,NA,NA,NA,"Joint HESS uncertainty requires valid regional genetic and total residual parameters","gcorr_genome"
"chr3_54081390_55348860","region","h2","GWAS2",NA,-0.000139231301481263,NA,NA,NA,NA,"Joint HESS uncertainty requires valid regional genetic and total residual parameters","gcorr_genome"
"chr3_55348860_56433907","region","h2","GWAS2",NA,-0.000227145590142183,NA,NA,NA,NA,"Joint HESS uncertainty requires valid regional genetic and total residual parameters","gcorr_genome"
"chr3_56433907_58157519","region","h2","GWAS2",NA,-0.000239202121359368,NA,NA,NA,NA,"Joint HESS uncertainty requires valid regional genetic and total residual parameters","gcorr_genome"
"chr3_58157519_60272906","region","h2","GWAS2",NA,-0.000273008590033153,NA,NA,NA,NA,"Joint HESS uncertainty requires valid regional genetic and total residual parameters","gcorr_genome"
"chr3_60157_1441779","region","h2","GWAS2",NA,5.25303992320807e-05,NA,NA,NA,NA,"Joint HESS uncertainty requires valid regional genetic and total residual parameters","gcorr_genome"
"chr3_60272906_62355666","region","h2","GWAS2",NA,-0.000123709465526817,NA,NA,NA,NA,"Joint HESS uncertainty requires valid regional genetic and total residual parameters","gcorr_genome"
"chr3_6083183_7083387","region","h2","GWAS2",NA,-0.000181421743552334,NA,NA,NA,NA,"Joint HESS uncertainty requires valid regional genetic and total residual parameters","gcorr_genome"
"chr3_62355666_63669286","region","h2","GWAS2",NA,-0.000423513154475894,NA,NA,NA,NA,"Joint HESS uncertainty requires valid regional genetic and total residual parameters","gcorr_genome"
"chr3_63669286_65273538","region","h2","GWAS2",NA,-0.000106945739053033,NA,NA,NA,NA,"Joint HESS uncertainty requires valid regional genetic and total residual parameters","gcorr_genome"
"chr3_65273538_66270447","region","h2","GWAS2",NA,-0.000231862731832049,NA,NA,NA,NA,"Joint HESS uncertainty requires valid regional genetic and total residual parameters","gcorr_genome"
"chr3_66270447_68286914","region","h2","GWAS2",NA,-0.000141256000165604,NA,NA,NA,NA,"Joint HESS uncertainty requires valid regional genetic and total residual parameters","gcorr_genome"
"chr3_68286914_69276762","region","h2","GWAS2",NA,-0.000251707624673622,NA,NA,NA,NA,"Joint HESS uncertainty requires valid regional genetic and total residual parameters","gcorr_genome"
"chr3_69276762_70449028","region","h2","GWAS2",NA,-6.10215054178019e-05,NA,NA,NA,NA,"Joint HESS uncertainty requires valid regional genetic and total residual parameters","gcorr_genome"
"chr3_70449028_72529329","region","h2","GWAS2",NA,-2.19399902633512e-05,NA,NA,NA,NA,"Joint HESS uncertainty requires valid regional genetic and total residual parameters","gcorr_genome"
"chr3_7083387_8648561","region","h2","GWAS2",NA,-0.000239846348458498,NA,NA,NA,NA,"Joint HESS uncertainty requires valid regional genetic and total residual parameters","gcorr_genome"
"chr3_72529329_74321817","region","h2","GWAS2",NA,-0.00015917984548301,NA,NA,NA,NA,"Joint HESS uncertainty requires valid regional genetic and total residual parameters","gcorr_genome"
"chr3_74321817_75704949","region","h2","GWAS2",NA,-0.000229926667053284,NA,NA,NA,NA,"Joint HESS uncertainty requires valid regional genetic and total residual parameters","gcorr_genome"
"chr3_75704949_77508835","region","h2","GWAS2",NA,-0.000122473634934466,NA,NA,NA,NA,"Joint HESS uncertainty requires valid regional genetic and total residual parameters","gcorr_genome"
"chr3_77508835_79024541","region","h2","GWAS2",NA,-2.80397600212919e-05,NA,NA,NA,NA,"Joint HESS uncertainty requires valid regional genetic and total residual parameters","gcorr_genome"
"chr3_79024541_81427310","region","h2","GWAS2",NA,-0.000161303323731876,NA,NA,NA,NA,"Joint HESS uncertainty requires valid regional genetic and total residual parameters","gcorr_genome"
"chr3_81427310_82643886","region","h2","GWAS2",NA,9.87576877274494e-05,NA,NA,NA,NA,"Joint HESS uncertainty requires valid regional genetic and total residual parameters","gcorr_genome"
"chr3_82643886_84367479","region","h2","GWAS2",NA,-0.000228356910298193,NA,NA,NA,NA,"Joint HESS uncertainty requires valid regional genetic and total residual parameters","gcorr_genome"
"chr3_84367479_85582231","region","h2","GWAS2",NA,-6.6969768596566e-05,NA,NA,NA,NA,"Joint HESS uncertainty requires valid regional genetic and total residual parameters","gcorr_genome"
"chr3_85582231_87409732","region","h2","GWAS2",NA,-6.75023173375633e-05,NA,NA,NA,NA,"Joint HESS uncertainty requires valid regional genetic and total residual parameters","gcorr_genome"
"chr3_8648561_9543183","region","h2","GWAS2",NA,-5.69370152656978e-05,NA,NA,NA,NA,"Joint HESS uncertainty requires valid regional genetic and total residual parameters","gcorr_genome"
"chr3_87409732_88298373","region","h2","GWAS2",NA,-1.00148254352659e-05,NA,NA,NA,NA,"Joint HESS uncertainty requires valid regional genetic and total residual parameters","gcorr_genome"
"chr3_88298373_94255316","region","h2","GWAS2",NA,2.53625504221768e-06,NA,NA,NA,NA,"Joint HESS uncertainty requires valid regional genetic and total residual parameters","gcorr_genome"
"chr3_94255316_95311971","region","h2","GWAS2",NA,0.00027169082086996,NA,NA,NA,NA,"Joint HESS uncertainty requires valid regional genetic and total residual parameters","gcorr_genome"
"chr3_95311971_98215950","region","h2","GWAS2",NA,3.59628003161041e-05,NA,NA,NA,NA,"Joint HESS uncertainty requires valid regional genetic and total residual parameters","gcorr_genome"
"chr3_9543183_11019665","region","h2","GWAS2",NA,-8.80894050279041e-05,NA,NA,NA,NA,"Joint HESS uncertainty requires valid regional genetic and total residual parameters","gcorr_genome"
"chr3_98215950_99373762","region","h2","GWAS2",NA,5.09357280849739e-05,NA,NA,NA,NA,"Joint HESS uncertainty requires valid regional genetic and total residual parameters","gcorr_genome"
"chr3_99373762_100592217","region","h2","GWAS2",NA,-0.000173551146797258,NA,NA,NA,NA,"Joint HESS uncertainty requires valid regional genetic and total residual parameters","gcorr_genome"
"chr4_100678360_103221356","region","h2","GWAS2",NA,-0.000191058581455247,NA,NA,NA,NA,"Joint HESS uncertainty requires valid regional genetic and total residual parameters","gcorr_genome"
"chr4_10240_694715","region","h2","GWAS2",NA,-0.000179003113560275,NA,NA,NA,NA,"Joint HESS uncertainty requires valid regional genetic and total residual parameters","gcorr_genome"
"chr4_103221356_105305294","region","h2","GWAS2",NA,-0.000294564735239638,NA,NA,NA,NA,"Joint HESS uncertainty requires valid regional genetic and total residual parameters","gcorr_genome"
"chr4_105305294_107501305","region","h2","GWAS2",NA,1.76063990637341e-05,NA,NA,NA,NA,"Joint HESS uncertainty requires valid regional genetic and total residual parameters","gcorr_genome"
"chr4_10699152_12323034","region","h2","GWAS2",NA,-0.000138484870052076,NA,NA,NA,NA,"Joint HESS uncertainty requires valid regional genetic and total residual parameters","gcorr_genome"
"chr4_107501305_108815348","region","h2","GWAS2",NA,-0.000249491618697935,NA,NA,NA,NA,"Joint HESS uncertainty requires valid regional genetic and total residual parameters","gcorr_genome"
"chr4_108815348_111256567","region","h2","GWAS2",NA,-0.000263429887845788,NA,NA,NA,NA,"Joint HESS uncertainty requires valid regional genetic and total residual parameters","gcorr_genome"
"chr4_111256567_113870102","region","h2","GWAS2",NA,-0.000347306328163519,NA,NA,NA,NA,"Joint HESS uncertainty requires valid regional genetic and total residual parameters","gcorr_genome"
"chr4_113870102_115666246","region","h2","GWAS2",NA,-0.000104645127475797,NA,NA,NA,NA,"Joint HESS uncertainty requires valid regional genetic and total residual parameters","gcorr_genome"
"chr4_115666246_117276929","region","h2","GWAS2",NA,5.47971278135391e-05,NA,NA,NA,NA,"Joint HESS uncertainty requires valid regional genetic and total residual parameters","gcorr_genome"
"chr4_117276929_118479918","region","h2","GWAS2",NA,-0.00015006790676431,NA,NA,NA,NA,"Joint HESS uncertainty requires valid regional genetic and total residual parameters","gcorr_genome"
"chr4_118479918_119933512","region","h2","GWAS2",NA,0.000334390415837222,NA,NA,NA,NA,"Joint HESS uncertainty requires valid regional genetic and total residual parameters","gcorr_genome"
"chr4_119933512_120392684","region","h2","GWAS2",NA,0.000230161411527106,NA,NA,NA,NA,"Joint HESS uncertainty requires valid regional genetic and total residual parameters","gcorr_genome"
"chr4_120392684_122657987","region","h2","GWAS2",NA,0.00014050323150571,NA,NA,NA,NA,"Joint HESS uncertainty requires valid regional genetic and total residual parameters","gcorr_genome"
"chr4_122657987_124286481","region","h2","GWAS2",NA,-0.000134489117560976,NA,NA,NA,NA,"Joint HESS uncertainty requires valid regional genetic and total residual parameters","gcorr_genome"
"chr4_12323034_14272001","region","h2","GWAS2",NA,-0.000363934304136319,NA,NA,NA,NA,"Joint HESS uncertainty requires valid regional genetic and total residual parameters","gcorr_genome"
"chr4_124286481_125210862","region","h2","GWAS2",NA,-1.92498295470257e-05,NA,NA,NA,NA,"Joint HESS uncertainty requires valid regional genetic and total residual parameters","gcorr_genome"
"chr4_125210862_126480886","region","h2","GWAS2",NA,0.000268663978381655,NA,NA,NA,NA,"Joint HESS uncertainty requires valid regional genetic and total residual parameters","gcorr_genome"
"chr4_126480886_127275477","region","h2","GWAS2",NA,-8.88343947187351e-05,NA,NA,NA,NA,"Joint HESS uncertainty requires valid regional genetic and total residual parameters","gcorr_genome"
"chr4_127275477_127830293","region","h2","GWAS2",NA,-0.000255671371210919,NA,NA,NA,NA,"Joint HESS uncertainty requires valid regional genetic and total residual parameters","gcorr_genome"
"chr4_127830293_128996665","region","h2","GWAS2",NA,-2.25105270343359e-05,NA,NA,NA,NA,"Joint HESS uncertainty requires valid regional genetic and total residual parameters","gcorr_genome"
"chr4_128996665_130591885","region","h2","GWAS2",NA,2.7327932025737e-05,NA,NA,NA,NA,"Joint HESS uncertainty requires valid regional genetic and total residual parameters","gcorr_genome"
"chr4_130591885_131283821","region","h2","GWAS2",NA,-0.000129877075758447,NA,NA,NA,NA,"Joint HESS uncertainty requires valid regional genetic and total residual parameters","gcorr_genome"
"chr4_131283821_132954033","region","h2","GWAS2",NA,2.50414725704413e-05,NA,NA,NA,NA,"Joint HESS uncertainty requires valid regional genetic and total residual parameters","gcorr_genome"
"chr4_132954033_134628434","region","h2","GWAS2",NA,-0.000164995489985335,NA,NA,NA,NA,"Joint HESS uncertainty requires valid regional genetic and total residual parameters","gcorr_genome"
"chr4_134628434_136566407","region","h2","GWAS2",NA,-0.000243752427285307,NA,NA,NA,NA,"Joint HESS uncertainty requires valid regional genetic and total residual parameters","gcorr_genome"
"chr4_136566407_138541971","region","h2","GWAS2",NA,-2.66424162779858e-05,NA,NA,NA,NA,"Joint HESS uncertainty requires valid regional genetic and total residual parameters","gcorr_genome"
"chr4_138541971_139556511","region","h2","GWAS2",NA,-0.000170233759166869,NA,NA,NA,NA,"Joint HESS uncertainty requires valid regional genetic and total residual parameters","gcorr_genome"
"chr4_139556511_141084631","region","h2","GWAS2",NA,-0.000240218918044886,NA,NA,NA,NA,"Joint HESS uncertainty requires valid regional genetic and total residual parameters","gcorr_genome"
"chr4_141084631_143443265","region","h2","GWAS2",NA,-0.000429198624845122,NA,NA,NA,NA,"Joint HESS uncertainty requires valid regional genetic and total residual parameters","gcorr_genome"
"chr4_14272001_15147446","region","h2","GWAS2",NA,-8.08882476625142e-05,NA,NA,NA,NA,"Joint HESS uncertainty requires valid regional genetic and total residual parameters","gcorr_genome"
"chr4_143443265_146178187","region","h2","GWAS2",NA,-5.95059630947367e-05,NA,NA,NA,NA,"Joint HESS uncertainty requires valid regional genetic and total residual parameters","gcorr_genome"
"chr4_146178187_148521873","region","h2","GWAS2",NA,0.000571984228055753,NA,NA,NA,NA,"Joint HESS uncertainty requires valid regional genetic and total residual parameters","gcorr_genome"
"chr4_1478711_2842979","region","h2","GWAS2",NA,4.91890236911031e-05,NA,NA,NA,NA,"Joint HESS uncertainty requires valid regional genetic and total residual parameters","gcorr_genome"
"chr4_148521873_150683580","region","h2","GWAS2",NA,-0.000137265578415209,NA,NA,NA,NA,"Joint HESS uncertainty requires valid regional genetic and total residual parameters","gcorr_genome"
"chr4_150683580_152782184","region","h2","GWAS2",NA,-0.000199071784237811,NA,NA,NA,NA,"Joint HESS uncertainty requires valid regional genetic and total residual parameters","gcorr_genome"
"chr4_15147446_15927009","region","h2","GWAS2",NA,-0.000129122438286967,NA,NA,NA,NA,"Joint HESS uncertainty requires valid regional genetic and total residual parameters","gcorr_genome"
"chr4_152782184_154477641","region","h2","GWAS2",NA,-0.000257401854814547,NA,NA,NA,NA,"Joint HESS uncertainty requires valid regional genetic and total residual parameters","gcorr_genome"
"chr4_154477641_155056126","region","h2","GWAS2",NA,-8.51056756237554e-05,NA,NA,NA,NA,"Joint HESS uncertainty requires valid regional genetic and total residual parameters","gcorr_genome"
"chr4_155056126_157485097","region","h2","GWAS2",NA,0.000331661833977403,NA,NA,NA,NA,"Joint HESS uncertainty requires valid regional genetic and total residual parameters","gcorr_genome"
"chr4_157485097_158743718","region","h2","GWAS2",NA,-0.00034002023061348,NA,NA,NA,NA,"Joint HESS uncertainty requires valid regional genetic and total residual parameters","gcorr_genome"
"chr4_158743718_161058864","region","h2","GWAS2",NA,-0.000277758900391664,NA,NA,NA,NA,"Joint HESS uncertainty requires valid regional genetic and total residual parameters","gcorr_genome"
"chr4_15927009_17383322","region","h2","GWAS2",NA,-0.000175932853393262,NA,NA,NA,NA,"Joint HESS uncertainty requires valid regional genetic and total residual parameters","gcorr_genome"
"chr4_161058864_161826435","region","h2","GWAS2",NA,-0.00016212276493867,NA,NA,NA,NA,"Joint HESS uncertainty requires valid regional genetic and total residual parameters","gcorr_genome"
"chr4_161826435_163243679","region","h2","GWAS2",NA,-0.000262798715175536,NA,NA,NA,NA,"Joint HESS uncertainty requires valid regional genetic and total residual parameters","gcorr_genome"
"chr4_163243679_164478234","region","h2","GWAS2",NA,-0.000121441040604953,NA,NA,NA,NA,"Joint HESS uncertainty requires valid regional genetic and total residual parameters","gcorr_genome"
"chr4_164478234_165823448","region","h2","GWAS2",NA,-0.000234041087545958,NA,NA,NA,NA,"Joint HESS uncertainty requires valid regional genetic and total residual parameters","gcorr_genome"
"chr4_165823448_167018858","region","h2","GWAS2",NA,-0.000319382499666393,NA,NA,NA,NA,"Joint HESS uncertainty requires valid regional genetic and total residual parameters","gcorr_genome"
"chr4_167018858_167852917","region","h2","GWAS2",NA,-1.52684062822256e-05,NA,NA,NA,NA,"Joint HESS uncertainty requires valid regional genetic and total residual parameters","gcorr_genome"
"chr4_167852917_169676825","region","h2","GWAS2",NA,-7.30292461561167e-05,NA,NA,NA,NA,"Joint HESS uncertainty requires valid regional genetic and total residual parameters","gcorr_genome"
"chr4_169676825_170776510","region","h2","GWAS2",NA,0.000169429628302817,NA,NA,NA,NA,"Joint HESS uncertainty requires valid regional genetic and total residual parameters","gcorr_genome"
"chr4_170776510_172558635","region","h2","GWAS2",NA,-0.000249795600888467,NA,NA,NA,NA,"Joint HESS uncertainty requires valid regional genetic and total residual parameters","gcorr_genome"
"chr4_172558635_174264132","region","h2","GWAS2",NA,-0.000218934372986758,NA,NA,NA,NA,"Joint HESS uncertainty requires valid regional genetic and total residual parameters","gcorr_genome"
"chr4_17383322_18841874","region","h2","GWAS2",NA,-0.00013227431671623,NA,NA,NA,NA,"Joint HESS uncertainty requires valid regional genetic and total residual parameters","gcorr_genome"
"chr4_174264132_176570716","region","h2","GWAS2",NA,-0.00030692561666882,NA,NA,NA,NA,"Joint HESS uncertainty requires valid regional genetic and total residual parameters","gcorr_genome"
"chr4_176570716_178991910","region","h2","GWAS2",NA,-0.000367181161986147,NA,NA,NA,NA,"Joint HESS uncertainty requires valid regional genetic and total residual parameters","gcorr_genome"
"chr4_178991910_180122043","region","h2","GWAS2",NA,-0.000104942681413193,NA,NA,NA,NA,"Joint HESS uncertainty requires valid regional genetic and total residual parameters","gcorr_genome"
"chr4_180122043_182066807","region","h2","GWAS2",NA,-0.00017928680169635,NA,NA,NA,NA,"Joint HESS uncertainty requires valid regional genetic and total residual parameters","gcorr_genome"
"chr4_182066807_183371275","region","h2","GWAS2",NA,-0.000428471905297725,NA,NA,NA,NA,"Joint HESS uncertainty requires valid regional genetic and total residual parameters","gcorr_genome"
"chr4_183371275_184929455","region","h2","GWAS2",NA,-0.000295535802061622,NA,NA,NA,NA,"Joint HESS uncertainty requires valid regional genetic and total residual parameters","gcorr_genome"
"chr4_184929455_186909090","region","h2","GWAS2",NA,-0.000248326335453543,NA,NA,NA,NA,"Joint HESS uncertainty requires valid regional genetic and total residual parameters","gcorr_genome"
"chr4_186909090_188472981","region","h2","GWAS2",NA,-0.000216871225666238,NA,NA,NA,NA,"Joint HESS uncertainty requires valid regional genetic and total residual parameters","gcorr_genome"
"chr4_18841874_20544557","region","h2","GWAS2",NA,-0.000314596738730037,NA,NA,NA,NA,"Joint HESS uncertainty requires valid regional genetic and total residual parameters","gcorr_genome"
"chr4_188472981_189693511","region","h2","GWAS2",NA,-0.000230957775340584,NA,NA,NA,NA,"Joint HESS uncertainty requires valid regional genetic and total residual parameters","gcorr_genome"
"chr4_189693511_191043594","region","h2","GWAS2",NA,-0.000243583395722625,NA,NA,NA,NA,"Joint HESS uncertainty requires valid regional genetic and total residual parameters","gcorr_genome"
"chr4_20544557_22319347","region","h2","GWAS2",NA,-0.000429118979422426,NA,NA,NA,NA,"Joint HESS uncertainty requires valid regional genetic and total residual parameters","gcorr_genome"
"chr4_22319347_24135529","region","h2","GWAS2",NA,-0.000183693377792455,NA,NA,NA,NA,"Joint HESS uncertainty requires valid regional genetic and total residual parameters","gcorr_genome"
"chr4_24135529_25609322","region","h2","GWAS2",NA,-0.000218426120880584,NA,NA,NA,NA,"Joint HESS uncertainty requires valid regional genetic and total residual parameters","gcorr_genome"
"chr4_25609322_27343722","region","h2","GWAS2",NA,-0.00020845142593164,NA,NA,NA,NA,"Joint HESS uncertainty requires valid regional genetic and total residual parameters","gcorr_genome"
"chr4_27343722_27965868","region","h2","GWAS2",NA,-0.000226461096390657,NA,NA,NA,NA,"Joint HESS uncertainty requires valid regional genetic and total residual parameters","gcorr_genome"
"chr4_27965868_29762208","region","h2","GWAS2",NA,-0.000133157353949884,NA,NA,NA,NA,"Joint HESS uncertainty requires valid regional genetic and total residual parameters","gcorr_genome"
"chr4_2842979_3846040","region","h2","GWAS2",NA,-1.90045196874807e-05,NA,NA,NA,NA,"Joint HESS uncertainty requires valid regional genetic and total residual parameters","gcorr_genome"
"chr4_29762208_30454535","region","h2","GWAS2",NA,-0.000222956703089239,NA,NA,NA,NA,"Joint HESS uncertainty requires valid regional genetic and total residual parameters","gcorr_genome"
"chr4_30454535_31782981","region","h2","GWAS2",NA,-0.000127296704809324,NA,NA,NA,NA,"Joint HESS uncertainty requires valid regional genetic and total residual parameters","gcorr_genome"
"chr4_31782981_33172766","region","h2","GWAS2",NA,-0.000150706800423166,NA,NA,NA,NA,"Joint HESS uncertainty requires valid regional genetic and total residual parameters","gcorr_genome"
"chr4_33172766_35151415","region","h2","GWAS2",NA,-0.000285736634616085,NA,NA,NA,NA,"Joint HESS uncertainty requires valid regional genetic and total residual parameters","gcorr_genome"
"chr4_35151415_36020436","region","h2","GWAS2",NA,-0.000367219001754675,NA,NA,NA,NA,"Joint HESS uncertainty requires valid regional genetic and total residual parameters","gcorr_genome"
"chr4_36020436_37255047","region","h2","GWAS2",NA,-0.000273947304082513,NA,NA,NA,NA,"Joint HESS uncertainty requires valid regional genetic and total residual parameters","gcorr_genome"
"chr4_37255047_38907022","region","h2","GWAS2",NA,-0.000276958898512969,NA,NA,NA,NA,"Joint HESS uncertainty requires valid regional genetic and total residual parameters","gcorr_genome"
"chr4_3846040_4684116","region","h2","GWAS2",NA,-0.000170351473153838,NA,NA,NA,NA,"Joint HESS uncertainty requires valid regional genetic and total residual parameters","gcorr_genome"
"chr4_38907022_40202609","region","h2","GWAS2",NA,-7.40592723887254e-05,NA,NA,NA,NA,"Joint HESS uncertainty requires valid regional genetic and total residual parameters","gcorr_genome"
"chr4_40202609_42213058","region","h2","GWAS2",NA,-0.000200390436285732,NA,NA,NA,NA,"Joint HESS uncertainty requires valid regional genetic and total residual parameters","gcorr_genome"
"chr4_42213058_43965045","region","h2","GWAS2",NA,-0.000278532122062565,NA,NA,NA,NA,"Joint HESS uncertainty requires valid regional genetic and total residual parameters","gcorr_genome"
"chr4_43965045_45189157","region","h2","GWAS2",NA,8.07695948062784e-05,NA,NA,NA,NA,"Joint HESS uncertainty requires valid regional genetic and total residual parameters","gcorr_genome"
"chr4_45189157_47411896","region","h2","GWAS2",NA,0.000276200050243737,NA,NA,NA,NA,"Joint HESS uncertainty requires valid regional genetic and total residual parameters","gcorr_genome"
"chr4_4684116_5502388","region","h2","GWAS2",NA,-0.000456886297307063,NA,NA,NA,NA,"Joint HESS uncertainty requires valid regional genetic and total residual parameters","gcorr_genome"
"chr4_47411896_48123600","region","h2","GWAS2",NA,-0.000289926545858827,NA,NA,NA,NA,"Joint HESS uncertainty requires valid regional genetic and total residual parameters","gcorr_genome"
"chr4_48123600_53877433","region","h2","GWAS2",NA,-0.000121265329113083,NA,NA,NA,NA,"Joint HESS uncertainty requires valid regional genetic and total residual parameters","gcorr_genome"
"chr4_53877433_55429556","region","h2","GWAS2",NA,-6.45493893629084e-05,NA,NA,NA,NA,"Joint HESS uncertainty requires valid regional genetic and total residual parameters","gcorr_genome"
"chr4_5502388_6773043","region","h2","GWAS2",NA,-0.000365322811047989,NA,NA,NA,NA,"Joint HESS uncertainty requires valid regional genetic and total residual parameters","gcorr_genome"
"chr4_55429556_56547644","region","h2","GWAS2",NA,0.000259549976857728,NA,NA,NA,NA,"Joint HESS uncertainty requires valid regional genetic and total residual parameters","gcorr_genome"
"chr4_56547644_58935008","region","h2","GWAS2",NA,0.000108515647619331,NA,NA,NA,NA,"Joint HESS uncertainty requires valid regional genetic and total residual parameters","gcorr_genome"
"chr4_58935008_60741087","region","h2","GWAS2",NA,-0.000300541692645795,NA,NA,NA,NA,"Joint HESS uncertainty requires valid regional genetic and total residual parameters","gcorr_genome"
"chr4_60741087_62371763","region","h2","GWAS2",NA,0.000108717543953973,NA,NA,NA,NA,"Joint HESS uncertainty requires valid regional genetic and total residual parameters","gcorr_genome"
"chr4_62371763_64341001","region","h2","GWAS2",NA,-0.000259128589926563,NA,NA,NA,NA,"Joint HESS uncertainty requires valid regional genetic and total residual parameters","gcorr_genome"
"chr4_64341001_66600492","region","h2","GWAS2",NA,-0.000296006400379525,NA,NA,NA,NA,"Joint HESS uncertainty requires valid regional genetic and total residual parameters","gcorr_genome"
"chr4_66600492_68059497","region","h2","GWAS2",NA,-0.000328526511810001,NA,NA,NA,NA,"Joint HESS uncertainty requires valid regional genetic and total residual parameters","gcorr_genome"
"chr4_6773043_7539692","region","h2","GWAS2",NA,-0.000238855308135856,NA,NA,NA,NA,"Joint HESS uncertainty requires valid regional genetic and total residual parameters","gcorr_genome"
"chr4_68059497_68854765","region","h2","GWAS2",NA,-0.00016567844344171,NA,NA,NA,NA,"Joint HESS uncertainty requires valid regional genetic and total residual parameters","gcorr_genome"
"chr4_68854765_71049152","region","h2","GWAS2",NA,-0.000243815411129835,NA,NA,NA,NA,"Joint HESS uncertainty requires valid regional genetic and total residual parameters","gcorr_genome"
"chr4_694715_1478711","region","h2","GWAS2",NA,-0.000192956057141994,NA,NA,NA,NA,"Joint HESS uncertainty requires valid regional genetic and total residual parameters","gcorr_genome"
"chr4_71049152_72140558","region","h2","GWAS2",NA,-0.000342640490496323,NA,NA,NA,NA,"Joint HESS uncertainty requires valid regional genetic and total residual parameters","gcorr_genome"
"chr4_72140558_74592390","region","h2","GWAS2",NA,-0.000263736194979823,NA,NA,NA,NA,"Joint HESS uncertainty requires valid regional genetic and total residual parameters","gcorr_genome"
"chr4_74592390_77130707","region","h2","GWAS2",NA,-0.000196760267892663,NA,NA,NA,NA,"Joint HESS uncertainty requires valid regional genetic and total residual parameters","gcorr_genome"
"chr4_7539692_8152235","region","h2","GWAS2",NA,-0.00016307950467861,NA,NA,NA,NA,"Joint HESS uncertainty requires valid regional genetic and total residual parameters","gcorr_genome"
"chr4_77130707_79093979","region","h2","GWAS2",NA,-0.000383071829486081,NA,NA,NA,NA,"Joint HESS uncertainty requires valid regional genetic and total residual parameters","gcorr_genome"
"chr4_79093979_80990297","region","h2","GWAS2",NA,-0.000336037579448646,NA,NA,NA,NA,"Joint HESS uncertainty requires valid regional genetic and total residual parameters","gcorr_genome"
"chr4_80990297_82125315","region","h2","GWAS2",NA,4.78782531543997e-06,NA,NA,NA,NA,"Joint HESS uncertainty requires valid regional genetic and total residual parameters","gcorr_genome"
"chr4_8152235_9326479","region","h2","GWAS2",NA,-0.000185421501128956,NA,NA,NA,NA,"Joint HESS uncertainty requires valid regional genetic and total residual parameters","gcorr_genome"
"chr4_82125315_83372593","region","h2","GWAS2",NA,-5.03378950486528e-05,NA,NA,NA,NA,"Joint HESS uncertainty requires valid regional genetic and total residual parameters","gcorr_genome"
"chr4_83372593_84799656","region","h2","GWAS2",NA,-0.000181250514005982,NA,NA,NA,NA,"Joint HESS uncertainty requires valid regional genetic and total residual parameters","gcorr_genome"
"chr4_84799656_86930609","region","h2","GWAS2",NA,-0.000149749468029544,NA,NA,NA,NA,"Joint HESS uncertainty requires valid regional genetic and total residual parameters","gcorr_genome"
"chr4_86930609_87534648","region","h2","GWAS2",NA,-0.000123847259805592,NA,NA,NA,NA,"Joint HESS uncertainty requires valid regional genetic and total residual parameters","gcorr_genome"
"chr4_87534648_89238028","region","h2","GWAS2",NA,-0.000417035833089123,NA,NA,NA,NA,"Joint HESS uncertainty requires valid regional genetic and total residual parameters","gcorr_genome"
"chr4_89238028_90231564","region","h2","GWAS2",NA,-0.000148482714056422,NA,NA,NA,NA,"Joint HESS uncertainty requires valid regional genetic and total residual parameters","gcorr_genome"
"chr4_90231564_91560677","region","h2","GWAS2",NA,1.55526804592999e-07,NA,NA,NA,NA,"Joint HESS uncertainty requires valid regional genetic and total residual parameters","gcorr_genome"
"chr4_91560677_94233299","region","h2","GWAS2",NA,-0.000125126974507528,NA,NA,NA,NA,"Joint HESS uncertainty requires valid regional genetic and total residual parameters","gcorr_genome"
"chr4_9326479_10699152","region","h2","GWAS2",NA,-1.8616390277916e-05,NA,NA,NA,NA,"Joint HESS uncertainty requires valid regional genetic and total residual parameters","gcorr_genome"
"chr4_94233299_96182188","region","h2","GWAS2",NA,0.000329639113635019,NA,NA,NA,NA,"Joint HESS uncertainty requires valid regional genetic and total residual parameters","gcorr_genome"
"chr4_96182188_97540703","region","h2","GWAS2",NA,-8.55494314684842e-05,NA,NA,NA,NA,"Joint HESS uncertainty requires valid regional genetic and total residual parameters","gcorr_genome"
"chr4_97540703_99424067","region","h2","GWAS2",NA,-0.00016948906431721,NA,NA,NA,NA,"Joint HESS uncertainty requires valid regional genetic and total residual parameters","gcorr_genome"
"chr4_99424067_100678360","region","h2","GWAS2",NA,8.52041372608758e-05,NA,NA,NA,NA,"Joint HESS uncertainty requires valid regional genetic and total residual parameters","gcorr_genome"
"chr5_101578769_103320005","region","h2","GWAS2",NA,-0.000126330220953141,NA,NA,NA,NA,"Joint HESS uncertainty requires valid regional genetic and total residual parameters","gcorr_genome"
"chr5_103320005_104851483","region","h2","GWAS2",NA,-0.000356864894799587,NA,NA,NA,NA,"Joint HESS uncertainty requires valid regional genetic and total residual parameters","gcorr_genome"
"chr5_104851483_105893055","region","h2","GWAS2",NA,-0.000265226966600917,NA,NA,NA,NA,"Joint HESS uncertainty requires valid regional genetic and total residual parameters","gcorr_genome"
"chr5_105893055_107264196","region","h2","GWAS2",NA,-0.000201673844600618,NA,NA,NA,NA,"Joint HESS uncertainty requires valid regional genetic and total residual parameters","gcorr_genome"
"chr5_107264196_108633934","region","h2","GWAS2",NA,0.000468801026638856,NA,NA,NA,NA,"Joint HESS uncertainty requires valid regional genetic and total residual parameters","gcorr_genome"
"chr5_108633934_110821144","region","h2","GWAS2",NA,-0.000307236486760181,NA,NA,NA,NA,"Joint HESS uncertainty requires valid regional genetic and total residual parameters","gcorr_genome"
"chr5_110821144_111981562","region","h2","GWAS2",NA,-5.83004957430803e-05,NA,NA,NA,NA,"Joint HESS uncertainty requires valid regional genetic and total residual parameters","gcorr_genome"
"chr5_11173271_13464832","region","h2","GWAS2",NA,-0.000360076984461454,NA,NA,NA,NA,"Joint HESS uncertainty requires valid regional genetic and total residual parameters","gcorr_genome"
"chr5_111981562_113396285","region","h2","GWAS2",NA,-6.37609130278044e-05,NA,NA,NA,NA,"Joint HESS uncertainty requires valid regional genetic and total residual parameters","gcorr_genome"
"chr5_113396285_114830370","region","h2","GWAS2",NA,-0.00019955411725382,NA,NA,NA,NA,"Joint HESS uncertainty requires valid regional genetic and total residual parameters","gcorr_genome"
"chr5_114830370_115831047","region","h2","GWAS2",NA,-0.00034062293392252,NA,NA,NA,NA,"Joint HESS uncertainty requires valid regional genetic and total residual parameters","gcorr_genome"
"chr5_115831047_117346213","region","h2","GWAS2",NA,-0.000326023868011235,NA,NA,NA,NA,"Joint HESS uncertainty requires valid regional genetic and total residual parameters","gcorr_genome"
"chr5_117346213_118608820","region","h2","GWAS2",NA,-0.000146115227544896,NA,NA,NA,NA,"Joint HESS uncertainty requires valid regional genetic and total residual parameters","gcorr_genome"
"chr5_118608820_119669042","region","h2","GWAS2",NA,-1.28107991516803e-05,NA,NA,NA,NA,"Joint HESS uncertainty requires valid regional genetic and total residual parameters","gcorr_genome"
"chr5_11940_982252","region","h2","GWAS2",NA,-0.000247932967047328,NA,NA,NA,NA,"Joint HESS uncertainty requires valid regional genetic and total residual parameters","gcorr_genome"
"chr5_119669042_120452166","region","h2","GWAS2",NA,-1.57068412981687e-05,NA,NA,NA,NA,"Joint HESS uncertainty requires valid regional genetic and total residual parameters","gcorr_genome"
"chr5_120452166_122556905","region","h2","GWAS2",NA,6.13749669444046e-05,NA,NA,NA,NA,"Joint HESS uncertainty requires valid regional genetic and total residual parameters","gcorr_genome"
"chr5_122556905_123798100","region","h2","GWAS2",NA,0.000248287791756725,NA,NA,NA,NA,"Joint HESS uncertainty requires valid regional genetic and total residual parameters","gcorr_genome"
"chr5_123798100_125785649","region","h2","GWAS2",NA,-0.000198601482063073,NA,NA,NA,NA,"Joint HESS uncertainty requires valid regional genetic and total residual parameters","gcorr_genome"
"chr5_125785649_127344604","region","h2","GWAS2",NA,-0.000146065088565344,NA,NA,NA,NA,"Joint HESS uncertainty requires valid regional genetic and total residual parameters","gcorr_genome"
"chr5_127344604_129519025","region","h2","GWAS2",NA,-5.52816565123964e-05,NA,NA,NA,NA,"Joint HESS uncertainty requires valid regional genetic and total residual parameters","gcorr_genome"
"chr5_129519025_132139649","region","h2","GWAS2",NA,-4.56185479384898e-06,NA,NA,NA,NA,"Joint HESS uncertainty requires valid regional genetic and total residual parameters","gcorr_genome"
"chr5_132139649_134777401","region","h2","GWAS2",NA,-0.000288342969840568,NA,NA,NA,NA,"Joint HESS uncertainty requires valid regional genetic and total residual parameters","gcorr_genome"
"chr5_13464832_14757804","region","h2","GWAS2",NA,-0.000324392221335526,NA,NA,NA,NA,"Joint HESS uncertainty requires valid regional genetic and total residual parameters","gcorr_genome"
"chr5_134777401_136376050","region","h2","GWAS2",NA,-8.13638369935106e-05,NA,NA,NA,NA,"Joint HESS uncertainty requires valid regional genetic and total residual parameters","gcorr_genome"
"chr5_136376050_139265072","region","h2","GWAS2",NA,-3.88960040735603e-05,NA,NA,NA,NA,"Joint HESS uncertainty requires valid regional genetic and total residual parameters","gcorr_genome"
"chr5_139265072_140645971","region","h2","GWAS2",NA,-0.000396314645890503,NA,NA,NA,NA,"Joint HESS uncertainty requires valid regional genetic and total residual parameters","gcorr_genome"
"chr5_140645971_142981248","region","h2","GWAS2",NA,-0.000158438844796947,NA,NA,NA,NA,"Joint HESS uncertainty requires valid regional genetic and total residual parameters","gcorr_genome"
"chr5_142981248_144943354","region","h2","GWAS2",NA,-0.00021845031198224,NA,NA,NA,NA,"Joint HESS uncertainty requires valid regional genetic and total residual parameters","gcorr_genome"
"chr5_144943354_147181998","region","h2","GWAS2",NA,-0.000183291257573793,NA,NA,NA,NA,"Joint HESS uncertainty requires valid regional genetic and total residual parameters","gcorr_genome"
"chr5_147181998_148662624","region","h2","GWAS2",NA,-0.000248330327967686,NA,NA,NA,NA,"Joint HESS uncertainty requires valid regional genetic and total residual parameters","gcorr_genome"
"chr5_14757804_16963613","region","h2","GWAS2",NA,-0.00028360013049887,NA,NA,NA,NA,"Joint HESS uncertainty requires valid regional genetic and total residual parameters","gcorr_genome"
"chr5_148662624_150561298","region","h2","GWAS2",NA,-9.13781243667463e-05,NA,NA,NA,NA,"Joint HESS uncertainty requires valid regional genetic and total residual parameters","gcorr_genome"
"chr5_150561298_152867774","region","h2","GWAS2",NA,-0.000315904864004076,NA,NA,NA,NA,"Joint HESS uncertainty requires valid regional genetic and total residual parameters","gcorr_genome"
"chr5_152867774_153773088","region","h2","GWAS2",NA,-0.000156869772050148,NA,NA,NA,NA,"Joint HESS uncertainty requires valid regional genetic and total residual parameters","gcorr_genome"
"chr5_153773088_155373505","region","h2","GWAS2",NA,-0.0003344555178271,NA,NA,NA,NA,"Joint HESS uncertainty requires valid regional genetic and total residual parameters","gcorr_genome"
"chr5_155373505_156628700","region","h2","GWAS2",NA,7.33007178926528e-05,NA,NA,NA,NA,"Joint HESS uncertainty requires valid regional genetic and total residual parameters","gcorr_genome"
"chr5_156628700_158825698","region","h2","GWAS2",NA,7.06323222301608e-05,NA,NA,NA,NA,"Joint HESS uncertainty requires valid regional genetic and total residual parameters","gcorr_genome"
"chr5_158825698_159973944","region","h2","GWAS2",NA,-0.000316129107965291,NA,NA,NA,NA,"Joint HESS uncertainty requires valid regional genetic and total residual parameters","gcorr_genome"
"chr5_159973944_161482133","region","h2","GWAS2",NA,-0.000286625944702635,NA,NA,NA,NA,"Joint HESS uncertainty requires valid regional genetic and total residual parameters","gcorr_genome"
"chr5_161482133_162743908","region","h2","GWAS2",NA,-0.000172199877764083,NA,NA,NA,NA,"Joint HESS uncertainty requires valid regional genetic and total residual parameters","gcorr_genome"
"chr5_162743908_163771582","region","h2","GWAS2",NA,4.95734360049075e-05,NA,NA,NA,NA,"Joint HESS uncertainty requires valid regional genetic and total residual parameters","gcorr_genome"
"chr5_163771582_165642395","region","h2","GWAS2",NA,-0.000282261272355657,NA,NA,NA,NA,"Joint HESS uncertainty requires valid regional genetic and total residual parameters","gcorr_genome"
"chr5_165642395_166847740","region","h2","GWAS2",NA,-0.000171618306197179,NA,NA,NA,NA,"Joint HESS uncertainty requires valid regional genetic and total residual parameters","gcorr_genome"
"chr5_166847740_168525318","region","h2","GWAS2",NA,-0.000454966231216306,NA,NA,NA,NA,"Joint HESS uncertainty requires valid regional genetic and total residual parameters","gcorr_genome"
"chr5_168525318_169505664","region","h2","GWAS2",NA,-0.000191007624230457,NA,NA,NA,NA,"Joint HESS uncertainty requires valid regional genetic and total residual parameters","gcorr_genome"
"chr5_169505664_171074292","region","h2","GWAS2",NA,-0.000284007712158187,NA,NA,NA,NA,"Joint HESS uncertainty requires valid regional genetic and total residual parameters","gcorr_genome"
"chr5_16963613_18051592","region","h2","GWAS2",NA,-3.25665504272523e-05,NA,NA,NA,NA,"Joint HESS uncertainty requires valid regional genetic and total residual parameters","gcorr_genome"
"chr5_171074292_172678327","region","h2","GWAS2",NA,-0.000236146864512356,NA,NA,NA,NA,"Joint HESS uncertainty requires valid regional genetic and total residual parameters","gcorr_genome"
"chr5_172678327_173642871","region","h2","GWAS2",NA,-0.000299411210216472,NA,NA,NA,NA,"Joint HESS uncertainty requires valid regional genetic and total residual parameters","gcorr_genome"
"chr5_173642871_175450595","region","h2","GWAS2",NA,-0.00016928837422573,NA,NA,NA,NA,"Joint HESS uncertainty requires valid regional genetic and total residual parameters","gcorr_genome"
"chr5_175450595_177251507","region","h2","GWAS2",NA,-0.000260915591255125,NA,NA,NA,NA,"Joint HESS uncertainty requires valid regional genetic and total residual parameters","gcorr_genome"
"chr5_177251507_178413464","region","h2","GWAS2",NA,-0.000250558322716649,NA,NA,NA,NA,"Joint HESS uncertainty requires valid regional genetic and total residual parameters","gcorr_genome"
"chr5_178413464_179401244","region","h2","GWAS2",NA,-0.000113743082388924,NA,NA,NA,NA,"Joint HESS uncertainty requires valid regional genetic and total residual parameters","gcorr_genome"
"chr5_179401244_180559933","region","h2","GWAS2",NA,-0.000212476425903827,NA,NA,NA,NA,"Joint HESS uncertainty requires valid regional genetic and total residual parameters","gcorr_genome"
"chr5_18051592_19917716","region","h2","GWAS2",NA,-0.0001422387320146,NA,NA,NA,NA,"Joint HESS uncertainty requires valid regional genetic and total residual parameters","gcorr_genome"
"chr5_180559933_180885156","region","h2","GWAS2",NA,-3.65220379786721e-05,NA,NA,NA,NA,"Joint HESS uncertainty requires valid regional genetic and total residual parameters","gcorr_genome"
"chr5_19917716_22152073","region","h2","GWAS2",NA,-0.00024419329659932,NA,NA,NA,NA,"Joint HESS uncertainty requires valid regional genetic and total residual parameters","gcorr_genome"
"chr5_2132442_3361941","region","h2","GWAS2",NA,-0.000186275211915362,NA,NA,NA,NA,"Joint HESS uncertainty requires valid regional genetic and total residual parameters","gcorr_genome"
"chr5_22152073_23494324","region","h2","GWAS2",NA,-0.000185890804652596,NA,NA,NA,NA,"Joint HESS uncertainty requires valid regional genetic and total residual parameters","gcorr_genome"
"chr5_23494324_26184851","region","h2","GWAS2",NA,-0.000262845287334008,NA,NA,NA,NA,"Joint HESS uncertainty requires valid regional genetic and total residual parameters","gcorr_genome"
"chr5_26184851_26857604","region","h2","GWAS2",NA,-0.000162285674844049,NA,NA,NA,NA,"Joint HESS uncertainty requires valid regional genetic and total residual parameters","gcorr_genome"
"chr5_26857604_27984513","region","h2","GWAS2",NA,-0.000270995174752088,NA,NA,NA,NA,"Joint HESS uncertainty requires valid regional genetic and total residual parameters","gcorr_genome"
"chr5_27984513_29714820","region","h2","GWAS2",NA,-0.000266261130603247,NA,NA,NA,NA,"Joint HESS uncertainty requires valid regional genetic and total residual parameters","gcorr_genome"
"chr5_29714820_31390249","region","h2","GWAS2",NA,-0.000186647782532367,NA,NA,NA,NA,"Joint HESS uncertainty requires valid regional genetic and total residual parameters","gcorr_genome"
"chr5_31390249_33500180","region","h2","GWAS2",NA,-0.000144493271836989,NA,NA,NA,NA,"Joint HESS uncertainty requires valid regional genetic and total residual parameters","gcorr_genome"
"chr5_33500180_35048970","region","h2","GWAS2",NA,-0.000228590390749516,NA,NA,NA,NA,"Joint HESS uncertainty requires valid regional genetic and total residual parameters","gcorr_genome"
"chr5_3361941_4632110","region","h2","GWAS2",NA,0.0002100881539827,NA,NA,NA,NA,"Joint HESS uncertainty requires valid regional genetic and total residual parameters","gcorr_genome"
"chr5_35048970_36433954","region","h2","GWAS2",NA,-0.000300612929715675,NA,NA,NA,NA,"Joint HESS uncertainty requires valid regional genetic and total residual parameters","gcorr_genome"
"chr5_36433954_38802410","region","h2","GWAS2",NA,-0.000390993995377838,NA,NA,NA,NA,"Joint HESS uncertainty requires valid regional genetic and total residual parameters","gcorr_genome"
"chr5_38802410_40287729","region","h2","GWAS2",NA,-0.000135052490672246,NA,NA,NA,NA,"Joint HESS uncertainty requires valid regional genetic and total residual parameters","gcorr_genome"
"chr5_40287729_41888710","region","h2","GWAS2",NA,-0.000173092747332185,NA,NA,NA,NA,"Joint HESS uncertainty requires valid regional genetic and total residual parameters","gcorr_genome"
"chr5_41888710_43983499","region","h2","GWAS2",NA,-0.000245722898604991,NA,NA,NA,NA,"Joint HESS uncertainty requires valid regional genetic and total residual parameters","gcorr_genome"
"chr5_43983499_50163398","region","h2","GWAS2",NA,-5.94172443076767e-05,NA,NA,NA,NA,"Joint HESS uncertainty requires valid regional genetic and total residual parameters","gcorr_genome"
"chr5_4632110_5973233","region","h2","GWAS2",NA,-0.000264196292320403,NA,NA,NA,NA,"Joint HESS uncertainty requires valid regional genetic and total residual parameters","gcorr_genome"
"chr5_50163398_52134622","region","h2","GWAS2",NA,-0.000275077879337874,NA,NA,NA,NA,"Joint HESS uncertainty requires valid regional genetic and total residual parameters","gcorr_genome"
"chr5_52134622_53703044","region","h2","GWAS2",NA,9.35664644151421e-05,NA,NA,NA,NA,"Joint HESS uncertainty requires valid regional genetic and total residual parameters","gcorr_genome"
"chr5_53703044_55417349","region","h2","GWAS2",NA,-0.000243219463890452,NA,NA,NA,NA,"Joint HESS uncertainty requires valid regional genetic and total residual parameters","gcorr_genome"
"chr5_55417349_56621102","region","h2","GWAS2",NA,-0.000179268147040678,NA,NA,NA,NA,"Joint HESS uncertainty requires valid regional genetic and total residual parameters","gcorr_genome"
"chr5_56621102_57340073","region","h2","GWAS2",NA,-0.000176079686853778,NA,NA,NA,NA,"Joint HESS uncertainty requires valid regional genetic and total residual parameters","gcorr_genome"
"chr5_57340073_58524622","region","h2","GWAS2",NA,-0.000166966019857384,NA,NA,NA,NA,"Joint HESS uncertainty requires valid regional genetic and total residual parameters","gcorr_genome"
"chr5_58524622_60935907","region","h2","GWAS2",NA,-8.60512100209428e-05,NA,NA,NA,NA,"Joint HESS uncertainty requires valid regional genetic and total residual parameters","gcorr_genome"
"chr5_5973233_7143218","region","h2","GWAS2",NA,-5.40526907157085e-05,NA,NA,NA,NA,"Joint HESS uncertainty requires valid regional genetic and total residual parameters","gcorr_genome"
"chr5_60935907_61672995","region","h2","GWAS2",NA,-5.68374520297299e-05,NA,NA,NA,NA,"Joint HESS uncertainty requires valid regional genetic and total residual parameters","gcorr_genome"
"chr5_61672995_63218987","region","h2","GWAS2",NA,-4.46053135653005e-05,NA,NA,NA,NA,"Joint HESS uncertainty requires valid regional genetic and total residual parameters","gcorr_genome"
"chr5_63218987_63968304","region","h2","GWAS2",NA,-0.000185081442556006,NA,NA,NA,NA,"Joint HESS uncertainty requires valid regional genetic and total residual parameters","gcorr_genome"
"chr5_63968304_65911286","region","h2","GWAS2",NA,-8.95902329433893e-05,NA,NA,NA,NA,"Joint HESS uncertainty requires valid regional genetic and total residual parameters","gcorr_genome"
"chr5_65911286_67850860","region","h2","GWAS2",NA,-0.00031210586175293,NA,NA,NA,NA,"Joint HESS uncertainty requires valid regional genetic and total residual parameters","gcorr_genome"
"chr5_67850860_71240456","region","h2","GWAS2",NA,-0.000107050363701654,NA,NA,NA,NA,"Joint HESS uncertainty requires valid regional genetic and total residual parameters","gcorr_genome"
"chr5_71240456_73759326","region","h2","GWAS2",NA,-0.000245063061375625,NA,NA,NA,NA,"Joint HESS uncertainty requires valid regional genetic and total residual parameters","gcorr_genome"
"chr5_7143218_8446336","region","h2","GWAS2",NA,-0.000175423321627937,NA,NA,NA,NA,"Joint HESS uncertainty requires valid regional genetic and total residual parameters","gcorr_genome"
"chr5_73759326_75798866","region","h2","GWAS2",NA,-0.000118712864153275,NA,NA,NA,NA,"Joint HESS uncertainty requires valid regional genetic and total residual parameters","gcorr_genome"
"chr5_75798866_77623332","region","h2","GWAS2",NA,7.803991383401e-06,NA,NA,NA,NA,"Joint HESS uncertainty requires valid regional genetic and total residual parameters","gcorr_genome"
"chr5_77623332_79393144","region","h2","GWAS2",NA,-5.89991726699652e-05,NA,NA,NA,NA,"Joint HESS uncertainty requires valid regional genetic and total residual parameters","gcorr_genome"
"chr5_79393144_80481471","region","h2","GWAS2",NA,3.80808410565794e-05,NA,NA,NA,NA,"Joint HESS uncertainty requires valid regional genetic and total residual parameters","gcorr_genome"
"chr5_80481471_82025648","region","h2","GWAS2",NA,-0.000386762998989096,NA,NA,NA,NA,"Joint HESS uncertainty requires valid regional genetic and total residual parameters","gcorr_genome"
"chr5_82025648_83972689","region","h2","GWAS2",NA,-0.000205729344313697,NA,NA,NA,NA,"Joint HESS uncertainty requires valid regional genetic and total residual parameters","gcorr_genome"
"chr5_83972689_85767290","region","h2","GWAS2",NA,-0.000121873347010401,NA,NA,NA,NA,"Joint HESS uncertainty requires valid regional genetic and total residual parameters","gcorr_genome"
"chr5_8446336_9718832","region","h2","GWAS2",NA,0.000465422866624169,NA,NA,NA,NA,"Joint HESS uncertainty requires valid regional genetic and total residual parameters","gcorr_genome"
"chr5_85767290_87389991","region","h2","GWAS2",NA,8.10236586438994e-05,NA,NA,NA,NA,"Joint HESS uncertainty requires valid regional genetic and total residual parameters","gcorr_genome"
"chr5_87389991_88891530","region","h2","GWAS2",NA,0.000137136004227313,NA,NA,NA,NA,"Joint HESS uncertainty requires valid regional genetic and total residual parameters","gcorr_genome"
"chr5_88891530_90422654","region","h2","GWAS2",NA,-0.000150540727449338,NA,NA,NA,NA,"Joint HESS uncertainty requires valid regional genetic and total residual parameters","gcorr_genome"
"chr5_90422654_91840542","region","h2","GWAS2",NA,-0.00012571637329261,NA,NA,NA,NA,"Joint HESS uncertainty requires valid regional genetic and total residual parameters","gcorr_genome"
"chr5_91840542_93809984","region","h2","GWAS2",NA,-3.34387277215965e-05,NA,NA,NA,NA,"Joint HESS uncertainty requires valid regional genetic and total residual parameters","gcorr_genome"
"chr5_93809984_95963519","region","h2","GWAS2",NA,-7.26752527155628e-05,NA,NA,NA,NA,"Joint HESS uncertainty requires valid regional genetic and total residual parameters","gcorr_genome"
"chr5_95963519_97315601","region","h2","GWAS2",NA,-0.000167808041261691,NA,NA,NA,NA,"Joint HESS uncertainty requires valid regional genetic and total residual parameters","gcorr_genome"
"chr5_9718832_11173271","region","h2","GWAS2",NA,-0.000274633210173561,NA,NA,NA,NA,"Joint HESS uncertainty requires valid regional genetic and total residual parameters","gcorr_genome"
"chr5_97315601_99260992","region","h2","GWAS2",NA,-0.000154886549250778,NA,NA,NA,NA,"Joint HESS uncertainty requires valid regional genetic and total residual parameters","gcorr_genome"
"chr5_982252_2132442","region","h2","GWAS2",NA,-0.000378576629079361,NA,NA,NA,NA,"Joint HESS uncertainty requires valid regional genetic and total residual parameters","gcorr_genome"
"chr5_99260992_101578769","region","h2","GWAS2",NA,-0.00010346855661863,NA,NA,NA,NA,"Joint HESS uncertainty requires valid regional genetic and total residual parameters","gcorr_genome"
"chr6_100630146_102636772","region","h2","GWAS2",NA,-2.22124177359203e-05,NA,NA,NA,NA,"Joint HESS uncertainty requires valid regional genetic and total residual parameters","gcorr_genome"
"chr6_102636772_103983395","region","h2","GWAS2",NA,-0.000261292277498009,NA,NA,NA,NA,"Joint HESS uncertainty requires valid regional genetic and total residual parameters","gcorr_genome"
"chr6_103983395_106056733","region","h2","GWAS2",NA,-0.000265088559195482,NA,NA,NA,NA,"Joint HESS uncertainty requires valid regional genetic and total residual parameters","gcorr_genome"
"chr6_10540317_11790816","region","h2","GWAS2",NA,0.000150810003403786,NA,NA,NA,NA,"Joint HESS uncertainty requires valid regional genetic and total residual parameters","gcorr_genome"
"chr6_106056733_107450306","region","h2","GWAS2",NA,-0.000113646717910566,NA,NA,NA,NA,"Joint HESS uncertainty requires valid regional genetic and total residual parameters","gcorr_genome"
"chr6_107450306_108464380","region","h2","GWAS2",NA,-0.000115184256139835,NA,NA,NA,NA,"Joint HESS uncertainty requires valid regional genetic and total residual parameters","gcorr_genome"
"chr6_108464380_110304247","region","h2","GWAS2",NA,-0.000116665260048654,NA,NA,NA,NA,"Joint HESS uncertainty requires valid regional genetic and total residual parameters","gcorr_genome"
"chr6_110304247_112345014","region","h2","GWAS2",NA,-8.28031613474647e-05,NA,NA,NA,NA,"Joint HESS uncertainty requires valid regional genetic and total residual parameters","gcorr_genome"
"chr6_112345014_114220833","region","h2","GWAS2",NA,-0.000190249465237996,NA,NA,NA,NA,"Joint HESS uncertainty requires valid regional genetic and total residual parameters","gcorr_genome"
"chr6_114220833_116131396","region","h2","GWAS2",NA,-0.000148496115327537,NA,NA,NA,NA,"Joint HESS uncertainty requires valid regional genetic and total residual parameters","gcorr_genome"
"chr6_116131396_117672972","region","h2","GWAS2",NA,-0.000174054843684908,NA,NA,NA,NA,"Joint HESS uncertainty requires valid regional genetic and total residual parameters","gcorr_genome"
"chr6_117672972_118963115","region","h2","GWAS2",NA,-0.000182612192357551,NA,NA,NA,NA,"Joint HESS uncertainty requires valid regional genetic and total residual parameters","gcorr_genome"
"chr6_11790816_13209388","region","h2","GWAS2",NA,0.00137419537360678,NA,NA,NA,NA,"Joint HESS uncertainty requires valid regional genetic and total residual parameters","gcorr_genome"
"chr6_118963115_119963278","region","h2","GWAS2",NA,-0.000184003795825416,NA,NA,NA,NA,"Joint HESS uncertainty requires valid regional genetic and total residual parameters","gcorr_genome"
"chr6_119963278_120512128","region","h2","GWAS2",NA,-3.95253666318953e-07,NA,NA,NA,NA,"Joint HESS uncertainty requires valid regional genetic and total residual parameters","gcorr_genome"
"chr6_120512128_121905676","region","h2","GWAS2",NA,0.00011752746736229,NA,NA,NA,NA,"Joint HESS uncertainty requires valid regional genetic and total residual parameters","gcorr_genome"
"chr6_121905676_123856181","region","h2","GWAS2",NA,-0.000206358442355282,NA,NA,NA,NA,"Joint HESS uncertainty requires valid regional genetic and total residual parameters","gcorr_genome"
"chr6_123856181_125424383","region","h2","GWAS2",NA,-5.33480511851823e-05,NA,NA,NA,NA,"Joint HESS uncertainty requires valid regional genetic and total residual parameters","gcorr_genome"
"chr6_125424383_127540461","region","h2","GWAS2",NA,0.000188409802125165,NA,NA,NA,NA,"Joint HESS uncertainty requires valid regional genetic and total residual parameters","gcorr_genome"
"chr6_127540461_129861031","region","h2","GWAS2",NA,-9.09386390825008e-05,NA,NA,NA,NA,"Joint HESS uncertainty requires valid regional genetic and total residual parameters","gcorr_genome"
"chr6_129861031_130935454","region","h2","GWAS2",NA,-0.000188083125908144,NA,NA,NA,NA,"Joint HESS uncertainty requires valid regional genetic and total residual parameters","gcorr_genome"
"chr6_130935454_132765669","region","h2","GWAS2",NA,-0.000132408998308876,NA,NA,NA,NA,"Joint HESS uncertainty requires valid regional genetic and total residual parameters","gcorr_genome"
"chr6_13209388_14802924","region","h2","GWAS2",NA,-0.000245093296130281,NA,NA,NA,NA,"Joint HESS uncertainty requires valid regional genetic and total residual parameters","gcorr_genome"
"chr6_132765669_134244243","region","h2","GWAS2",NA,0.000479078091048965,NA,NA,NA,NA,"Joint HESS uncertainty requires valid regional genetic and total residual parameters","gcorr_genome"
"chr6_134244243_136224177","region","h2","GWAS2",NA,-0.000111235949927896,NA,NA,NA,NA,"Joint HESS uncertainty requires valid regional genetic and total residual parameters","gcorr_genome"
"chr6_136224177_137614218","region","h2","GWAS2",NA,-5.52516542993949e-06,NA,NA,NA,NA,"Joint HESS uncertainty requires valid regional genetic and total residual parameters","gcorr_genome"
"chr6_137614218_138822629","region","h2","GWAS2",NA,-0.000191884210030397,NA,NA,NA,NA,"Joint HESS uncertainty requires valid regional genetic and total residual parameters","gcorr_genome"
"chr6_138822629_139845436","region","h2","GWAS2",NA,-0.0001014742976517,NA,NA,NA,NA,"Joint HESS uncertainty requires valid regional genetic and total residual parameters","gcorr_genome"
"chr6_139845436_142288479","region","h2","GWAS2",NA,7.00599358497888e-05,NA,NA,NA,NA,"Joint HESS uncertainty requires valid regional genetic and total residual parameters","gcorr_genome"
"chr6_142288479_145319810","region","h2","GWAS2",NA,-4.52268004793076e-06,NA,NA,NA,NA,"Joint HESS uncertainty requires valid regional genetic and total residual parameters","gcorr_genome"
"chr6_1452362_2458936","region","h2","GWAS2",NA,0.000259871871748751,NA,NA,NA,NA,"Joint HESS uncertainty requires valid regional genetic and total residual parameters","gcorr_genome"
"chr6_145319810_146665424","region","h2","GWAS2",NA,-9.8219111503293e-05,NA,NA,NA,NA,"Joint HESS uncertainty requires valid regional genetic and total residual parameters","gcorr_genome"
"chr6_146665424_148920352","region","h2","GWAS2",NA,-0.000238922454060957,NA,NA,NA,NA,"Joint HESS uncertainty requires valid regional genetic and total residual parameters","gcorr_genome"
"chr6_14802924_17386405","region","h2","GWAS2",NA,-0.000164926323947445,NA,NA,NA,NA,"Joint HESS uncertainty requires valid regional genetic and total residual parameters","gcorr_genome"
"chr6_148920352_150253404","region","h2","GWAS2",NA,0.000416041966375913,NA,NA,NA,NA,"Joint HESS uncertainty requires valid regional genetic and total residual parameters","gcorr_genome"
"chr6_150253404_151912703","region","h2","GWAS2",NA,-0.000137233480608879,NA,NA,NA,NA,"Joint HESS uncertainty requires valid regional genetic and total residual parameters","gcorr_genome"
"chr6_151912703_153094496","region","h2","GWAS2",NA,-7.13681024974841e-05,NA,NA,NA,NA,"Joint HESS uncertainty requires valid regional genetic and total residual parameters","gcorr_genome"
"chr6_153094496_154974120","region","h2","GWAS2",NA,-0.00010269092631228,NA,NA,NA,NA,"Joint HESS uncertainty requires valid regional genetic and total residual parameters","gcorr_genome"
"chr6_154974120_156763326","region","h2","GWAS2",NA,-0.000340988065345379,NA,NA,NA,NA,"Joint HESS uncertainty requires valid regional genetic and total residual parameters","gcorr_genome"
"chr6_156763326_158218719","region","h2","GWAS2",NA,-0.000166354249301934,NA,NA,NA,NA,"Joint HESS uncertainty requires valid regional genetic and total residual parameters","gcorr_genome"
"chr6_158218719_160580497","region","h2","GWAS2",NA,-8.8310494738724e-05,NA,NA,NA,NA,"Joint HESS uncertainty requires valid regional genetic and total residual parameters","gcorr_genome"
"chr6_160580497_162169564","region","h2","GWAS2",NA,0.00101983452181839,NA,NA,NA,NA,"Joint HESS uncertainty requires valid regional genetic and total residual parameters","gcorr_genome"
"chr6_162169564_162931203","region","h2","GWAS2",NA,-0.000225567910410168,NA,NA,NA,NA,"Joint HESS uncertainty requires valid regional genetic and total residual parameters","gcorr_genome"
"chr6_162931203_164383521","region","h2","GWAS2",NA,-0.000184606313394279,NA,NA,NA,NA,"Joint HESS uncertainty requires valid regional genetic and total residual parameters","gcorr_genome"
"chr6_164383521_165586864","region","h2","GWAS2",NA,-8.15804253584181e-05,NA,NA,NA,NA,"Joint HESS uncertainty requires valid regional genetic and total residual parameters","gcorr_genome"
"chr6_165586864_167024733","region","h2","GWAS2",NA,-0.000242256840722041,NA,NA,NA,NA,"Joint HESS uncertainty requires valid regional genetic and total residual parameters","gcorr_genome"
"chr6_167024733_168042835","region","h2","GWAS2",NA,-0.000372932384052857,NA,NA,NA,NA,"Joint HESS uncertainty requires valid regional genetic and total residual parameters","gcorr_genome"
"chr6_168042835_169382050","region","h2","GWAS2",NA,-0.00027639706955519,NA,NA,NA,NA,"Joint HESS uncertainty requires valid regional genetic and total residual parameters","gcorr_genome"
"chr6_169382050_170330173","region","h2","GWAS2",NA,-0.000225867138188565,NA,NA,NA,NA,"Joint HESS uncertainty requires valid regional genetic and total residual parameters","gcorr_genome"
"chr6_170330173_171051270","region","h2","GWAS2",NA,-0.000350999487994089,NA,NA,NA,NA,"Joint HESS uncertainty requires valid regional genetic and total residual parameters","gcorr_genome"
"chr6_17386405_19207487","region","h2","GWAS2",NA,-0.000231468464804662,NA,NA,NA,NA,"Joint HESS uncertainty requires valid regional genetic and total residual parameters","gcorr_genome"
"chr6_19207487_21684065","region","h2","GWAS2",NA,-0.000119255344082269,NA,NA,NA,NA,"Joint HESS uncertainty requires valid regional genetic and total residual parameters","gcorr_genome"
"chr6_21684065_22748307","region","h2","GWAS2",NA,7.54117089159742e-05,NA,NA,NA,NA,"Joint HESS uncertainty requires valid regional genetic and total residual parameters","gcorr_genome"
"chr6_22748307_23936619","region","h2","GWAS2",NA,0.000164579061478174,NA,NA,NA,NA,"Joint HESS uncertainty requires valid regional genetic and total residual parameters","gcorr_genome"
"chr6_23936619_24852275","region","h2","GWAS2",NA,-0.000272324903454438,NA,NA,NA,NA,"Joint HESS uncertainty requires valid regional genetic and total residual parameters","gcorr_genome"
"chr6_2458936_3573593","region","h2","GWAS2",NA,-0.000202725966862245,NA,NA,NA,NA,"Joint HESS uncertainty requires valid regional genetic and total residual parameters","gcorr_genome"
"chr6_24852275_25684587","region","h2","GWAS2",NA,0.000268040300337115,NA,NA,NA,NA,"Joint HESS uncertainty requires valid regional genetic and total residual parameters","gcorr_genome"
"chr6_25684587_26791233","region","h2","GWAS2",NA,-0.000116236404098163,NA,NA,NA,NA,"Joint HESS uncertainty requires valid regional genetic and total residual parameters","gcorr_genome"
"chr6_26791233_28017819","region","h2","GWAS2",NA,-6.61283864597735e-05,NA,NA,NA,NA,"Joint HESS uncertainty requires valid regional genetic and total residual parameters","gcorr_genome"
"chr6_28017819_28917608","region","h2","GWAS2",NA,-0.000106512437225582,NA,NA,NA,NA,"Joint HESS uncertainty requires valid regional genetic and total residual parameters","gcorr_genome"
"chr6_28917608_29737971","region","h2","GWAS2",NA,-0.000269639992781277,NA,NA,NA,NA,"Joint HESS uncertainty requires valid regional genetic and total residual parameters","gcorr_genome"
"chr6_29737971_30798168","region","h2","GWAS2",NA,-0.000246468630169915,NA,NA,NA,NA,"Joint HESS uncertainty requires valid regional genetic and total residual parameters","gcorr_genome"
"chr6_30798168_31571218","region","h2","GWAS2",NA,0.000303611715853746,NA,NA,NA,NA,"Joint HESS uncertainty requires valid regional genetic and total residual parameters","gcorr_genome"
"chr6_31571218_32682664","region","h2","GWAS2",NA,0.000101090583296099,NA,NA,NA,NA,"Joint HESS uncertainty requires valid regional genetic and total residual parameters","gcorr_genome"
"chr6_32682664_33236497","region","h2","GWAS2",NA,-0.000300982450635924,NA,NA,NA,NA,"Joint HESS uncertainty requires valid regional genetic and total residual parameters","gcorr_genome"
"chr6_33236497_35455756","region","h2","GWAS2",NA,0.000201144859976138,NA,NA,NA,NA,"Joint HESS uncertainty requires valid regional genetic and total residual parameters","gcorr_genome"
"chr6_35455756_37572596","region","h2","GWAS2",NA,5.7685318016837e-05,NA,NA,NA,NA,"Joint HESS uncertainty requires valid regional genetic and total residual parameters","gcorr_genome"
"chr6_3573593_4617817","region","h2","GWAS2",NA,-0.000176536860163672,NA,NA,NA,NA,"Joint HESS uncertainty requires valid regional genetic and total residual parameters","gcorr_genome"
"chr6_37572596_39295677","region","h2","GWAS2",NA,0.000386762236799712,NA,NA,NA,NA,"Joint HESS uncertainty requires valid regional genetic and total residual parameters","gcorr_genome"
"chr6_39295677_40345115","region","h2","GWAS2",NA,-0.000291169718752007,NA,NA,NA,NA,"Joint HESS uncertainty requires valid regional genetic and total residual parameters","gcorr_genome"
"chr6_40345115_42038721","region","h2","GWAS2",NA,-0.000233377482377203,NA,NA,NA,NA,"Joint HESS uncertainty requires valid regional genetic and total residual parameters","gcorr_genome"
"chr6_42038721_43756169","region","h2","GWAS2",NA,-7.0668529509059e-05,NA,NA,NA,NA,"Joint HESS uncertainty requires valid regional genetic and total residual parameters","gcorr_genome"
"chr6_43756169_45406563","region","h2","GWAS2",NA,-0.000156683801693302,NA,NA,NA,NA,"Joint HESS uncertainty requires valid regional genetic and total residual parameters","gcorr_genome"
"chr6_45406563_47311898","region","h2","GWAS2",NA,-9.04008585855604e-05,NA,NA,NA,NA,"Joint HESS uncertainty requires valid regional genetic and total residual parameters","gcorr_genome"
"chr6_4617817_5791472","region","h2","GWAS2",NA,5.44033275682224e-05,NA,NA,NA,NA,"Joint HESS uncertainty requires valid regional genetic and total residual parameters","gcorr_genome"
"chr6_47311898_48391125","region","h2","GWAS2",NA,-0.00026957484871691,NA,NA,NA,NA,"Joint HESS uncertainty requires valid regional genetic and total residual parameters","gcorr_genome"
"chr6_48391125_50386145","region","h2","GWAS2",NA,-0.000238302647071922,NA,NA,NA,NA,"Joint HESS uncertainty requires valid regional genetic and total residual parameters","gcorr_genome"
"chr6_50386145_52210476","region","h2","GWAS2",NA,-8.97229884877252e-05,NA,NA,NA,NA,"Joint HESS uncertainty requires valid regional genetic and total residual parameters","gcorr_genome"
"chr6_52210476_53279102","region","h2","GWAS2",NA,2.92083677298327e-05,NA,NA,NA,NA,"Joint HESS uncertainty requires valid regional genetic and total residual parameters","gcorr_genome"
"chr6_53279102_55468270","region","h2","GWAS2",NA,-0.00017339103456623,NA,NA,NA,NA,"Joint HESS uncertainty requires valid regional genetic and total residual parameters","gcorr_genome"
"chr6_55468270_56105313","region","h2","GWAS2",NA,-0.000171690038175387,NA,NA,NA,NA,"Joint HESS uncertainty requires valid regional genetic and total residual parameters","gcorr_genome"
"chr6_56105313_57599465","region","h2","GWAS2",NA,6.91181851151064e-05,NA,NA,NA,NA,"Joint HESS uncertainty requires valid regional genetic and total residual parameters","gcorr_genome"
"chr6_57599465_61880512","region","h2","GWAS2",NA,-0.000131240525978962,NA,NA,NA,NA,"Joint HESS uncertainty requires valid regional genetic and total residual parameters","gcorr_genome"
"chr6_5791472_6785207","region","h2","GWAS2",NA,9.54184311755598e-05,NA,NA,NA,NA,"Joint HESS uncertainty requires valid regional genetic and total residual parameters","gcorr_genome"
"chr6_61880512_63552888","region","h2","GWAS2",NA,0.000125504488529535,NA,NA,NA,NA,"Joint HESS uncertainty requires valid regional genetic and total residual parameters","gcorr_genome"
"chr6_63552888_65765742","region","h2","GWAS2",NA,-0.000143510656342162,NA,NA,NA,NA,"Joint HESS uncertainty requires valid regional genetic and total residual parameters","gcorr_genome"
"chr6_65765742_67329215","region","h2","GWAS2",NA,-0.00020307743063906,NA,NA,NA,NA,"Joint HESS uncertainty requires valid regional genetic and total residual parameters","gcorr_genome"
"chr6_67329215_68849483","region","h2","GWAS2",NA,-0.000144893973122505,NA,NA,NA,NA,"Joint HESS uncertainty requires valid regional genetic and total residual parameters","gcorr_genome"
"chr6_6785207_7808936","region","h2","GWAS2",NA,-0.000133841833972763,NA,NA,NA,NA,"Joint HESS uncertainty requires valid regional genetic and total residual parameters","gcorr_genome"
"chr6_68849483_69523448","region","h2","GWAS2",NA,-0.00034290426336353,NA,NA,NA,NA,"Joint HESS uncertainty requires valid regional genetic and total residual parameters","gcorr_genome"
"chr6_69523448_71609510","region","h2","GWAS2",NA,-0.000203746693493298,NA,NA,NA,NA,"Joint HESS uncertainty requires valid regional genetic and total residual parameters","gcorr_genome"
"chr6_71609510_73450097","region","h2","GWAS2",NA,-6.87236493666743e-05,NA,NA,NA,NA,"Joint HESS uncertainty requires valid regional genetic and total residual parameters","gcorr_genome"
"chr6_73450097_75462003","region","h2","GWAS2",NA,-0.000328273985632045,NA,NA,NA,NA,"Joint HESS uncertainty requires valid regional genetic and total residual parameters","gcorr_genome"
"chr6_73924_1452362","region","h2","GWAS2",NA,-0.000258207042007814,NA,NA,NA,NA,"Joint HESS uncertainty requires valid regional genetic and total residual parameters","gcorr_genome"
"chr6_75462003_77414881","region","h2","GWAS2",NA,-0.000275023093787066,NA,NA,NA,NA,"Joint HESS uncertainty requires valid regional genetic and total residual parameters","gcorr_genome"
"chr6_77414881_78957728","region","h2","GWAS2",NA,-0.000199855605344097,NA,NA,NA,NA,"Joint HESS uncertainty requires valid regional genetic and total residual parameters","gcorr_genome"
"chr6_7808936_9020026","region","h2","GWAS2",NA,6.73367189252385e-06,NA,NA,NA,NA,"Joint HESS uncertainty requires valid regional genetic and total residual parameters","gcorr_genome"
"chr6_78957728_80691170","region","h2","GWAS2",NA,-7.22051869811563e-05,NA,NA,NA,NA,"Joint HESS uncertainty requires valid regional genetic and total residual parameters","gcorr_genome"
"chr6_80691170_81929222","region","h2","GWAS2",NA,-0.000124404284753918,NA,NA,NA,NA,"Joint HESS uncertainty requires valid regional genetic and total residual parameters","gcorr_genome"
"chr6_81929222_83127149","region","h2","GWAS2",NA,0.00060951106351291,NA,NA,NA,NA,"Joint HESS uncertainty requires valid regional genetic and total residual parameters","gcorr_genome"
"chr6_83127149_85209989","region","h2","GWAS2",NA,-0.000101136452871026,NA,NA,NA,NA,"Joint HESS uncertainty requires valid regional genetic and total residual parameters","gcorr_genome"
"chr6_85209989_87069500","region","h2","GWAS2",NA,-0.00016844879026346,NA,NA,NA,NA,"Joint HESS uncertainty requires valid regional genetic and total residual parameters","gcorr_genome"
"chr6_87069500_88822140","region","h2","GWAS2",NA,-0.000241015476306349,NA,NA,NA,NA,"Joint HESS uncertainty requires valid regional genetic and total residual parameters","gcorr_genome"
"chr6_88822140_89973052","region","h2","GWAS2",NA,6.24230097797048e-05,NA,NA,NA,NA,"Joint HESS uncertainty requires valid regional genetic and total residual parameters","gcorr_genome"
"chr6_89973052_91843196","region","h2","GWAS2",NA,5.09753081890665e-05,NA,NA,NA,NA,"Joint HESS uncertainty requires valid regional genetic and total residual parameters","gcorr_genome"
"chr6_9020026_10540317","region","h2","GWAS2",NA,-0.000248635341526306,NA,NA,NA,NA,"Joint HESS uncertainty requires valid regional genetic and total residual parameters","gcorr_genome"
"chr6_91843196_93428644","region","h2","GWAS2",NA,-5.53953234574157e-05,NA,NA,NA,NA,"Joint HESS uncertainty requires valid regional genetic and total residual parameters","gcorr_genome"
"chr6_93428644_94118142","region","h2","GWAS2",NA,-0.000160338693302617,NA,NA,NA,NA,"Joint HESS uncertainty requires valid regional genetic and total residual parameters","gcorr_genome"
"chr6_94118142_94441175","region","h2","GWAS2",NA,-0.000179597851678238,NA,NA,NA,NA,"Joint HESS uncertainty requires valid regional genetic and total residual parameters","gcorr_genome"
"chr6_94441175_97093511","region","h2","GWAS2",NA,0.000551413327084261,NA,NA,NA,NA,"Joint HESS uncertainty requires valid regional genetic and total residual parameters","gcorr_genome"
"chr6_97093511_97842284","region","h2","GWAS2",NA,-0.00023187774893836,NA,NA,NA,NA,"Joint HESS uncertainty requires valid regional genetic and total residual parameters","gcorr_genome"
"chr6_97842284_100630146","region","h2","GWAS2",NA,-0.00027923661327976,NA,NA,NA,NA,"Joint HESS uncertainty requires valid regional genetic and total residual parameters","gcorr_genome"
"chr7_100196651_101199253","region","h2","GWAS2",NA,-2.44949652857876e-05,NA,NA,NA,NA,"Joint HESS uncertainty requires valid regional genetic and total residual parameters","gcorr_genome"
"chr7_101199253_103197510","region","h2","GWAS2",NA,0.000108282297048198,NA,NA,NA,NA,"Joint HESS uncertainty requires valid regional genetic and total residual parameters","gcorr_genome"
"chr7_103197510_104159525","region","h2","GWAS2",NA,-3.5996942275681e-05,NA,NA,NA,NA,"Joint HESS uncertainty requires valid regional genetic and total residual parameters","gcorr_genome"
"chr7_104159525_105682905","region","h2","GWAS2",NA,-4.42860331593344e-05,NA,NA,NA,NA,"Joint HESS uncertainty requires valid regional genetic and total residual parameters","gcorr_genome"
"chr7_105682905_107780178","region","h2","GWAS2",NA,0.000400850207414542,NA,NA,NA,NA,"Joint HESS uncertainty requires valid regional genetic and total residual parameters","gcorr_genome"
"chr7_107780178_109647594","region","h2","GWAS2",NA,-0.000227481439496113,NA,NA,NA,NA,"Joint HESS uncertainty requires valid regional genetic and total residual parameters","gcorr_genome"
"chr7_109647594_112618684","region","h2","GWAS2",NA,-4.582398061145e-05,NA,NA,NA,NA,"Joint HESS uncertainty requires valid regional genetic and total residual parameters","gcorr_genome"
"chr7_112618684_113712387","region","h2","GWAS2",NA,-0.000252414440773437,NA,NA,NA,NA,"Joint HESS uncertainty requires valid regional genetic and total residual parameters","gcorr_genome"
"chr7_11299198_12635461","region","h2","GWAS2",NA,-2.09813040727928e-05,NA,NA,NA,NA,"Joint HESS uncertainty requires valid regional genetic and total residual parameters","gcorr_genome"
"chr7_113712387_116780178","region","h2","GWAS2",NA,-6.57885312674588e-06,NA,NA,NA,NA,"Joint HESS uncertainty requires valid regional genetic and total residual parameters","gcorr_genome"
"chr7_116780178_118351581","region","h2","GWAS2",NA,9.95341875687614e-05,NA,NA,NA,NA,"Joint HESS uncertainty requires valid regional genetic and total residual parameters","gcorr_genome"
"chr7_118351581_121045273","region","h2","GWAS2",NA,-0.000203549608238855,NA,NA,NA,NA,"Joint HESS uncertainty requires valid regional genetic and total residual parameters","gcorr_genome"
"chr7_121045273_121933630","region","h2","GWAS2",NA,-0.00028592319472368,NA,NA,NA,NA,"Joint HESS uncertainty requires valid regional genetic and total residual parameters","gcorr_genome"
"chr7_121933630_124156805","region","h2","GWAS2",NA,-0.000337097283147168,NA,NA,NA,NA,"Joint HESS uncertainty requires valid regional genetic and total residual parameters","gcorr_genome"
"chr7_124156805_124167552","region","h2","GWAS2",NA,-9.15817032244151e-05,NA,NA,NA,NA,"Joint HESS uncertainty requires valid regional genetic and total residual parameters","gcorr_genome"
"chr7_124167552_126519170","region","h2","GWAS2",NA,-0.000244764718467991,NA,NA,NA,NA,"Joint HESS uncertainty requires valid regional genetic and total residual parameters","gcorr_genome"
"chr7_12635461_13884202","region","h2","GWAS2",NA,-0.000282450792927632,NA,NA,NA,NA,"Joint HESS uncertainty requires valid regional genetic and total residual parameters","gcorr_genome"
"chr7_126519170_126869221","region","h2","GWAS2",NA,-0.00011309860507272,NA,NA,NA,NA,"Joint HESS uncertainty requires valid regional genetic and total residual parameters","gcorr_genome"
"chr7_126869221_128778386","region","h2","GWAS2",NA,-0.000348602066928324,NA,NA,NA,NA,"Joint HESS uncertainty requires valid regional genetic and total residual parameters","gcorr_genome"
"chr7_128778386_130422414","region","h2","GWAS2",NA,0.000309925789213753,NA,NA,NA,NA,"Joint HESS uncertainty requires valid regional genetic and total residual parameters","gcorr_genome"
"chr7_130422414_132805848","region","h2","GWAS2",NA,-0.000175316945430089,NA,NA,NA,NA,"Joint HESS uncertainty requires valid regional genetic and total residual parameters","gcorr_genome"
"chr7_132805848_134307596","region","h2","GWAS2",NA,-0.000347947633440533,NA,NA,NA,NA,"Joint HESS uncertainty requires valid regional genetic and total residual parameters","gcorr_genome"
"chr7_134307596_135591083","region","h2","GWAS2",NA,4.85523104763991e-05,NA,NA,NA,NA,"Joint HESS uncertainty requires valid regional genetic and total residual parameters","gcorr_genome"
"chr7_1353067_2062398","region","h2","GWAS2",NA,0.000611042800755733,NA,NA,NA,NA,"Joint HESS uncertainty requires valid regional genetic and total residual parameters","gcorr_genome"
"chr7_135591083_136876562","region","h2","GWAS2",NA,-0.000181895641944639,NA,NA,NA,NA,"Joint HESS uncertainty requires valid regional genetic and total residual parameters","gcorr_genome"
"chr7_136876562_138744679","region","h2","GWAS2",NA,7.62330928593275e-05,NA,NA,NA,NA,"Joint HESS uncertainty requires valid regional genetic and total residual parameters","gcorr_genome"
"chr7_138744679_139933177","region","h2","GWAS2",NA,0.000410774086473392,NA,NA,NA,NA,"Joint HESS uncertainty requires valid regional genetic and total residual parameters","gcorr_genome"
"chr7_13884202_15143657","region","h2","GWAS2",NA,-0.00037724449650456,NA,NA,NA,NA,"Joint HESS uncertainty requires valid regional genetic and total residual parameters","gcorr_genome"
"chr7_139933177_140235210","region","h2","GWAS2",NA,2.0170705881046e-05,NA,NA,NA,NA,"Joint HESS uncertainty requires valid regional genetic and total residual parameters","gcorr_genome"
"chr7_140235210_141226557","region","h2","GWAS2",NA,0.000207777308630213,NA,NA,NA,NA,"Joint HESS uncertainty requires valid regional genetic and total residual parameters","gcorr_genome"
"chr7_141226557_142656310","region","h2","GWAS2",NA,-0.000209548778149757,NA,NA,NA,NA,"Joint HESS uncertainty requires valid regional genetic and total residual parameters","gcorr_genome"
"chr7_142656310_144968289","region","h2","GWAS2",NA,-0.000215965056620058,NA,NA,NA,NA,"Joint HESS uncertainty requires valid regional genetic and total residual parameters","gcorr_genome"
"chr7_144968289_146427960","region","h2","GWAS2",NA,-0.000217684100118059,NA,NA,NA,NA,"Joint HESS uncertainty requires valid regional genetic and total residual parameters","gcorr_genome"
"chr7_146427960_147815318","region","h2","GWAS2",NA,-1.23715881046567e-05,NA,NA,NA,NA,"Joint HESS uncertainty requires valid regional genetic and total residual parameters","gcorr_genome"
"chr7_147815318_149840658","region","h2","GWAS2",NA,-2.35494292066566e-05,NA,NA,NA,NA,"Joint HESS uncertainty requires valid regional genetic and total residual parameters","gcorr_genome"
"chr7_149840658_150711505","region","h2","GWAS2",NA,0.000228932016898247,NA,NA,NA,NA,"Joint HESS uncertainty requires valid regional genetic and total residual parameters","gcorr_genome"
"chr7_150711505_152249806","region","h2","GWAS2",NA,-8.55944496704605e-05,NA,NA,NA,NA,"Joint HESS uncertainty requires valid regional genetic and total residual parameters","gcorr_genome"
"chr7_15143657_16902069","region","h2","GWAS2",NA,-0.000241107823982767,NA,NA,NA,NA,"Joint HESS uncertainty requires valid regional genetic and total residual parameters","gcorr_genome"
"chr7_152249806_153674019","region","h2","GWAS2",NA,-0.00022326840119616,NA,NA,NA,NA,"Joint HESS uncertainty requires valid regional genetic and total residual parameters","gcorr_genome"
"chr7_153674019_154964730","region","h2","GWAS2",NA,-0.000204054388394946,NA,NA,NA,NA,"Joint HESS uncertainty requires valid regional genetic and total residual parameters","gcorr_genome"
"chr7_154964730_156065250","region","h2","GWAS2",NA,-0.000203779004652104,NA,NA,NA,NA,"Joint HESS uncertainty requires valid regional genetic and total residual parameters","gcorr_genome"
"chr7_156065250_157634597","region","h2","GWAS2",NA,-0.0002113012701006,NA,NA,NA,NA,"Joint HESS uncertainty requires valid regional genetic and total residual parameters","gcorr_genome"
"chr7_157634597_159128575","region","h2","GWAS2",NA,-8.82325040687246e-05,NA,NA,NA,NA,"Joint HESS uncertainty requires valid regional genetic and total residual parameters","gcorr_genome"
"chr7_16161_972752","region","h2","GWAS2",NA,-0.000112570787926792,NA,NA,NA,NA,"Joint HESS uncertainty requires valid regional genetic and total residual parameters","gcorr_genome"
"chr7_16902069_19481547","region","h2","GWAS2",NA,-0.000317745872374535,NA,NA,NA,NA,"Joint HESS uncertainty requires valid regional genetic and total residual parameters","gcorr_genome"
"chr7_19481547_20124908","region","h2","GWAS2",NA,-0.000307337060115701,NA,NA,NA,NA,"Joint HESS uncertainty requires valid regional genetic and total residual parameters","gcorr_genome"
"chr7_20124908_22507629","region","h2","GWAS2",NA,0.000271735887138445,NA,NA,NA,NA,"Joint HESS uncertainty requires valid regional genetic and total residual parameters","gcorr_genome"
"chr7_2062398_2772227","region","h2","GWAS2",NA,-0.0001742088608518,NA,NA,NA,NA,"Joint HESS uncertainty requires valid regional genetic and total residual parameters","gcorr_genome"
"chr7_22507629_23471442","region","h2","GWAS2",NA,-0.000336505644905693,NA,NA,NA,NA,"Joint HESS uncertainty requires valid regional genetic and total residual parameters","gcorr_genome"
"chr7_23471442_25077259","region","h2","GWAS2",NA,-0.0001993648638658,NA,NA,NA,NA,"Joint HESS uncertainty requires valid regional genetic and total residual parameters","gcorr_genome"
"chr7_25077259_25909555","region","h2","GWAS2",NA,-0.000279775546070922,NA,NA,NA,NA,"Joint HESS uncertainty requires valid regional genetic and total residual parameters","gcorr_genome"
"chr7_25909555_28360309","region","h2","GWAS2",NA,-0.000143868406926116,NA,NA,NA,NA,"Joint HESS uncertainty requires valid regional genetic and total residual parameters","gcorr_genome"
"chr7_2772227_4573428","region","h2","GWAS2",NA,-7.18750324744568e-05,NA,NA,NA,NA,"Joint HESS uncertainty requires valid regional genetic and total residual parameters","gcorr_genome"
"chr7_28360309_31137289","region","h2","GWAS2",NA,-0.000263406467707096,NA,NA,NA,NA,"Joint HESS uncertainty requires valid regional genetic and total residual parameters","gcorr_genome"
"chr7_31137289_33555768","region","h2","GWAS2",NA,-6.58574611567432e-05,NA,NA,NA,NA,"Joint HESS uncertainty requires valid regional genetic and total residual parameters","gcorr_genome"
"chr7_33555768_36213538","region","h2","GWAS2",NA,6.2491825284061e-05,NA,NA,NA,NA,"Joint HESS uncertainty requires valid regional genetic and total residual parameters","gcorr_genome"
"chr7_36213538_37555184","region","h2","GWAS2",NA,-6.0945288071741e-05,NA,NA,NA,NA,"Joint HESS uncertainty requires valid regional genetic and total residual parameters","gcorr_genome"
"chr7_37555184_38966703","region","h2","GWAS2",NA,-0.00035401135539758,NA,NA,NA,NA,"Joint HESS uncertainty requires valid regional genetic and total residual parameters","gcorr_genome"
"chr7_38966703_39862670","region","h2","GWAS2",NA,1.96440177568685e-05,NA,NA,NA,NA,"Joint HESS uncertainty requires valid regional genetic and total residual parameters","gcorr_genome"
"chr7_39862670_42001811","region","h2","GWAS2",NA,2.64728667742009e-05,NA,NA,NA,NA,"Joint HESS uncertainty requires valid regional genetic and total residual parameters","gcorr_genome"
"chr7_42001811_43159074","region","h2","GWAS2",NA,-0.000328687355475132,NA,NA,NA,NA,"Joint HESS uncertainty requires valid regional genetic and total residual parameters","gcorr_genome"
"chr7_43159074_44763828","region","h2","GWAS2",NA,-2.17101659827845e-05,NA,NA,NA,NA,"Joint HESS uncertainty requires valid regional genetic and total residual parameters","gcorr_genome"
"chr7_44763828_45952922","region","h2","GWAS2",NA,3.08475266017365e-05,NA,NA,NA,NA,"Joint HESS uncertainty requires valid regional genetic and total residual parameters","gcorr_genome"
"chr7_4573428_5416232","region","h2","GWAS2",NA,-0.000197055073792526,NA,NA,NA,NA,"Joint HESS uncertainty requires valid regional genetic and total residual parameters","gcorr_genome"
"chr7_45952922_46986720","region","h2","GWAS2",NA,-0.000173026274636412,NA,NA,NA,NA,"Joint HESS uncertainty requires valid regional genetic and total residual parameters","gcorr_genome"
"chr7_46986720_49212278","region","h2","GWAS2",NA,-0.000222621580202295,NA,NA,NA,NA,"Joint HESS uncertainty requires valid regional genetic and total residual parameters","gcorr_genome"
"chr7_49212278_51675322","region","h2","GWAS2",NA,-0.000152317809542924,NA,NA,NA,NA,"Joint HESS uncertainty requires valid regional genetic and total residual parameters","gcorr_genome"
"chr7_51675322_53176312","region","h2","GWAS2",NA,-0.000295267918191452,NA,NA,NA,NA,"Joint HESS uncertainty requires valid regional genetic and total residual parameters","gcorr_genome"
"chr7_53176312_54222976","region","h2","GWAS2",NA,-4.38213413267024e-05,NA,NA,NA,NA,"Joint HESS uncertainty requires valid regional genetic and total residual parameters","gcorr_genome"
"chr7_5416232_5854526","region","h2","GWAS2",NA,5.47158926004557e-05,NA,NA,NA,NA,"Joint HESS uncertainty requires valid regional genetic and total residual parameters","gcorr_genome"
"chr7_54222976_55691584","region","h2","GWAS2",NA,-0.000197281657648995,NA,NA,NA,NA,"Joint HESS uncertainty requires valid regional genetic and total residual parameters","gcorr_genome"
"chr7_55691584_57382638","region","h2","GWAS2",NA,-0.000257291617243663,NA,NA,NA,NA,"Joint HESS uncertainty requires valid regional genetic and total residual parameters","gcorr_genome"
"chr7_57382638_63307359","region","h2","GWAS2",NA,-0.000176076396208844,NA,NA,NA,NA,"Joint HESS uncertainty requires valid regional genetic and total residual parameters","gcorr_genome"
"chr7_5854526_6573857","region","h2","GWAS2",NA,0.000177250183882536,NA,NA,NA,NA,"Joint HESS uncertainty requires valid regional genetic and total residual parameters","gcorr_genome"
"chr7_63307359_63641125","region","h2","GWAS2",NA,-0.000350724333431546,NA,NA,NA,NA,"Joint HESS uncertainty requires valid regional genetic and total residual parameters","gcorr_genome"
"chr7_63641125_65689809","region","h2","GWAS2",NA,-0.000357533191119746,NA,NA,NA,NA,"Joint HESS uncertainty requires valid regional genetic and total residual parameters","gcorr_genome"
"chr7_65689809_68234074","region","h2","GWAS2",NA,-9.42309097884453e-05,NA,NA,NA,NA,"Joint HESS uncertainty requires valid regional genetic and total residual parameters","gcorr_genome"
"chr7_6573857_7808752","region","h2","GWAS2",NA,0.000169185438147288,NA,NA,NA,NA,"Joint HESS uncertainty requires valid regional genetic and total residual parameters","gcorr_genome"
"chr7_68234074_69085364","region","h2","GWAS2",NA,0.000243173826376741,NA,NA,NA,NA,"Joint HESS uncertainty requires valid regional genetic and total residual parameters","gcorr_genome"
"chr7_69085364_71874885","region","h2","GWAS2",NA,-3.7544790117967e-05,NA,NA,NA,NA,"Joint HESS uncertainty requires valid regional genetic and total residual parameters","gcorr_genome"
"chr7_71874885_73334602","region","h2","GWAS2",NA,-0.000225648193928935,NA,NA,NA,NA,"Joint HESS uncertainty requires valid regional genetic and total residual parameters","gcorr_genome"
"chr7_73334602_76458564","region","h2","GWAS2",NA,-0.000152916646328811,NA,NA,NA,NA,"Joint HESS uncertainty requires valid regional genetic and total residual parameters","gcorr_genome"
"chr7_76458564_78093859","region","h2","GWAS2",NA,-5.19292051311018e-05,NA,NA,NA,NA,"Joint HESS uncertainty requires valid regional genetic and total residual parameters","gcorr_genome"
"chr7_7808752_9123423","region","h2","GWAS2",NA,-0.000455244451974395,NA,NA,NA,NA,"Joint HESS uncertainty requires valid regional genetic and total residual parameters","gcorr_genome"
"chr7_78093859_79888069","region","h2","GWAS2",NA,-0.000144204960736145,NA,NA,NA,NA,"Joint HESS uncertainty requires valid regional genetic and total residual parameters","gcorr_genome"
"chr7_79888069_82022686","region","h2","GWAS2",NA,-0.000261022350102171,NA,NA,NA,NA,"Joint HESS uncertainty requires valid regional genetic and total residual parameters","gcorr_genome"
"chr7_82022686_83801203","region","h2","GWAS2",NA,-0.000146053413825086,NA,NA,NA,NA,"Joint HESS uncertainty requires valid regional genetic and total residual parameters","gcorr_genome"
"chr7_83801203_85572182","region","h2","GWAS2",NA,-0.000249163964509908,NA,NA,NA,NA,"Joint HESS uncertainty requires valid regional genetic and total residual parameters","gcorr_genome"
"chr7_85572182_87825004","region","h2","GWAS2",NA,5.06988161554521e-05,NA,NA,NA,NA,"Joint HESS uncertainty requires valid regional genetic and total residual parameters","gcorr_genome"
"chr7_87825004_90661784","region","h2","GWAS2",NA,-0.000324799570250178,NA,NA,NA,NA,"Joint HESS uncertainty requires valid regional genetic and total residual parameters","gcorr_genome"
"chr7_90661784_92493752","region","h2","GWAS2",NA,-6.43211086486216e-05,NA,NA,NA,NA,"Joint HESS uncertainty requires valid regional genetic and total residual parameters","gcorr_genome"
"chr7_9123423_9987499","region","h2","GWAS2",NA,-0.000260404916248235,NA,NA,NA,NA,"Joint HESS uncertainty requires valid regional genetic and total residual parameters","gcorr_genome"
"chr7_92493752_93966601","region","h2","GWAS2",NA,-0.000322367182126189,NA,NA,NA,NA,"Joint HESS uncertainty requires valid regional genetic and total residual parameters","gcorr_genome"
"chr7_93966601_96073508","region","h2","GWAS2",NA,-0.000190348581700766,NA,NA,NA,NA,"Joint HESS uncertainty requires valid regional genetic and total residual parameters","gcorr_genome"
"chr7_96073508_97099570","region","h2","GWAS2",NA,-9.939665265858e-05,NA,NA,NA,NA,"Joint HESS uncertainty requires valid regional genetic and total residual parameters","gcorr_genome"
"chr7_97099570_98715474","region","h2","GWAS2",NA,-3.86093491841751e-05,NA,NA,NA,NA,"Joint HESS uncertainty requires valid regional genetic and total residual parameters","gcorr_genome"
"chr7_972752_1353067","region","h2","GWAS2",NA,-0.000163508772946323,NA,NA,NA,NA,"Joint HESS uncertainty requires valid regional genetic and total residual parameters","gcorr_genome"
"chr7_98715474_100196651","region","h2","GWAS2",NA,0.000129524571408631,NA,NA,NA,NA,"Joint HESS uncertainty requires valid regional genetic and total residual parameters","gcorr_genome"
"chr7_9987499_11299198","region","h2","GWAS2",NA,-0.000185211452456845,NA,NA,NA,NA,"Joint HESS uncertainty requires valid regional genetic and total residual parameters","gcorr_genome"
"chr8_101620958_104123306","region","h2","GWAS2",NA,-0.000244228257956932,NA,NA,NA,NA,"Joint HESS uncertainty requires valid regional genetic and total residual parameters","gcorr_genome"
"chr8_104123306_104988752","region","h2","GWAS2",NA,-0.000212459841974842,NA,NA,NA,NA,"Joint HESS uncertainty requires valid regional genetic and total residual parameters","gcorr_genome"
"chr8_10422_1044217","region","h2","GWAS2",NA,-0.000208855062563092,NA,NA,NA,NA,"Joint HESS uncertainty requires valid regional genetic and total residual parameters","gcorr_genome"
"chr8_1044217_1163245","region","h2","GWAS2",NA,-0.000348389540998362,NA,NA,NA,NA,"Joint HESS uncertainty requires valid regional genetic and total residual parameters","gcorr_genome"
"chr8_10463197_11278998","region","h2","GWAS2",NA,-0.000210229274664498,NA,NA,NA,NA,"Joint HESS uncertainty requires valid regional genetic and total residual parameters","gcorr_genome"
"chr8_104988752_107410754","region","h2","GWAS2",NA,-9.73959281820153e-05,NA,NA,NA,NA,"Joint HESS uncertainty requires valid regional genetic and total residual parameters","gcorr_genome"
"chr8_107410754_108648177","region","h2","GWAS2",NA,-0.000369324372815866,NA,NA,NA,NA,"Joint HESS uncertainty requires valid regional genetic and total residual parameters","gcorr_genome"
"chr8_108648177_109248173","region","h2","GWAS2",NA,3.63724296888377e-05,NA,NA,NA,NA,"Joint HESS uncertainty requires valid regional genetic and total residual parameters","gcorr_genome"
"chr8_109248173_110484314","region","h2","GWAS2",NA,-2.44370435364163e-05,NA,NA,NA,NA,"Joint HESS uncertainty requires valid regional genetic and total residual parameters","gcorr_genome"
"chr8_110484314_111850847","region","h2","GWAS2",NA,-0.000110204229200271,NA,NA,NA,NA,"Joint HESS uncertainty requires valid regional genetic and total residual parameters","gcorr_genome"
"chr8_111850847_113064320","region","h2","GWAS2",NA,-0.000168208349277304,NA,NA,NA,NA,"Joint HESS uncertainty requires valid regional genetic and total residual parameters","gcorr_genome"
"chr8_11278998_13491775","region","h2","GWAS2",NA,-5.67918401083055e-05,NA,NA,NA,NA,"Joint HESS uncertainty requires valid regional genetic and total residual parameters","gcorr_genome"
"chr8_113064320_116096495","region","h2","GWAS2",NA,-0.000208502259938501,NA,NA,NA,NA,"Joint HESS uncertainty requires valid regional genetic and total residual parameters","gcorr_genome"
"chr8_116096495_119685457","region","h2","GWAS2",NA,-0.000275745609711148,NA,NA,NA,NA,"Joint HESS uncertainty requires valid regional genetic and total residual parameters","gcorr_genome"
"chr8_1163245_2042942","region","h2","GWAS2",NA,-0.00021004089275385,NA,NA,NA,NA,"Joint HESS uncertainty requires valid regional genetic and total residual parameters","gcorr_genome"
"chr8_119685457_121201700","region","h2","GWAS2",NA,-0.000190386935733807,NA,NA,NA,NA,"Joint HESS uncertainty requires valid regional genetic and total residual parameters","gcorr_genome"
"chr8_121201700_124861459","region","h2","GWAS2",NA,-0.000346361154065842,NA,NA,NA,NA,"Joint HESS uncertainty requires valid regional genetic and total residual parameters","gcorr_genome"
"chr8_124861459_125683719","region","h2","GWAS2",NA,-0.000240518091856157,NA,NA,NA,NA,"Joint HESS uncertainty requires valid regional genetic and total residual parameters","gcorr_genome"
"chr8_125683719_126410917","region","h2","GWAS2",NA,-0.000162523250219699,NA,NA,NA,NA,"Joint HESS uncertainty requires valid regional genetic and total residual parameters","gcorr_genome"
"chr8_126410917_128659111","region","h2","GWAS2",NA,-0.0002203358447033,NA,NA,NA,NA,"Joint HESS uncertainty requires valid regional genetic and total residual parameters","gcorr_genome"
"chr8_128659111_130381139","region","h2","GWAS2",NA,-0.000122971631076018,NA,NA,NA,NA,"Joint HESS uncertainty requires valid regional genetic and total residual parameters","gcorr_genome"
"chr8_130381139_131639625","region","h2","GWAS2",NA,3.84884269077614e-05,NA,NA,NA,NA,"Joint HESS uncertainty requires valid regional genetic and total residual parameters","gcorr_genome"
"chr8_131639625_133351144","region","h2","GWAS2",NA,-0.000179759831031304,NA,NA,NA,NA,"Joint HESS uncertainty requires valid regional genetic and total residual parameters","gcorr_genome"
"chr8_133351144_134570001","region","h2","GWAS2",NA,-0.000346853875041521,NA,NA,NA,NA,"Joint HESS uncertainty requires valid regional genetic and total residual parameters","gcorr_genome"
"chr8_134570001_136035605","region","h2","GWAS2",NA,-0.000211596424625829,NA,NA,NA,NA,"Joint HESS uncertainty requires valid regional genetic and total residual parameters","gcorr_genome"
"chr8_13491775_13944992","region","h2","GWAS2",NA,-0.000151192258644501,NA,NA,NA,NA,"Joint HESS uncertainty requires valid regional genetic and total residual parameters","gcorr_genome"
"chr8_136035605_137524151","region","h2","GWAS2",NA,-2.62813808514126e-05,NA,NA,NA,NA,"Joint HESS uncertainty requires valid regional genetic and total residual parameters","gcorr_genome"
"chr8_137524151_139254830","region","h2","GWAS2",NA,-0.000350461584690398,NA,NA,NA,NA,"Joint HESS uncertainty requires valid regional genetic and total residual parameters","gcorr_genome"
"chr8_139254830_140725643","region","h2","GWAS2",NA,-0.000309532087498455,NA,NA,NA,NA,"Joint HESS uncertainty requires valid regional genetic and total residual parameters","gcorr_genome"
"chr8_13944992_15991660","region","h2","GWAS2",NA,-0.000317917615356348,NA,NA,NA,NA,"Joint HESS uncertainty requires valid regional genetic and total residual parameters","gcorr_genome"
"chr8_140725643_143044914","region","h2","GWAS2",NA,-0.000203463357476577,NA,NA,NA,NA,"Joint HESS uncertainty requires valid regional genetic and total residual parameters","gcorr_genome"
"chr8_143044914_144236881","region","h2","GWAS2",NA,-0.000351344139455818,NA,NA,NA,NA,"Joint HESS uncertainty requires valid regional genetic and total residual parameters","gcorr_genome"
"chr8_144236881_146303867","region","h2","GWAS2",NA,5.01999410920141e-05,NA,NA,NA,NA,"Joint HESS uncertainty requires valid regional genetic and total residual parameters","gcorr_genome"
"chr8_15991660_17387876","region","h2","GWAS2",NA,-0.00028368011128902,NA,NA,NA,NA,"Joint HESS uncertainty requires valid regional genetic and total residual parameters","gcorr_genome"
"chr8_17387876_17836399","region","h2","GWAS2",NA,-0.00020734950971823,NA,NA,NA,NA,"Joint HESS uncertainty requires valid regional genetic and total residual parameters","gcorr_genome"
"chr8_17836399_19492840","region","h2","GWAS2",NA,-0.000150482593224845,NA,NA,NA,NA,"Joint HESS uncertainty requires valid regional genetic and total residual parameters","gcorr_genome"
"chr8_19492840_20060856","region","h2","GWAS2",NA,0.000286293960662198,NA,NA,NA,NA,"Joint HESS uncertainty requires valid regional genetic and total residual parameters","gcorr_genome"
"chr8_20060856_21661737","region","h2","GWAS2",NA,-4.49560445466147e-05,NA,NA,NA,NA,"Joint HESS uncertainty requires valid regional genetic and total residual parameters","gcorr_genome"
"chr8_2042942_2573279","region","h2","GWAS2",NA,-0.000387156158429225,NA,NA,NA,NA,"Joint HESS uncertainty requires valid regional genetic and total residual parameters","gcorr_genome"
"chr8_21661737_22897057","region","h2","GWAS2",NA,-1.1249521041155e-05,NA,NA,NA,NA,"Joint HESS uncertainty requires valid regional genetic and total residual parameters","gcorr_genome"
"chr8_22897057_24674718","region","h2","GWAS2",NA,-0.000231807985165499,NA,NA,NA,NA,"Joint HESS uncertainty requires valid regional genetic and total residual parameters","gcorr_genome"
"chr8_24674718_25483454","region","h2","GWAS2",NA,-0.000106238379335207,NA,NA,NA,NA,"Joint HESS uncertainty requires valid regional genetic and total residual parameters","gcorr_genome"
"chr8_25483454_26682525","region","h2","GWAS2",NA,0.000183912352687384,NA,NA,NA,NA,"Joint HESS uncertainty requires valid regional genetic and total residual parameters","gcorr_genome"
"chr8_2573279_3392926","region","h2","GWAS2",NA,-0.000354367733791093,NA,NA,NA,NA,"Joint HESS uncertainty requires valid regional genetic and total residual parameters","gcorr_genome"
"chr8_26682525_28162392","region","h2","GWAS2",NA,-0.000118679919157416,NA,NA,NA,NA,"Joint HESS uncertainty requires valid regional genetic and total residual parameters","gcorr_genome"
"chr8_28162392_29327896","region","h2","GWAS2",NA,-2.76618827978641e-05,NA,NA,NA,NA,"Joint HESS uncertainty requires valid regional genetic and total residual parameters","gcorr_genome"
"chr8_29327896_31133729","region","h2","GWAS2",NA,-8.23328436572245e-05,NA,NA,NA,NA,"Joint HESS uncertainty requires valid regional genetic and total residual parameters","gcorr_genome"
"chr8_31133729_31548360","region","h2","GWAS2",NA,-0.000101125380970895,NA,NA,NA,NA,"Joint HESS uncertainty requires valid regional genetic and total residual parameters","gcorr_genome"
"chr8_31548360_32977218","region","h2","GWAS2",NA,-0.000223109535090788,NA,NA,NA,NA,"Joint HESS uncertainty requires valid regional genetic and total residual parameters","gcorr_genome"
"chr8_32977218_35317232","region","h2","GWAS2",NA,-8.15599872593505e-05,NA,NA,NA,NA,"Joint HESS uncertainty requires valid regional genetic and total residual parameters","gcorr_genome"
"chr8_3392926_3783017","region","h2","GWAS2",NA,-0.00017298902423963,NA,NA,NA,NA,"Joint HESS uncertainty requires valid regional genetic and total residual parameters","gcorr_genome"
"chr8_35317232_37379389","region","h2","GWAS2",NA,-0.000237971647877975,NA,NA,NA,NA,"Joint HESS uncertainty requires valid regional genetic and total residual parameters","gcorr_genome"
"chr8_37379389_38938806","region","h2","GWAS2",NA,-0.000199768103847397,NA,NA,NA,NA,"Joint HESS uncertainty requires valid regional genetic and total residual parameters","gcorr_genome"
"chr8_3783017_4480476","region","h2","GWAS2",NA,-0.000406700788261882,NA,NA,NA,NA,"Joint HESS uncertainty requires valid regional genetic and total residual parameters","gcorr_genome"
"chr8_38938806_40703337","region","h2","GWAS2",NA,-0.000370207198844212,NA,NA,NA,NA,"Joint HESS uncertainty requires valid regional genetic and total residual parameters","gcorr_genome"
"chr8_40703337_41721454","region","h2","GWAS2",NA,-0.000266921521899819,NA,NA,NA,NA,"Joint HESS uncertainty requires valid regional genetic and total residual parameters","gcorr_genome"
"chr8_41721454_42773823","region","h2","GWAS2",NA,7.96170987929025e-05,NA,NA,NA,NA,"Joint HESS uncertainty requires valid regional genetic and total residual parameters","gcorr_genome"
"chr8_42773823_46841315","region","h2","GWAS2",NA,-0.00015079692087191,NA,NA,NA,NA,"Joint HESS uncertainty requires valid regional genetic and total residual parameters","gcorr_genome"
"chr8_4480476_5146927","region","h2","GWAS2",NA,-0.000221125303565456,NA,NA,NA,NA,"Joint HESS uncertainty requires valid regional genetic and total residual parameters","gcorr_genome"
"chr8_46841315_50082470","region","h2","GWAS2",NA,-0.000236188799897298,NA,NA,NA,NA,"Joint HESS uncertainty requires valid regional genetic and total residual parameters","gcorr_genome"
"chr8_50082470_53302930","region","h2","GWAS2",NA,8.83829320211513e-05,NA,NA,NA,NA,"Joint HESS uncertainty requires valid regional genetic and total residual parameters","gcorr_genome"
"chr8_5146927_6142797","region","h2","GWAS2",NA,-0.00017042207032397,NA,NA,NA,NA,"Joint HESS uncertainty requires valid regional genetic and total residual parameters","gcorr_genome"
"chr8_53302930_54418044","region","h2","GWAS2",NA,-8.03108321926125e-05,NA,NA,NA,NA,"Joint HESS uncertainty requires valid regional genetic and total residual parameters","gcorr_genome"
"chr8_54418044_55945581","region","h2","GWAS2",NA,0.000130142327869085,NA,NA,NA,NA,"Joint HESS uncertainty requires valid regional genetic and total residual parameters","gcorr_genome"
"chr8_55945581_56956383","region","h2","GWAS2",NA,-0.000130053515994132,NA,NA,NA,NA,"Joint HESS uncertainty requires valid regional genetic and total residual parameters","gcorr_genome"
"chr8_56956383_59068651","region","h2","GWAS2",NA,-0.000237837829905207,NA,NA,NA,NA,"Joint HESS uncertainty requires valid regional genetic and total residual parameters","gcorr_genome"
"chr8_59068651_59728100","region","h2","GWAS2",NA,-0.000376754604370862,NA,NA,NA,NA,"Joint HESS uncertainty requires valid regional genetic and total residual parameters","gcorr_genome"
"chr8_59728100_62329099","region","h2","GWAS2",NA,-0.000166335954719256,NA,NA,NA,NA,"Joint HESS uncertainty requires valid regional genetic and total residual parameters","gcorr_genome"
"chr8_6142797_7153079","region","h2","GWAS2",NA,-0.000167978317282438,NA,NA,NA,NA,"Joint HESS uncertainty requires valid regional genetic and total residual parameters","gcorr_genome"
"chr8_62329099_63349306","region","h2","GWAS2",NA,-0.000283589374424294,NA,NA,NA,NA,"Joint HESS uncertainty requires valid regional genetic and total residual parameters","gcorr_genome"
"chr8_63349306_65232872","region","h2","GWAS2",NA,-0.000453185343788288,NA,NA,NA,NA,"Joint HESS uncertainty requires valid regional genetic and total residual parameters","gcorr_genome"
"chr8_65232872_66489090","region","h2","GWAS2",NA,-1.05740897300581e-05,NA,NA,NA,NA,"Joint HESS uncertainty requires valid regional genetic and total residual parameters","gcorr_genome"
"chr8_66489090_69863057","region","h2","GWAS2",NA,-0.000316310201816839,NA,NA,NA,NA,"Joint HESS uncertainty requires valid regional genetic and total residual parameters","gcorr_genome"
"chr8_69863057_70867979","region","h2","GWAS2",NA,-9.96860491935567e-05,NA,NA,NA,NA,"Joint HESS uncertainty requires valid regional genetic and total residual parameters","gcorr_genome"
"chr8_70867979_72289454","region","h2","GWAS2",NA,-0.000161627986410461,NA,NA,NA,NA,"Joint HESS uncertainty requires valid regional genetic and total residual parameters","gcorr_genome"
"chr8_7153079_9154694","region","h2","GWAS2",NA,3.70037018392159e-05,NA,NA,NA,NA,"Joint HESS uncertainty requires valid regional genetic and total residual parameters","gcorr_genome"
"chr8_72289454_73817199","region","h2","GWAS2",NA,-0.000201290602013875,NA,NA,NA,NA,"Joint HESS uncertainty requires valid regional genetic and total residual parameters","gcorr_genome"
"chr8_73817199_75445064","region","h2","GWAS2",NA,-0.000350079519942557,NA,NA,NA,NA,"Joint HESS uncertainty requires valid regional genetic and total residual parameters","gcorr_genome"
"chr8_75445064_76456542","region","h2","GWAS2",NA,0.000312465170440139,NA,NA,NA,NA,"Joint HESS uncertainty requires valid regional genetic and total residual parameters","gcorr_genome"
"chr8_76456542_79132861","region","h2","GWAS2",NA,0.000133937798554442,NA,NA,NA,NA,"Joint HESS uncertainty requires valid regional genetic and total residual parameters","gcorr_genome"
"chr8_79132861_81956395","region","h2","GWAS2",NA,-0.000137986842044313,NA,NA,NA,NA,"Joint HESS uncertainty requires valid regional genetic and total residual parameters","gcorr_genome"
"chr8_81956395_82693739","region","h2","GWAS2",NA,-0.000264962477227466,NA,NA,NA,NA,"Joint HESS uncertainty requires valid regional genetic and total residual parameters","gcorr_genome"
"chr8_82693739_84225589","region","h2","GWAS2",NA,-0.000200039230355438,NA,NA,NA,NA,"Joint HESS uncertainty requires valid regional genetic and total residual parameters","gcorr_genome"
"chr8_84225589_85955619","region","h2","GWAS2",NA,-0.000293290599498803,NA,NA,NA,NA,"Joint HESS uncertainty requires valid regional genetic and total residual parameters","gcorr_genome"
"chr8_85955619_87411709","region","h2","GWAS2",NA,-0.000220974287065681,NA,NA,NA,NA,"Joint HESS uncertainty requires valid regional genetic and total residual parameters","gcorr_genome"
"chr8_87411709_89085481","region","h2","GWAS2",NA,-0.000200837358557682,NA,NA,NA,NA,"Joint HESS uncertainty requires valid regional genetic and total residual parameters","gcorr_genome"
"chr8_89085481_90638162","region","h2","GWAS2",NA,6.66981987236667e-05,NA,NA,NA,NA,"Joint HESS uncertainty requires valid regional genetic and total residual parameters","gcorr_genome"
"chr8_90638162_93554386","region","h2","GWAS2",NA,-6.41118453412959e-05,NA,NA,NA,NA,"Joint HESS uncertainty requires valid regional genetic and total residual parameters","gcorr_genome"
"chr8_9154694_9640787","region","h2","GWAS2",NA,-0.000325667419822508,NA,NA,NA,NA,"Joint HESS uncertainty requires valid regional genetic and total residual parameters","gcorr_genome"
"chr8_93554386_95005527","region","h2","GWAS2",NA,-0.0001467738532589,NA,NA,NA,NA,"Joint HESS uncertainty requires valid regional genetic and total residual parameters","gcorr_genome"
"chr8_95005527_96534806","region","h2","GWAS2",NA,0.000244737706984276,NA,NA,NA,NA,"Joint HESS uncertainty requires valid regional genetic and total residual parameters","gcorr_genome"
"chr8_9640787_10463197","region","h2","GWAS2",NA,-0.00033177229585301,NA,NA,NA,NA,"Joint HESS uncertainty requires valid regional genetic and total residual parameters","gcorr_genome"
"chr8_96534806_99401581","region","h2","GWAS2",NA,-0.000268189366926886,NA,NA,NA,NA,"Joint HESS uncertainty requires valid regional genetic and total residual parameters","gcorr_genome"
"chr8_99401581_101620958","region","h2","GWAS2",NA,-1.11188277765143e-05,NA,NA,NA,NA,"Joint HESS uncertainty requires valid regional genetic and total residual parameters","gcorr_genome"
"chr9_10023_1079707","region","h2","GWAS2",NA,-0.000263966191122966,NA,NA,NA,NA,"Joint HESS uncertainty requires valid regional genetic and total residual parameters","gcorr_genome"
"chr9_101592859_104624437","region","h2","GWAS2",NA,-0.000271723906788057,NA,NA,NA,NA,"Joint HESS uncertainty requires valid regional genetic and total residual parameters","gcorr_genome"
"chr9_104624437_105967976","region","h2","GWAS2",NA,-0.000225207123134733,NA,NA,NA,NA,"Joint HESS uncertainty requires valid regional genetic and total residual parameters","gcorr_genome"
"chr9_105967976_107581749","region","h2","GWAS2",NA,-0.000354246637335424,NA,NA,NA,NA,"Joint HESS uncertainty requires valid regional genetic and total residual parameters","gcorr_genome"
"chr9_107581749_109298754","region","h2","GWAS2",NA,-6.67412278392585e-05,NA,NA,NA,NA,"Joint HESS uncertainty requires valid regional genetic and total residual parameters","gcorr_genome"
"chr9_1079707_1916877","region","h2","GWAS2",NA,0.000277707002025928,NA,NA,NA,NA,"Joint HESS uncertainty requires valid regional genetic and total residual parameters","gcorr_genome"
"chr9_10879253_12276489","region","h2","GWAS2",NA,-0.000281765935613277,NA,NA,NA,NA,"Joint HESS uncertainty requires valid regional genetic and total residual parameters","gcorr_genome"
"chr9_109298754_110695062","region","h2","GWAS2",NA,0.00016126690697855,NA,NA,NA,NA,"Joint HESS uncertainty requires valid regional genetic and total residual parameters","gcorr_genome"
"chr9_110695062_112778024","region","h2","GWAS2",NA,0.000171198330983987,NA,NA,NA,NA,"Joint HESS uncertainty requires valid regional genetic and total residual parameters","gcorr_genome"
"chr9_112778024_114831082","region","h2","GWAS2",NA,-0.00019362570976886,NA,NA,NA,NA,"Joint HESS uncertainty requires valid regional genetic and total residual parameters","gcorr_genome"
"chr9_114831082_115693145","region","h2","GWAS2",NA,4.7314196079417e-05,NA,NA,NA,NA,"Joint HESS uncertainty requires valid regional genetic and total residual parameters","gcorr_genome"
"chr9_115693145_117019801","region","h2","GWAS2",NA,-0.000454676109404198,NA,NA,NA,NA,"Joint HESS uncertainty requires valid regional genetic and total residual parameters","gcorr_genome"
"chr9_117019801_117921960","region","h2","GWAS2",NA,1.29360748357177e-05,NA,NA,NA,NA,"Joint HESS uncertainty requires valid regional genetic and total residual parameters","gcorr_genome"
"chr9_117921960_121321537","region","h2","GWAS2",NA,-0.000191772803395611,NA,NA,NA,NA,"Joint HESS uncertainty requires valid regional genetic and total residual parameters","gcorr_genome"
"chr9_121321537_122260297","region","h2","GWAS2",NA,-0.000160403381292313,NA,NA,NA,NA,"Joint HESS uncertainty requires valid regional genetic and total residual parameters","gcorr_genome"
"chr9_122260297_124871322","region","h2","GWAS2",NA,-0.000151464942961504,NA,NA,NA,NA,"Joint HESS uncertainty requires valid regional genetic and total residual parameters","gcorr_genome"
"chr9_12276489_14836363","region","h2","GWAS2",NA,-0.00021579697582146,NA,NA,NA,NA,"Joint HESS uncertainty requires valid regional genetic and total residual parameters","gcorr_genome"
"chr9_124871322_126971887","region","h2","GWAS2",NA,-0.00011924638902191,NA,NA,NA,NA,"Joint HESS uncertainty requires valid regional genetic and total residual parameters","gcorr_genome"
"chr9_126971887_129059665","region","h2","GWAS2",NA,-1.05899723581557e-05,NA,NA,NA,NA,"Joint HESS uncertainty requires valid regional genetic and total residual parameters","gcorr_genome"
"chr9_129059665_130055510","region","h2","GWAS2",NA,-0.000186653085479628,NA,NA,NA,NA,"Joint HESS uncertainty requires valid regional genetic and total residual parameters","gcorr_genome"
"chr9_130055510_132165470","region","h2","GWAS2",NA,-0.000164217296213805,NA,NA,NA,NA,"Joint HESS uncertainty requires valid regional genetic and total residual parameters","gcorr_genome"
"chr9_132165470_133223217","region","h2","GWAS2",NA,-0.000245460751135095,NA,NA,NA,NA,"Joint HESS uncertainty requires valid regional genetic and total residual parameters","gcorr_genome"
"chr9_133223217_134127888","region","h2","GWAS2",NA,-0.000256311936598683,NA,NA,NA,NA,"Joint HESS uncertainty requires valid regional genetic and total residual parameters","gcorr_genome"
"chr9_134127888_135298842","region","h2","GWAS2",NA,-0.000250913063620117,NA,NA,NA,NA,"Joint HESS uncertainty requires valid regional genetic and total residual parameters","gcorr_genome"
"chr9_135298842_137041122","region","h2","GWAS2",NA,0.000305406634446446,NA,NA,NA,NA,"Joint HESS uncertainty requires valid regional genetic and total residual parameters","gcorr_genome"
"chr9_137041122_137589364","region","h2","GWAS2",NA,-9.8498563208121e-05,NA,NA,NA,NA,"Joint HESS uncertainty requires valid regional genetic and total residual parameters","gcorr_genome"
"chr9_137589364_138938978","region","h2","GWAS2",NA,-0.000367092536946796,NA,NA,NA,NA,"Joint HESS uncertainty requires valid regional genetic and total residual parameters","gcorr_genome"
"chr9_138938978_139500342","region","h2","GWAS2",NA,-0.000116908251793125,NA,NA,NA,NA,"Joint HESS uncertainty requires valid regional genetic and total residual parameters","gcorr_genome"
"chr9_139500342_141144796","region","h2","GWAS2",NA,0.000238561551093658,NA,NA,NA,NA,"Joint HESS uncertainty requires valid regional genetic and total residual parameters","gcorr_genome"
"chr9_14836363_16659655","region","h2","GWAS2",NA,-0.000352477777695685,NA,NA,NA,NA,"Joint HESS uncertainty requires valid regional genetic and total residual parameters","gcorr_genome"
"chr9_16659655_18661051","region","h2","GWAS2",NA,3.79891167236849e-05,NA,NA,NA,NA,"Joint HESS uncertainty requires valid regional genetic and total residual parameters","gcorr_genome"
"chr9_18661051_20463534","region","h2","GWAS2",NA,5.68724702621912e-05,NA,NA,NA,NA,"Joint HESS uncertainty requires valid regional genetic and total residual parameters","gcorr_genome"
"chr9_1916877_3190064","region","h2","GWAS2",NA,-0.000160829986338438,NA,NA,NA,NA,"Joint HESS uncertainty requires valid regional genetic and total residual parameters","gcorr_genome"
"chr9_20463534_22206559","region","h2","GWAS2",NA,0.00389157057390317,NA,NA,NA,NA,"Joint HESS uncertainty requires valid regional genetic and total residual parameters","gcorr_genome"
"chr9_22206559_24158518","region","h2","GWAS2",NA,5.45449862435931e-05,NA,NA,NA,NA,"Joint HESS uncertainty requires valid regional genetic and total residual parameters","gcorr_genome"
"chr9_24158518_25330810","region","h2","GWAS2",NA,-0.000291857257263927,NA,NA,NA,NA,"Joint HESS uncertainty requires valid regional genetic and total residual parameters","gcorr_genome"
"chr9_25330810_26111757","region","h2","GWAS2",NA,-0.000123187390252873,NA,NA,NA,NA,"Joint HESS uncertainty requires valid regional genetic and total residual parameters","gcorr_genome"
"chr9_26111757_28224283","region","h2","GWAS2",NA,-2.17655655981661e-05,NA,NA,NA,NA,"Joint HESS uncertainty requires valid regional genetic and total residual parameters","gcorr_genome"
"chr9_28224283_28811584","region","h2","GWAS2",NA,7.74502854027043e-06,NA,NA,NA,NA,"Joint HESS uncertainty requires valid regional genetic and total residual parameters","gcorr_genome"
"chr9_28811584_30387392","region","h2","GWAS2",NA,-8.91536303441518e-05,NA,NA,NA,NA,"Joint HESS uncertainty requires valid regional genetic and total residual parameters","gcorr_genome"
"chr9_30387392_31310383","region","h2","GWAS2",NA,-0.000128424284481412,NA,NA,NA,NA,"Joint HESS uncertainty requires valid regional genetic and total residual parameters","gcorr_genome"
"chr9_31310383_32019368","region","h2","GWAS2",NA,-0.000199707845959141,NA,NA,NA,NA,"Joint HESS uncertainty requires valid regional genetic and total residual parameters","gcorr_genome"
"chr9_3190064_4495328","region","h2","GWAS2",NA,-4.4191383895646e-05,NA,NA,NA,NA,"Joint HESS uncertainty requires valid regional genetic and total residual parameters","gcorr_genome"
"chr9_32019368_33578334","region","h2","GWAS2",NA,-0.00035889733846274,NA,NA,NA,NA,"Joint HESS uncertainty requires valid regional genetic and total residual parameters","gcorr_genome"
"chr9_33578334_34642243","region","h2","GWAS2",NA,-0.000136403112524992,NA,NA,NA,NA,"Joint HESS uncertainty requires valid regional genetic and total residual parameters","gcorr_genome"
"chr9_34642243_36743283","region","h2","GWAS2",NA,-0.000235012851426055,NA,NA,NA,NA,"Joint HESS uncertainty requires valid regional genetic and total residual parameters","gcorr_genome"
"chr9_36743283_38641599","region","h2","GWAS2",NA,-0.000142683163947374,NA,NA,NA,NA,"Joint HESS uncertainty requires valid regional genetic and total residual parameters","gcorr_genome"
"chr9_38641599_65472190","region","h2","GWAS2",NA,-0.000177139539255106,NA,NA,NA,NA,"Joint HESS uncertainty requires valid regional genetic and total residual parameters","gcorr_genome"
"chr9_4495328_4884926","region","h2","GWAS2",NA,-0.000222675845418143,NA,NA,NA,NA,"Joint HESS uncertainty requires valid regional genetic and total residual parameters","gcorr_genome"
"chr9_4884926_6557589","region","h2","GWAS2",NA,-0.000263944924599153,NA,NA,NA,NA,"Joint HESS uncertainty requires valid regional genetic and total residual parameters","gcorr_genome"
"chr9_65472190_72512711","region","h2","GWAS2",NA,-0.000418228637328079,NA,NA,NA,NA,"Joint HESS uncertainty requires valid regional genetic and total residual parameters","gcorr_genome"
"chr9_6557589_7154923","region","h2","GWAS2",NA,-0.000196898734824866,NA,NA,NA,NA,"Joint HESS uncertainty requires valid regional genetic and total residual parameters","gcorr_genome"
"chr9_7154923_8456299","region","h2","GWAS2",NA,-0.000368686679250644,NA,NA,NA,NA,"Joint HESS uncertainty requires valid regional genetic and total residual parameters","gcorr_genome"
"chr9_72512711_72753755","region","h2","GWAS2",NA,0.000195440246938148,NA,NA,NA,NA,"Joint HESS uncertainty requires valid regional genetic and total residual parameters","gcorr_genome"
"chr9_72753755_74253040","region","h2","GWAS2",NA,-0.000115111982028106,NA,NA,NA,NA,"Joint HESS uncertainty requires valid regional genetic and total residual parameters","gcorr_genome"
"chr9_74253040_76203946","region","h2","GWAS2",NA,-0.000392517448394939,NA,NA,NA,NA,"Joint HESS uncertainty requires valid regional genetic and total residual parameters","gcorr_genome"
"chr9_76203946_76973081","region","h2","GWAS2",NA,-0.000168237268478193,NA,NA,NA,NA,"Joint HESS uncertainty requires valid regional genetic and total residual parameters","gcorr_genome"
"chr9_76973081_78900183","region","h2","GWAS2",NA,-0.000186047609450366,NA,NA,NA,NA,"Joint HESS uncertainty requires valid regional genetic and total residual parameters","gcorr_genome"
"chr9_78900183_79471208","region","h2","GWAS2",NA,-0.000193766156304354,NA,NA,NA,NA,"Joint HESS uncertainty requires valid regional genetic and total residual parameters","gcorr_genome"
"chr9_79471208_81079055","region","h2","GWAS2",NA,0.000170864005427232,NA,NA,NA,NA,"Joint HESS uncertainty requires valid regional genetic and total residual parameters","gcorr_genome"
"chr9_81079055_82590928","region","h2","GWAS2",NA,0.00012714450475859,NA,NA,NA,NA,"Joint HESS uncertainty requires valid regional genetic and total residual parameters","gcorr_genome"
"chr9_82590928_84211233","region","h2","GWAS2",NA,-0.000128159685507433,NA,NA,NA,NA,"Joint HESS uncertainty requires valid regional genetic and total residual parameters","gcorr_genome"
"chr9_84211233_85440801","region","h2","GWAS2",NA,-0.000234042040470634,NA,NA,NA,NA,"Joint HESS uncertainty requires valid regional genetic and total residual parameters","gcorr_genome"
"chr9_8456299_9166403","region","h2","GWAS2",NA,-0.000254217148990475,NA,NA,NA,NA,"Joint HESS uncertainty requires valid regional genetic and total residual parameters","gcorr_genome"
"chr9_85440801_86938196","region","h2","GWAS2",NA,4.0836548857777e-05,NA,NA,NA,NA,"Joint HESS uncertainty requires valid regional genetic and total residual parameters","gcorr_genome"
"chr9_86938196_88109333","region","h2","GWAS2",NA,-9.12121559335912e-05,NA,NA,NA,NA,"Joint HESS uncertainty requires valid regional genetic and total residual parameters","gcorr_genome"
"chr9_88109333_88590417","region","h2","GWAS2",NA,-0.000267844349226929,NA,NA,NA,NA,"Joint HESS uncertainty requires valid regional genetic and total residual parameters","gcorr_genome"
"chr9_88590417_90136246","region","h2","GWAS2",NA,-0.000316285682433049,NA,NA,NA,NA,"Joint HESS uncertainty requires valid regional genetic and total residual parameters","gcorr_genome"
"chr9_90136246_92528698","region","h2","GWAS2",NA,-1.55956345276723e-05,NA,NA,NA,NA,"Joint HESS uncertainty requires valid regional genetic and total residual parameters","gcorr_genome"
"chr9_9166403_10879253","region","h2","GWAS2",NA,3.03649216231368e-05,NA,NA,NA,NA,"Joint HESS uncertainty requires valid regional genetic and total residual parameters","gcorr_genome"
"chr9_92528698_94167203","region","h2","GWAS2",NA,-0.000200164412494463,NA,NA,NA,NA,"Joint HESS uncertainty requires valid regional genetic and total residual parameters","gcorr_genome"
"chr9_94167203_96671698","region","h2","GWAS2",NA,-9.23256500703644e-05,NA,NA,NA,NA,"Joint HESS uncertainty requires valid regional genetic and total residual parameters","gcorr_genome"
"chr9_96671698_98922040","region","h2","GWAS2",NA,-0.000190363896090673,NA,NA,NA,NA,"Joint HESS uncertainty requires valid regional genetic and total residual parameters","gcorr_genome"
"chr9_98922040_101592859","region","h2","GWAS2",NA,-8.03609276521984e-05,NA,NA,NA,NA,"Joint HESS uncertainty requires valid regional genetic and total residual parameters","gcorr_genome"
NA,"total","h2","GWAS2",NA,-0.187175312350506,NA,NA,NA,NA,"Joint HESS uncertainty requires valid regional genetic and total residual parameters","gcorr_genome"
