"region","markers","solver_dimension","retained_components","matrix_space","workspace_bytes","decode","product","eigen","projection"
"chr10_100241302_100668400",613,503,24,"samples",29266048,0.0682903,0.0348965,0.2182915,0.0011874
"chr10_100668400_102949239",2895,503,50,"samples",47704608,0.08358,0.0648455,0.2419538,0.0027787
"chr10_10249396_12586797",4362,503,50,"samples",59557968,0.0792186,0.1085362,0.26376,0.0021491
"chr10_102949239_104380410",1224,503,50,"samples",34202928,0.0264929,0.0318824,0.2083831,0.001064
"chr10_104380410_106695048",2905,503,50,"samples",47785408,0.0430501,0.0669442,0.1854092,0.0016604
"chr10_106695048_108726686",2943,503,50,"samples",48092448,0.0495377,0.0690234,0.1890352,0.0019373
"chr10_108726686_110317705",2800,503,50,"samples",46937008,0.0556077,0.06489,0.1855383,0.0017618
"chr10_110317705_112561493",3089,503,50,"samples",49272128,0.0663846,0.0711224,0.274553,0.0022412
"chr10_112561493_115328432",3224,503,50,"samples",50362928,0.1451958,0.0919359,0.3622373,0.0026055
"chr10_115328432_116421406",1844,503,50,"samples",39212528,0.0698673,0.0694467,0.3169624,0.0013938
"chr10_116421406_119523934",3858,503,50,"samples",55485648,0.1836276,0.1106992,0.3170549,0.0034544
"chr10_119523934_120591353",1654,503,50,"samples",37677328,0.1016437,0.0606621,0.3383315,0.0012751
"chr10_120591353_122407323",2796,503,50,"samples",46904688,0.0706431,0.0712729,0.3273784,0.0022772
"chr10_122407323_123231465",1296,503,50,"samples",34784688,0.0435962,0.0408723,0.1887732,0.0012146
"chr10_123231465_123900545",1293,503,50,"samples",34760448,0.0291891,0.0341925,0.219704,0.0010793
"chr10_123900545_125869346",3482,503,50,"samples",52447568,0.0938028,0.0951004,0.3871319,0.0025013
"chr10_12586797_13321600",1730,503,50,"samples",38291408,0.0773732,0.0758717,0.3937074,0.0016287
"chr10_125869346_128001098",4096,503,50,"samples",57408688,0.1589121,0.1525794,0.2640805,0.0031944
"chr10_128001098_129154362",1963,503,50,"samples",40174048,0.0618651,0.0515822,0.1933014,0.0021629
"chr10_129154362_130844284",4189,503,50,"samples",58160128,0.1528806,0.1086822,0.2462092,0.0024357
"chr10_130844284_131741327",1718,503,50,"samples",38194448,0.0486538,0.04114,0.2469706,0.0013304
"chr10_131741327_132580245",2116,503,50,"samples",41410288,0.0550415,0.0463705,0.2103893,0.0024792
"chr10_132580245_134336329",4644,503,50,"samples",61836528,0.1055184,0.1404913,0.2556184,0.0026611
"chr10_13321600_15026068",3463,503,50,"samples",52294048,0.1126389,0.0942629,0.2231665,0.0021237
"chr10_134336329_134494673",172,172,11,"markers",4248672,0.0066865,0.0025142,0.0085362,5e-06
"chr10_134494673_135523865",1604,503,50,"samples",37273328,0.0298772,0.0368928,0.2127466,0.0011619
"chr10_15026068_16551767",2441,503,50,"samples",44036288,0.0704696,0.0818322,0.1969025,0.0014659
"chr10_1523544_2254500",1867,503,50,"samples",39398368,0.0287119,0.0577522,0.3336865,0.0016386
"chr10_16551767_18537267",3146,503,50,"samples",49732688,0.1088887,0.1253693,0.3175011,0.002081
"chr10_18537267_19716878",2858,503,50,"samples",47405648,0.0841675,0.0717126,0.3407432,0.0031568
"chr10_19716878_22772283",4067,503,50,"samples",57174368,0.1927562,0.1168168,0.4043923,0.0038504
"chr10_2254500_3352699",2572,503,50,"samples",45094768,0.1129229,0.069769,0.2952732,0.0020675
"chr10_22772283_23175132",542,503,31,"samples",28692368,0.0173656,0.0178657,0.2711797,0.0015648
"chr10_23175132_25578596",3256,503,50,"samples",50621488,0.1342768,0.0811997,0.2577075,0.0029091
"chr10_25578596_26888684",3348,503,50,"samples",51364848,0.1614534,0.0922693,0.1841744,0.0023408
"chr10_26888684_29323236",4667,503,50,"samples",62022368,0.1452599,0.1144396,0.2040708,0.0032454
"chr10_29323236_29783692",1229,503,50,"samples",34243328,0.0307963,0.0298288,0.2125463,0.0013395
"chr10_29783692_30458838",1462,503,50,"samples",36125968,0.0615649,0.0512868,0.307039,0.0014594
"chr10_30458838_31907519",2136,503,50,"samples",41571888,0.0795635,0.074715,0.2984779,0.0015266
"chr10_31907519_33707968",3360,503,50,"samples",51461808,0.0931636,0.0855641,0.3286095,0.0027892
"chr10_3352699_4572274",2250,503,50,"samples",42493008,0.077455,0.0870889,0.2795128,0.0023608
"chr10_33707968_35109355",2005,503,50,"samples",40513408,0.0825472,0.0552734,0.3504014,0.0017102
"chr10_35109355_36572508",2057,503,50,"samples",40933568,0.0939793,0.0541224,0.3430511,0.0021491
"chr10_36572508_37790029",1749,503,50,"samples",38444928,0.0706123,0.0617761,0.1794128,0.0012287
"chr10_37790029_42372579",2224,503,32,"samples",42282928,0.0734645,0.0611686,0.2348397,0.0018696
"chr10_42372579_43894771",2659,503,50,"samples",45797728,0.1075733,0.1037025,0.300489,0.0024003
"chr10_43894771_44730075",1631,503,50,"samples",37491488,0.0700468,0.063955,0.1737021,0.001202
"chr10_44730075_48760450",3717,503,50,"samples",54346368,0.1288884,0.1000251,0.3013011,0.002655
"chr10_4572274_5983762",3256,503,50,"samples",50621488,0.0893693,0.075286,0.2872133,0.0020407
"chr10_48760450_50840915",2451,503,50,"samples",44117088,0.0530471,0.0588764,0.2396089,0.0017683
"chr10_50840915_53616629",2927,503,50,"samples",47963168,0.0817046,0.0727005,0.2269525,0.002199
"chr10_53616629_55103572",3028,503,50,"samples",48779248,0.0877248,0.0742747,0.2349161,0.002679
"chr10_55103572_57031140",3742,503,50,"samples",54548368,0.176762,0.1198979,0.3058138,0.0031782
"chr10_57031140_57662146",844,503,37,"samples",31132528,0.0287042,0.0197698,0.1640629,0.0013496
"chr10_57662146_58959528",2344,503,50,"samples",43252528,0.1347116,0.0826526,0.1765123,0.0019609
"chr10_58959528_60289987",2758,503,50,"samples",46597648,0.0815716,0.0741682,0.2810654,0.0024231
"chr10_5983762_7171484",2557,503,50,"samples",44973568,0.0885625,0.0643985,0.2540997,0.0018614
"chr10_60289987_61891409",2199,503,50,"samples",42080928,0.0842842,0.0590614,0.2859242,0.0019183
"chr10_60523_751339",420,420,30,"markers",20350816,0.0221628,0.0116492,0.1259721,0.0006227
"chr10_61891409_62659679",1363,503,50,"samples",35326048,0.0671318,0.0397615,0.2476158,0.0016199
"chr10_62659679_63341695",678,503,36,"samples",29791248,0.0407636,0.0250658,0.2176302,0.0010675
"chr10_63341695_65794114",3886,503,50,"samples",55711888,0.0787845,0.0892527,0.2530463,0.003316
"chr10_65794114_67549615",2869,503,50,"samples",47494528,0.1638019,0.102151,0.322472,0.0024123
"chr10_67549615_69900148",3721,503,50,"samples",54378688,0.1625641,0.1217193,0.2541055,0.0026057
"chr10_69900148_70195991",576,503,29,"samples",28967088,0.0123262,0.0140615,0.2037258,0.0011157
"chr10_70195991_72220850",3757,503,50,"samples",54669568,0.14902,0.1203952,0.2822624,0.0025761
"chr10_7171484_8774665",3440,503,50,"samples",52108208,0.1033468,0.1127018,0.3596288,0.002838
"chr10_72220850_73508512",2949,503,50,"samples",48140928,0.1406348,0.0898152,0.2606562,0.0019149
"chr10_73508512_75422550",1725,503,50,"samples",38251008,0.0601211,0.066743,0.3327517,0.00203
"chr10_751339_1523544",1458,503,50,"samples",36093648,0.041792,0.0567425,0.3322136,0.0014369
"chr10_75422550_78706814",2555,503,50,"samples",44957408,0.1347539,0.0785043,0.2158924,0.0017595
"chr10_78706814_80876749",3330,503,50,"samples",51219408,0.099164,0.0776981,0.26458,0.0027995
"chr10_80876749_82414679",2972,503,50,"samples",48326768,0.0906428,0.1070796,0.2673271,0.0029082
"chr10_82414679_84383745",3183,503,50,"samples",50031648,0.1585448,0.0943749,0.1621251,0.0022867
"chr10_84383745_85458703",2472,503,50,"samples",44286768,0.0629514,0.0698103,0.3722032,0.0024566
"chr10_85458703_87937577",4749,503,50,"samples",62684928,0.2050448,0.1349758,0.1680032,0.0027881
"chr10_8774665_10249396",2638,503,50,"samples",45628048,0.1203561,0.0860599,0.376027,0.0023652
"chr10_87937577_89127064",1569,503,50,"samples",36990528,0.0656809,0.0580619,0.3052166,0.0012515
"chr10_89127064_91013381",2672,503,50,"samples",45902768,0.1084454,0.0907439,0.323142,0.0025712
"chr10_91013381_92006581",1600,503,50,"samples",37241008,0.0743469,0.0603321,0.2960152,0.0014873
"chr10_92006581_93335047",2090,503,50,"samples",41200208,0.0766765,0.0604363,0.3270703,0.0020087
"chr10_93335047_95396368",2799,503,50,"samples",46928928,0.1291516,0.0653828,0.2863503,0.0033565
"chr10_95396368_96221243",1034,503,50,"samples",32667728,0.032244,0.0453015,0.3039119,0.0013469
"chr10_96221243_97822357",2677,503,50,"samples",45943168,0.1172358,0.0744168,0.2598972,0.0023173
"chr10_97822357_100241302",3048,503,50,"samples",48940848,0.1496301,0.1210342,0.2851034,0.0027529
"chr11_100417169_101331121",1831,503,50,"samples",39107488,0.0742566,0.057987,0.3161764,0.0017242
"chr11_101331121_103959636",5376,503,50,"samples",67751088,0.0922863,0.1424525,0.154265,0.0031501
"chr11_103959636_104873284",1474,503,47,"samples",36222928,0.0259419,0.039748,0.1410937,0.00142
"chr11_104873284_106520894",2062,503,50,"samples",40973968,0.041467,0.048608,0.1677501,0.001702
"chr11_106520894_107844200",2312,503,50,"samples",42993968,0.0655666,0.0607961,0.2999487,0.0016285
"chr11_107844200_108437037",425,425,19,"markers",20796896,0.0160838,0.0121922,0.1498568,0.0001396
"chr11_108437037_109866116",1617,503,50,"samples",37378368,0.069126,0.0595786,0.2890802,0.0012937
"chr11_10952027_12564229",3570,503,50,"samples",53158608,0.0864709,0.1313804,0.3632781,0.0024825
"chr11_109866116_111114397",2127,503,50,"samples",41499168,0.0977315,0.0599081,0.3165415,0.0017666
"chr11_111114397_112459488",1261,503,50,"samples",34501888,0.0337161,0.0341879,0.2188222,0.0010255
"chr11_112459488_114257728",2873,503,50,"samples",47526848,0.0772244,0.0650706,0.2321289,0.0022353
"chr11_114257728_114830666",936,503,43,"samples",31875888,0.0277648,0.0208693,0.1810967,0.0017488
"chr11_114830666_116383348",2224,503,50,"samples",42282928,0.0970872,0.0670734,0.2388363,0.0019092
"chr11_116383348_117747110",2399,503,50,"samples",43696928,0.1136488,0.0836347,0.3658481,0.0023572
"chr11_117747110_119215476",2158,503,50,"samples",41749648,0.0722114,0.067934,0.3639181,0.0024139
"chr11_119215476_120766806",2652,503,50,"samples",45741168,0.1269481,0.1043385,0.3422534,0.0025158
"chr11_120766806_121175943",709,503,38,"samples",30041728,0.0306699,0.030188,0.2808405,0.0012597
"chr11_121175943_122591910",1943,503,50,"samples",40012448,0.0569144,0.0449923,0.2049486,0.0020311
"chr11_1213590_3665481",4870,503,50,"samples",63662608,0.1846401,0.1194154,0.2384563,0.0027867
"chr11_122591910_123500117",1615,503,50,"samples",37362208,0.0375245,0.0365996,0.1777385,0.0013196
"chr11_123500117_124495528",1972,503,50,"samples",40246768,0.0374014,0.0454979,0.1459214,0.0017831
"chr11_124495528_126311320",3336,503,50,"samples",51267888,0.0574021,0.0791981,0.1636155,0.0023667
"chr11_12564229_13373124",1475,503,50,"samples",36231008,0.028553,0.0325329,0.1470026,0.0014769
"chr11_126311320_127316679",2009,503,50,"samples",40545728,0.0331028,0.0494598,0.1729309,0.0015453
"chr11_127316679_128188537",1439,503,50,"samples",35940128,0.0305134,0.0357005,0.1783535,0.0015309
"chr11_128188537_130342575",3257,503,50,"samples",50629568,0.0871018,0.078359,0.2419014,0.0019592
"chr11_130342575_131074612",1429,503,50,"samples",35859328,0.0412143,0.0363924,0.2449327,0.0011667
"chr11_131074612_133000046",3388,503,50,"samples",51688048,0.1047256,0.0862627,0.2462568,0.002098
"chr11_133000046_134205993",1804,503,50,"samples",38889328,0.048585,0.0396602,0.2403407,0.0014575
"chr11_13373124_15742552",3236,503,50,"samples",50459888,0.0818694,0.082255,0.2357498,0.0023268
"chr11_134205993_134946452",2151,503,50,"samples",41693088,0.0729597,0.0841485,0.3103374,0.0018356
"chr11_15742552_17578402",2120,503,50,"samples",41442608,0.0836664,0.0731546,0.3425236,0.0014139
"chr11_17578402_19569535",3648,503,50,"samples",53788848,0.1554543,0.1388749,0.3265351,0.003911
"chr11_19569535_21017138",2609,503,50,"samples",45393728,0.1116878,0.0956748,0.3296538,0.0022435
"chr11_21017138_22374142",2447,503,50,"samples",44084768,0.1114223,0.090627,0.2119541,0.0017829
"chr11_22374142_24088517",3385,503,50,"samples",51663808,0.0863166,0.104049,0.3516263,0.0028882
"chr11_24088517_26045753",4192,503,50,"samples",58184368,0.1943109,0.1478561,0.3447703,0.0039929
"chr11_26045753_27020461",1801,503,50,"samples",38865088,0.0775389,0.0569184,0.3515363,0.0013872
"chr11_27020461_28481593",1441,503,50,"samples",35956288,0.0512628,0.0387922,0.2415682,0.0011706
"chr11_28481593_30141357",1846,503,50,"samples",39228688,0.0773122,0.0482554,0.2074242,0.0014434
"chr11_30141357_32276901",2550,503,50,"samples",44917008,0.0724436,0.1049268,0.3616261,0.0024267
"chr11_32276901_33958739",2495,503,50,"samples",44472608,0.1194292,0.0633423,0.3315619,0.0021005
"chr11_33958739_35502605",3198,503,50,"samples",50152848,0.135296,0.1041398,0.3362756,0.0023786
"chr11_35502605_37116815",2530,503,50,"samples",44755408,0.069113,0.0607681,0.3246724,0.0017487
"chr11_3665481_4746709",2068,503,50,"samples",41022448,0.0617872,0.0506772,0.2451088,0.00246
"chr11_37116815_39382003",2801,503,50,"samples",46945088,0.1411629,0.0893404,0.2106528,0.0018754
"chr11_39382003_42310003",4289,503,50,"samples",58968128,0.0787273,0.0907335,0.2032083,0.0021818
"chr11_42310003_44693799",4034,503,50,"samples",56907728,0.051233,0.0986938,0.2011366,0.0024668
"chr11_44693799_47006137",2587,503,50,"samples",45215968,0.0538998,0.0585077,0.196418,0.0017814
"chr11_47006137_49866050",3506,503,50,"samples",52641488,0.0575317,0.0786486,0.2183489,0.002058
"chr11_4746709_6322869",4072,503,50,"samples",57214768,0.0922279,0.0936318,0.2069125,0.0024279
"chr11_49866050_54695473",3816,503,23,"samples",55146288,0.0689886,0.0874642,0.1899801,0.0033741
"chr11_54695473_55082657",725,503,9,"samples",30171008,0.0164372,0.0254234,0.1509469,0.0004749
"chr11_55082657_58457495",7801,503,50,"samples",87345088,0.1339105,0.1779651,0.1646442,0.0041331
"chr11_58457495_58780549",384,384,18,"markers",17280736,0.012281,0.0063433,0.0568015,0.0001844
"chr11_58780549_62223771",4136,503,50,"samples",57731888,0.0880138,0.0938429,0.2321729,0.0023033
"chr11_62223771_63804569",1458,503,50,"samples",36093648,0.0295222,0.0320816,0.1635167,0.0011457
"chr11_6322869_7436701",1850,503,50,"samples",39261008,0.0489459,0.0328043,0.203213,0.0010672
"chr11_63804569_65898631",1875,503,50,"samples",39463008,0.0543251,0.0475749,0.2043327,0.0017314
"chr11_65898631_68005825",2022,503,50,"samples",40650768,0.0474468,0.0523102,0.2141645,0.0012252
"chr11_68005825_69516130",2115,503,50,"samples",41402208,0.0397957,0.0559995,0.1767985,0.0014848
"chr11_69516130_70926292",2371,503,50,"samples",43470688,0.0478077,0.0523798,0.2153265,0.0014974
"chr11_70855_1213590",1807,503,50,"samples",38913568,0.0427159,0.0404147,0.2279825,0.001257
"chr11_70926292_72286017",1591,503,50,"samples",37168288,0.0468508,0.0386846,0.1858074,0.0010622
"chr11_72286017_74412351",2538,503,50,"samples",44820048,0.051885,0.0684163,0.1815061,0.0014552
"chr11_7436701_8333274",1963,503,50,"samples",40174048,0.0339705,0.0624224,0.2334752,0.0014489
"chr11_74412351_76797209",2913,503,50,"samples",47850048,0.0452718,0.0576398,0.1575524,0.0019879
"chr11_76797209_78355058",2151,503,50,"samples",41693088,0.0424253,0.0489968,0.1821233,0.0012109
"chr11_78355058_80722373",3604,503,50,"samples",53433328,0.0660475,0.0827854,0.1945473,0.0021379
"chr11_80722373_81266712",1154,503,50,"samples",33637328,0.0152909,0.0236092,0.1932365,0.0008383
"chr11_81266712_84381272",5321,503,50,"samples",67306688,0.1048971,0.1131085,0.2382808,0.0026882
"chr11_8333274_9087317",1262,503,50,"samples",34509968,0.0372762,0.0286852,0.2059948,0.001212
"chr11_84381272_86619301",3248,503,50,"samples",50556848,0.0958009,0.0797071,0.2355559,0.0020143
"chr11_86619301_87430235",1790,503,50,"samples",38776208,0.039351,0.0567564,0.1950667,0.0013255
"chr11_87430235_89208936",2801,503,50,"samples",46945088,0.084031,0.0924287,0.267198,0.0018823
"chr11_89208936_90966490",2605,503,50,"samples",45361408,0.0612441,0.0705473,0.1829896,0.0013972
"chr11_9087317_10952027",3229,503,50,"samples",50403328,0.0756017,0.0760176,0.22482,0.0019438
"chr11_90966490_92077144",1858,503,50,"samples",39325648,0.0480757,0.0396587,0.2073074,0.0012985
"chr11_92077144_93276157",1637,503,50,"samples",37539968,0.0413012,0.0369446,0.1446221,0.0011169
"chr11_93276157_94242260",1396,503,50,"samples",35592688,0.0199682,0.0369988,0.1985038,0.0012625
"chr11_94242260_95726041",1971,503,50,"samples",40238688,0.0294535,0.0421638,0.2005287,0.0013595
"chr11_95726041_97057058",2018,503,50,"samples",40618448,0.0403862,0.0461908,0.2102878,0.0018765
"chr11_97057058_98705065",3320,503,50,"samples",51138608,0.063863,0.0806877,0.2208437,0.0021057
"chr11_98705065_100417169",3692,503,50,"samples",54144368,0.0735684,0.0993557,0.1999479,0.0028498
"chr12_101447641_101862690",641,503,39,"samples",29492288,0.0090374,0.0148378,0.1564125,0.0009364
"chr12_101862690_102964986",1452,503,50,"samples",36045168,0.0287906,0.0261565,0.1722406,0.0010544
"chr12_102964986_104848696",3506,503,50,"samples",52641488,0.081953,0.0723312,0.1775531,0.0019025
"chr12_10481534_11754846",1718,503,50,"samples",38194448,0.0381375,0.0370665,0.2553361,0.0012241
"chr12_104848696_106436213",2726,503,50,"samples",46339088,0.0550272,0.0966295,0.2716553,0.0017437
"chr12_106436213_106958748",783,503,50,"samples",30639648,0.0215776,0.0218752,0.1827652,0.0012603
"chr12_106958748_109025901",3284,503,50,"samples",50847728,0.0554256,0.0748105,0.1490169,0.0019007
"chr12_1080331_2544786",2200,503,50,"samples",42089008,0.0460589,0.0967317,0.1579486,0.0014125
"chr12_109025901_110336719",1975,503,50,"samples",40271008,0.0415678,0.0426153,0.200621,0.0016772
"chr12_110336719_113263518",1748,503,50,"samples",38436848,0.0304714,0.0343705,0.1907561,0.001114
"chr12_113263518_113986709",1031,503,50,"samples",32643488,0.029747,0.0210362,0.1809575,0.0007925
"chr12_113986709_115036602",2368,503,50,"samples",43446448,0.0468561,0.0646571,0.1423489,0.0012819
"chr12_115036602_115503216",820,503,50,"samples",30938608,0.0102496,0.0145195,0.1237213,0.0012886
"chr12_115503216_117087471",2727,503,50,"samples",46347168,0.0470374,0.0603302,0.1531308,0.0015647
"chr12_117087471_118135375",1693,503,50,"samples",37992448,0.0254994,0.0323641,0.1320438,0.0013092
"chr12_11754846_12733528",1781,503,50,"samples",38703488,0.0235318,0.0552441,0.1748306,0.0012835
"chr12_118135375_119754110",2934,503,50,"samples",48019728,0.0668877,0.0847334,0.2623769,0.0019856
"chr12_119754110_122007651",3465,503,50,"samples",52310208,0.0676478,0.1184256,0.1884619,0.0018694
"chr12_122007651_124977980",3482,503,50,"samples",52447568,0.0560595,0.0772865,0.1404533,0.0019431
"chr12_124977980_126445505",2951,503,50,"samples",48157088,0.0516513,0.0780588,0.1877592,0.0017084
"chr12_126445505_127875098",2929,503,50,"samples",47979328,0.0438937,0.0616783,0.1375652,0.0018563
"chr12_12733528_15241484",3934,503,50,"samples",56099728,0.0680197,0.1295441,0.1574148,0.0025844
"chr12_127875098_129237297",2834,503,50,"samples",47211728,0.0603278,0.0529219,0.1354951,0.0016105
"chr12_129237297_130377921",2757,503,50,"samples",46589568,0.0432104,0.0595264,0.2012179,0.0017333
"chr12_130377921_131786751",3483,503,50,"samples",52455648,0.0739429,0.075248,0.1368095,0.0023105
"chr12_131786751_132807034",1705,503,50,"samples",38089408,0.0226031,0.0369808,0.1446953,0.0011661
"chr12_132807034_133841511",1452,503,50,"samples",36045168,0.0224689,0.0397329,0.1236819,0.0011774
"chr12_15241484_16310460",979,503,50,"samples",32223328,0.0158896,0.025034,0.1118807,0.0009471
"chr12_16310460_18087873",2459,503,50,"samples",44181728,0.0374469,0.0568483,0.1457252,0.0016175
"chr12_18087873_20863943",5198,503,50,"samples",66312848,0.0963741,0.1015375,0.2130187,0.0054807
"chr12_20863943_23820634",4519,503,50,"samples",60826528,0.1244665,0.112036,0.1853183,0.0030281
"chr12_23820634_25371083",2772,503,50,"samples",46710768,0.0444213,0.0895555,0.207203,0.0016055
"chr12_25371083_27799773",4056,503,50,"samples",57085488,0.0722486,0.0948921,0.2083141,0.0021873
"chr12_2544786_3677037",2088,503,50,"samples",41184048,0.0415264,0.0410297,0.2207642,0.0013358
"chr12_27799773_29651255",3013,503,50,"samples",48658048,0.0648077,0.085137,0.1980642,0.0018671
"chr12_29651255_30512406",2282,503,50,"samples",42751568,0.041382,0.0662528,0.2030535,0.0015559
"chr12_30512406_32165592",3389,503,50,"samples",51696128,0.0779538,0.0783318,0.2423672,0.001986
"chr12_32165592_33076989",2237,503,50,"samples",42387968,0.0328336,0.0584977,0.1760597,0.0020333
"chr12_33076989_37856717",2330,503,50,"samples",43139408,0.0452645,0.0743816,0.1515509,0.0014916
"chr12_3677037_4417679",1291,503,50,"samples",34744288,0.0163742,0.0283064,0.1701266,0.0010882
"chr12_37856717_39227169",1261,503,31,"samples",34501888,0.0263754,0.0209454,0.1630495,0.0010302
"chr12_39227169_40816185",2099,503,50,"samples",41272928,0.0324072,0.0606163,0.2024463,0.0016109
"chr12_40816185_41658586",1604,503,50,"samples",37273328,0.0400488,0.0354364,0.186883,0.0014961
"chr12_41658586_43984474",4381,503,50,"samples",59711488,0.1080421,0.1181151,0.177998,0.0025997
"chr12_43984474_46024229",2360,503,50,"samples",43381808,0.0417612,0.0668077,0.2314969,0.0016736
"chr12_4417679_5321472",1315,503,50,"samples",34938208,0.0392648,0.0258411,0.1996874,0.0010796
"chr12_46024229_47714793",2026,503,50,"samples",40683088,0.0383009,0.0527462,0.1829051,0.0011923
"chr12_47714793_49001866",2723,503,50,"samples",46314848,0.0479047,0.0702554,0.2207192,0.0016079
"chr12_49001866_51776494",2795,503,50,"samples",46896608,0.05605,0.0641722,0.2295594,0.0018221
"chr12_51776494_53039004",2275,503,50,"samples",42695008,0.0316872,0.0524237,0.1813133,0.0014254
"chr12_53039004_54778823",2039,503,50,"samples",40788128,0.0339322,0.043406,0.1904062,0.0013833
"chr12_5321472_6419753",2052,503,50,"samples",40893168,0.0433561,0.0484977,0.2139214,0.001161
"chr12_54778823_55665837",1315,503,50,"samples",34938208,0.0189708,0.0310938,0.1668914,0.0010144
"chr12_55665837_57548860",1766,503,50,"samples",38582288,0.0394665,0.0388159,0.206775,0.0011752
"chr12_57548860_59308666",1796,503,50,"samples",38824688,0.0346039,0.0414059,0.1909764,0.0013161
"chr12_59308666_61123729",2380,503,50,"samples",43543408,0.0376101,0.0850225,0.1889363,0.0017173
"chr12_61107_1080331",1420,503,50,"samples",35786608,0.0321008,0.0413454,0.2087039,0.0010532
"chr12_61123729_64032461",5013,503,50,"samples",64818048,0.0902998,0.1246081,0.2161936,0.0029078
"chr12_64032461_65559695",1851,503,50,"samples",39269088,0.0401642,0.0559184,0.2144167,0.0014921
"chr12_6419753_8377536",728,503,50,"samples",30195248,0.0138962,0.0176374,0.1817235,0.0011181
"chr12_65559695_67181144",1956,503,50,"samples",40117488,0.0321064,0.0599985,0.1866581,0.0013057
"chr12_67181144_67909729",1288,503,50,"samples",34720048,0.0155129,0.0242855,0.1954522,0.0011356
"chr12_67909729_69826542",3092,503,50,"samples",49296368,0.0720901,0.0671341,0.1838895,0.0015449
"chr12_69826542_70957987",2242,503,50,"samples",42428368,0.0306121,0.0471715,0.1766076,0.0015393
"chr12_70957987_72645075",2334,503,50,"samples",43171728,0.0312532,0.0653877,0.2279986,0.0014929
"chr12_72645075_73818454",1884,503,50,"samples",39535728,0.0461351,0.0468717,0.1898795,0.0012369
"chr12_73818454_76511314",3904,503,50,"samples",55857328,0.0867028,0.0747947,0.221942,0.0022236
"chr12_76511314_78570570",3580,503,50,"samples",53239408,0.0656098,0.0821236,0.2016542,0.0022093
"chr12_78570570_80448150",1723,503,50,"samples",38234848,0.0372029,0.0581998,0.1761324,0.0013057
"chr12_80448150_81467767",1419,503,50,"samples",35778528,0.023784,0.0287142,0.2029007,0.0012595
"chr12_81467767_83502666",3036,503,50,"samples",48843888,0.0498201,0.0709994,0.1730299,0.0017424
"chr12_83502666_84303844",1384,503,50,"samples",35495728,0.0408002,0.0304336,0.1767516,0.0010464
"chr12_84303844_85990426",1952,503,50,"samples",40085168,0.0467416,0.0582721,0.1895694,0.0011845
"chr12_85990426_89682122",4013,503,50,"samples",56738048,0.0611747,0.0850083,0.2260159,0.0020824
"chr12_89682122_92066155",2851,503,50,"samples",47349088,0.0772959,0.0623696,0.1830524,0.0023749
"chr12_9031395_10481534",683,503,50,"samples",29831648,0.0127557,0.0278727,0.1931375,0.0010124
"chr12_92066155_94514567",3912,503,50,"samples",55921968,0.0785886,0.0857278,0.2097448,0.0023997
"chr12_94514567_96020785",3239,503,50,"samples",50484128,0.0428262,0.0772185,0.2082979,0.0018468
"chr12_96020785_97108839",1984,503,50,"samples",40343728,0.0359231,0.0662976,0.2561351,0.0012601
"chr12_97108839_99305987",3586,503,50,"samples",53287888,0.0924358,0.0805254,0.1616296,0.0019832
"chr12_99305987_101447641",2839,503,50,"samples",47252128,0.0406323,0.0743723,0.2252188,0.0018274
"chr13_100574095_102300523",2769,503,50,"samples",46686528,0.0507675,0.1105692,0.2494216,0.0017566
"chr13_102300523_104066710",3215,503,50,"samples",50290208,0.0873728,0.0709367,0.1981992,0.0016883
"chr13_104066710_104844114",1422,503,50,"samples",35802768,0.0171889,0.0303065,0.2017414,0.0011724
"chr13_104844114_106247554",2504,503,50,"samples",44545328,0.0668648,0.0546078,0.1797647,0.0014993
"chr13_106247554_106750000",1120,503,50,"samples",33362608,0.0219177,0.030403,0.2119043,0.0008582
"chr13_106750000_108189877",2252,503,50,"samples",42509168,0.049026,0.0528624,0.1701946,0.0017677
"chr13_108189877_109121210",1773,503,50,"samples",38638848,0.0359768,0.0387959,0.2185484,0.0013975
"chr13_109121210_109815112",1482,503,50,"samples",36287568,0.0288233,0.0326468,0.1683955,0.0011386
"chr13_109815112_111232073",3168,503,50,"samples",49910448,0.0471855,0.0652172,0.2361312,0.0017512
"chr13_111232073_112247592",2025,503,50,"samples",40675008,0.0379488,0.0408926,0.22976,0.0015576
"chr13_112247592_113572488",2153,503,50,"samples",41709248,0.062027,0.0607309,0.1885231,0.0015769
"chr13_113572488_115109853",2388,503,50,"samples",43608048,0.0437323,0.0565381,0.2138644,0.0014776
"chr13_19020013_20686720",2572,503,50,"samples",45094768,0.0532899,0.0531228,0.176606,0.0015988
"chr13_20686720_22242174",2695,503,50,"samples",46088608,0.0360961,0.0667862,0.2108493,0.0016466
"chr13_22242174_23594702",2822,503,50,"samples",47114768,0.0682004,0.064049,0.1884346,0.0016825
"chr13_23594702_24531937",2577,503,50,"samples",45135168,0.0312714,0.0692687,0.2064423,0.0015885
"chr13_24531937_25784362",2936,503,50,"samples",48035888,0.0711131,0.0666948,0.2265402,0.0015849
"chr13_25784362_27284362",2367,503,50,"samples",43438368,0.0520016,0.0539729,0.1859544,0.0014795
"chr13_27284362_29257551",3932,503,50,"samples",56083568,0.0590047,0.1171649,0.211685,0.002083
"chr13_29257551_30483267",2367,503,50,"samples",43438368,0.030281,0.0661751,0.1943779,0.0013246
"chr13_30483267_32301815",3182,503,50,"samples",50023568,0.0508694,0.0711757,0.1406847,0.0014827
"chr13_32301815_33776903",1897,503,50,"samples",39640768,0.0396598,0.0351005,0.1428949,0.0012808
"chr13_33776903_35026464",1577,503,50,"samples",37055168,0.0197974,0.0307222,0.1471844,0.0011066
"chr13_35026464_36046367",1140,503,50,"samples",33524208,0.019721,0.028096,0.1646905,0.0010042
"chr13_36046367_37498185",2602,503,50,"samples",45337168,0.0399092,0.0517618,0.1623817,0.0019989
"chr13_37498185_38878163",2458,503,50,"samples",44173648,0.0370648,0.0602621,0.2138892,0.0017132
"chr13_38878163_41069263",3550,503,50,"samples",52997008,0.0826952,0.082082,0.2350409,0.0023198
"chr13_41069263_43101027",2678,503,50,"samples",45951248,0.0764138,0.0545727,0.1947787,0.0016256
"chr13_43101027_44901409",2685,503,50,"samples",46007808,0.0599029,0.0612611,0.1714028,0.0018478
"chr13_44901409_46495214",2085,503,50,"samples",41159808,0.0481643,0.0487586,0.1989016,0.001436
"chr13_46495214_47431079",1453,503,50,"samples",36053248,0.0335587,0.0463586,0.2008956,0.0011432
"chr13_47431079_49383962",2897,503,50,"samples",47720768,0.0551598,0.062336,0.1778585,0.0017147
"chr13_49383962_51591091",2972,503,50,"samples",48326768,0.0402042,0.0850829,0.2194389,0.0020689
"chr13_51591091_53339622",1183,503,50,"samples",33871648,0.0292173,0.0234109,0.1804366,0.0010478
"chr13_53339622_54682864",2053,503,50,"samples",40901248,0.0452204,0.0433177,0.1989376,0.0012943
"chr13_54682864_55817131",1671,503,50,"samples",37814688,0.0369335,0.0334303,0.1563316,0.0010544
"chr13_55817131_57554217",1494,503,50,"samples",36384528,0.0226588,0.0319947,0.1305715,0.0010389
"chr13_57554217_58410626",1069,503,40,"samples",32950528,0.0149903,0.0232089,0.186088,0.000838
"chr13_58410626_59302271",949,503,38,"samples",31980928,0.0229373,0.025753,0.1565125,0.0015114
"chr13_59302271_60854778",2328,503,50,"samples",43123248,0.0396924,0.0638263,0.1910859,0.0012975
"chr13_60854778_61591949",1353,503,50,"samples",35245248,0.0272364,0.0278227,0.1280362,0.0010402
"chr13_61591949_63971559",4684,503,50,"samples",62159728,0.0869059,0.1074665,0.214293,0.0024978
"chr13_63971559_65200602",2318,503,50,"samples",43042448,0.0515947,0.0499419,0.1941499,0.0016228
"chr13_65200602_67844453",3417,503,50,"samples",51922368,0.0719223,0.0912992,0.15622,0.0027119
"chr13_67844453_70724516",5541,503,50,"samples",69084288,0.1152182,0.1463577,0.2207943,0.003472
"chr13_70724516_71526791",1597,503,50,"samples",37216768,0.0289025,0.0326284,0.1819562,0.0012688
"chr13_71526791_73934089",3733,503,50,"samples",54475648,0.0947374,0.0811247,0.2139043,0.0022438
"chr13_73934089_75670143",2825,503,50,"samples",47139008,0.0844261,0.0708185,0.2280813,0.0017247
"chr13_75670143_77410555",2872,503,50,"samples",47518768,0.0669136,0.0774049,0.2272259,0.001913
"chr13_77410555_78808813",1577,503,50,"samples",37055168,0.0258707,0.0388299,0.2062738,0.0009807
"chr13_78808813_80585676",2364,503,50,"samples",43414128,0.0651389,0.0572729,0.1928754,0.0016646
"chr13_80585676_82581814",3092,503,50,"samples",49296368,0.0765594,0.0684406,0.2362562,0.0020265
"chr13_82581814_84133144",2252,503,50,"samples",42509168,0.0583744,0.0547036,0.1847926,0.0017539
"chr13_84133144_85610916",2697,503,50,"samples",46104768,0.0636534,0.0723092,0.2085201,0.0017986
"chr13_85610916_88559882",4815,503,50,"samples",63218208,0.0839004,0.1086099,0.1692073,0.0030466
"chr13_88559882_90521311",2810,503,50,"samples",47017808,0.056637,0.068492,0.242511,0.0017159
"chr13_90521311_93129691",4652,503,50,"samples",61901168,0.0604352,0.1077255,0.2141162,0.0026397
"chr13_93129691_93586455",598,503,34,"samples",29144848,0.0141509,0.0131128,0.1612895,0.0005324
"chr13_93586455_96087558",4735,503,50,"samples",62571808,0.0907101,0.1479073,0.2192687,0.0028469
"chr13_96087558_97519210",1588,503,50,"samples",37144048,0.0392538,0.0456625,0.1820519,0.001077
"chr13_97519210_98938919",1693,503,50,"samples",37992448,0.0280988,0.0509512,0.216803,0.0010914
"chr13_98938919_100574095",2912,503,50,"samples",47841968,0.0434179,0.0741317,0.2116142,0.0020873
"chr14_101534307_103012102",2126,503,50,"samples",41491088,0.0582221,0.0627613,0.1681137,0.0012246
"chr14_103012102_105001723",2883,503,50,"samples",47607648,0.0378301,0.0792031,0.2228095,0.001986
"chr14_105001723_106340358",1294,503,50,"samples",34768528,0.0337794,0.0286807,0.1805887,0.0009973
"chr14_106340358_107289454",673,503,23,"samples",29750848,0.0180396,0.0163908,0.1721708,0.0012566
"chr14_19002084_21589402",2531,503,50,"samples",44763488,0.0730959,0.0578207,0.209782,0.0014959
"chr14_21589402_23018665",3132,503,50,"samples",49619568,0.0836852,0.0897273,0.2049116,0.0018002
"chr14_23018665_24905123",2820,503,50,"samples",47098608,0.0827612,0.1035485,0.2500979,0.001814
"chr14_24905123_26135686",2611,503,50,"samples",45409888,0.0752113,0.0581901,0.1917575,0.0016421
"chr14_26135686_28466533",3293,503,50,"samples",50920448,0.0607054,0.0844811,0.198999,0.0021688
"chr14_28466533_29972145",2069,503,50,"samples",41030528,0.0450891,0.0671465,0.22747,0.0013765
"chr14_29972145_32383265",2926,503,50,"samples",47955088,0.0595575,0.0639236,0.1781978,0.0020346
"chr14_32383265_34846251",4221,503,50,"samples",58418688,0.0748261,0.0998911,0.1996054,0.0019416
"chr14_34846251_35859593",1962,503,50,"samples",40165968,0.0358651,0.0637711,0.2320444,0.0016016
"chr14_35859593_38667725",3340,503,50,"samples",51300208,0.0569022,0.0786718,0.2089857,0.0019323
"chr14_38667725_40341990",2742,503,50,"samples",46468368,0.0500777,0.0616345,0.1630022,0.0017371
"chr14_40341990_41615502",2508,503,50,"samples",44577648,0.054878,0.0601567,0.1897323,0.0019268
"chr14_41615502_43137389",2314,503,50,"samples",43010128,0.0600971,0.0594591,0.2440931,0.0025685
"chr14_43137389_44543227",2447,503,50,"samples",44084768,0.0865593,0.0939396,0.2602128,0.0018878
"chr14_44543227_46081896",2065,503,50,"samples",40998208,0.1053507,0.0955189,0.2622108,0.0015762
"chr14_46081896_46749130",1138,503,35,"samples",33508048,0.0327711,0.0351312,0.1913824,0.0012039
"chr14_46749130_48573586",3019,503,50,"samples",48706528,0.1298775,0.0846532,0.2051771,0.0020332
"chr14_48573586_49005471",806,503,24,"samples",30825488,0.0318797,0.0234542,0.1158963,0.0012157
"chr14_49005471_50507760",2049,503,50,"samples",40868928,0.0305021,0.0394652,0.1303758,0.0012912
"chr14_50507760_51493572",1442,503,50,"samples",35964368,0.0171681,0.0274202,0.1777508,0.001853
"chr14_51493572_53474383",3449,503,50,"samples",52180928,0.0928806,0.1237809,0.1612952,0.0020221
"chr14_53474383_53997831",943,503,40,"samples",31932448,0.0239639,0.0217055,0.1278852,0.0009588
"chr14_53997831_55233681",1432,503,50,"samples",35883568,0.0187443,0.0312006,0.1186,0.0008628
"chr14_55233681_56216880",1621,503,50,"samples",37410688,0.0230437,0.0338594,0.1264769,0.0011634
"chr14_56216880_57481262",2338,503,50,"samples",43204048,0.0347547,0.0754374,0.1335724,0.0012656
"chr14_57481262_59448336",2934,503,50,"samples",48019728,0.0388119,0.0777725,0.131343,0.001947
"chr14_59448336_61680424",2655,503,50,"samples",45765408,0.0512524,0.0693462,0.1519947,0.0014175
"chr14_61680424_63790015",3383,503,50,"samples",51647648,0.0458111,0.0783108,0.1315395,0.0019865
"chr14_63790015_65220298",1758,503,50,"samples",38517648,0.0249489,0.0503164,0.1228882,0.0010769
"chr14_65220298_66399555",1548,503,50,"samples",36820848,0.018655,0.0321689,0.121736,0.0012045
"chr14_66399555_67992317",1651,503,50,"samples",37653088,0.0275671,0.0417394,0.1252474,0.0014046
"chr14_67992317_71131957",4719,503,50,"samples",62442528,0.0705442,0.1061367,0.1265732,0.0029718
"chr14_71131957_72889615",2737,503,50,"samples",46427968,0.0887183,0.0815411,0.1884346,0.0018023
"chr14_72889615_76444767",4918,503,50,"samples",64050448,0.1041463,0.1186346,0.1559981,0.0030944
"chr14_76444767_77229472",1503,503,50,"samples",36457248,0.0310188,0.0354916,0.1200576,0.0010349
"chr14_77229472_78561945",2772,503,50,"samples",46710768,0.046367,0.065543,0.1490395,0.0014799
"chr14_78561945_80186579",2080,503,50,"samples",41119408,0.0271559,0.0424146,0.1409453,0.0012814
"chr14_80186579_81579714",2337,503,50,"samples",43195968,0.0548819,0.0458409,0.1582237,0.0016733
"chr14_81579714_83138097",2287,503,50,"samples",42791968,0.0321025,0.0486268,0.1310569,0.0012491
"chr14_83138097_84241633",1910,503,50,"samples",39745808,0.0233959,0.0330662,0.1518161,0.00119
"chr14_84241633_85746319",2630,503,50,"samples",45563408,0.0464303,0.0799121,0.1541288,0.0014624
"chr14_85746319_86647002",1315,503,50,"samples",34938208,0.0170164,0.0244743,0.1235222,0.0008962
"chr14_86647002_87635341",1438,503,50,"samples",35932048,0.0249475,0.0258728,0.1286288,0.0011487
"chr14_87635341_89497643",2789,503,50,"samples",46848128,0.0645748,0.0690989,0.1546371,0.0018668
"chr14_89497643_91296860",2830,503,50,"samples",47179408,0.0489937,0.1087797,0.1633836,0.0016153
"chr14_91296860_93132299",3257,503,50,"samples",50629568,0.0436755,0.0907073,0.1783724,0.00225
"chr14_93132299_94325285",1752,503,50,"samples",38469168,0.0295295,0.0458683,0.2241977,0.0012127
"chr14_94325285_95750867",3176,503,50,"samples",49975088,0.0789604,0.0709252,0.1813842,0.0022589
"chr14_95750867_96262415",1212,503,50,"samples",34105968,0.0201487,0.0251416,0.1837132,0.0011261
"chr14_96262415_98341162",3463,503,50,"samples",52294048,0.0895545,0.0819667,0.1772109,0.0019407
"chr14_98341162_99138532",1660,503,50,"samples",37725808,0.0267549,0.040725,0.1810489,0.0016043
"chr14_99138532_101534307",3315,503,50,"samples",51098208,0.0881832,0.0860165,0.1630756,0.0021123
"chr15_100636847_101552694",1911,503,50,"samples",39753888,0.0451403,0.050649,0.1925107,0.0010841
"chr15_101552694_102520966",1700,503,50,"samples",38049008,0.0263583,0.0368457,0.2239501,0.0013938
"chr15_20001200_21131604",58,58,4,"markers",808608,0.004152,0.0011026,0.0018493,1.1e-06
"chr15_21131604_24195127",1684,503,50,"samples",37919728,0.0330911,0.039115,0.1932486,0.0010036
"chr15_24195127_25108590",2791,503,50,"samples",46864288,0.0437011,0.0729214,0.1306147,0.0016608
"chr15_25108590_27298112",3772,503,50,"samples",54790768,0.0795831,0.0926165,0.2347118,0.0023334
"chr15_27298112_29338502",1859,503,50,"samples",39333728,0.0469007,0.0504577,0.229572,0.0013067
"chr15_29338502_30165568",1242,503,50,"samples",34348368,0.0359173,0.0319446,0.1930119,0.0009609
"chr15_30165568_31591821",1371,503,50,"samples",35390688,0.0194502,0.0414219,0.184086,0.0011923
"chr15_31591821_32441811",1250,503,50,"samples",34413008,0.023365,0.0292577,0.218262,0.0008918
"chr15_32441811_34015425",2473,503,50,"samples",44294848,0.0589179,0.0819085,0.2232166,0.0013983
"chr15_34015425_35083251",1841,503,50,"samples",39188288,0.0239241,0.0403297,0.1478351,0.0013622
"chr15_35083251_37456502",3545,503,50,"samples",52956608,0.0483885,0.090928,0.2153503,0.0020214
"chr15_37456502_38530777",1683,503,50,"samples",37911648,0.0308603,0.0468969,0.2018783,0.0011607
"chr15_38530777_40384132",2858,503,50,"samples",47405648,0.0536908,0.0721237,0.1901852,0.0019436
"chr15_40384132_41177514",950,503,50,"samples",31989008,0.0143789,0.0230541,0.1721215,0.0013278
"chr15_41177514_42776399",2031,503,50,"samples",40723488,0.0521943,0.0471569,0.1823379,0.0014985
"chr15_42776399_44198049",834,503,33,"samples",31051728,0.0124376,0.0234863,0.1661677,0.0015327
"chr15_44198049_46618787",2138,503,50,"samples",41588048,0.0362784,0.0780709,0.2018535,0.0018204
"chr15_46618787_48136048",2337,503,50,"samples",43195968,0.0551612,0.0536472,0.2134643,0.0015705
"chr15_48136048_50008043",1834,503,50,"samples",39131728,0.0520827,0.0514228,0.1961171,0.0013523
"chr15_50008043_51677560",2692,503,50,"samples",46064368,0.059209,0.0683861,0.1925937,0.0019059
"chr15_51677560_53069096",1575,503,50,"samples",37039008,0.0383489,0.0358352,0.2214672,0.0010659
"chr15_53069096_54508528",2496,503,50,"samples",44480688,0.0662083,0.0598741,0.1900495,0.0016627
"chr15_54508528_55136269",1358,503,50,"samples",35285648,0.033143,0.0323977,0.1767095,0.0010173
"chr15_55136269_56901773",3290,503,50,"samples",50896208,0.0685657,0.0812506,0.2075633,0.0020185
"chr15_56901773_58441366",2115,503,50,"samples",41402208,0.0557421,0.0471251,0.2135977,0.0014424
"chr15_58441366_59694116",1945,503,50,"samples",40028608,0.0565553,0.0440294,0.2013654,0.0015868
"chr15_59694116_61265836",2363,503,50,"samples",43406048,0.0635958,0.063109,0.2279653,0.0017055
"chr15_61265836_63215222",2956,503,50,"samples",48197488,0.063129,0.0846712,0.2394179,0.0020486
"chr15_63215222_65104668",1731,503,50,"samples",38299488,0.0250501,0.0367976,0.1810111,0.0015035
"chr15_65104668_67094767",2485,503,50,"samples",44391808,0.0635564,0.065621,0.1723918,0.0033365
"chr15_67094767_69017999",2684,503,50,"samples",45999728,0.0423832,0.0697982,0.1722243,0.0022267
"chr15_69017999_70133341",1096,503,50,"samples",33168688,0.0277208,0.0278608,0.1904671,0.0009954
"chr15_70133341_71922649",2728,503,50,"samples",46355248,0.0577996,0.0648464,0.2133301,0.0018952
"chr15_71922649_73628714",1376,503,50,"samples",35431088,0.0278004,0.0302268,0.1981473,0.0008599
"chr15_73628714_76398624",2433,503,50,"samples",43971648,0.0442781,0.0559832,0.1778697,0.0017074
"chr15_76398624_78516053",2765,503,50,"samples",46654208,0.0765985,0.0859346,0.2246529,0.0018825
"chr15_78516053_80860978",4137,503,50,"samples",57739968,0.0622524,0.0970325,0.2044417,0.0022075
"chr15_80860978_84260468",3361,503,50,"samples",51469888,0.0741364,0.1052493,0.2091014,0.002351
"chr15_84260468_86652905",3701,503,50,"samples",54217088,0.075668,0.1020308,0.2186536,0.0023998
"chr15_86652905_88369943",3034,503,50,"samples",48827728,0.0799904,0.0795864,0.2694163,0.0019016
"chr15_88369943_90475551",2889,503,50,"samples",47656128,0.0709685,0.071746,0.2418994,0.0017845
"chr15_90475551_92164392",2884,503,50,"samples",47615728,0.0691618,0.0708309,0.2257905,0.0016281
"chr15_92164392_93780902",3109,503,50,"samples",49433728,0.0590043,0.0729022,0.236112,0.0018871
"chr15_93780902_94924330",2407,503,50,"samples",43761568,0.0560914,0.0550916,0.2242618,0.0017584
"chr15_94924330_96141596",2296,503,50,"samples",42864688,0.0537239,0.0658653,0.2683157,0.0024516
"chr15_96141596_98030910",2885,503,50,"samples",47623808,0.124549,0.0905291,0.2255833,0.0023026
"chr15_98030910_99244059",2702,503,50,"samples",46145168,0.0655395,0.0671423,0.3023639,0.001896
"chr15_99244059_100636847",2664,503,50,"samples",45838128,0.0867102,0.0692755,0.2520177,0.0020613
"chr16_10426032_11520161",2319,503,50,"samples",43050528,0.0608213,0.0803348,0.3037659,0.0016312
"chr16_11520161_12613098",1957,503,50,"samples",40125568,0.0369338,0.0552569,0.2252674,0.0016073
"chr16_1207206_2764829",2394,503,50,"samples",43656528,0.06692,0.0551426,0.2049245,0.0015549
"chr16_12613098_13154437",1421,503,50,"samples",35794688,0.0224645,0.0290125,0.1606938,0.0012253
"chr16_13154437_14464002",2433,503,50,"samples",43971648,0.0580759,0.0540261,0.2342203,0.0017017
"chr16_14464002_16154060",1255,503,50,"samples",34453408,0.0387478,0.0304969,0.2006723,0.0012148
"chr16_16154060_17644749",1663,503,50,"samples",37750048,0.0215247,0.0337795,0.2110176,0.0013832
"chr16_17644749_18643607",953,503,50,"samples",32013248,0.0153771,0.0212814,0.1788426,0.0016018
"chr16_18643607_20150571",2044,503,50,"samples",40828528,0.0331119,0.0508738,0.1991016,0.001492
"chr16_20150571_22448904",1815,503,50,"samples",38978208,0.0371514,0.0384897,0.1879394,0.0013899
"chr16_22448904_24136875",2258,503,50,"samples",42557648,0.0593537,0.0575439,0.2253266,0.0016444
"chr16_24136875_25986862",3480,503,50,"samples",52431408,0.0839582,0.0829498,0.2300786,0.0023814
"chr16_25986862_27445755",2982,503,50,"samples",48407568,0.0536838,0.0735428,0.2062932,0.0018552
"chr16_27445755_29036613",1173,503,50,"samples",33790848,0.0316214,0.0273081,0.1847795,0.0010724
"chr16_2764829_4001196",1626,503,50,"samples",37451088,0.0231053,0.0355475,0.1745532,0.0013374
"chr16_29036613_31382943",1571,503,50,"samples",37006688,0.0467028,0.0295594,0.2015116,0.0017754
"chr16_31382943_46399473",695,503,39,"samples",29928608,0.0244887,0.0232803,0.1900721,0.0005818
"chr16_4001196_5118345",1848,503,50,"samples",39244848,0.0243629,0.0453333,0.1913763,0.0012273
"chr16_46399473_49007926",1415,503,50,"samples",35746208,0.0245044,0.0332964,0.1677505,0.0011943
"chr16_49007926_52035823",3990,503,50,"samples",56552208,0.0669504,0.0900663,0.1604657,0.0023662
"chr16_5118345_5891580",1901,503,50,"samples",39673088,0.0359395,0.0423861,0.1234426,0.001464
"chr16_52035823_53382572",2025,503,50,"samples",40675008,0.0372785,0.0427901,0.1322106,0.0012948
"chr16_53382572_55903774",4278,503,50,"samples",58879248,0.0739991,0.0985126,0.1463437,0.0027061
"chr16_55903774_57664330",2645,503,50,"samples",45684608,0.0510689,0.0777324,0.2142171,0.0017439
"chr16_57664330_59045405",2523,503,50,"samples",44698848,0.058718,0.0601726,0.1977429,0.0017431
"chr16_5891580_6893551",2669,503,50,"samples",45878528,0.0573052,0.0610311,0.2532718,0.0016959
"chr16_59045405_60745694",2458,503,50,"samples",44173648,0.0613593,0.0667746,0.2118972,0.0015511
"chr16_60054_1207206",1913,503,50,"samples",39770048,0.0301357,0.0543303,0.1887735,0.0018859
"chr16_60745694_62229849",1786,503,50,"samples",38743888,0.04136,0.0364294,0.18874,0.0011159
"chr16_62229849_63691589",2208,503,50,"samples",42153648,0.0355389,0.0603377,0.2089909,0.0014349
"chr16_63691589_65938566",3914,503,50,"samples",55938128,0.0981304,0.1058118,0.1704243,0.0020111
"chr16_65938566_68841363",2662,503,50,"samples",45821968,0.0534409,0.0668885,0.1199099,0.0018793
"chr16_68841363_71054028",1942,503,50,"samples",40004368,0.0293424,0.0438732,0.1269461,0.001317
"chr16_6893551_7529121",2159,503,50,"samples",41757728,0.0278727,0.0559322,0.172536,0.0014266
"chr16_71054028_72935150",1891,503,50,"samples",39592288,0.0248849,0.043494,0.1884154,0.0011774
"chr16_72935150_74971503",2991,503,50,"samples",48480288,0.0420963,0.0694068,0.1280664,0.001844
"chr16_74971503_75977954",1469,503,50,"samples",36182528,0.0256486,0.0348327,0.1333719,0.0011362
"chr16_7529121_8338519",2316,503,50,"samples",43026288,0.0622733,0.0549023,0.1220114,0.0012794
"chr16_75977954_77523678",3136,503,50,"samples",49651888,0.0447051,0.0714943,0.1576299,0.0017228
"chr16_77523678_78456292",2864,503,50,"samples",47454128,0.0648039,0.0656081,0.1472824,0.0021435
"chr16_78456292_79134815",2065,503,50,"samples",40998208,0.0534397,0.0403927,0.1436035,0.0014548
"chr16_79134815_80297374",2597,503,50,"samples",45296768,0.0402087,0.07047,0.1489937,0.0017058
"chr16_80297374_81772536",2988,503,50,"samples",48456048,0.0576031,0.0633535,0.1666552,0.0017246
"chr16_81772536_82747728",2280,503,50,"samples",42735408,0.0288058,0.0550518,0.165061,0.0013599
"chr16_82747728_83477208",2282,503,50,"samples",42751568,0.0378197,0.0444335,0.1264416,0.001472
"chr16_8338519_9799419",3702,503,50,"samples",54225168,0.0547533,0.0823116,0.1236151,0.0018989
"chr16_83477208_84445883",2815,503,50,"samples",47058208,0.0461754,0.0594508,0.1806622,0.0014894
"chr16_84445883_85148685",1992,503,50,"samples",40408368,0.0237114,0.0413371,0.1486113,0.0012723
"chr16_85148685_86156599",2086,503,50,"samples",41167888,0.0288563,0.0450538,0.1456803,0.0014014
"chr16_86156599_86815411",1687,503,50,"samples",37943968,0.0273507,0.0419647,0.2113399,0.0013638
"chr16_86815411_87647349",1360,503,50,"samples",35301808,0.0276914,0.0385268,0.2043967,0.0009056
"chr16_87647349_89041165",3087,503,50,"samples",49255968,0.0822345,0.0804733,0.1641241,0.0020017
"chr16_89041165_90292812",1942,503,50,"samples",40004368,0.0258685,0.0417377,0.1954694,0.0011559
"chr16_9799419_10426032",1508,503,50,"samples",36497648,0.0180755,0.0282511,0.1435378,0.0010561
"chr17_11102815_12534769",2227,503,50,"samples",42307168,0.0295212,0.0688627,0.1507795,0.0015643
"chr17_1172399_1928731",1491,503,50,"samples",36360288,0.0210745,0.0317584,0.1522854,0.0013326
"chr17_12534769_13180372",1414,503,50,"samples",35738128,0.0179761,0.0283425,0.1546706,0.0011292
"chr17_13180372_13894637",1749,503,50,"samples",38444928,0.0302562,0.0476404,0.1318421,0.0012388
"chr17_13894637_15019097",2688,503,50,"samples",46032048,0.035233,0.0651628,0.1942083,0.0015008
"chr17_15019097_16412342",1397,503,50,"samples",35600768,0.0195927,0.0293165,0.1434465,0.001059
"chr17_16412342_18856320",2281,503,50,"samples",42743488,0.0362051,0.0556457,0.1938045,0.0017548
"chr17_18856320_21290357",1776,503,50,"samples",38663088,0.0411591,0.0456526,0.1856507,0.0012615
"chr17_1928731_3702312",2960,503,50,"samples",48229808,0.0402852,0.0520646,0.1521655,0.0018577
"chr17_21290357_27334244",2746,503,50,"samples",46500688,0.0412045,0.0636756,0.1511401,0.0018531
"chr17_27334244_29786491",2096,503,50,"samples",41248688,0.0363904,0.0481098,0.1822932,0.0015938
"chr17_29786491_31538425",2385,503,50,"samples",43583808,0.0550005,0.063188,0.1372435,0.0013949
"chr17_31538425_32912798",2872,503,50,"samples",47518768,0.0355955,0.0631687,0.1449272,0.0018201
"chr17_32912798_34469036",2225,503,50,"samples",42291008,0.0288462,0.0482667,0.1343688,0.0013849
"chr17_34469036_36809344",2293,503,50,"samples",42840448,0.0361157,0.0490973,0.1726039,0.0015569
"chr17_36809344_38877404",2238,503,50,"samples",42396048,0.0287537,0.0459048,0.1366127,0.0013014
"chr17_3702312_4696261",1903,503,50,"samples",39689248,0.0232726,0.0355906,0.1259016,0.0011207
"chr17_38877404_39899810",2005,503,50,"samples",40513408,0.0284256,0.039682,0.1447342,0.0011925
"chr17_39899810_41772087",1952,503,50,"samples",40085168,0.0231465,0.0389503,0.1309676,0.0014976
"chr17_41772087_43056905",1497,503,50,"samples",36408768,0.0208991,0.031154,0.1480401,0.0011156
"chr17_43056905_45876022",2385,503,50,"samples",43583808,0.0423385,0.0621522,0.1333645,0.001301
"chr17_45876022_47517400",2505,503,50,"samples",44553408,0.0312705,0.0543217,0.16317,0.0014512
"chr17_4696261_5741334",1971,503,50,"samples",40238688,0.0337262,0.0475773,0.169523,0.0013394
"chr17_47517400_49898957",3148,503,50,"samples",49748848,0.0432772,0.0601237,0.1712868,0.002498
"chr17_49898957_50719055",1059,503,46,"samples",32869728,0.021072,0.0292366,0.1725341,0.0009594
"chr17_50719055_51826118",1888,503,50,"samples",39568048,0.0447958,0.0404081,0.1332971,0.001461
"chr17_51826118_53599432",2700,503,50,"samples",46129008,0.0493548,0.0630035,0.1598459,0.0014325
"chr17_53599432_55357541",2357,503,50,"samples",43357568,0.0610632,0.0564653,0.2293483,0.0014753
"chr17_55357541_57487512",2449,503,50,"samples",44100928,0.0494915,0.0561533,0.1950131,0.0016839
"chr17_56_1172399",2078,503,50,"samples",41103248,0.0606859,0.0568817,0.1985818,0.001348
"chr17_5741334_7317398",2833,503,50,"samples",47203648,0.0678265,0.0693094,0.1938251,0.0020923
"chr17_57487512_59312755",913,503,44,"samples",31690048,0.0132201,0.0178131,0.1181908,0.0008185
"chr17_59312755_61545589",1979,503,50,"samples",40303328,0.0247661,0.03658,0.1951685,0.0013369
"chr17_61545589_63148128",1186,503,50,"samples",33895888,0.0209317,0.0334392,0.1860747,0.000828
"chr17_63148128_64800430",3077,503,50,"samples",49175168,0.0774729,0.0792483,0.1843607,0.0021763
"chr17_64800430_67858770",4329,503,50,"samples",59291328,0.1211582,0.1180516,0.231008,0.0029807
"chr17_67858770_69387817",2864,503,50,"samples",47454128,0.0726259,0.069828,0.2378981,0.0020019
"chr17_69387817_72672203",5702,503,50,"samples",70385168,0.096317,0.1389755,0.2254862,0.0032354
"chr17_72672203_74375560",2108,503,50,"samples",41345648,0.048375,0.0495108,0.1197816,0.0012282
"chr17_7317398_8306425",1199,503,50,"samples",34000928,0.0206994,0.0250196,0.1505721,0.0009511
"chr17_74375560_76263413",3585,503,50,"samples",53279808,0.0624573,0.079319,0.1411395,0.0021543
"chr17_76263413_77298636",2248,503,50,"samples",42476848,0.0298267,0.0499738,0.1473154,0.0015253
"chr17_77298636_78837588",3078,503,50,"samples",49183248,0.040923,0.0760876,0.1466124,0.0017318
"chr17_78837588_80034408",1917,503,50,"samples",39802368,0.055412,0.042086,0.124266,0.0012763
"chr17_80034408_81194908",1716,503,50,"samples",38178288,0.0278313,0.0449919,0.1267556,0.0012014
"chr17_8306425_9965921",2667,503,50,"samples",45862368,0.0350205,0.0614218,0.1221532,0.0013722
"chr17_9965921_11102815",1744,503,50,"samples",38404528,0.0251901,0.0361331,0.1306979,0.0012095
"chr18_10644_912486",1963,503,50,"samples",40174048,0.0287731,0.0460695,0.1569758,0.0015078
"chr18_11075913_11905440",1415,503,50,"samples",35746208,0.025561,0.0316084,0.1878383,0.0009719
"chr18_11905440_14440799",3963,503,50,"samples",56334048,0.0777173,0.0870535,0.1482793,0.0019705
"chr18_14440799_19485844",1030,503,47,"samples",32635408,0.0161274,0.0215057,0.1086172,0.0007953
"chr18_1942911_3891658",4027,503,50,"samples",56851168,0.0625566,0.0976715,0.1498177,0.0024899
"chr18_19485844_20649472",1542,503,50,"samples",36772368,0.0400407,0.0357387,0.1617562,0.0010486
"chr18_20649472_22996651",2820,503,50,"samples",47098608,0.0874342,0.0715276,0.1428625,0.0019263
"chr18_22996651_24026191",1381,503,50,"samples",35471488,0.0275556,0.0399127,0.2187839,0.0010747
"chr18_24026191_25927682",2774,503,50,"samples",46726928,0.0509285,0.0947129,0.1828565,0.0020684
"chr18_25927682_26875587",894,503,43,"samples",31536528,0.0209796,0.0184487,0.1904184,0.0014717
"chr18_26875587_27866478",1551,503,50,"samples",36845088,0.0372846,0.0379686,0.1635085,0.0010404
"chr18_27866478_30264066",3756,503,50,"samples",54661488,0.0742761,0.0904304,0.1718297,0.0023297
"chr18_30264066_31780067",1610,503,50,"samples",37321808,0.0389644,0.0331744,0.1803969,0.0010923
"chr18_31780067_33861964",2694,503,50,"samples",46080528,0.0621797,0.0763522,0.2412652,0.0018131
"chr18_33861964_35075250",1728,503,50,"samples",38275248,0.0266494,0.0340777,0.1285534,0.0011433
"chr18_35075250_36365490",2081,503,50,"samples",41127488,0.0275665,0.0418561,0.1192558,0.0014486
"chr18_36365490_37684367",1611,503,50,"samples",37329888,0.0203572,0.0313523,0.1236724,0.0010823
"chr18_37684367_39892648",3313,503,50,"samples",51082048,0.0430466,0.0795517,0.1699713,0.0019347
"chr18_3891658_5834180",3612,503,50,"samples",53497968,0.0498136,0.0766927,0.1643799,0.0022341
"chr18_39892648_42922106",4454,503,50,"samples",60301328,0.0722666,0.0975376,0.1223432,0.0022389
"chr18_42922106_44299246",2538,503,50,"samples",44820048,0.0317453,0.0511519,0.1293953,0.0016331
"chr18_44299246_45939732",2520,503,50,"samples",44674608,0.0320029,0.0487326,0.1253985,0.0017653
"chr18_45939732_47730584",3070,503,50,"samples",49118608,0.0413006,0.0639136,0.1894792,0.0018995
"chr18_47730584_51062185",5255,503,50,"samples",66773408,0.107498,0.1144603,0.1414402,0.0025889
"chr18_51062185_51554175",1353,503,34,"samples",35245248,0.0274788,0.0323148,0.1335006,0.0011233
"chr18_51554175_55213838",4731,503,50,"samples",62539488,0.0883593,0.1328648,0.1479388,0.0029791
"chr18_55213838_56530220",2558,503,50,"samples",44981648,0.0495023,0.0528,0.1271709,0.0017784
"chr18_56530220_57630483",2248,503,50,"samples",42476848,0.0508969,0.0708077,0.1419685,0.0012812
"chr18_57630483_59020751",1974,503,50,"samples",40262928,0.0255882,0.0388381,0.1453647,0.0012573
"chr18_5834180_7090485",2036,503,50,"samples",40763888,0.0265335,0.0385209,0.1587052,0.0013163
"chr18_59020751_60277715",2204,503,50,"samples",42121328,0.0286686,0.0486035,0.1441432,0.0017434
"chr18_60277715_61820252",2319,503,50,"samples",43050528,0.0372778,0.0560751,0.1221946,0.0015074
"chr18_61820252_63463402",2642,503,50,"samples",45660368,0.0345456,0.0645134,0.1279768,0.0016618
"chr18_63463402_64252801",1511,503,50,"samples",36521888,0.0184636,0.0300652,0.1168883,0.003044
"chr18_64252801_66125817",3574,503,50,"samples",53190928,0.0520573,0.0986035,0.215409,0.0022244
"chr18_66125817_67175820",1506,503,50,"samples",36481488,0.0303703,0.03398,0.1928248,0.0012624
"chr18_67175820_68621179",2050,503,50,"samples",40877008,0.0570243,0.0586558,0.2471309,0.0016644
"chr18_68621179_69621618",2146,503,50,"samples",41652688,0.035053,0.0470642,0.1832267,0.0012914
"chr18_69621618_71038474",2732,503,50,"samples",46387568,0.0585411,0.0598458,0.2126174,0.0017105
"chr18_7090485_8498931",2172,503,50,"samples",41862768,0.0636566,0.0520296,0.205462,0.0017259
"chr18_71038474_71971462",2009,503,50,"samples",40545728,0.0382072,0.048916,0.2023123,0.0016362
"chr18_71971462_73526987",2434,503,50,"samples",43979728,0.0553326,0.0567029,0.1772035,0.0014246
"chr18_73526987_74813815",2464,503,50,"samples",44222128,0.0643584,0.054586,0.1632354,0.0016034
"chr18_74813815_75976317",2870,503,50,"samples",47502608,0.0424738,0.0719584,0.1802705,0.0018802
"chr18_75976317_77149991",2697,503,50,"samples",46104768,0.0492129,0.0508903,0.185174,0.0018278
"chr18_77149991_78017158",1940,503,50,"samples",39988208,0.023971,0.0535685,0.2111537,0.0014681
"chr18_8498931_11075913",5434,503,50,"samples",68219728,0.1168289,0.1404551,0.1804604,0.0032315
"chr18_912486_1942911",1922,503,50,"samples",39842768,0.0302998,0.0411206,0.1314125,0.0010943
"chr19_11284028_13471127",2351,503,50,"samples",43309088,0.0531705,0.0521756,0.1779981,0.0017758
"chr19_13471127_14486347",1393,503,50,"samples",35568448,0.0273347,0.0392426,0.1650401,0.0010046
"chr19_14486347_15648610",2156,503,50,"samples",41733488,0.0364681,0.0597424,0.1318741,0.0019044
"chr19_15648610_16374416",2091,503,50,"samples",41208288,0.0283736,0.0445254,0.1215198,0.0011625
"chr19_16374416_18409862",3355,503,50,"samples",51421408,0.0434468,0.0602796,0.1291802,0.0020025
"chr19_18409862_19877471",1811,503,50,"samples",38945888,0.0248484,0.0472755,0.1627346,0.0011988
"chr19_19877471_20905757",1606,503,50,"samples",37289488,0.0262931,0.0407259,0.1840148,0.0012379
"chr19_20905757_22732896",4053,503,50,"samples",57061248,0.1043326,0.0935625,0.1570554,0.0025077
"chr19_2098396_3019660",1734,503,50,"samples",38323728,0.0254737,0.0397578,0.1592701,0.0010599
"chr19_22732896_23467746",1494,503,41,"samples",36384528,0.0181169,0.0257608,0.106772,0.0012734
"chr19_23467746_28557893",3060,503,50,"samples",49037808,0.0432733,0.0653025,0.1155935,0.0015906
"chr19_28557893_29790947",2619,503,50,"samples",45474528,0.042212,0.056202,0.1886639,0.0017916
"chr19_29790947_30727954",1728,503,50,"samples",38275248,0.0324906,0.0370204,0.1996964,0.0010863
"chr19_3019660_4348967",2275,503,50,"samples",42695008,0.0446833,0.0603545,0.222724,0.0017669
"chr19_30727954_32746520",2337,503,50,"samples",43195968,0.0506998,0.0525938,0.1535373,0.0015101
"chr19_32746520_34262952",2817,503,50,"samples",47074368,0.0381303,0.0702632,0.1246518,0.0017825
"chr19_34262952_36469295",3398,503,50,"samples",51768848,0.0628283,0.07635,0.1569257,0.0022983
"chr19_36469295_37527033",1619,503,50,"samples",37394528,0.0326809,0.0325305,0.1087473,0.0009876
"chr19_37527033_40170619",3574,503,50,"samples",53190928,0.0458451,0.0704186,0.1330706,0.0018476
"chr19_40170619_40984601",1039,503,50,"samples",32708128,0.0138838,0.0242498,0.1539951,0.0007873
"chr19_40984601_42131573",1778,503,50,"samples",38679248,0.0221377,0.0370697,0.1514693,0.0011335
"chr19_42131573_43862455",1930,503,50,"samples",39907408,0.0241814,0.039963,0.1795327,0.0011294
"chr19_4348967_5811852",2631,503,50,"samples",45571488,0.0360314,0.0508645,0.153695,0.0014606
"chr19_43862455_44744108",1337,503,50,"samples",35115968,0.018873,0.0270997,0.1179794,0.0011302
"chr19_44744108_46102697",2053,503,50,"samples",40901248,0.0313709,0.0653146,0.1443928,0.0014504
"chr19_46102697_47150082",1746,503,50,"samples",38420688,0.0268896,0.0363198,0.1387652,0.001319
"chr19_47150082_49282227",3220,503,50,"samples",50330608,0.0937565,0.0933467,0.1387543,0.0018694
"chr19_49282227_51532567",3509,503,50,"samples",52665728,0.0465059,0.0868322,0.1380869,0.0020811
"chr19_51532567_52985290",3025,503,50,"samples",48755008,0.0517576,0.0644994,0.1334988,0.0020007
"chr19_52985290_54602362",3888,503,50,"samples",55728048,0.0597093,0.0876127,0.1282308,0.0020521
"chr19_54602362_55728080",2104,503,50,"samples",41313328,0.042406,0.04696,0.1633247,0.0013098
"chr19_55728080_57521335",3506,503,50,"samples",52641488,0.0792585,0.0912888,0.1453766,0.0027805
"chr19_57521335_59118839",2627,503,50,"samples",45539168,0.0414384,0.0681909,0.1376251,0.0016247
"chr19_5811852_6684885",1431,503,50,"samples",35875488,0.0357613,0.0429928,0.126117,0.0012235
"chr19_610729_2098396",2140,503,50,"samples",41604208,0.0677852,0.0573065,0.1556086,0.0016412
"chr19_6684885_8347513",3342,503,50,"samples",51316368,0.0501765,0.0865796,0.1799731,0.0018288
"chr19_80840_610729",517,503,50,"samples",28490368,0.0080693,0.0109704,0.1103139,0.0004084
"chr19_8347513_9238393",1512,503,50,"samples",36529968,0.0205818,0.0324785,0.162568,0.001084
"chr19_9238393_11284028",3169,503,50,"samples",49918528,0.0547505,0.0692643,0.1279092,0.0017844
"chr1_100826405_102041016",1918,503,50,"samples",39810448,0.0281397,0.0388538,0.1317443,0.0013514
"chr1_102041016_102898745",1482,503,50,"samples",36287568,0.0256281,0.0358302,0.1074764,0.0008757
"chr1_102898745_103914211",1485,503,45,"samples",36311808,0.0235167,0.0314082,0.1116911,0.0012909
"chr1_103914211_106087842",3384,503,50,"samples",51655728,0.04897,0.0717683,0.1320207,0.0023607
"chr1_10583_1892607",785,503,50,"samples",30655808,0.0216258,0.0160665,0.1143331,0.0007459
"chr1_106087842_108409665",3192,503,50,"samples",50104368,0.0478346,0.0822244,0.1704047,0.0018166
"chr1_10806984_11777841",980,503,50,"samples",32231408,0.020235,0.0194591,0.1438882,0.0015358
"chr1_108409665_110303931",2704,503,50,"samples",46161328,0.0347279,0.0595621,0.1407724,0.0014243
"chr1_110303931_111741737",2174,503,50,"samples",41878928,0.0289574,0.0532561,0.1508969,0.001526
"chr1_111741737_113273306",2629,503,50,"samples",45555328,0.0386978,0.0586269,0.132733,0.0015531
"chr1_113273306_114873845",2145,503,50,"samples",41644608,0.0277549,0.0469908,0.1573802,0.0015284
"chr1_114873845_115880593",1337,503,50,"samples",35115968,0.0183874,0.0267286,0.1253772,0.0008597
"chr1_115880593_118839067",3755,503,50,"samples",54653408,0.0487036,0.0796517,0.132415,0.0020271
"chr1_11777841_12779466",1439,503,50,"samples",35940128,0.0203123,0.0285681,0.1779492,0.0009019
"chr1_118839067_144977494",2659,503,50,"samples",45797728,0.0442959,0.0570097,0.2109122,0.0021749
"chr1_12779466_14891511",2437,503,50,"samples",44003968,0.0383125,0.0579474,0.1200767,0.0016878
"chr1_144977494_148361253",1781,503,50,"samples",38703488,0.0263015,0.0380343,0.1296625,0.0011556
"chr1_148361253_151538881",1748,503,50,"samples",38436848,0.0222667,0.0333837,0.1789636,0.0013508
"chr1_14891511_16897730",3884,503,50,"samples",55695728,0.0610225,0.0882209,0.164086,0.0022253
"chr1_151538881_153180829",1818,503,50,"samples",39002448,0.0279065,0.040214,0.1232118,0.0012716
"chr1_153180829_154770403",1923,503,50,"samples",39850848,0.0319769,0.0379325,0.1241828,0.0012002
"chr1_154770403_156336133",1283,503,50,"samples",34679648,0.0165574,0.0239506,0.1492874,0.0011611
"chr1_156336133_158027412",2351,503,50,"samples",43309088,0.0463144,0.0530403,0.1985161,0.0015726
"chr1_158027412_159913048",3046,503,50,"samples",48924688,0.0550273,0.1192104,0.189689,0.0016248
"chr1_159913048_162346721",3221,503,50,"samples",50338688,0.0639919,0.0752747,0.1315802,0.0020369
"chr1_162346721_165191702",4654,503,50,"samples",61917328,0.0599666,0.1182738,0.1212535,0.0025724
"chr1_165191702_166460517",2044,503,50,"samples",40828528,0.0259343,0.0465197,0.1474441,0.0027424
"chr1_166460517_169086324",4241,503,50,"samples",58580288,0.1120698,0.1000879,0.2561022,0.0024472
"chr1_16897730_18662899",2786,503,50,"samples",46823888,0.0446762,0.0633337,0.1663445,0.0017547
"chr1_169086324_170557776",2959,503,50,"samples",48221728,0.0379512,0.0617281,0.1725324,0.0016727
"chr1_170557776_173097907",3993,503,50,"samples",56576448,0.0923838,0.0930201,0.1739884,0.0021529
"chr1_173097907_175089768",2265,503,50,"samples",42614208,0.0381454,0.0556825,0.1314574,0.0014301
"chr1_175089768_177433381",3353,503,50,"samples",51405248,0.0409293,0.0606517,0.1748225,0.0022547
"chr1_177433381_178944309",1998,503,50,"samples",40456848,0.0289794,0.0579138,0.1650647,0.001192
"chr1_178944309_178954470",14,14,2,"markers",148256,0.0012819,3.8e-05,0.0001041,7e-07
"chr1_178954470_181144121",3923,503,50,"samples",56010848,0.058948,0.0813208,0.1503235,0.0020715
"chr1_181144121_182755356",2525,503,50,"samples",44715008,0.0514641,0.060825,0.1856625,0.0014355
"chr1_182755356_184595513",2634,503,50,"samples",45595728,0.0578667,0.0603545,0.1609221,0.0015209
"chr1_184595513_186810023",2403,503,50,"samples",43729248,0.0329043,0.0523051,0.1481546,0.0012818
"chr1_18662899_20469149",3542,503,50,"samples",52932368,0.0442831,0.0934702,0.1511586,0.0020453
"chr1_186810023_188759945",4148,503,50,"samples",57828848,0.1013521,0.0914226,0.1537505,0.00241
"chr1_188759945_189904130",1431,503,39,"samples",35875488,0.0184672,0.0373337,0.1777372,0.0016027
"chr1_1892607_3582736",2770,503,50,"samples",46694608,0.0842356,0.0663001,0.1620169,0.0017709
"chr1_189904130_191868930",3310,503,50,"samples",51057808,0.0428062,0.0688501,0.1898461,0.0019497
"chr1_191868930_194107442",3033,503,50,"samples",48819648,0.0375003,0.0733927,0.1705895,0.0024583
"chr1_194107442_196176201",3598,503,50,"samples",53384848,0.0841097,0.1159203,0.1463246,0.0021074
"chr1_196176201_197311514",1149,503,35,"samples",33596928,0.0148283,0.0235535,0.1175019,0.0008525
"chr1_197311514_199239884",2115,503,50,"samples",41402208,0.026542,0.0438199,0.1506923,0.0014362
"chr1_199239884_200137649",1737,503,50,"samples",38347968,0.0255278,0.0579942,0.1388129,0.0014787
"chr1_200137649_201589975",2503,503,50,"samples",44537248,0.0652423,0.0530701,0.1465595,0.0014085
"chr1_201589975_203334734",2205,503,50,"samples",42129408,0.0298634,0.0445869,0.1465283,0.0014508
"chr1_203334734_204681068",2074,503,50,"samples",41070928,0.0469607,0.047595,0.1366447,0.0017452
"chr1_204681068_206073265",1878,503,50,"samples",39487248,0.0272358,0.0488939,0.1364204,0.0014905
"chr1_20469149_21736588",1948,503,50,"samples",40052848,0.0259927,0.0405298,0.1268818,0.0011726
"chr1_206073265_208410364",2275,503,50,"samples",42695008,0.0542122,0.0542221,0.198209,0.0013195
"chr1_208410364_210787750",3487,503,50,"samples",52487968,0.0473949,0.0662562,0.1758087,0.0025598
"chr1_210787750_212842330",3269,503,50,"samples",50726528,0.0929624,0.0816668,0.2312087,0.0023133
"chr1_212842330_214578266",2283,503,50,"samples",42759648,0.0501374,0.0593856,0.2383442,0.0015884
"chr1_214578266_216243634",2457,503,50,"samples",44165568,0.0429385,0.068126,0.2228481,0.0016324
"chr1_216243634_218705513",4050,503,50,"samples",57037008,0.0571477,0.1055778,0.204704,0.0024835
"chr1_21736588_23086883",2444,503,50,"samples",44060528,0.0410347,0.0610329,0.235002,0.0016583
"chr1_218705513_219590571",1626,503,50,"samples",37451088,0.0298705,0.0372437,0.162336,0.0012473
"chr1_219590571_221858231",3452,503,50,"samples",52205168,0.0523168,0.1178537,0.2195834,0.0022247
"chr1_221858231_222230220",588,503,36,"samples",29064048,0.0113252,0.0149823,0.186343,0.0009632
"chr1_222230220_224938520",3313,503,50,"samples",51082048,0.0739045,0.0865097,0.2470844,0.0025088
"chr1_224938520_226810860",2551,503,50,"samples",44925088,0.0863817,0.1030123,0.2394909,0.0018426
"chr1_226810860_229156248",3793,503,50,"samples",54960448,0.0921223,0.0969787,0.1937193,0.0025186
"chr1_229156248_230685255",2268,503,50,"samples",42638448,0.0456009,0.0502421,0.2084549,0.0017237
"chr1_230685255_232090252",2301,503,50,"samples",42905088,0.055219,0.0526263,0.212217,0.0014128
"chr1_23086883_23920590",917,503,50,"samples",31722368,0.0236063,0.0204064,0.1705021,0.001427
"chr1_232090252_233429284",2391,503,50,"samples",43632288,0.0518177,0.0671065,0.2740956,0.0022556
"chr1_233429284_234599434",2363,503,50,"samples",43406048,0.0668958,0.0726743,0.1836052,0.0020637
"chr1_234599434_235819436",1717,503,50,"samples",38186368,0.0721528,0.0423781,0.2115198,0.0015034
"chr1_235819436_237555628",2975,503,50,"samples",48351008,0.0864225,0.0757511,0.1949433,0.0020704
"chr1_237555628_238567807",1859,503,50,"samples",39333728,0.0425732,0.0693832,0.2289429,0.0011818
"chr1_238567807_239925314",2431,503,50,"samples",43955488,0.0394002,0.0550586,0.2139273,0.0015075
"chr1_23920590_25516845",2254,503,50,"samples",42525328,0.0424799,0.059245,0.2515185,0.0015154
"chr1_239925314_240564091",1501,503,50,"samples",36441088,0.0382663,0.0541202,0.221589,0.0014584
"chr1_240564091_241582220",1878,503,50,"samples",39487248,0.0465134,0.0502059,0.1499392,0.0012544
"chr1_241582220_242071602",838,503,50,"samples",31084048,0.0179179,0.0330117,0.2482886,0.0014761
"chr1_242071602_244109499",2890,503,50,"samples",47664208,0.0846707,0.0757975,0.2637701,0.0023088
"chr1_244109499_245506746",2151,503,50,"samples",41693088,0.0318742,0.0481109,0.1805186,0.0014128
"chr1_245506746_247344518",3304,503,50,"samples",51009328,0.0854884,0.1065403,0.3177848,0.0024228
"chr1_247344518_249239466",2840,503,50,"samples",47260208,0.0925013,0.0790762,0.2878327,0.002091
"chr1_25516845_27401867",1805,503,50,"samples",38897408,0.0812442,0.0411068,0.2485293,0.0015346
"chr1_27401867_30161881",2738,503,50,"samples",46436048,0.0764077,0.0933995,0.2735242,0.0018147
"chr1_30161881_32438685",3582,503,50,"samples",53255568,0.0978873,0.1322554,0.257829,0.0023022
"chr1_32438685_34799758",2418,503,50,"samples",43850448,0.0344942,0.0534096,0.2586528,0.0018376
"chr1_34799758_37549183",2629,503,50,"samples",45555328,0.0783076,0.0585571,0.2037763,0.0013991
"chr1_3582736_4380811",1511,503,50,"samples",36521888,0.0238128,0.0385225,0.1240853,0.0010987
"chr1_37549183_38731847",1774,503,50,"samples",38646928,0.0301797,0.0339375,0.1292515,0.0017102
"chr1_38731847_40200567",1856,503,50,"samples",39309488,0.0432626,0.0540147,0.2578409,0.0012974
"chr1_40200567_41975327",2831,503,50,"samples",47187488,0.0648446,0.1061714,0.1670432,0.0018123
"chr1_41975327_43758457",2440,503,50,"samples",44028208,0.0490761,0.0538326,0.1712182,0.001505
"chr1_43758457_44969183",1385,503,50,"samples",35503808,0.0242894,0.0424127,0.1567832,0.0011026
"chr1_4380811_5913893",3615,503,50,"samples",53522208,0.0881786,0.1447075,0.1418546,0.002223
"chr1_44969183_46899501",2286,503,50,"samples",42783888,0.0829489,0.0641468,0.1693691,0.0012341
"chr1_46899501_48002576",1232,503,50,"samples",34267568,0.0166211,0.0304335,0.1402119,0.0010113
"chr1_48002576_48978188",1092,503,50,"samples",33136368,0.0255065,0.026769,0.1270131,0.0009404
"chr1_48978188_49894177",601,503,45,"samples",29169088,0.0103728,0.0150878,0.120705,0.0010043
"chr1_49894177_51713726",1182,503,46,"samples",33863568,0.0160028,0.0294487,0.1119819,0.00088
"chr1_51713726_54226262",2181,503,50,"samples",41935488,0.0341562,0.046732,0.1288935,0.0013272
"chr1_54226262_56413117",3649,503,50,"samples",53796928,0.0583003,0.0871367,0.1697004,0.0019957
"chr1_56413117_57021728",923,503,48,"samples",31770848,0.0134463,0.0200507,0.1525062,0.0017673
"chr1_57021728_58865399",2918,503,50,"samples",47890448,0.060672,0.0545904,0.135734,0.0017758
"chr1_58865399_59890409",1682,503,50,"samples",37903568,0.0191872,0.0372134,0.1251315,0.0010964
"chr1_5913893_7247335",1947,503,50,"samples",40044768,0.0355658,0.0585442,0.1252259,0.0012257
"chr1_59890409_61922365",2248,503,50,"samples",42476848,0.0424989,0.0674294,0.1579765,0.0013622
"chr1_61922365_63455089",2276,503,50,"samples",42703088,0.0300922,0.0606482,0.1602303,0.0014886
"chr1_63455089_65041704",2758,503,50,"samples",46597648,0.0351339,0.0575703,0.1600444,0.0019563
"chr1_65041704_66939404",2574,503,50,"samples",45110928,0.0455634,0.0641999,0.1381701,0.0018087
"chr1_66939404_68477895",2731,503,50,"samples",46379488,0.0444065,0.0984128,0.1627041,0.0016503
"chr1_68477895_69687616",1548,503,50,"samples",36820848,0.0286658,0.0361087,0.135263,0.0008961
"chr1_69687616_71372470",2623,503,50,"samples",45506848,0.0464673,0.0590911,0.197683,0.0015161
"chr1_71372470_71684405",506,503,21,"samples",28401488,0.0079106,0.010964,0.1182359,0.0004125
"chr1_71684405_74326907",2592,503,50,"samples",45256368,0.0345884,0.056072,0.165845,0.0017444
"chr1_7247335_9365199",3029,503,50,"samples",48787328,0.0502314,0.0690525,0.1418202,0.0017189
"chr1_74326907_76728135",3105,503,50,"samples",49401408,0.0402042,0.0728031,0.2188569,0.0017921
"chr1_76728135_79661198",4308,503,50,"samples",59121648,0.0696518,0.1252206,0.2228389,0.0023584
"chr1_79661198_81354191",1844,503,50,"samples",39212528,0.0351389,0.0446133,0.2238959,0.0015016
"chr1_81354191_83991748",4367,503,50,"samples",59598368,0.0591476,0.1154076,0.2038649,0.0022936
"chr1_83991748_84844495",1193,503,50,"samples",33952448,0.0225269,0.0412286,0.1632268,0.0009778
"chr1_84844495_86454751",2643,503,50,"samples",45668448,0.0523845,0.0754101,0.2439779,0.0023153
"chr1_86454751_88128631",2773,503,50,"samples",46718848,0.0670853,0.1030849,0.2168973,0.0021281
"chr1_88128631_90066303",2289,503,50,"samples",42808128,0.073954,0.0699581,0.2424131,0.0016168
"chr1_90066303_91886317",2448,503,50,"samples",44092848,0.0653444,0.0652569,0.1364385,0.0012606
"chr1_91886317_93536459",2239,503,50,"samples",42404128,0.0309904,0.0473182,0.1564565,0.0016397
"chr1_93536459_94506191",1372,503,49,"samples",35398768,0.0281256,0.034777,0.2220223,0.0011465
"chr1_9365199_10806984",1446,503,50,"samples",35996688,0.0363512,0.0500933,0.1819906,0.0017062
"chr1_94506191_96150893",2438,503,50,"samples",44012048,0.0406404,0.0633579,0.2081619,0.0014633
"chr1_96150893_97885249",2167,503,50,"samples",41822368,0.0646736,0.0589804,0.2145772,0.0014314
"chr1_97885249_99800604",2705,503,50,"samples",46169408,0.0569734,0.0792107,0.1486713,0.0018283
"chr1_99800604_100826405",1102,503,50,"samples",33217168,0.0245754,0.0290497,0.1597993,0.0009666
"chr20_11249536_12447499",2236,503,50,"samples",42379888,0.045673,0.0496174,0.193005,0.0013655
"chr20_12447499_13689864",2350,503,50,"samples",43301008,0.0400956,0.0508912,0.1661471,0.0013144
"chr20_13689864_15958359",3563,503,50,"samples",53102048,0.0529557,0.0855069,0.1928766,0.0020487
"chr20_15958359_17487232",3224,503,50,"samples",50362928,0.0649996,0.0760031,0.2248032,0.0023101
"chr20_17487232_18972203",2875,503,50,"samples",47543008,0.0858103,0.0797286,0.2695305,0.0021655
"chr20_18972203_20959710",2764,503,50,"samples",46646128,0.0461561,0.0835787,0.2358942,0.001804
"chr20_20959710_22491456",1740,503,50,"samples",38372208,0.0373668,0.044827,0.2281271,0.0015879
"chr20_22491456_23293790",1353,503,50,"samples",35245248,0.0284109,0.0318263,0.199277,0.0010849
"chr20_23293790_24717724",2641,503,50,"samples",45652288,0.0588665,0.0626844,0.211709,0.0018025
"chr20_2469501_3828413",2440,503,50,"samples",44028208,0.048484,0.0631891,0.1238131,0.0015233
"chr20_24717724_25344231",1390,503,47,"samples",35544208,0.0260674,0.0352287,0.1129835,0.0011884
"chr20_25344231_31614823",2927,503,50,"samples",47963168,0.0463891,0.0642939,0.1910009,0.0018354
"chr20_31614823_32813441",1151,503,50,"samples",33613088,0.0279114,0.0271481,0.2137878,0.0009647
"chr20_32813441_34960446",1519,503,50,"samples",36586528,0.0298589,0.0360645,0.1623374,0.0010159
"chr20_34960446_36909530",1953,503,50,"samples",40093248,0.0230606,0.0392124,0.1428702,0.0012132
"chr20_36909530_38436761",1993,503,50,"samples",40416448,0.0316002,0.0541644,0.1443739,0.0012009
"chr20_3828413_5477850",3698,503,50,"samples",54192848,0.0549756,0.0841622,0.1630541,0.0024116
"chr20_38436761_39610856",1864,503,50,"samples",39374128,0.0373821,0.0363839,0.1512876,0.0012719
"chr20_39610856_40585689",1194,503,50,"samples",33960528,0.0183569,0.026991,0.1142231,0.0009111
"chr20_40585689_41615460",1720,503,50,"samples",38210608,0.0268023,0.0349491,0.167005,0.0013229
"chr20_41615460_42680176",1472,503,50,"samples",36206768,0.0304704,0.0415336,0.1389334,0.0011152
"chr20_42680176_44839056",3147,503,50,"samples",49740768,0.0451157,0.0873,0.1476746,0.0018441
"chr20_44839056_47199980",3804,503,50,"samples",55049328,0.0803897,0.0941347,0.134204,0.0021759
"chr20_47199980_49239658",3449,503,50,"samples",52180928,0.0585822,0.0790785,0.1231518,0.0021551
"chr20_49239658_52472549",5626,503,50,"samples",69771088,0.0726049,0.1297386,0.2233155,0.0031381
"chr20_52472549_54055266",2644,503,50,"samples",45676528,0.0459611,0.0579591,0.1278645,0.0015139
"chr20_54055266_56447959",4376,503,50,"samples",59671088,0.056029,0.1033456,0.1527335,0.0031323
"chr20_5477850_7084073",2991,503,50,"samples",48480288,0.0487742,0.056082,0.1296439,0.0019542
"chr20_56447959_58406572",2889,503,50,"samples",47656128,0.0399354,0.0701172,0.1603383,0.0017722
"chr20_58406572_59561724",1835,503,50,"samples",39139808,0.0479383,0.0674839,0.1730633,0.0014547
"chr20_59561724_61301855",3852,503,50,"samples",55437168,0.0840706,0.1006539,0.2442781,0.0022989
"chr20_60479_697600",1046,503,50,"samples",32764688,0.0245876,0.033163,0.1599139,0.0007476
"chr20_61301855_62190180",2149,503,50,"samples",41676928,0.0325916,0.0437771,0.2443942,0.001681
"chr20_62190180_62965163",1292,503,50,"samples",34752368,0.0315283,0.0374687,0.2316462,0.0011871
"chr20_697600_2469501",3601,503,50,"samples",53409088,0.1203075,0.0869275,0.1466904,0.0018746
"chr20_7084073_8117011",1826,503,50,"samples",39067088,0.0277248,0.0493846,0.1229399,0.0013083
"chr20_8117011_9730921",2541,503,50,"samples",44844288,0.0356554,0.0547763,0.1344379,0.0019343
"chr20_9730921_11249536",2681,503,50,"samples",45975488,0.0371048,0.0796926,0.1511413,0.0018329
"chr21_15950982_18053165",2794,503,50,"samples",46888528,0.0456716,0.0581926,0.1388703,0.0017057
"chr21_18053165_19480375",2048,503,50,"samples",40860848,0.0473583,0.0546799,0.1494613,0.0014921
"chr21_19480375_20962339",3020,503,50,"samples",48714608,0.0384411,0.0766109,0.1305433,0.0020116
"chr21_20962339_22072764",2088,503,50,"samples",41184048,0.0314284,0.0394558,0.1366186,0.001391
"chr21_22072764_23362875",2724,503,50,"samples",46322928,0.0368477,0.0625881,0.126431,0.00178
"chr21_23362875_24696231",2192,503,50,"samples",42024368,0.0278994,0.0524705,0.1406299,0.0016553
"chr21_24696231_26469122",3837,503,50,"samples",55315968,0.0560221,0.0759286,0.1928743,0.0023319
"chr21_26469122_27271019",1090,503,49,"samples",33120208,0.0182478,0.0280506,0.1308841,0.0010749
"chr21_27271019_29125226",3636,503,50,"samples",53691888,0.063083,0.0868086,0.1285887,0.0025756
"chr21_29125226_31197025",3271,503,50,"samples",50742688,0.0425052,0.1196806,0.15517,0.0021898
"chr21_31197025_32668642",2412,503,50,"samples",43801968,0.0594121,0.0679034,0.1453229,0.0016126
"chr21_32668642_34376999",3097,503,50,"samples",49336768,0.0661059,0.1060102,0.128349,0.0018453
"chr21_34376999_35225465",1167,503,50,"samples",33742368,0.018719,0.0261395,0.1814164,0.0008987
"chr21_35225465_36524373",2170,503,50,"samples",41846608,0.0339857,0.0459217,0.1322017,0.0014889
"chr21_36524373_37870779",2303,503,50,"samples",42921248,0.0322637,0.0508637,0.1670745,0.0012154
"chr21_37870779_38711704",1395,503,50,"samples",35584608,0.0248327,0.0285027,0.1149299,0.0008401
"chr21_38711704_40482902",2808,503,50,"samples",47001648,0.0378298,0.0649678,0.1623784,0.0017327
"chr21_40482902_41389527",2203,503,50,"samples",42113248,0.0300864,0.0676788,0.1397512,0.0013364
"chr21_41389527_43321528",4043,503,50,"samples",56980448,0.0522362,0.0902005,0.2211802,0.0028898
"chr21_43321528_44506268",3086,503,50,"samples",49247888,0.0696216,0.0699453,0.1292043,0.0019855
"chr21_44506268_46177105",2457,503,50,"samples",44165568,0.0313936,0.0552232,0.1719099,0.0015974
"chr21_46177105_47492226",2782,503,50,"samples",46791568,0.038327,0.0617681,0.131189,0.0015645
"chr21_47492226_48119752",1510,503,50,"samples",36513808,0.0174,0.0303578,0.1479972,0.0010812
"chr21_9411243_15950982",2081,503,50,"samples",41127488,0.028974,0.0487287,0.1159842,0.0012459
"chr22_16050408_17674295",949,503,50,"samples",31980928,0.0149814,0.0246619,0.1165139,0.0009368
"chr22_17674295_18296088",1139,503,50,"samples",33516128,0.0152347,0.0250501,0.1838613,0.0010354
"chr22_18296088_19912358",2446,503,50,"samples",44076688,0.0347375,0.0597113,0.1655003,0.0016815
"chr22_19912358_22357325",2641,503,50,"samples",45652288,0.0418037,0.0672258,0.1248241,0.0016069
"chr22_22357325_23712647",2139,503,50,"samples",41596128,0.0295002,0.0454351,0.1364035,0.0016248
"chr22_23712647_24984204",1746,503,50,"samples",38420688,0.0247565,0.0414748,0.1939394,0.0010673
"chr22_24984204_26791628",2888,503,50,"samples",47648048,0.0479636,0.0868092,0.1331274,0.0020402
"chr22_26791628_27834752",2346,503,50,"samples",43268688,0.0348836,0.0561381,0.1799805,0.0015451
"chr22_27834752_29651799",2049,503,50,"samples",40868928,0.0354746,0.0503952,0.1413305,0.0013017
"chr22_29651799_31439918",2293,503,50,"samples",42840448,0.0332259,0.056717,0.1910631,0.0012763
"chr22_31439918_32664986",1610,503,50,"samples",37321808,0.0212549,0.0321105,0.1235375,0.0010545
"chr22_32664986_34494914",3478,503,50,"samples",52415248,0.0612225,0.0789408,0.2081398,0.0020807
"chr22_34494914_35530985",1855,503,50,"samples",39301408,0.036437,0.0471532,0.1196164,0.0012392
"chr22_35530985_37570269",3359,503,50,"samples",51453728,0.0484783,0.0846054,0.1346196,0.0020643
"chr22_37570269_39307894",2390,503,50,"samples",43624208,0.0438049,0.0594049,0.1549894,0.0015
"chr22_39307894_40545797",1643,503,50,"samples",37588448,0.0211438,0.0363956,0.1191482,0.0014096
"chr22_40545797_42690818",2357,503,50,"samples",43357568,0.033572,0.0551282,0.1349868,0.0014189
"chr22_42690818_43714200",2069,503,50,"samples",41030528,0.0376148,0.0408919,0.1804483,0.001502
"chr22_43714200_44995308",2914,503,50,"samples",47858128,0.0464303,0.0614833,0.1807218,0.0018633
"chr22_44995308_46470495",3222,503,50,"samples",50346768,0.0394692,0.0765206,0.1925618,0.0017884
"chr22_46470495_47596318",2218,503,50,"samples",42234448,0.0407871,0.0691888,0.1849195,0.0016951
"chr22_47596318_48903703",2757,503,50,"samples",46589568,0.0412728,0.0618044,0.1653889,0.0018921
"chr22_48903703_49824534",3405,503,50,"samples",51825408,0.0411485,0.0870518,0.1844052,0.0019831
"chr22_49824534_51243298",2531,503,50,"samples",44763488,0.0341027,0.0542711,0.1231288,0.0016767
"chr2_10133_1781022",3902,503,50,"samples",55841168,0.0652186,0.0819391,0.2296819,0.0022856
"chr2_101822329_102688765",1340,503,50,"samples",35140208,0.0222664,0.0477613,0.2055795,0.0008821
"chr2_102688765_103588215",1334,503,50,"samples",35091728,0.0255701,0.0429725,0.2224039,0.0012385
"chr2_10298469_12419150",4643,503,50,"samples",61828448,0.0949998,0.135177,0.2131335,0.0022521
"chr2_103588215_105125034",1089,503,50,"samples",33112128,0.0170596,0.0228536,0.1132985,0.0007916
"chr2_105125034_106210058",1858,503,50,"samples",39325648,0.0218999,0.0394067,0.1406047,0.0011731
"chr2_106210058_107408267",2132,503,50,"samples",41539568,0.0441041,0.0468606,0.1902712,0.0013906
"chr2_107408267_108429177",1736,503,50,"samples",38339888,0.027976,0.031203,0.1126821,0.0011757
"chr2_108429177_110572432",2610,503,50,"samples",45401808,0.0398655,0.0576042,0.2428871,0.0023006
"chr2_110572432_113921856",3200,503,50,"samples",50169008,0.0877679,0.1004742,0.1715856,0.0019794
"chr2_113921856_116772470",3540,503,50,"samples",52916208,0.0602004,0.0830684,0.1463247,0.0018758
"chr2_116772470_118367466",2078,503,50,"samples",41103248,0.0582478,0.067228,0.180558,0.0014585
"chr2_118367466_121303783",4291,503,50,"samples",58984288,0.073606,0.1234578,0.1425822,0.002791
"chr2_121303783_123302906",2624,503,50,"samples",45514928,0.0370731,0.0563684,0.1234775,0.001627
"chr2_123302906_124732250",2643,503,50,"samples",45668448,0.035752,0.1330417,0.2779126,0.0022547
"chr2_12419150_14335308",3093,503,50,"samples",49304448,0.080322,0.0750741,0.1753638,0.0015799
"chr2_124732250_125840921",1944,503,50,"samples",40020528,0.0224884,0.0364428,0.1340699,0.0014179
"chr2_125840921_127373764",2881,503,50,"samples",47591488,0.0516252,0.0802583,0.1629531,0.0020424
"chr2_127373764_128034347",1533,503,50,"samples",36699648,0.0300427,0.0519205,0.1262438,0.0012132
"chr2_128034347_129474441",2215,503,50,"samples",42210208,0.0635736,0.0698877,0.1211292,0.0015985
"chr2_129474441_130067170",1094,503,50,"samples",33152528,0.0141349,0.0231654,0.1325497,0.0010294
"chr2_130067170_130658085",736,503,43,"samples",30259888,0.0101916,0.0159202,0.1104376,0.0012468
"chr2_130658085_133042784",2067,503,50,"samples",41014368,0.037666,0.0485997,0.1655288,0.0015326
"chr2_133042784_135158578",3239,503,50,"samples",50484128,0.0841731,0.0671489,0.1353306,0.0015698
"chr2_135158578_137042794",903,503,50,"samples",31609248,0.0190135,0.0174191,0.135551,0.0008412
"chr2_137042794_138698117",2458,503,50,"samples",44173648,0.0341155,0.0493249,0.1161865,0.0013311
"chr2_138698117_140100271",2024,503,50,"samples",40666928,0.024344,0.0370551,0.1214758,0.0013448
"chr2_140100271_141805351",3137,503,50,"samples",49659968,0.0390062,0.0634687,0.1236889,0.0018254
"chr2_141805351_142518602",1382,503,50,"samples",35479568,0.0176334,0.0268975,0.1101781,0.0011792
"chr2_142518602_144519484",3088,503,50,"samples",49264048,0.0372906,0.0633423,0.1723484,0.0016019
"chr2_14335308_16329735",2966,503,50,"samples",48278288,0.0683535,0.0833276,0.1555572,0.0020466
"chr2_144519484_146445570",1573,503,50,"samples",37022848,0.0207989,0.0282177,0.1424356,0.0008443
"chr2_146445570_147277162",776,503,38,"samples",30583088,0.0111916,0.0139046,0.0990904,0.0007194
"chr2_147277162_150210292",3049,503,50,"samples",48948928,0.0416926,0.0687454,0.2224064,0.0015391
"chr2_150210292_151731462",2036,503,50,"samples",40763888,0.0243618,0.0386408,0.1204979,0.0011356
"chr2_151731462_152486782",1328,503,50,"samples",35043248,0.0148085,0.0222443,0.1138369,0.0012783
"chr2_152486782_154005056",2179,503,50,"samples",41919328,0.0350268,0.0589436,0.1902993,0.0018605
"chr2_154005056_155391135",2051,503,50,"samples",40885088,0.0500038,0.0425668,0.1633378,0.0012432
"chr2_155391135_157560635",2726,503,50,"samples",46339088,0.0340214,0.0523586,0.1405193,0.001558
"chr2_157560635_158533218",591,503,46,"samples",29088288,0.0111479,0.0128623,0.1125315,0.0009485
"chr2_158533218_159577082",1698,503,50,"samples",38032848,0.0276792,0.0400607,0.153276,0.0012046
"chr2_159577082_161769733",3430,503,50,"samples",52027408,0.0469711,0.0699182,0.1270645,0.0017342
"chr2_161769733_163503551",1616,503,50,"samples",37370288,0.0205825,0.0327188,0.1505338,0.0009919
"chr2_16329735_18647423",3459,503,50,"samples",52261728,0.0538123,0.0660232,0.1407718,0.0017841
"chr2_163503551_164466638",1139,503,50,"samples",33516128,0.0213763,0.0213805,0.1012482,0.0009558
"chr2_164466638_165178840",794,503,42,"samples",30728528,0.0102609,0.0160845,0.1050537,0.001196
"chr2_165178840_167160270",2783,503,50,"samples",46799648,0.0406303,0.0597948,0.1182439,0.001463
"chr2_167160270_167355970",344,344,18,"markers",14161376,0.0055697,0.0050433,0.0321184,6.35e-05
"chr2_167355970_169968236",3614,503,50,"samples",53514128,0.0441479,0.0722522,0.1238544,0.0021559
"chr2_169968236_171226245",2453,503,50,"samples",44133248,0.0339141,0.0525962,0.2010269,0.0018656
"chr2_171226245_173138905",2865,503,50,"samples",47462208,0.0417002,0.0626266,0.2231567,0.0019244
"chr2_173138905_175588929",3636,503,50,"samples",53691888,0.0596302,0.0950308,0.2041875,0.0020525
"chr2_175588929_177363636",2272,503,50,"samples",42670768,0.0300078,0.0464607,0.1305202,0.0013015
"chr2_177363636_178553183",1762,503,50,"samples",38549968,0.022452,0.0332655,0.1681698,0.0011691
"chr2_1781022_3973779",4235,503,50,"samples",58531808,0.0538634,0.0860417,0.188226,0.0024513
"chr2_178553183_181312739",4628,503,50,"samples",61707248,0.0576078,0.1094817,0.1410993,0.0025897
"chr2_181312739_182266031",1743,503,50,"samples",38396448,0.0233099,0.0321517,0.1289983,0.0011479
"chr2_182266031_184357608",2998,503,50,"samples",48536848,0.0380477,0.0611975,0.1280384,0.0017155
"chr2_184357608_185280173",1875,503,50,"samples",39463008,0.0205701,0.0414984,0.122451,0.0010794
"chr2_185280173_189882065",5836,503,50,"samples",71467888,0.0752672,0.1286273,0.1481845,0.0029281
"chr2_18647423_19692404",1304,503,50,"samples",34849328,0.0240437,0.0277682,0.1263726,0.0011013
"chr2_189882065_191973357",2555,503,50,"samples",44957408,0.0355389,0.0827569,0.1803595,0.002006
"chr2_191973357_195861164",3712,503,50,"samples",54305968,0.0671482,0.0824253,0.1443081,0.0029285
"chr2_195861164_196447456",724,503,39,"samples",30162928,0.0131733,0.0176859,0.2097512,0.0007016
"chr2_196447456_198078110",2009,503,50,"samples",40545728,0.0304506,0.0775003,0.1962132,0.0015392
"chr2_19692404_21050490",2313,503,50,"samples",43002048,0.0657468,0.0554046,0.1561441,0.0013107
"chr2_198078110_199311125",1023,503,48,"samples",32578848,0.0139897,0.0198406,0.1042199,0.0008205
"chr2_199311125_201576284",2356,503,50,"samples",43349488,0.0347382,0.0504246,0.1664217,0.0016098
"chr2_201576284_202818637",1261,503,50,"samples",34501888,0.0347523,0.0341857,0.2278144,0.0012884
"chr2_202818637_205799241",3147,503,50,"samples",49740768,0.0502704,0.0724055,0.2230952,0.0020946
"chr2_205799241_206735704",1322,503,50,"samples",34994768,0.0445873,0.031672,0.202452,0.0009362
"chr2_206735704_208645399",2923,503,50,"samples",47930848,0.0555878,0.063887,0.2182233,0.0015764
"chr2_208645399_209941529",1588,503,50,"samples",37144048,0.0295223,0.0364409,0.1168044,0.0009907
"chr2_209941529_212379518",3928,503,50,"samples",56051248,0.0488682,0.0856516,0.1280575,0.002134
"chr2_21050490_23341383",2635,503,50,"samples",45603808,0.0373326,0.0483339,0.1743517,0.0017737
"chr2_212379518_214014282",2898,503,50,"samples",47728848,0.0696383,0.0743513,0.231467,0.0028228
"chr2_214014282_215573795",2371,503,50,"samples",43470688,0.0713546,0.0710292,0.1467206,0.0017193
"chr2_215573795_217715661",3056,503,50,"samples",49005488,0.0408772,0.0695259,0.1413747,0.0015242
"chr2_217715661_218395480",1127,503,50,"samples",33419168,0.0215524,0.0196614,0.1223194,0.0008272
"chr2_218395480_220454551",2172,503,50,"samples",41862768,0.0293054,0.0430257,0.1540151,0.0011712
"chr2_220454551_222521176",3726,503,50,"samples",54419088,0.047725,0.0727922,0.1511872,0.0019091
"chr2_222521176_224859419",3581,503,50,"samples",53247488,0.0456581,0.0699146,0.1278117,0.0019603
"chr2_224859419_225840004",1630,503,50,"samples",37483408,0.020659,0.0303181,0.1210757,0.0009133
"chr2_225840004_228119842",3565,503,50,"samples",53118208,0.0426002,0.0731066,0.1447853,0.0017979
"chr2_228119842_229370787",2753,503,50,"samples",46557248,0.0352242,0.0586405,0.1334477,0.0019985
"chr2_229370787_231843389",4461,503,50,"samples",60357888,0.0620996,0.0927458,0.1241003,0.002204
"chr2_231843389_233550003",2321,503,50,"samples",43066688,0.0308972,0.0464004,0.1442475,0.0012115
"chr2_23341383_24686918",2128,503,50,"samples",41507248,0.027505,0.0468046,0.1317419,0.0015016
"chr2_233550003_235150987",2649,503,50,"samples",45716928,0.0361821,0.0604899,0.1377361,0.0014192
"chr2_235150987_236043550",1963,503,50,"samples",40174048,0.0227151,0.0355877,0.125888,0.0012424
"chr2_236043550_237449032",2428,503,50,"samples",43931248,0.0313114,0.049017,0.1879486,0.001761
"chr2_237449032_238760981",2546,503,50,"samples",44884688,0.0402547,0.0496024,0.1192942,0.0014234
"chr2_238760981_239952643",2369,503,50,"samples",43454528,0.0312385,0.0463354,0.1379084,0.0012083
"chr2_239952643_241560084",3868,503,50,"samples",55566448,0.0454334,0.0779212,0.126971,0.0023716
"chr2_241560084_242149921",1242,503,50,"samples",34348368,0.0161561,0.0234766,0.1244112,0.0007398
"chr2_242149921_243188920",1298,503,50,"samples",34800848,0.0189452,0.0264163,0.1431139,0.0008286
"chr2_24686918_26894985",2528,503,50,"samples",44739248,0.0382758,0.0519594,0.1344584,0.0013499
"chr2_26894985_28598777",1670,503,50,"samples",37806608,0.0201427,0.030412,0.1304163,0.001298
"chr2_28598777_29217559",1053,503,50,"samples",32821248,0.0133765,0.0248251,0.1175891,0.000938
"chr2_29217559_30463711",2136,503,50,"samples",41571888,0.0268633,0.042674,0.138788,0.0010907
"chr2_30463711_31550450",2207,503,50,"samples",42145568,0.0288605,0.0474218,0.130654,0.0012383
"chr2_31550450_33363777",2130,503,50,"samples",41523408,0.0305193,0.0405618,0.1309494,0.0013483
"chr2_33363777_35345028",4129,503,50,"samples",57675328,0.0529387,0.0766237,0.124398,0.0022916
"chr2_35345028_36122006",1741,503,50,"samples",38380288,0.0268101,0.0538991,0.1450903,0.0013786
"chr2_36122006_38132712",3651,503,50,"samples",53813088,0.0463833,0.0794245,0.1411572,0.0019406
"chr2_38132712_39031337",1448,503,50,"samples",36012848,0.0183529,0.0229469,0.1274744,0.0010515
"chr2_39031337_40281483",1219,503,50,"samples",34162528,0.0166718,0.0248263,0.1252605,0.0008866
"chr2_3973779_5708337",3037,503,50,"samples",48851968,0.0415031,0.0691343,0.1276402,0.0019175
"chr2_40281483_43309590",5494,503,50,"samples",68704528,0.0703206,0.1175197,0.1234116,0.0026758
"chr2_43309590_44313803",1733,503,50,"samples",38315648,0.0206609,0.0361596,0.1257183,0.0011464
"chr2_44313803_46482634",4052,503,50,"samples",57053168,0.0496803,0.0907307,0.1471239,0.0024033
"chr2_46482634_47318772",1612,503,50,"samples",37337968,0.0204651,0.0282685,0.137479,0.0008765
"chr2_47318772_48213001",1582,503,50,"samples",37095568,0.0203069,0.0255017,0.1271222,0.0009124
"chr2_48213001_50022257",3490,503,50,"samples",52512208,0.0435735,0.0807104,0.1546277,0.0018197
"chr2_50022257_50818928",1656,503,50,"samples",37693488,0.020194,0.0317109,0.1264954,0.001076
"chr2_50818928_52491133",2666,503,50,"samples",45854288,0.0342596,0.0534212,0.1497457,0.0025279
"chr2_52491133_53508452",2331,503,50,"samples",43147488,0.0448029,0.0868297,0.2022233,0.0013931
"chr2_53508452_54685226",2124,503,50,"samples",41474928,0.0593309,0.0499106,0.1404822,0.0011836
"chr2_54685226_56203345",2273,503,50,"samples",42678848,0.0304983,0.0496034,0.131989,0.0015051
"chr2_56203345_57429100",2015,503,50,"samples",40594208,0.0260839,0.0365903,0.1242419,0.0013482
"chr2_5708337_6836254",2398,503,50,"samples",43688848,0.0335068,0.0447218,0.1249503,0.0012033
"chr2_57429100_58297315",1698,503,50,"samples",38032848,0.0201004,0.0280454,0.1111719,0.000965
"chr2_58297315_60292000",2712,503,50,"samples",46225968,0.0353584,0.0627813,0.1504653,0.0017696
"chr2_60292000_62429044",2396,503,50,"samples",43672688,0.0338033,0.0469663,0.1296447,0.0011771
"chr2_62429044_64625913",2544,503,50,"samples",44868528,0.0353277,0.0453486,0.1274556,0.0015552
"chr2_64625913_65933444",1991,503,50,"samples",40400288,0.0274104,0.0433794,0.1275826,0.0013453
"chr2_65933444_67226166",1861,503,50,"samples",39349888,0.0257804,0.0333036,0.1242054,0.0010804
"chr2_67226166_68010176",1724,503,50,"samples",38242928,0.0201769,0.0329423,0.1216811,0.0011395
"chr2_68010176_69139564",1999,503,50,"samples",40464928,0.0225737,0.0364016,0.1386598,0.0012477
"chr2_6836254_8422147",2259,503,50,"samples",42565728,0.029947,0.0451584,0.1441804,0.0015827
"chr2_69139564_70755198",2251,503,50,"samples",42501088,0.0303458,0.0480551,0.1299142,0.001268
"chr2_70755198_73174848",3380,503,50,"samples",51623408,0.0425336,0.0604942,0.1429866,0.0021497
"chr2_73174848_75630086",2916,503,50,"samples",47874288,0.0394086,0.0525037,0.1227313,0.0015674
"chr2_75630086_76913661",2305,503,50,"samples",42937408,0.0307807,0.0478712,0.1221973,0.0014054
"chr2_76913661_78079264",2272,503,50,"samples",42670768,0.0301616,0.0468913,0.1264831,0.0014981
"chr2_78079264_80050403",3541,503,50,"samples",52924288,0.0444725,0.0625014,0.1255209,0.0022218
"chr2_80050403_81620841",2254,503,50,"samples",42525328,0.029803,0.0542216,0.1368869,0.0015399
"chr2_81620841_85140680",5901,503,50,"samples",71993088,0.08287,0.1067046,0.1263046,0.0028996
"chr2_8422147_10298469",3132,503,50,"samples",49619568,0.0396743,0.0607511,0.1247227,0.0019711
"chr2_85140680_88038507",2824,503,50,"samples",47130928,0.0367906,0.0525133,0.1185701,0.0018126
"chr2_88038507_89154526",1015,503,50,"samples",32514208,0.0145958,0.0196796,0.1134831,0.0006371
"chr2_89154526_95326452",57,57,4,"markers",789472,0.0041911,0.0003495,0.0007542,1.7e-06
"chr2_95326452_98995201",1721,503,50,"samples",38218688,0.023906,0.031718,0.1313585,0.000981
"chr2_98995201_101822329",3946,503,50,"samples",56196688,0.0510524,0.0752065,0.1348702,0.0028067
"chr3_100592217_103084960",3992,503,50,"samples",56568368,0.0547155,0.11286,0.1541222,0.0025144
"chr3_103084960_104581613",2884,503,50,"samples",47615728,0.0581308,0.082877,0.1295495,0.0020069
"chr3_104581613_106982811",3970,503,50,"samples",56390608,0.0636725,0.0913972,0.1605949,0.0026724
"chr3_106982811_109522395",3628,503,50,"samples",53627248,0.1065032,0.1050335,0.122873,0.0025659
"chr3_109522395_110513770",1529,503,50,"samples",36667328,0.0348322,0.049967,0.2142615,0.0011288
"chr3_11019665_13070799",2943,503,50,"samples",48092448,0.0604573,0.0676488,0.1284434,0.0018957
"chr3_110513770_112815699",3092,503,50,"samples",49296368,0.0401477,0.0657942,0.129444,0.0015905
"chr3_112815699_113947863",1613,503,50,"samples",37346048,0.0209471,0.030979,0.1267429,0.0008841
"chr3_113947863_115447080",1447,503,50,"samples",36004768,0.0176233,0.023652,0.1269093,0.0014103
"chr3_115447080_116800153",2414,503,50,"samples",43818128,0.0341207,0.0489913,0.1270499,0.0014528
"chr3_116800153_118530251",2761,503,50,"samples",46621888,0.0344185,0.0537759,0.1319002,0.0014444
"chr3_118530251_120523055",2768,503,50,"samples",46678448,0.0352087,0.0541521,0.1304489,0.0018863
"chr3_120523055_121974097",2058,503,50,"samples",40941648,0.0245838,0.0397666,0.144914,0.0014166
"chr3_121974097_123517768",2167,503,50,"samples",41822368,0.0410493,0.0683291,0.1435364,0.0011573
"chr3_123517768_124936642",2496,503,50,"samples",44480688,0.040827,0.0569984,0.1472998,0.0012493
"chr3_124936642_126214943",2660,503,50,"samples",45805808,0.0337899,0.0491401,0.124109,0.0014538
"chr3_126214943_128194861",2727,503,50,"samples",46347168,0.0345543,0.05194,0.1186998,0.0013765
"chr3_128194861_130244735",2298,503,50,"samples",42880848,0.0308689,0.0421127,0.1214669,0.0016114
"chr3_130244735_131836516",2542,503,50,"samples",44852368,0.032889,0.0558999,0.1354818,0.0012222
"chr3_13070799_14816900",3504,503,50,"samples",52625328,0.0440591,0.0639484,0.1348055,0.0016262
"chr3_131836516_133252173",2642,503,50,"samples",45660368,0.0321007,0.0587985,0.1195685,0.0017364
"chr3_133252173_135456906",3127,503,50,"samples",49579168,0.0419325,0.0716122,0.143137,0.0019389
"chr3_135456906_137371083",1997,503,50,"samples",40448768,0.0292193,0.0560341,0.1593061,0.0015202
"chr3_137371083_139954597",3432,503,50,"samples",52043568,0.0742513,0.0786828,0.1386916,0.002016
"chr3_139954597_141339097",1733,503,50,"samples",38315648,0.0213468,0.0362417,0.1457525,0.001251
"chr3_141339097_143164628",2747,503,50,"samples",46508768,0.0368767,0.0502365,0.1292901,0.0016464
"chr3_143164628_144410816",1579,503,50,"samples",37071328,0.0217605,0.0287559,0.1195769,0.0009198
"chr3_1441779_2992120",4149,503,50,"samples",57836928,0.0530751,0.0810545,0.1318659,0.0020095
"chr3_144410816_145664619",2446,503,50,"samples",44076688,0.0288138,0.0481321,0.1205324,0.0014641
"chr3_145664619_146726629",1982,503,50,"samples",40327568,0.0230297,0.0347457,0.1178352,0.0011065
"chr3_146726629_149043237",3427,503,50,"samples",52003168,0.0430709,0.0659101,0.1255972,0.001837
"chr3_14816900_16282442",2308,503,50,"samples",42961648,0.0277967,0.0491199,0.1292153,0.001242
"chr3_149043237_150252004",1927,503,50,"samples",39883168,0.0225236,0.0363581,0.1573767,0.0011434
"chr3_150252004_151348730",1465,503,50,"samples",36150208,0.0200113,0.0316838,0.1402412,0.0009716
"chr3_151348730_153256571",3198,503,50,"samples",50152848,0.0398382,0.0609668,0.1281177,0.0015978
"chr3_153256571_154714218",2529,503,50,"samples",44747328,0.0307999,0.0463559,0.1235213,0.0016355
"chr3_154714218_156008700",1620,503,50,"samples",37402608,0.0221724,0.0396322,0.1297264,0.000944
"chr3_156008700_157312028",1967,503,50,"samples",40206368,0.0215451,0.036991,0.1208024,0.000998
"chr3_157312028_159477890",3231,503,50,"samples",50419488,0.0413739,0.064043,0.1133461,0.0015874
"chr3_159477890_161524504",2673,503,50,"samples",45910848,0.0323119,0.0481937,0.1234171,0.001972
"chr3_161524504_163253205",3711,503,50,"samples",54297888,0.0464682,0.0715844,0.1206525,0.0029715
"chr3_16282442_17891118",2232,503,50,"samples",42347568,0.0319114,0.0533939,0.123679,0.0012527
"chr3_163253205_165055469",3337,503,50,"samples",51275968,0.0389562,0.0605632,0.1355776,0.0020609
"chr3_165055469_167117429",3219,503,50,"samples",50322528,0.042843,0.070794,0.1545412,0.0015397
"chr3_167117429_168580960",1723,503,50,"samples",38234848,0.0201772,0.028948,0.1131587,0.0010213
"chr3_168580960_170964909",3360,503,50,"samples",51461808,0.0395636,0.065866,0.1295029,0.0018213
"chr3_170964909_172295731",2048,503,50,"samples",40860848,0.0235378,0.0394646,0.1194712,0.001359
"chr3_172295731_173477285",1658,503,50,"samples",37709648,0.0193199,0.028662,0.1304428,0.0010824
"chr3_173477285_175116539",2957,503,50,"samples",48205568,0.038146,0.0600048,0.1382398,0.0019206
"chr3_175116539_176320287",1969,503,50,"samples",40222528,0.023885,0.0431124,0.1264512,0.0011236
"chr3_176320287_178107165",2773,503,50,"samples",46718848,0.0361546,0.056603,0.130049,0.0017567
"chr3_178107165_179374586",2051,503,50,"samples",40885088,0.0241652,0.0375289,0.1154582,0.0011928
"chr3_17891118_19125144",1731,503,50,"samples",38299488,0.0225502,0.0313152,0.1242605,0.0009738
"chr3_179374586_181511166",2322,503,50,"samples",43074768,0.0311328,0.0479687,0.1207763,0.0013726
"chr3_181511166_183769683",3123,503,50,"samples",49546848,0.0410784,0.0568438,0.149115,0.0015674
"chr3_183769683_185068255",1924,503,50,"samples",39858928,0.0265409,0.0425012,0.1285699,0.0013545
"chr3_185068255_186890344",2771,503,50,"samples",46702688,0.035406,0.0736666,0.1486421,0.0014239
"chr3_186890344_188856214",2886,503,50,"samples",47631888,0.0505727,0.0671237,0.1327351,0.0014426
"chr3_188856214_190226607",2905,503,50,"samples",47785408,0.0437079,0.0529569,0.1274708,0.0017785
"chr3_190226607_192343814",4077,503,50,"samples",57255168,0.052487,0.0846546,0.1534633,0.002407
"chr3_19125144_20091348",1010,503,50,"samples",32473808,0.0206252,0.0176201,0.1117584,0.000778
"chr3_192343814_194059671",3103,503,50,"samples",49385248,0.0376329,0.0574571,0.1272148,0.0016163
"chr3_194059671_194786674",2000,503,50,"samples",40473008,0.0234798,0.0341752,0.1306653,0.0010839
"chr3_194786674_195971408",1591,503,50,"samples",37168288,0.0212507,0.0299621,0.1229574,0.0008858
"chr3_195971408_197075987",1834,503,50,"samples",39131728,0.0241466,0.0386085,0.1624453,0.0011518
"chr3_197075987_197946622",1239,503,50,"samples",34324128,0.0190267,0.0272248,0.1314137,0.000966
"chr3_20091348_21643707",3336,503,50,"samples",51267888,0.0409187,0.0630255,0.1195173,0.002008
"chr3_21643707_22204244",1920,503,50,"samples",39826608,0.0225838,0.0369906,0.1304302,0.001115
"chr3_22204244_23804865",2985,503,50,"samples",48431808,0.0370452,0.0650329,0.1275304,0.0016403
"chr3_23804865_25461558",3305,503,50,"samples",51017408,0.0425166,0.0819743,0.1388182,0.0018819
"chr3_25461558_26877769",2126,503,50,"samples",41491088,0.0350346,0.0422883,0.1461184,0.0020247
"chr3_26877769_27840910",1605,503,50,"samples",37281408,0.0251174,0.031968,0.1208481,0.0008613
"chr3_27840910_29142260",2011,503,50,"samples",40561888,0.0244026,0.0387523,0.1220841,0.0012464
"chr3_29142260_30717955",3172,503,50,"samples",49942768,0.0390122,0.0594693,0.1812407,0.00194
"chr3_2992120_4431647",2773,503,50,"samples",46718848,0.0493048,0.0845122,0.324819,0.0025659
"chr3_30717955_32351715",2705,503,50,"samples",46169408,0.0651899,0.0713992,0.2409438,0.0019076
"chr3_32351715_33255592",1520,503,50,"samples",36594608,0.020381,0.0314395,0.1841479,0.0009852
"chr3_33255592_35283458",2876,503,50,"samples",47551088,0.0480589,0.1329071,0.3229602,0.0025446
"chr3_35283458_36486842",1855,503,50,"samples",39301408,0.0618032,0.0467991,0.2932959,0.0023757
"chr3_36486842_38356116",2178,503,50,"samples",41911248,0.072596,0.0784501,0.1720283,0.0014488
"chr3_38356116_40221298",3073,503,50,"samples",49142848,0.0640786,0.0666775,0.157683,0.0018547
"chr3_40221298_41064528",545,503,36,"samples",28716608,0.0119838,0.0187332,0.1624598,0.0004283
"chr3_41064528_42540002",2541,503,50,"samples",44844288,0.0342648,0.0702098,0.1382709,0.0013443
"chr3_42540002_45165153",2657,503,50,"samples",45781568,0.0349404,0.0540821,0.1283275,0.0014397
"chr3_4431647_6083183",3134,503,50,"samples",49635728,0.0399266,0.0661404,0.1322313,0.001624
"chr3_45165153_46657500",2700,503,50,"samples",46129008,0.035866,0.0508124,0.1536958,0.0018045
"chr3_46657500_47727212",764,503,38,"samples",30486128,0.0118398,0.0168014,0.1373868,0.0011292
"chr3_47727212_49316972",856,503,32,"samples",31229488,0.0137495,0.0164118,0.1162009,0.0007178
"chr3_49316972_51832015",1732,503,47,"samples",38307568,0.0255756,0.0340169,0.1179259,0.0015191
"chr3_51832015_54081390",2476,503,50,"samples",44319088,0.037085,0.0503117,0.1202671,0.0019014
"chr3_54081390_55348860",2259,503,50,"samples",42565728,0.0293635,0.0414117,0.11989,0.0013439
"chr3_55348860_56433907",1507,503,50,"samples",36489568,0.0211901,0.0310411,0.1665081,0.0011308
"chr3_56433907_58157519",2375,503,50,"samples",43503008,0.0315836,0.070141,0.1512019,0.0012983
"chr3_58157519_60272906",3777,503,50,"samples",54831168,0.0485435,0.0774103,0.1257735,0.0018804
"chr3_60157_1441779",2550,503,50,"samples",44917008,0.0436145,0.0498841,0.1378497,0.0015005
"chr3_60272906_62355666",3626,503,50,"samples",53611088,0.0474209,0.0762183,0.1406647,0.0019801
"chr3_6083183_7083387",2005,503,50,"samples",40513408,0.0313938,0.0461052,0.1485971,0.001461
"chr3_62355666_63669286",2491,503,50,"samples",44440288,0.0321303,0.0464832,0.1233274,0.0014937
"chr3_63669286_65273538",2711,503,50,"samples",46217888,0.0349587,0.0565371,0.1236752,0.0016035
"chr3_65273538_66270447",1647,503,50,"samples",37620768,0.0196232,0.0304758,0.1309612,0.0010692
"chr3_66270447_68286914",3236,503,50,"samples",50459888,0.0405989,0.0608033,0.1196356,0.0019248
"chr3_68286914_69276762",1537,503,50,"samples",36731968,0.0198968,0.0337913,0.1867846,0.0009494
"chr3_69276762_70449028",1800,503,50,"samples",38857008,0.02111,0.0324956,0.1267167,0.0011168
"chr3_70449028_72529329",2684,503,50,"samples",45999728,0.0347165,0.0481591,0.1273704,0.0014047
"chr3_7083387_8648561",3301,503,50,"samples",50985088,0.0477711,0.0637985,0.1221647,0.0016751
"chr3_72529329_74321817",2924,503,50,"samples",47938928,0.0396053,0.0553141,0.140104,0.0016968
"chr3_74321817_75704949",1033,503,50,"samples",32659648,0.0149568,0.0185326,0.1350226,0.000744
"chr3_75704949_77508835",2564,503,50,"samples",45030128,0.0324569,0.0552648,0.1310431,0.0013354
"chr3_77508835_79024541",2041,503,50,"samples",40804288,0.0235247,0.0368763,0.1338033,0.0011919
"chr3_79024541_81427310",3105,503,50,"samples",49401408,0.0407063,0.0589884,0.1240002,0.0015856
"chr3_81427310_82643886",1648,503,50,"samples",37628848,0.0201271,0.0296066,0.13062,0.0011658
"chr3_82643886_84367479",2318,503,50,"samples",43042448,0.0323884,0.0683591,0.1167332,0.0014751
"chr3_84367479_85582231",1854,503,50,"samples",39293328,0.0441791,0.0402452,0.1182029,0.0010901
"chr3_85582231_87409732",2807,503,50,"samples",46993568,0.035123,0.0547308,0.1334425,0.0016619
"chr3_8648561_9543183",1621,503,50,"samples",37410688,0.0210816,0.0345509,0.1295295,0.0009059
"chr3_87409732_88298373",1541,503,49,"samples",36764288,0.0237641,0.0321924,0.1021078,0.0010283
"chr3_88298373_94255316",3362,503,50,"samples",51477968,0.0482872,0.0738917,0.1390721,0.0016802
"chr3_94255316_95311971",1874,503,45,"samples",39454928,0.0222557,0.0341022,0.1113124,0.0009887
"chr3_95311971_98215950",3757,503,50,"samples",54669568,0.0493777,0.0739529,0.1282665,0.0020118
"chr3_9543183_11019665",2085,503,50,"samples",41159808,0.0262642,0.0405607,0.1305877,0.0011705
"chr3_98215950_99373762",1870,503,50,"samples",39422608,0.0220522,0.0398484,0.1167879,0.0009939
"chr3_99373762_100592217",1210,503,50,"samples",34089808,0.0165472,0.0209617,0.1055365,0.0007675
"chr4_100678360_103221356",4238,503,50,"samples",58556048,0.0537608,0.0886003,0.1768652,0.00288
"chr4_10240_694715",794,503,37,"samples",30728528,0.0261,0.0258958,0.1180161,0.0007828
"chr4_103221356_105305294",2438,503,50,"samples",44012048,0.0314781,0.0542904,0.1491585,0.0016366
"chr4_105305294_107501305",2883,503,50,"samples",47607648,0.0488246,0.0551052,0.1465329,0.0015899
"chr4_10699152_12323034",3240,503,50,"samples",50492208,0.0398321,0.0659149,0.1393121,0.0019804
"chr4_107501305_108815348",1740,503,50,"samples",38372208,0.0285711,0.0357817,0.1270155,0.0015454
"chr4_108815348_111256567",3719,503,50,"samples",54362528,0.0454954,0.0887376,0.1891832,0.004082
"chr4_111256567_113870102",3373,503,50,"samples",51566848,0.067727,0.0823149,0.2027476,0.0019391
"chr4_113870102_115666246",3011,503,50,"samples",48641888,0.0382921,0.0598135,0.1401331,0.0019808
"chr4_115666246_117276929",2562,503,50,"samples",45013968,0.0327085,0.0667745,0.1474394,0.0016978
"chr4_117276929_118479918",2205,503,50,"samples",42129408,0.0381192,0.0451376,0.1179866,0.0015082
"chr4_118479918_119933512",2593,503,50,"samples",45264448,0.0333319,0.0556187,0.1685205,0.0015797
"chr4_119933512_120392684",921,503,31,"samples",31754688,0.0194904,0.0172407,0.1080081,0.0008409
"chr4_120392684_122657987",4406,503,50,"samples",59913488,0.0541065,0.0868434,0.1303592,0.0029673
"chr4_122657987_124286481",1783,503,50,"samples",38719648,0.0247184,0.0316086,0.1219664,0.0012672
"chr4_12323034_14272001",3460,503,50,"samples",52269808,0.0434756,0.0686781,0.1220703,0.0019723
"chr4_124286481_125210862",1593,503,50,"samples",37184448,0.0185995,0.0314401,0.118939,0.0008914
"chr4_125210862_126480886",2293,503,50,"samples",42840448,0.0329432,0.0421586,0.1310268,0.0012801
"chr4_126480886_127275477",1585,503,50,"samples",37119808,0.0201821,0.0321263,0.1196211,0.0009218
"chr4_127275477_127830293",1053,503,50,"samples",32821248,0.014339,0.0183229,0.1111407,0.000701
"chr4_127830293_128996665",948,503,39,"samples",31972848,0.0143591,0.0169766,0.1914336,0.0019133
"chr4_128996665_130591885",2259,503,50,"samples",42565728,0.0599269,0.0587566,0.1532416,0.0013507
"chr4_130591885_131283821",1004,503,47,"samples",32425328,0.0144333,0.0204344,0.1065035,0.0005961
"chr4_131283821_132954033",2658,503,50,"samples",45789648,0.0356274,0.0660941,0.2268294,0.0015828
"chr4_132954033_134628434",2897,503,50,"samples",47720768,0.0510672,0.0878571,0.2784175,0.0015897
"chr4_134628434_136566407",3257,503,50,"samples",50629568,0.0447969,0.0884504,0.1669764,0.0020195
"chr4_136566407_138541971",3875,503,50,"samples",55623008,0.0656929,0.1116686,0.1811759,0.0020861
"chr4_138541971_139556511",1852,503,50,"samples",39277168,0.0401673,0.0503599,0.2029881,0.0011306
"chr4_139556511_141084631",2152,503,50,"samples",41701168,0.0556808,0.0762728,0.2096271,0.0016817
"chr4_141084631_143443265",3389,503,50,"samples",51696128,0.0482155,0.0839972,0.2340126,0.0020628
"chr4_14272001_15147446",1430,503,50,"samples",35867408,0.0193333,0.0285897,0.2082987,0.0010271
"chr4_143443265_146178187",3061,503,50,"samples",49045888,0.0596893,0.0839499,0.2242432,0.0018324
"chr4_146178187_148521873",2857,503,50,"samples",47397568,0.0685742,0.0673416,0.2401754,0.0020035
"chr4_1478711_2842979",2066,503,50,"samples",41006288,0.0299724,0.0543233,0.2291759,0.0013622
"chr4_148521873_150683580",2504,503,50,"samples",44545328,0.0514008,0.0527372,0.170459,0.001506
"chr4_150683580_152782184",2015,503,50,"samples",40594208,0.0420247,0.069605,0.1729871,0.001527
"chr4_15147446_15927009",1255,503,50,"samples",34453408,0.0156857,0.0244629,0.2035648,0.0011408
"chr4_152782184_154477641",2256,503,50,"samples",42541488,0.0476039,0.0631827,0.1894551,0.0016885
"chr4_154477641_155056126",1141,503,50,"samples",33532288,0.0188321,0.027343,0.1740573,0.0010844
"chr4_155056126_157485097",4242,503,50,"samples",58588368,0.0767016,0.0955438,0.1560554,0.003441
"chr4_157485097_158743718",1861,503,50,"samples",39349888,0.0403108,0.0721809,0.205187,0.0014025
"chr4_158743718_161058864",3167,503,50,"samples",49902368,0.0475172,0.0742539,0.1832461,0.0020228
"chr4_15927009_17383322",2575,503,50,"samples",45119008,0.0399456,0.0639451,0.1674071,0.0017761
"chr4_161058864_161826435",1719,503,50,"samples",38202528,0.0452575,0.0591533,0.1582839,0.0010297
"chr4_161826435_163243679",3494,503,50,"samples",52544528,0.047522,0.0843713,0.1823847,0.0027461
"chr4_163243679_164478234",1884,503,50,"samples",39535728,0.028219,0.0395996,0.1831164,0.0014558
"chr4_164478234_165823448",2448,503,50,"samples",44092848,0.0337011,0.0521776,0.1905707,0.0015822
"chr4_165823448_167018858",2059,503,50,"samples",40949728,0.0467465,0.0587778,0.2152625,0.0012372
"chr4_167018858_167852917",1399,503,50,"samples",35616928,0.0227725,0.034694,0.155738,0.0010066
"chr4_167852917_169676825",3062,503,50,"samples",49053968,0.0403186,0.0646004,0.2791389,0.0020311
"chr4_169676825_170776510",1506,503,50,"samples",36481488,0.0386458,0.036682,0.1522393,0.0012899
"chr4_170776510_172558635",2824,503,50,"samples",47130928,0.0393391,0.0815851,0.2283579,0.0017992
"chr4_172558635_174264132",2056,503,50,"samples",40925488,0.0521878,0.0444204,0.2031653,0.001377
"chr4_17383322_18841874",2210,503,50,"samples",42169808,0.0423393,0.0531781,0.2199059,0.0016079
"chr4_174264132_176570716",3276,503,50,"samples",50783088,0.0743695,0.0833806,0.2298879,0.0021041
"chr4_176570716_178991910",4151,503,50,"samples",57853088,0.0727614,0.0951699,0.2291852,0.0022988
"chr4_178991910_180122043",2059,503,50,"samples",40949728,0.036278,0.0435746,0.1499123,0.0013639
"chr4_180122043_182066807",4431,503,50,"samples",60115488,0.0815841,0.1163215,0.236923,0.0043505
"chr4_182066807_183371275",3030,503,50,"samples",48795408,0.0600042,0.0665222,0.2175232,0.0020588
"chr4_183371275_184929455",3173,503,50,"samples",49950848,0.0592092,0.0715524,0.2489119,0.0019405
"chr4_184929455_186909090",4145,503,50,"samples",57804608,0.0562118,0.1005668,0.1686692,0.0021021
"chr4_186909090_188472981",2964,503,50,"samples",48262128,0.0392872,0.0598279,0.1822256,0.0019356
"chr4_18841874_20544557",3393,503,50,"samples",51728448,0.0423464,0.0914115,0.216455,0.0021527
"chr4_188472981_189693511",3050,503,50,"samples",48957008,0.074937,0.0706367,0.227257,0.0018844
"chr4_189693511_191043594",2530,503,50,"samples",44755408,0.0637631,0.0641052,0.2002153,0.0018424
"chr4_20544557_22319347",3193,503,50,"samples",50112448,0.0526451,0.0746677,0.1837816,0.0018436
"chr4_22319347_24135529",2718,503,50,"samples",46274448,0.043245,0.0619059,0.2724854,0.0019802
"chr4_24135529_25609322",2247,503,50,"samples",42468768,0.0357339,0.0518964,0.1594873,0.0017778
"chr4_25609322_27343722",2291,503,50,"samples",42824288,0.0414189,0.048978,0.2447281,0.0028226
"chr4_27343722_27965868",1176,503,50,"samples",33815088,0.0290079,0.0396465,0.2170819,0.000917
"chr4_27965868_29762208",3307,503,50,"samples",51033568,0.0605265,0.0711903,0.2225784,0.0020513
"chr4_2842979_3846040",1309,503,50,"samples",34889728,0.0353186,0.0331565,0.1817062,0.0010548
"chr4_29762208_30454535",1078,503,50,"samples",33023248,0.0169695,0.0228697,0.1515597,0.0007265
"chr4_30454535_31782981",2380,503,50,"samples",43543408,0.0312852,0.0516641,0.2203366,0.0015089
"chr4_31782981_33172766",2833,503,50,"samples",47203648,0.0489962,0.0689552,0.2314746,0.0017462
"chr4_33172766_35151415",2522,503,50,"samples",44690768,0.0595304,0.0584243,0.1942804,0.0016144
"chr4_35151415_36020436",2175,503,50,"samples",41887008,0.0281516,0.0480144,0.1833245,0.0014693
"chr4_36020436_37255047",2730,503,50,"samples",46371408,0.0342253,0.0782502,0.2242628,0.0016938
"chr4_37255047_38907022",3233,503,50,"samples",50435648,0.0429166,0.1164201,0.267895,0.0020452
"chr4_3846040_4684116",1603,503,50,"samples",37265248,0.0223355,0.0328015,0.2520472,0.0010108
"chr4_38907022_40202609",2284,503,50,"samples",42767728,0.0292406,0.0437489,0.1805472,0.0016527
"chr4_40202609_42213058",3454,503,50,"samples",52221328,0.0486187,0.0822786,0.2201169,0.0021185
"chr4_42213058_43965045",2760,503,50,"samples",46613808,0.0483771,0.0640611,0.1900585,0.001497
"chr4_43965045_45189157",2574,503,50,"samples",45110928,0.0357675,0.0615127,0.1536348,0.0015115
"chr4_45189157_47411896",2627,503,50,"samples",45539168,0.0358601,0.0635895,0.1495241,0.0014887
"chr4_4684116_5502388",1814,503,50,"samples",38970128,0.0276871,0.0426486,0.1877968,0.00114
"chr4_47411896_48123600",1222,503,50,"samples",34186768,0.0275564,0.0291964,0.2143675,0.0008706
"chr4_48123600_53877433",1869,503,50,"samples",39414528,0.0271504,0.0419476,0.2213655,0.0013802
"chr4_53877433_55429556",2312,503,50,"samples",42993968,0.032768,0.0614818,0.1931876,0.0016682
"chr4_5502388_6773043",2899,503,50,"samples",47736928,0.0649694,0.0745212,0.233176,0.0019168
"chr4_55429556_56547644",2002,503,50,"samples",40489168,0.0244454,0.0458857,0.2383382,0.0015151
"chr4_56547644_58935008",4618,503,50,"samples",61626448,0.0683781,0.1155643,0.2330128,0.004426
"chr4_58935008_60741087",3688,503,50,"samples",54112048,0.0825295,0.1207589,0.2517705,0.002565
"chr4_60741087_62371763",2554,503,50,"samples",44949328,0.0577112,0.0670548,0.221062,0.0015179
"chr4_62371763_64341001",3209,503,50,"samples",50241728,0.0463071,0.0739315,0.1833009,0.0020342
"chr4_64341001_66600492",3500,503,50,"samples",52593008,0.0656643,0.075134,0.2106025,0.002027
"chr4_66600492_68059497",2494,503,50,"samples",44464528,0.0393397,0.0561498,0.2283799,0.0017233
"chr4_6773043_7539692",1766,503,50,"samples",38582288,0.0320421,0.0427703,0.1865182,0.0013886
"chr4_68059497_68854765",1311,503,50,"samples",34905888,0.0163128,0.0332227,0.1955511,0.0009886
"chr4_68854765_71049152",3866,503,50,"samples",55550288,0.0575967,0.1330428,0.2903381,0.0025572
"chr4_694715_1478711",1452,503,50,"samples",36045168,0.0372948,0.0435239,0.2553572,0.0012564
"chr4_71049152_72140558",1635,503,50,"samples",37523808,0.0279461,0.0384081,0.1729772,0.0011752
"chr4_72140558_74592390",2775,503,50,"samples",46735008,0.065547,0.0653592,0.167355,0.0015979
"chr4_74592390_77130707",3695,503,50,"samples",54168608,0.050814,0.1008321,0.2281733,0.0021478
"chr4_7539692_8152235",1502,503,50,"samples",36449168,0.0225248,0.0359363,0.1993559,0.0011171
"chr4_77130707_79093979",3235,503,50,"samples",50451808,0.0501938,0.0798557,0.218615,0.0020878
"chr4_79093979_80990297",2444,503,50,"samples",44060528,0.0512002,0.0697804,0.2406718,0.0019073
"chr4_80990297_82125315",1160,503,50,"samples",33685808,0.0200984,0.0339218,0.2166013,0.001932
"chr4_8152235_9326479",1776,503,50,"samples",38663088,0.0376269,0.044379,0.2644542,0.0012699
"chr4_82125315_83372593",1915,503,50,"samples",39786208,0.0393308,0.0398599,0.2199302,0.0014381
"chr4_83372593_84799656",2417,503,50,"samples",43842368,0.050848,0.052602,0.1889471,0.0015658
"chr4_84799656_86930609",2925,503,50,"samples",47947008,0.0576896,0.0869698,0.2490755,0.0018226
"chr4_86930609_87534648",641,503,32,"samples",29492288,0.011808,0.0234296,0.1655254,0.0004978
"chr4_87534648_89238028",2760,503,50,"samples",46613808,0.0579875,0.0994923,0.2035504,0.0020304
"chr4_89238028_90231564",1576,503,50,"samples",37047088,0.0330706,0.0319088,0.198834,0.0012874
"chr4_90231564_91560677",1718,503,50,"samples",38194448,0.0225596,0.0346751,0.2110666,0.0016706
"chr4_91560677_94233299",3242,503,50,"samples",50508368,0.0803999,0.0864573,0.205334,0.0020071
"chr4_9326479_10699152",2734,503,50,"samples",46403728,0.046254,0.0686989,0.2064557,0.0019721
"chr4_94233299_96182188",2832,503,50,"samples",47195568,0.0409764,0.0702666,0.2223678,0.0019311
"chr4_96182188_97540703",2275,503,50,"samples",42695008,0.0463616,0.0701807,0.2028392,0.0017326
"chr4_97540703_99424067",2965,503,50,"samples",48270208,0.0415155,0.0772351,0.1958253,0.0017952
"chr4_99424067_100678360",2016,503,50,"samples",40602288,0.0255094,0.0464582,0.2334167,0.0014928
"chr5_101578769_103320005",2285,503,50,"samples",42775808,0.0592218,0.053042,0.19834,0.001304
"chr5_103320005_104851483",2381,503,50,"samples",43551488,0.038597,0.05976,0.1970817,0.0013548
"chr5_104851483_105893055",1297,503,50,"samples",34792768,0.01561,0.0265511,0.172178,0.0011535
"chr5_105893055_107264196",2415,503,50,"samples",43826208,0.0577512,0.0553714,0.1514775,0.0014426
"chr5_107264196_108633934",2486,503,50,"samples",44399888,0.0318428,0.0538415,0.2300712,0.0015704
"chr5_108633934_110821144",3096,503,50,"samples",49328688,0.0400472,0.0654657,0.1990121,0.001663
"chr5_110821144_111981562",1977,503,50,"samples",40287168,0.0294291,0.0428594,0.2081874,0.0013411
"chr5_11173271_13464832",3009,503,50,"samples",48625728,0.0552126,0.0727063,0.1893695,0.0020484
"chr5_111981562_113396285",2675,503,50,"samples",45927008,0.062162,0.0750404,0.1906198,0.0014846
"chr5_113396285_114830370",2495,503,50,"samples",44472608,0.0455082,0.0610531,0.2425465,0.0018356
"chr5_114830370_115831047",1917,503,50,"samples",39802368,0.0337701,0.0473191,0.2197766,0.0013924
"chr5_115831047_117346213",2766,503,50,"samples",46662288,0.0363794,0.0651378,0.2165423,0.0017248
"chr5_117346213_118608820",1945,503,50,"samples",40028608,0.0277277,0.0406064,0.1739352,0.0015111
"chr5_118608820_119669042",1523,503,50,"samples",36618848,0.0308664,0.0434255,0.2259168,0.0012779
"chr5_11940_982252",1537,503,50,"samples",36731968,0.0491744,0.0438528,0.2230095,0.001161
"chr5_119669042_120452166",1229,503,50,"samples",34243328,0.0177106,0.033931,0.1425128,0.0011332
"chr5_120452166_122556905",3371,503,50,"samples",51550688,0.0458444,0.0804913,0.2222488,0.0021172
"chr5_122556905_123798100",1888,503,50,"samples",39568048,0.0308183,0.0405902,0.1817802,0.0016012
"chr5_123798100_125785649",3891,503,50,"samples",55752288,0.0600062,0.0920334,0.1892868,0.0025119
"chr5_125785649_127344604",1919,503,50,"samples",39818528,0.0391156,0.0655515,0.2474191,0.0020699
"chr5_127344604_129519025",3596,503,50,"samples",53368688,0.1401497,0.0982817,0.2744911,0.002108
"chr5_129519025_132139649",2367,503,50,"samples",43438368,0.0417581,0.0662143,0.2047251,0.0017293
"chr5_132139649_134777401",3422,503,50,"samples",51962768,0.0763985,0.1092337,0.2495527,0.0021535
"chr5_13464832_14757804",2227,503,50,"samples",42307168,0.0443985,0.0617901,0.1742347,0.0015965
"chr5_134777401_136376050",2441,503,50,"samples",44036288,0.0323299,0.0633369,0.198954,0.001494
"chr5_136376050_139265072",2432,503,50,"samples",43963568,0.0391787,0.0763788,0.1669986,0.0017582
"chr5_139265072_140645971",1457,503,50,"samples",36085568,0.0255015,0.0333213,0.2108107,0.0014327
"chr5_140645971_142981248",3084,503,50,"samples",49231728,0.0789563,0.082744,0.2029374,0.0017916
"chr5_142981248_144943354",2623,503,50,"samples",45506848,0.0446627,0.0697276,0.1867675,0.0021329
"chr5_144943354_147181998",2812,503,50,"samples",47033968,0.0672893,0.0859159,0.2279753,0.0019522
"chr5_147181998_148662624",1893,503,50,"samples",39608448,0.0541581,0.0500627,0.3068658,0.0015669
"chr5_14757804_16963613",2721,503,50,"samples",46298688,0.0638709,0.0905404,0.2671209,0.0029718
"chr5_148662624_150561298",2966,503,50,"samples",48278288,0.0888135,0.1224211,0.2655728,0.0021619
"chr5_150561298_152867774",4015,503,50,"samples",56754208,0.0846989,0.1170359,0.2078888,0.0028084
"chr5_152867774_153773088",1763,503,50,"samples",38558048,0.0295971,0.0461408,0.185523,0.0014237
"chr5_153773088_155373505",2535,503,50,"samples",44795808,0.0400606,0.0585139,0.2285846,0.001937
"chr5_155373505_156628700",1758,503,50,"samples",38517648,0.0339231,0.0404584,0.2083891,0.0013363
"chr5_156628700_158825698",3931,503,50,"samples",56075488,0.0469167,0.0908327,0.1543279,0.0026242
"chr5_158825698_159973944",1840,503,50,"samples",39180208,0.0273002,0.0318241,0.1450147,0.0015635
"chr5_159973944_161482133",2235,503,50,"samples",42371808,0.031663,0.0472067,0.2045648,0.0015892
"chr5_161482133_162743908",1838,503,50,"samples",39164048,0.0405466,0.0440525,0.2265205,0.0011667
"chr5_162743908_163771582",1869,503,50,"samples",39414528,0.0386936,0.0407754,0.2088017,0.0014474
"chr5_163771582_165642395",2765,503,50,"samples",46654208,0.0398919,0.0601007,0.2225204,0.0020036
"chr5_165642395_166847740",1791,503,50,"samples",38784288,0.0262056,0.0492518,0.2466862,0.0012898
"chr5_166847740_168525318",2484,503,50,"samples",44383728,0.0315412,0.0577789,0.2180415,0.0016935
"chr5_168525318_169505664",1721,503,50,"samples",38218688,0.0286127,0.0383034,0.225588,0.0011574
"chr5_169505664_171074292",2531,503,50,"samples",44763488,0.0330946,0.0512959,0.1819156,0.0013878
"chr5_16963613_18051592",1414,503,50,"samples",35738128,0.0286008,0.0352644,0.2417552,0.0012045
"chr5_171074292_172678327",2347,503,50,"samples",43276768,0.0584086,0.0566835,0.2323804,0.0014019
"chr5_172678327_173642871",1882,503,50,"samples",39519568,0.0261308,0.0431145,0.2352039,0.0012572
"chr5_173642871_175450595",3125,503,50,"samples",49563008,0.0411219,0.0779182,0.2096934,0.0017503
"chr5_175450595_177251507",1498,503,50,"samples",36416848,0.0364473,0.0340719,0.2129555,0.0009632
"chr5_177251507_178413464",2370,503,50,"samples",43462608,0.0317985,0.0612707,0.2135011,0.0018911
"chr5_178413464_179401244",1495,503,50,"samples",36392608,0.0405275,0.0398212,0.2426157,0.0013659
"chr5_179401244_180559933",2273,503,50,"samples",42678848,0.0480234,0.0689485,0.1819275,0.0012333
"chr5_18051592_19917716",3260,503,50,"samples",50653808,0.0908224,0.0860378,0.2294237,0.001647
"chr5_180559933_180885156",245,245,19,"markers",7762016,0.0080632,0.0032504,0.0216266,3.27e-05
"chr5_19917716_22152073",2507,503,50,"samples",44569568,0.0549525,0.0533952,0.17166,0.0016691
"chr5_2132442_3361941",3350,503,50,"samples",51381008,0.063024,0.0756369,0.2068089,0.0018868
"chr5_22152073_23494324",2046,503,50,"samples",40844688,0.032139,0.0583851,0.1756581,0.0014083
"chr5_23494324_26184851",4334,503,50,"samples",59331728,0.0685785,0.0927115,0.2722218,0.0027282
"chr5_26184851_26857604",1240,503,50,"samples",34332208,0.030865,0.030479,0.1800838,0.0011322
"chr5_26857604_27984513",1785,503,50,"samples",38735808,0.0465359,0.0542647,0.200737,0.0014427
"chr5_27984513_29714820",2672,503,50,"samples",45902768,0.0663755,0.0568432,0.1613227,0.001731
"chr5_29714820_31390249",2553,503,50,"samples",44941248,0.0460696,0.0574279,0.2459238,0.0020557
"chr5_31390249_33500180",3473,503,50,"samples",52374848,0.0524802,0.0790703,0.1960555,0.0022697
"chr5_33500180_35048970",2342,503,50,"samples",43236368,0.0440188,0.0658638,0.1802569,0.0014769
"chr5_3361941_4632110",2440,503,50,"samples",44028208,0.0387117,0.0610353,0.1959013,0.0015395
"chr5_35048970_36433954",1725,503,50,"samples",38251008,0.0268667,0.0487681,0.2296286,0.0011513
"chr5_36433954_38802410",3217,503,50,"samples",50306368,0.0533908,0.0948305,0.1890213,0.0019614
"chr5_38802410_40287729",2544,503,50,"samples",44868528,0.0467415,0.0560587,0.2178676,0.0019389
"chr5_40287729_41888710",2766,503,50,"samples",46662288,0.0478594,0.061965,0.1778421,0.0015008
"chr5_41888710_43983499",2040,503,50,"samples",40796208,0.0268461,0.0437801,0.2180706,0.001081
"chr5_43983499_50163398",3665,503,50,"samples",53926208,0.0493514,0.0785132,0.1964636,0.0030722
"chr5_4632110_5973233",2764,503,50,"samples",46646128,0.0744211,0.07854,0.2079753,0.001961
"chr5_50163398_52134622",2797,503,50,"samples",46912768,0.0478397,0.0700448,0.2118654,0.0020651
"chr5_52134622_53703044",2900,503,50,"samples",47745008,0.0635285,0.0768418,0.2718176,0.0018025
"chr5_53703044_55417349",2792,503,50,"samples",46872368,0.0954128,0.1007641,0.2288259,0.0024407
"chr5_55417349_56621102",1920,503,50,"samples",39826608,0.0283894,0.0806459,0.2920651,0.0015839
"chr5_56621102_57340073",1112,503,50,"samples",33297968,0.0349379,0.0376473,0.2170906,0.0009042
"chr5_57340073_58524622",2394,503,50,"samples",43656528,0.0616216,0.0948553,0.2032859,0.0014678
"chr5_58524622_60935907",2694,503,50,"samples",46080528,0.0403762,0.0532368,0.1221389,0.001557
"chr5_5973233_7143218",2424,503,50,"samples",43898928,0.0547473,0.0635761,0.2200018,0.0015397
"chr5_60935907_61672995",972,503,49,"samples",32166768,0.0130237,0.0246335,0.1593849,0.0010634
"chr5_61672995_63218987",2495,503,50,"samples",44472608,0.0481845,0.0579641,0.1577157,0.0012807
"chr5_63218987_63968304",856,503,41,"samples",31229488,0.0288733,0.0233554,0.2003935,0.0008586
"chr5_63968304_65911286",2796,503,50,"samples",46904688,0.0485858,0.0881634,0.160009,0.0017132
"chr5_65911286_67850860",3042,503,50,"samples",48892368,0.0397446,0.0681355,0.1363522,0.001705
"chr5_67850860_71240456",2142,503,50,"samples",41620368,0.0287885,0.0440346,0.1320151,0.0012742
"chr5_71240456_73759326",4077,503,50,"samples",57255168,0.0503754,0.0874826,0.1544305,0.0024259
"chr5_7143218_8446336",2569,503,50,"samples",45070528,0.0410888,0.0707092,0.131798,0.0013191
"chr5_73759326_75798866",3213,503,50,"samples",50274048,0.0461038,0.0736829,0.1634595,0.0018074
"chr5_75798866_77623332",2603,503,50,"samples",45345248,0.0355875,0.0555398,0.1275768,0.0015394
"chr5_77623332_79393144",2453,503,50,"samples",44133248,0.0346606,0.0533885,0.1211774,0.0015507
"chr5_79393144_80481471",2165,503,50,"samples",41806208,0.0276493,0.0556312,0.2171881,0.0015732
"chr5_80481471_82025648",1979,503,50,"samples",40303328,0.0335084,0.0445184,0.1916882,0.001101
"chr5_82025648_83972689",2409,503,50,"samples",43777728,0.0316,0.0467488,0.1511405,0.0014894
"chr5_83972689_85767290",4094,503,50,"samples",57392528,0.0601809,0.0817874,0.1218298,0.0021779
"chr5_8446336_9718832",2499,503,50,"samples",44504928,0.0315476,0.0576152,0.1653512,0.0015492
"chr5_85767290_87389991",1432,503,50,"samples",35883568,0.0188319,0.0292016,0.253767,0.0012046
"chr5_87389991_88891530",1251,503,50,"samples",34421088,0.0320234,0.0458352,0.2047898,0.0013082
"chr5_88891530_90422654",1586,503,50,"samples",37127888,0.0383976,0.0384371,0.2016142,0.0010659
"chr5_90422654_91840542",1432,503,50,"samples",35883568,0.0275342,0.0382679,0.2091991,0.0011449
"chr5_91840542_93809984",1542,503,50,"samples",36772368,0.0226476,0.0301923,0.132793,0.0010643
"chr5_93809984_95963519",2721,503,50,"samples",46298688,0.0348799,0.0598021,0.1271491,0.001569
"chr5_95963519_97315601",2720,503,50,"samples",46290608,0.0332505,0.0572128,0.1287842,0.0017096
"chr5_9718832_11173271",2538,503,50,"samples",44820048,0.0335699,0.0550208,0.1302941,0.001354
"chr5_97315601_99260992",3300,503,50,"samples",50977008,0.0406942,0.0682601,0.1457287,0.0016586
"chr5_982252_2132442",2460,503,50,"samples",44189808,0.040413,0.0448957,0.1247503,0.0014038
"chr5_99260992_101578769",3077,503,50,"samples",49175168,0.0476521,0.0756199,0.1459194,0.0017424
"chr6_100630146_102636772",2346,503,50,"samples",43268688,0.0333373,0.047192,0.12768,0.0014408
"chr6_102636772_103983395",2394,503,50,"samples",43656528,0.0313236,0.0517911,0.1222945,0.001605
"chr6_103983395_106056733",3558,503,50,"samples",53061648,0.04515,0.0755119,0.1174639,0.0017942
"chr6_10540317_11790816",2096,503,50,"samples",41248688,0.0283803,0.0396431,0.1235191,0.001367
"chr6_106056733_107450306",2612,503,50,"samples",45417968,0.0342257,0.054477,0.1207494,0.0015328
"chr6_107450306_108464380",1224,503,50,"samples",34202928,0.0159899,0.0247426,0.1211345,0.0007726
"chr6_108464380_110304247",2322,503,50,"samples",43074768,0.0290129,0.0587274,0.1316805,0.0016191
"chr6_110304247_112345014",2823,503,50,"samples",47122848,0.0358266,0.0594736,0.1183202,0.0014804
"chr6_112345014_114220833",2608,503,50,"samples",45385648,0.031474,0.053782,0.1239951,0.0017067
"chr6_114220833_116131396",2868,503,50,"samples",47486448,0.0376499,0.0682024,0.1480319,0.003027
"chr6_116131396_117672972",2215,503,50,"samples",42210208,0.0394869,0.069423,0.124255,0.0013421
"chr6_117672972_118963115",1806,503,50,"samples",38905488,0.0234849,0.0360071,0.1247789,0.0009591
"chr6_11790816_13209388",2194,503,50,"samples",42040528,0.0283451,0.0474209,0.1323435,0.0013443
"chr6_118963115_119963278",1474,503,50,"samples",36222928,0.0193792,0.0326253,0.1181205,0.0009875
"chr6_119963278_120512128",1048,503,39,"samples",32780848,0.01436,0.0214733,0.1053113,0.0009096
"chr6_120512128_121905676",2171,503,50,"samples",41854688,0.0298423,0.0484358,0.1063651,0.0012231
"chr6_121905676_123856181",3312,503,50,"samples",51073968,0.0426048,0.0633485,0.1484111,0.0019034
"chr6_123856181_125424383",2082,503,50,"samples",41135568,0.0270206,0.0459646,0.1221141,0.0012015
"chr6_125424383_127540461",1859,503,50,"samples",39333728,0.0233454,0.0332767,0.1327577,0.001094
"chr6_127540461_129861031",2776,503,50,"samples",46743088,0.0382955,0.0538982,0.1388006,0.0019584
"chr6_129861031_130935454",2104,503,50,"samples",41313328,0.0346805,0.0514254,0.2102047,0.0015281
"chr6_130935454_132765669",2639,503,50,"samples",45636128,0.0604008,0.059428,0.1197952,0.0014063
"chr6_13209388_14802924",2315,503,50,"samples",43018208,0.0311182,0.0495,0.1235546,0.001212
"chr6_132765669_134244243",2363,503,50,"samples",43406048,0.0321225,0.0485928,0.1838456,0.0017588
"chr6_134244243_136224177",2426,503,50,"samples",43915088,0.0406831,0.0522246,0.1253611,0.0017049
"chr6_136224177_137614218",1169,503,50,"samples",33758528,0.017519,0.0238043,0.1838156,0.0008777
"chr6_137614218_138822629",2151,503,50,"samples",41693088,0.0292982,0.0465656,0.2278369,0.0012708
"chr6_138822629_139845436",1592,503,50,"samples",37176368,0.0208566,0.0313994,0.1408457,0.0009723
"chr6_139845436_142288479",2827,503,50,"samples",47155168,0.0385587,0.0610887,0.1273294,0.0015163
"chr6_142288479_145319810",3790,503,50,"samples",54936208,0.0504897,0.0747903,0.1631124,0.002213
"chr6_1452362_2458936",1608,503,50,"samples",37305648,0.027886,0.0293749,0.1359415,0.0008903
"chr6_145319810_146665424",1683,503,50,"samples",37911648,0.0216727,0.0328291,0.1167652,0.0010319
"chr6_146665424_148920352",3657,503,50,"samples",53861568,0.0476165,0.1185392,0.1446397,0.0023104
"chr6_14802924_17386405",3954,503,50,"samples",56261328,0.0756089,0.0970602,0.1408437,0.0023011
"chr6_148920352_150253404",2391,503,50,"samples",43632288,0.0356289,0.0486923,0.1232709,0.0013735
"chr6_150253404_151912703",3546,503,50,"samples",52964688,0.0421222,0.0675816,0.1260355,0.0024429
"chr6_151912703_153094496",1997,503,50,"samples",40448768,0.0242755,0.0548888,0.1479535,0.0011385
"chr6_153094496_154974120",3875,503,50,"samples",55623008,0.0529094,0.0772897,0.130617,0.0021414
"chr6_154974120_156763326",2840,503,50,"samples",47260208,0.0470851,0.0661446,0.1417701,0.0019317
"chr6_156763326_158218719",1795,503,50,"samples",38816608,0.0310281,0.0412152,0.1216337,0.0011572
"chr6_158218719_160580497",4387,503,50,"samples",59759968,0.0542477,0.0972167,0.1244092,0.0021244
"chr6_160580497_162169564",3067,503,50,"samples",49094368,0.0357402,0.0693568,0.1279595,0.0017045
"chr6_162169564_162931203",1603,503,50,"samples",37265248,0.0194948,0.0326235,0.1188459,0.0010388
"chr6_162931203_164383521",3084,503,50,"samples",49231728,0.0395051,0.062573,0.1258172,0.001614
"chr6_164383521_165586864",2757,503,50,"samples",46589568,0.0336834,0.0518866,0.1323125,0.0014391
"chr6_165586864_167024733",3233,503,50,"samples",50435648,0.0423798,0.0689085,0.1323225,0.0017258
"chr6_167024733_168042835",1967,503,50,"samples",40206368,0.0255312,0.0357199,0.1309844,0.001153
"chr6_168042835_169382050",3450,503,50,"samples",52189008,0.0427484,0.0696224,0.1340172,0.0018177
"chr6_169382050_170330173",1735,503,50,"samples",38331808,0.0220652,0.0544748,0.1652118,0.0009863
"chr6_170330173_171051270",1191,503,50,"samples",33936288,0.020221,0.0250373,0.129169,0.0009044
"chr6_17386405_19207487",3294,503,50,"samples",50928528,0.0423159,0.0772607,0.1280813,0.0019823
"chr6_19207487_21684065",4336,503,50,"samples",59347888,0.0535083,0.0806333,0.1376882,0.0023893
"chr6_21684065_22748307",1931,503,50,"samples",39915488,0.0246065,0.0384616,0.1201221,0.0013515
"chr6_22748307_23936619",2359,503,50,"samples",43373728,0.034948,0.0806129,0.2607242,0.0015756
"chr6_23936619_24852275",1646,503,50,"samples",37612688,0.0327383,0.038078,0.2037431,0.0009458
"chr6_2458936_3573593",2231,503,50,"samples",42339488,0.0360326,0.0394671,0.1375021,0.0012085
"chr6_24852275_25684587",1927,503,50,"samples",39883168,0.0215352,0.0354938,0.1204363,0.0009957
"chr6_25684587_26791233",1967,503,50,"samples",40206368,0.023459,0.0361596,0.1417927,0.0013995
"chr6_26791233_28017819",1451,503,42,"samples",36037088,0.0237193,0.0364213,0.1520251,0.0008781
"chr6_28017819_28917608",1480,503,40,"samples",36271408,0.01851,0.02537,0.0984035,0.000877
"chr6_28917608_29737971",1667,503,50,"samples",37782368,0.0232077,0.0293661,0.1051806,0.0012198
"chr6_29737971_30798168",3846,503,50,"samples",55388688,0.0515124,0.0755187,0.1233842,0.0020287
"chr6_30798168_31571218",4662,503,50,"samples",61981968,0.0600681,0.0875874,0.1287333,0.003289
"chr6_31571218_32682664",3272,503,50,"samples",50750768,0.0491304,0.0599937,0.1296446,0.0022263
"chr6_32682664_33236497",2715,503,50,"samples",46250208,0.0361947,0.0537284,0.1174405,0.0015987
"chr6_33236497_35455756",3377,503,50,"samples",51599168,0.0459535,0.0650131,0.1218849,0.0018132
"chr6_35455756_37572596",3309,503,50,"samples",51049728,0.0400958,0.0585486,0.1260547,0.0020914
"chr6_3573593_4617817",2370,503,50,"samples",43462608,0.0302914,0.0497735,0.1482843,0.0013072
"chr6_37572596_39295677",3148,503,50,"samples",49748848,0.0438366,0.0749905,0.1293688,0.001727
"chr6_39295677_40345115",1430,503,50,"samples",35867408,0.0198847,0.0287911,0.1115973,0.0009822
"chr6_40345115_42038721",2764,503,50,"samples",46646128,0.0340289,0.0565557,0.1298028,0.0015867
"chr6_42038721_43756169",2085,503,50,"samples",41159808,0.0266221,0.0506162,0.130338,0.0013398
"chr6_43756169_45406563",2491,503,50,"samples",44440288,0.0335469,0.0552353,0.1259771,0.0013127
"chr6_45406563_47311898",2773,503,50,"samples",46718848,0.0355734,0.0497203,0.1293178,0.0014003
"chr6_4617817_5791472",2304,503,50,"samples",42929328,0.0277196,0.0566031,0.1267309,0.0015861
"chr6_47311898_48391125",1891,503,50,"samples",39592288,0.0246551,0.0484363,0.1184851,0.0011525
"chr6_48391125_50386145",2937,503,50,"samples",48043968,0.0366564,0.0631348,0.121794,0.0015229
"chr6_50386145_52210476",2938,503,50,"samples",48052048,0.0362602,0.0560203,0.1176575,0.0014454
"chr6_52210476_53279102",1810,503,50,"samples",38937808,0.0230325,0.0396649,0.133939,0.0013442
"chr6_53279102_55468270",4220,503,50,"samples",58410608,0.0564973,0.0871597,0.1374409,0.002262
"chr6_55468270_56105313",1356,503,41,"samples",35269488,0.0162169,0.0278196,0.112369,0.000929
"chr6_56105313_57599465",1398,503,50,"samples",35608848,0.023662,0.0274583,0.1114759,0.000998
"chr6_57599465_61880512",1717,503,27,"samples",38186368,0.0223714,0.0305627,0.1008652,0.0011853
"chr6_5791472_6785207",2131,503,50,"samples",41531488,0.0279901,0.0405817,0.1348133,0.0014743
"chr6_61880512_63552888",2988,503,49,"samples",48456048,0.0384634,0.0631297,0.1305978,0.0019246
"chr6_63552888_65765742",3294,503,50,"samples",50928528,0.0416246,0.0670771,0.1313758,0.0016771
"chr6_65765742_67329215",3475,503,50,"samples",52391008,0.0458602,0.0726566,0.1228279,0.0022042
"chr6_67329215_68849483",3600,503,50,"samples",53401008,0.0434478,0.0768485,0.12341,0.0017724
"chr6_6785207_7808936",2009,503,50,"samples",40545728,0.0251425,0.0343867,0.1282516,0.0014526
"chr6_68849483_69523448",1554,503,50,"samples",36869328,0.0183783,0.0298378,0.1820096,0.0009389
"chr6_69523448_71609510",3403,503,50,"samples",51809248,0.0415813,0.0702915,0.1239776,0.0016401
"chr6_71609510_73450097",3171,503,50,"samples",49934688,0.0383052,0.0582774,0.1254355,0.0014623
"chr6_73450097_75462003",3323,503,50,"samples",51162848,0.0432127,0.0654634,0.1271641,0.0018463
"chr6_73924_1452362",2539,503,50,"samples",44828128,0.0309028,0.0482276,0.1215277,0.0012975
"chr6_75462003_77414881",2352,503,50,"samples",43317168,0.0316349,0.0489438,0.1152776,0.001799
"chr6_77414881_78957728",2833,503,50,"samples",47203648,0.0391078,0.0559966,0.1169617,0.0015354
"chr6_7808936_9020026",2525,503,50,"samples",44715008,0.0321449,0.0497835,0.1301713,0.0019926
"chr6_78957728_80691170",2978,503,50,"samples",48375248,0.0399339,0.0903418,0.1424372,0.0018197
"chr6_80691170_81929222",2669,503,50,"samples",45878528,0.0417788,0.0509287,0.1096291,0.0016858
"chr6_81929222_83127149",1652,503,50,"samples",37661168,0.0273661,0.0554075,0.1569665,0.0009248
"chr6_83127149_85209989",2427,503,50,"samples",43923168,0.0346226,0.0472719,0.1305982,0.00126
"chr6_85209989_87069500",3343,503,50,"samples",51324448,0.0412236,0.0609072,0.1176441,0.0017727
"chr6_87069500_88822140",2886,503,50,"samples",47631888,0.0360504,0.0570097,0.1286942,0.0017553
"chr6_88822140_89973052",1952,503,50,"samples",40085168,0.0232336,0.0411793,0.1241059,0.0012599
"chr6_89973052_91843196",2733,503,50,"samples",46395648,0.0413485,0.0570207,0.120289,0.001467
"chr6_9020026_10540317",2718,503,50,"samples",46274448,0.0359498,0.0523621,0.1284245,0.0019389
"chr6_91843196_93428644",2390,503,50,"samples",43624208,0.0460254,0.0637336,0.1649622,0.0018716
"chr6_93428644_94118142",1544,503,50,"samples",36788528,0.0317399,0.0448834,0.181472,0.0010343
"chr6_94118142_94441175",443,443,17,"markers",22442528,0.0063932,0.0100351,0.0952956,7.28e-05
"chr6_94441175_97093511",3944,503,50,"samples",56180528,0.1164339,0.0964947,0.1334923,0.0021571
"chr6_97093511_97842284",1099,503,49,"samples",33192928,0.0206972,0.0285592,0.1071878,0.0007397
"chr6_97842284_100630146",3645,503,50,"samples",53764608,0.0571457,0.0919309,0.1412502,0.0018729
"chr7_100196651_101199253",1658,503,50,"samples",37709648,0.0191845,0.0285851,0.1266537,0.0011684
"chr7_101199253_103197510",2184,503,50,"samples",41959728,0.028663,0.0493413,0.1181882,0.0012129
"chr7_103197510_104159525",2056,503,50,"samples",40925488,0.0297564,0.0343933,0.1351917,0.0011346
"chr7_104159525_105682905",2134,503,50,"samples",41555728,0.0280188,0.0391092,0.1251103,0.0012634
"chr7_105682905_107780178",3180,503,50,"samples",50007408,0.0388232,0.0585636,0.1302009,0.0018407
"chr7_107780178_109647594",2901,503,50,"samples",47753088,0.036986,0.0572169,0.1385509,0.001889
"chr7_109647594_112618684",3237,503,50,"samples",50467968,0.0437349,0.0668156,0.1315648,0.0018974
"chr7_112618684_113712387",1102,503,50,"samples",33217168,0.0147104,0.0208561,0.1129984,0.0010105
"chr7_11299198_12635461",3596,503,50,"samples",53368688,0.0839832,0.1003894,0.1391417,0.0019653
"chr7_113712387_116780178",3081,503,50,"samples",49207488,0.0416494,0.0558275,0.1500922,0.0019617
"chr7_116780178_118351581",1581,503,50,"samples",37087488,0.0203567,0.0276641,0.1174927,0.0009803
"chr7_118351581_121045273",2701,503,50,"samples",46137088,0.0377862,0.0565828,0.1174828,0.0013954
"chr7_121045273_121933630",1078,503,50,"samples",33023248,0.0154642,0.0192983,0.110583,0.0007546
"chr7_121933630_124156805",3461,503,50,"samples",52277888,0.0430677,0.0715045,0.1218175,0.0019195
"chr7_124156805_124167552",27,27,3,"markers",304672,0.0011303,8.66e-05,0.0001429,1e-06
"chr7_124167552_126519170",4058,503,50,"samples",57101648,0.0491444,0.077434,0.1220833,0.0025334
"chr7_12635461_13884202",2922,503,50,"samples",47922768,0.0362874,0.0628576,0.1195124,0.0016266
"chr7_126519170_126869221",444,444,24,"markers",22535776,0.0067538,0.0067354,0.0637771,3.06e-05
"chr7_126869221_128778386",2767,503,50,"samples",46670368,0.0409946,0.0544036,0.1407633,0.0015775
"chr7_128778386_130422414",2205,503,50,"samples",42129408,0.0292664,0.0453909,0.1210846,0.0014988
"chr7_130422414_132805848",3578,503,50,"samples",53223248,0.0458477,0.0810099,0.1403298,0.0016993
"chr7_132805848_134307596",2137,503,50,"samples",41579968,0.0279417,0.0391176,0.1235327,0.0014295
"chr7_134307596_135591083",2146,503,50,"samples",41652688,0.0277592,0.0397043,0.1223837,0.001176
"chr7_1353067_2062398",1275,503,50,"samples",34615008,0.0169626,0.0235827,0.12457,0.0014718
"chr7_135591083_136876562",1831,503,50,"samples",39107488,0.0245707,0.0338242,0.125858,0.0009343
"chr7_136876562_138744679",2643,503,50,"samples",45668448,0.0333622,0.0515919,0.1244366,0.0015902
"chr7_138744679_139933177",1313,503,50,"samples",34922048,0.0171861,0.0256348,0.1188107,0.000841
"chr7_13884202_15143657",1905,503,50,"samples",39705408,0.0242643,0.034998,0.1190211,0.0012082
"chr7_139933177_140235210",657,503,50,"samples",29621568,0.0091726,0.0115104,0.1161028,0.0005221
"chr7_140235210_141226557",905,503,50,"samples",31625408,0.0135647,0.0180873,0.1019483,0.00082
"chr7_141226557_142656310",1916,503,50,"samples",39794288,0.0238682,0.0361375,0.1327432,0.0015242
"chr7_142656310_144968289",2493,503,50,"samples",44456448,0.0346899,0.0523133,0.1557178,0.0017319
"chr7_144968289_146427960",2520,503,50,"samples",44674608,0.0550629,0.0542572,0.1205436,0.0012656
"chr7_146427960_147815318",2943,503,50,"samples",48092448,0.0384455,0.0643174,0.2213878,0.0019314
"chr7_147815318_149840658",3177,503,50,"samples",49983168,0.0607775,0.0658697,0.2289457,0.0018503
"chr7_149840658_150711505",1684,503,50,"samples",37919728,0.0209883,0.0475641,0.2006876,0.0010093
"chr7_150711505_152249806",1930,503,50,"samples",39907408,0.0245038,0.0332258,0.1299334,0.0010781
"chr7_15143657_16902069",3118,503,50,"samples",49506448,0.0384066,0.0618456,0.1360952,0.0016354
"chr7_152249806_153674019",2890,503,50,"samples",47664208,0.0379349,0.0607286,0.1253153,0.0014568
"chr7_153674019_154964730",2327,503,50,"samples",43115168,0.0290872,0.0456396,0.1263129,0.0015075
"chr7_154964730_156065250",2352,503,50,"samples",43317168,0.0322933,0.0513863,0.176604,0.0014034
"chr7_156065250_157634597",2898,503,50,"samples",47728848,0.0482123,0.0631961,0.1247871,0.0017971
"chr7_157634597_159128575",2745,503,50,"samples",46492608,0.036489,0.0486769,0.1505295,0.001572
"chr7_16161_972752",1207,503,50,"samples",34065568,0.019245,0.0230252,0.1277889,0.0008564
"chr7_16902069_19481547",3582,503,50,"samples",53255568,0.0509085,0.0748449,0.1682998,0.0019969
"chr7_19481547_20124908",919,503,50,"samples",31738528,0.0129019,0.0165252,0.1107236,0.0010092
"chr7_20124908_22507629",4492,503,50,"samples",60608368,0.0574365,0.0912404,0.158387,0.0021397
"chr7_2062398_2772227",1297,503,50,"samples",34792768,0.0166047,0.0261343,0.1323911,0.0012494
"chr7_22507629_23471442",1432,503,50,"samples",35883568,0.0188868,0.0508353,0.2313448,0.0010576
"chr7_23471442_25077259",3094,503,50,"samples",49312528,0.0375999,0.0637752,0.1844841,0.0016697
"chr7_25077259_25909555",1742,503,50,"samples",38388368,0.0443447,0.0436365,0.1324638,0.0009891
"chr7_25909555_28360309",3660,503,50,"samples",53885808,0.0442149,0.0690416,0.1662678,0.0029388
"chr7_2772227_4573428",4141,503,50,"samples",57772288,0.056394,0.0834344,0.1558406,0.0022011
"chr7_28360309_31137289",4477,503,50,"samples",60487168,0.0573928,0.0939127,0.1795355,0.0026217
"chr7_31137289_33555768",4555,503,50,"samples",61117408,0.0538579,0.0898924,0.131509,0.0021299
"chr7_33555768_36213538",4238,503,50,"samples",58556048,0.0555045,0.0814632,0.1262497,0.002093
"chr7_36213538_37555184",2430,503,50,"samples",43947408,0.0390254,0.0489363,0.1291762,0.0014444
"chr7_37555184_38966703",2845,503,50,"samples",47300608,0.0352201,0.0580025,0.1349276,0.0018953
"chr7_38966703_39862670",1455,503,50,"samples",36069408,0.022138,0.0413231,0.1492216,0.0013484
"chr7_39862670_42001811",2580,503,50,"samples",45159408,0.0355037,0.0479333,0.1290666,0.0015319
"chr7_42001811_43159074",1943,503,50,"samples",40012448,0.0241519,0.0346685,0.130441,0.0013502
"chr7_43159074_44763828",2468,503,50,"samples",44254448,0.0335004,0.0436554,0.1185995,0.0014358
"chr7_44763828_45952922",2008,503,50,"samples",40537648,0.0234152,0.0316815,0.1353185,0.0013899
"chr7_4573428_5416232",1658,503,50,"samples",37709648,0.0229864,0.0346355,0.1341542,0.0011822
"chr7_45952922_46986720",2150,503,50,"samples",41685008,0.0279649,0.0559489,0.2043232,0.0011661
"chr7_46986720_49212278",4461,503,50,"samples",60357888,0.0674858,0.0847091,0.1267545,0.0022681
"chr7_49212278_51675322",4344,503,50,"samples",59412528,0.0615208,0.075184,0.1259747,0.0020209
"chr7_51675322_53176312",3929,503,50,"samples",56059328,0.0479115,0.0692322,0.1521775,0.0029936
"chr7_53176312_54222976",2433,503,50,"samples",43971648,0.0522447,0.0503298,0.1225965,0.0015344
"chr7_5416232_5854526",542,503,46,"samples",28692368,0.0087023,0.0109649,0.1157932,0.0004653
"chr7_54222976_55691584",2853,503,50,"samples",47365248,0.0368099,0.0506366,0.1335733,0.0013354
"chr7_55691584_57382638",2644,503,50,"samples",45676528,0.0344456,0.0492534,0.1297259,0.0019438
"chr7_57382638_63307359",2347,503,50,"samples",43276768,0.0330561,0.0493099,0.1151972,0.0015253
"chr7_5854526_6573857",1024,503,50,"samples",32586928,0.0143365,0.0201214,0.1280289,0.0008419
"chr7_63307359_63641125",555,503,20,"samples",28797408,0.0089806,0.0123687,0.0987433,0.0004742
"chr7_63641125_65689809",2590,503,50,"samples",45240208,0.0412837,0.0644214,0.1358308,0.0015093
"chr7_65689809_68234074",5702,503,50,"samples",70385168,0.0839708,0.1362272,0.1292982,0.0028933
"chr7_6573857_7808752",2390,503,50,"samples",43624208,0.0335723,0.0508179,0.1253076,0.0013699
"chr7_68234074_69085364",1464,503,50,"samples",36142128,0.0181187,0.0305519,0.1459361,0.0010725
"chr7_69085364_71874885",3815,503,50,"samples",55138208,0.0789586,0.085042,0.1361334,0.0026313
"chr7_71874885_73334602",1201,503,50,"samples",34017088,0.0158078,0.0321218,0.1316843,0.0010218
"chr7_73334602_76458564",2553,503,50,"samples",44941248,0.0344179,0.0461296,0.1348649,0.0016522
"chr7_76458564_78093859",2629,503,50,"samples",45555328,0.0336288,0.0589131,0.1230868,0.0016489
"chr7_7808752_9123423",3012,503,50,"samples",48649968,0.0402474,0.0719399,0.1454051,0.0019108
"chr7_78093859_79888069",3028,503,50,"samples",48779248,0.0466979,0.0691375,0.1218701,0.0017461
"chr7_79888069_82022686",2867,503,50,"samples",47478368,0.0378605,0.0502764,0.1276241,0.0014937
"chr7_82022686_83801203",2933,503,50,"samples",48011648,0.0384703,0.0661166,0.1358481,0.0015928
"chr7_83801203_85572182",2159,503,50,"samples",41757728,0.0283677,0.039874,0.1197704,0.0014934
"chr7_85572182_87825004",2721,503,50,"samples",46298688,0.038268,0.0600692,0.1675351,0.0015184
"chr7_87825004_90661784",4940,503,50,"samples",64228208,0.0601018,0.1022552,0.1332604,0.0025123
"chr7_90661784_92493752",1715,503,50,"samples",38170208,0.021733,0.0333948,0.1307211,0.0012086
"chr7_9123423_9987499",2375,503,50,"samples",43503008,0.0323908,0.0437518,0.1249471,0.0014812
"chr7_92493752_93966601",1610,503,50,"samples",37321808,0.0193086,0.0277306,0.1267305,0.0009576
"chr7_93966601_96073508",2569,503,50,"samples",45070528,0.0344806,0.0615748,0.1360689,0.0013426
"chr7_96073508_97099570",1455,503,50,"samples",36069408,0.0181914,0.0295456,0.1208117,0.0010208
"chr7_97099570_98715474",2528,503,50,"samples",44739248,0.0349986,0.0613194,0.1217607,0.0016161
"chr7_972752_1353067",887,503,50,"samples",31479968,0.0119118,0.0168985,0.1086239,0.0014194
"chr7_98715474_100196651",1173,503,50,"samples",33790848,0.016361,0.0242668,0.1126449,0.0007818
"chr7_9987499_11299198",2964,503,50,"samples",48262128,0.0380575,0.0584317,0.1233788,0.0017913
"chr8_101620958_104123306",3656,503,50,"samples",53853488,0.0584339,0.0770847,0.1251296,0.0020792
"chr8_104123306_104988752",1923,503,50,"samples",39850848,0.0324494,0.0398985,0.1073704,0.0013552
"chr8_10422_1044217",2034,503,50,"samples",40747728,0.0272315,0.0465262,0.1347943,0.0012201
"chr8_1044217_1163245",389,389,26,"markers",17692256,0.0057561,0.0061356,0.0447388,2.36e-05
"chr8_10463197_11278998",1675,503,50,"samples",37847008,0.0194625,0.0310645,0.1304667,0.0014424
"chr8_104988752_107410754",3872,503,50,"samples",55598768,0.046708,0.0842021,0.1295723,0.0019814
"chr8_107410754_108648177",1898,503,50,"samples",39648848,0.0232607,0.0364046,0.1347676,0.0012059
"chr8_108648177_109248173",956,503,42,"samples",32037488,0.0112054,0.0196824,0.1057477,0.0008793
"chr8_109248173_110484314",1707,503,50,"samples",38105568,0.0215312,0.0297862,0.1274291,0.0010206
"chr8_110484314_111850847",1228,503,50,"samples",34235248,0.017038,0.0205363,0.101625,0.0007335
"chr8_111850847_113064320",1057,503,36,"samples",32853568,0.0141103,0.0174241,0.102458,0.0007564
"chr8_11278998_13491775",3647,503,50,"samples",53780768,0.047767,0.0709431,0.1299386,0.0023752
"chr8_113064320_116096495",4906,503,50,"samples",63953488,0.1138271,0.0955765,0.1264239,0.0027089
"chr8_116096495_119685457",4039,503,50,"samples",56948128,0.0537889,0.0900155,0.1505135,0.002618
"chr8_1163245_2042942",2311,503,50,"samples",42985888,0.0323097,0.0471612,0.213741,0.0015039
"chr8_119685457_121201700",2403,503,50,"samples",43729248,0.0629814,0.0508733,0.2173151,0.0018409
"chr8_121201700_124861459",5098,503,50,"samples",65504848,0.0630288,0.1012482,0.1313016,0.0029308
"chr8_124861459_125683719",1266,503,50,"samples",34542288,0.0160146,0.0219166,0.1338035,0.0008618
"chr8_125683719_126410917",1274,503,50,"samples",34606928,0.015922,0.0212753,0.1159476,0.0007522
"chr8_126410917_128659111",3974,503,50,"samples",56422928,0.0491351,0.076857,0.1344368,0.0018293
"chr8_128659111_130381139",2725,503,50,"samples",46331008,0.0332579,0.0576118,0.1811165,0.0025193
"chr8_130381139_131639625",2292,503,50,"samples",42832368,0.0594353,0.0514743,0.1210541,0.0013824
"chr8_131639625_133351144",3208,503,50,"samples",50233648,0.0404862,0.064557,0.1190049,0.0018464
"chr8_133351144_134570001",2395,503,50,"samples",43664608,0.0291328,0.0461696,0.1255283,0.0014728
"chr8_134570001_136035605",3217,503,50,"samples",50306368,0.0391688,0.0640481,0.1397537,0.0015596
"chr8_13491775_13944992",1931,503,50,"samples",39915488,0.0247054,0.0342883,0.115765,0.0013502
"chr8_136035605_137524151",2519,503,50,"samples",44666528,0.033493,0.0465981,0.1288519,0.0012461
"chr8_137524151_139254830",3859,503,50,"samples",55493728,0.0446736,0.0736401,0.1315204,0.0023916
"chr8_139254830_140725643",2573,503,50,"samples",45102848,0.032296,0.0508272,0.1275733,0.0016437
"chr8_13944992_15991660",5124,503,50,"samples",65714928,0.0698032,0.1010474,0.1350253,0.0024626
"chr8_140725643_143044914",3511,503,50,"samples",52681888,0.0467506,0.068828,0.1529999,0.001953
"chr8_143044914_144236881",2640,503,50,"samples",45644208,0.0323308,0.0474032,0.1221891,0.0013213
"chr8_144236881_146303867",2330,503,50,"samples",43139408,0.0311947,0.041128,0.1227462,0.0017058
"chr8_15991660_17387876",2561,503,50,"samples",45005888,0.0337454,0.0515036,0.1437741,0.0012306
"chr8_17387876_17836399",810,503,50,"samples",30857808,0.0123321,0.0163421,0.1208152,0.0007427
"chr8_17836399_19492840",3612,503,50,"samples",53497968,0.0464426,0.076741,0.1460731,0.0019642
"chr8_19492840_20060856",1302,503,50,"samples",34833168,0.0167933,0.0234684,0.1209959,0.0008082
"chr8_20060856_21661737",3144,503,50,"samples",49716528,0.0389386,0.0576691,0.1301575,0.0014538
"chr8_2042942_2573279",1551,503,50,"samples",36845088,0.0203537,0.0275691,0.1226658,0.0007984
"chr8_21661737_22897057",1859,503,50,"samples",39333728,0.0232914,0.0323502,0.1250296,0.0014454
"chr8_22897057_24674718",2929,503,50,"samples",47979328,0.043039,0.0583971,0.134498,0.0016918
"chr8_24674718_25483454",1293,503,50,"samples",34760448,0.0170686,0.0282775,0.1165036,0.0010726
"chr8_25483454_26682525",2542,503,50,"samples",44852368,0.0310857,0.0474322,0.1228913,0.0011973
"chr8_2573279_3392926",2775,503,50,"samples",46735008,0.0366545,0.0593848,0.155271,0.0018466
"chr8_26682525_28162392",3158,503,50,"samples",49829648,0.0431356,0.0559263,0.1250885,0.0014433
"chr8_28162392_29327896",1411,503,50,"samples",35713888,0.0190336,0.0270213,0.1309605,0.0008908
"chr8_29327896_31133729",2455,503,50,"samples",44149408,0.0327619,0.0442748,0.1418725,0.0017183
"chr8_31133729_31548360",837,503,39,"samples",31075968,0.0109281,0.0173663,0.1255722,0.0007318
"chr8_31548360_32977218",2197,503,50,"samples",42064768,0.0287141,0.04713,0.1302877,0.0012071
"chr8_32977218_35317232",2948,503,50,"samples",48132848,0.0401895,0.0512742,0.1189415,0.001973
"chr8_3392926_3783017",1615,503,50,"samples",37362208,0.0218874,0.030061,0.123465,0.0011294
"chr8_35317232_37379389",1562,503,50,"samples",36933968,0.020265,0.0267983,0.1268783,0.0011959
"chr8_37379389_38938806",1482,503,50,"samples",36287568,0.0219039,0.0325339,0.1282658,0.0011599
"chr8_3783017_4480476",2668,503,50,"samples",45870448,0.0430479,0.0742563,0.1371664,0.0018009
"chr8_38938806_40703337",3203,503,50,"samples",50193248,0.0467085,0.0610135,0.1253094,0.0019977
"chr8_40703337_41721454",1894,503,50,"samples",39616528,0.0267998,0.0332977,0.1310238,0.0016009
"chr8_41721454_42773823",847,503,50,"samples",31156768,0.0157405,0.020993,0.1490957,0.0008383
"chr8_42773823_46841315",342,342,19,"markers",14013472,0.0108335,0.0050232,0.0470278,7.12e-05
"chr8_4480476_5146927",2132,503,50,"samples",41539568,0.0325216,0.0440251,0.1390279,0.0013826
"chr8_46841315_50082470",2254,503,50,"samples",42525328,0.0332693,0.0528361,0.1407834,0.0014433
"chr8_50082470_53302930",4522,503,50,"samples",60850768,0.057839,0.0964645,0.1209656,0.0020933
"chr8_5146927_6142797",3823,503,50,"samples",55202848,0.0489212,0.0732395,0.1300875,0.0024412
"chr8_53302930_54418044",2122,503,50,"samples",41458768,0.02749,0.0401484,0.113488,0.0013443
"chr8_54418044_55945581",1958,503,50,"samples",40133648,0.0245812,0.0407416,0.1256612,0.0013809
"chr8_55945581_56956383",1544,503,50,"samples",36788528,0.0230206,0.0297628,0.1218488,0.0009032
"chr8_56956383_59068651",3847,503,50,"samples",55396768,0.0458739,0.0843552,0.1627905,0.002004
"chr8_59068651_59728100",1160,503,50,"samples",33685808,0.0161733,0.0211874,0.1028278,0.0006846
"chr8_59728100_62329099",3316,503,50,"samples",51106288,0.0434492,0.0626818,0.151772,0.002217
"chr8_6142797_7153079",2280,503,50,"samples",42735408,0.0318527,0.0497032,0.1526538,0.0012717
"chr8_62329099_63349306",1780,503,50,"samples",38695408,0.0212929,0.0288273,0.1286795,0.0020201
"chr8_63349306_65232872",2663,503,50,"samples",45830048,0.0454543,0.0483733,0.1167214,0.0013698
"chr8_65232872_66489090",1315,503,50,"samples",34938208,0.0176855,0.0235767,0.1144572,0.0011108
"chr8_66489090_69863057",4055,503,50,"samples",57077408,0.054037,0.0836864,0.1831628,0.0021748
"chr8_69863057_70867979",1650,503,50,"samples",37645008,0.0275606,0.0361044,0.2144503,0.0013347
"chr8_70867979_72289454",1759,503,50,"samples",38525728,0.0342905,0.0374737,0.1622707,0.0013084
"chr8_7153079_9154694",2198,503,50,"samples",42072848,0.0288277,0.0445683,0.1230297,0.0012629
"chr8_72289454_73817199",2835,503,50,"samples",47219808,0.035913,0.0504098,0.123745,0.0014338
"chr8_73817199_75445064",2464,503,50,"samples",44222128,0.0312901,0.0520881,0.1273425,0.0012558
"chr8_75445064_76456542",1566,503,50,"samples",36966288,0.019013,0.0305465,0.1247696,0.0009982
"chr8_76456542_79132861",4076,503,50,"samples",57247088,0.0516843,0.0740154,0.1335508,0.0025655
"chr8_79132861_81956395",3660,503,50,"samples",53885808,0.0486008,0.0638563,0.1201926,0.0021332
"chr8_81956395_82693739",961,503,50,"samples",32077888,0.0126361,0.0158955,0.1026498,0.0010652
"chr8_82693739_84225589",2984,503,50,"samples",48423728,0.0364858,0.0567703,0.1259052,0.0020465
"chr8_84225589_85955619",2645,503,50,"samples",45684608,0.0358219,0.0617461,0.1331204,0.0015089
"chr8_85955619_87411709",1066,503,48,"samples",32926288,0.0178598,0.0203407,0.1331069,0.000736
"chr8_87411709_89085481",2708,503,50,"samples",46193648,0.0349431,0.0609602,0.124724,0.0016721
"chr8_89085481_90638162",2448,503,50,"samples",44092848,0.0314458,0.0482123,0.1328709,0.0015769
"chr8_90638162_93554386",2935,503,50,"samples",48027808,0.0402014,0.0547788,0.1220019,0.0022604
"chr8_9154694_9640787",972,503,49,"samples",32166768,0.0130378,0.0267396,0.1435197,0.0009575
"chr8_93554386_95005527",1443,503,50,"samples",35972448,0.0195599,0.0332547,0.1566356,0.0011793
"chr8_95005527_96534806",2510,503,50,"samples",44593808,0.0331723,0.0502982,0.1257059,0.0017582
"chr8_9640787_10463197",1484,503,50,"samples",36303728,0.0190136,0.0325871,0.1278062,0.0011225
"chr8_96534806_99401581",4256,503,50,"samples",58701488,0.0519999,0.0870463,0.1295216,0.0031008
"chr8_99401581_101620958",1754,503,50,"samples",38485328,0.0261054,0.0362231,0.1373241,0.00205
"chr9_10023_1079707",2445,503,50,"samples",44068608,0.0326982,0.0904798,0.187348,0.0014623
"chr9_101592859_104624437",4020,503,50,"samples",56794608,0.0512184,0.0771666,0.1189577,0.0024808
"chr9_104624437_105967976",3054,503,50,"samples",48989328,0.0390203,0.0567496,0.1236722,0.0016978
"chr9_105967976_107581749",2915,503,50,"samples",47866208,0.0396023,0.0538444,0.1383992,0.0015393
"chr9_107581749_109298754",2655,503,50,"samples",45765408,0.036705,0.0501015,0.1242727,0.0013437
"chr9_1079707_1916877",1922,503,50,"samples",39842768,0.0250438,0.035583,0.1370707,0.0013496
"chr9_10879253_12276489",2983,503,50,"samples",48415648,0.0396093,0.0576827,0.1289261,0.0019448
"chr9_109298754_110695062",2279,503,50,"samples",42727328,0.0352926,0.0435737,0.1203567,0.0013503
"chr9_110695062_112778024",4209,503,50,"samples",58321728,0.0534222,0.0777576,0.1259072,0.0022644
"chr9_112778024_114831082",3895,503,50,"samples",55784608,0.048036,0.0687567,0.1287124,0.0024361
"chr9_114831082_115693145",1527,503,50,"samples",36651168,0.0228119,0.0502534,0.1765035,0.0008852
"chr9_115693145_117019801",2392,503,50,"samples",43640368,0.0327002,0.0409931,0.1312525,0.0012825
"chr9_117019801_117921960",1558,503,50,"samples",36901648,0.0175827,0.0251066,0.1356334,0.0008397
"chr9_117921960_121321537",5598,503,50,"samples",69544848,0.0697968,0.1189921,0.1382195,0.00261
"chr9_121321537_122260297",1309,503,50,"samples",34889728,0.015998,0.0269599,0.1530773,0.0010444
"chr9_122260297_124871322",2846,503,50,"samples",47308688,0.0361417,0.0527147,0.1196529,0.0017757
"chr9_12276489_14836363",4613,503,50,"samples",61586048,0.058469,0.0881901,0.1450536,0.0020532
"chr9_124871322_126971887",2680,503,50,"samples",45967408,0.0351991,0.0503566,0.1476364,0.0013629
"chr9_126971887_129059665",2065,503,50,"samples",40998208,0.0259431,0.0464151,0.1360534,0.0014614
"chr9_129059665_130055510",1320,503,50,"samples",34978608,0.0180521,0.022985,0.1236622,0.0010896
"chr9_130055510_132165470",1714,503,50,"samples",38162128,0.025255,0.03515,0.1692257,0.001047
"chr9_132165470_133223217",1603,503,50,"samples",37265248,0.0229794,0.0303199,0.1264618,0.0009017
"chr9_133223217_134127888",1323,503,50,"samples",35002848,0.0167439,0.0249989,0.1428025,0.0009824
"chr9_134127888_135298842",1553,503,50,"samples",36861248,0.0207902,0.0330442,0.1247944,0.0010197
"chr9_135298842_137041122",3250,503,50,"samples",50573008,0.0438911,0.0614175,0.1288161,0.00222
"chr9_137041122_137589364",944,503,50,"samples",31940528,0.0132213,0.0163598,0.1200929,0.0012621
"chr9_137589364_138938978",2895,503,50,"samples",47704608,0.0377931,0.0623368,0.1451131,0.0018406
"chr9_138938978_139500342",834,503,50,"samples",31051728,0.01189,0.0170456,0.1384686,0.0006754
"chr9_139500342_141144796",1420,503,50,"samples",35786608,0.0208725,0.0246941,0.1298427,0.0010387
"chr9_14836363_16659655",3160,503,50,"samples",49845808,0.045758,0.0551664,0.1269142,0.0019742
"chr9_16659655_18661051",3697,503,50,"samples",54184768,0.0493831,0.0741779,0.1187047,0.0018502
"chr9_18661051_20463534",3073,503,50,"samples",49142848,0.0411304,0.0661545,0.193744,0.0017472
"chr9_1916877_3190064",2716,503,50,"samples",46258288,0.0374206,0.0523087,0.1288779,0.0015447
"chr9_20463534_22206559",2636,503,50,"samples",45611888,0.038429,0.055321,0.1252687,0.0013391
"chr9_22206559_24158518",2370,503,50,"samples",43462608,0.0351175,0.0526113,0.1315795,0.0021096
"chr9_24158518_25330810",1459,503,50,"samples",36101728,0.0198436,0.0253013,0.1274545,0.0009934
"chr9_25330810_26111757",1230,503,50,"samples",34251408,0.0163001,0.0222487,0.1180151,0.0009995
"chr9_26111757_28224283",3606,503,50,"samples",53449488,0.0482729,0.0652733,0.1310421,0.0016247
"chr9_28224283_28811584",1173,503,50,"samples",33790848,0.0242118,0.0258745,0.1188829,0.0008138
"chr9_28811584_30387392",3406,503,50,"samples",51833488,0.0428568,0.0639803,0.1223463,0.0016037
"chr9_30387392_31310383",1424,503,50,"samples",35818928,0.0196536,0.0255607,0.1269947,0.0010875
"chr9_31310383_32019368",1589,503,50,"samples",37152128,0.0270521,0.0284053,0.1021924,0.0011523
"chr9_3190064_4495328",2444,503,50,"samples",44060528,0.0404114,0.0683885,0.2565067,0.0016405
"chr9_32019368_33578334",3087,503,50,"samples",49255968,0.0502883,0.0776061,0.1718009,0.0018286
"chr9_33578334_34642243",1696,503,50,"samples",38016688,0.027219,0.0351282,0.1016458,0.0011612
"chr9_34642243_36743283",2496,503,50,"samples",44480688,0.0316284,0.050749,0.1548031,0.0013538
"chr9_36743283_38641599",3043,503,50,"samples",48900448,0.0378082,0.0584528,0.1255565,0.0019958
"chr9_38641599_65472190",408,408,39,"markers",19299808,0.0090244,0.0061276,0.052662,4.38e-05
"chr9_4495328_4884926",822,503,50,"samples",30954768,0.0103693,0.0148743,0.1241713,0.0007261
"chr9_4884926_6557589",2346,503,50,"samples",43268688,0.031656,0.0404727,0.147943,0.0012404
"chr9_65472190_72512711",2422,503,50,"samples",43882768,0.0321087,0.0437634,0.1363888,0.0013152
"chr9_6557589_7154923",1432,503,50,"samples",35883568,0.0177208,0.0305753,0.1218672,0.0010512
"chr9_7154923_8456299",3173,503,50,"samples",49950848,0.0409081,0.0787182,0.1837668,0.0017676
"chr9_72512711_72753755",455,455,22,"markers",23574176,0.0083087,0.0080202,0.0727762,7.41e-05
"chr9_72753755_74253040",2322,503,50,"samples",43074768,0.0306916,0.0499615,0.1349049,0.0014191
"chr9_74253040_76203946",2718,503,50,"samples",46274448,0.0355391,0.0551443,0.1344119,0.0014379
"chr9_76203946_76973081",879,503,42,"samples",31415328,0.0126264,0.0153743,0.1041617,0.0012261
"chr9_76973081_78900183",3366,503,50,"samples",51510288,0.0439688,0.0800575,0.1776834,0.0027629
"chr9_78900183_79471208",1213,503,50,"samples",34114048,0.0286477,0.0467235,0.1167354,0.0010325
"chr9_79471208_81079055",2537,503,50,"samples",44811968,0.0359618,0.0542356,0.1506665,0.0015477
"chr9_81079055_82590928",2227,503,50,"samples",42307168,0.0324475,0.0459957,0.1464373,0.0012774
"chr9_82590928_84211233",3660,503,50,"samples",53885808,0.046727,0.0683513,0.1407668,0.0020853
"chr9_84211233_85440801",1364,503,50,"samples",35334128,0.0213353,0.0263023,0.1171967,0.0011589
"chr9_8456299_9166403",1504,503,50,"samples",36465328,0.0253387,0.0424881,0.1495706,0.0011803
"chr9_85440801_86938196",2510,503,50,"samples",44593808,0.0310916,0.0563555,0.1722361,0.0019543
"chr9_86938196_88109333",1775,503,50,"samples",38655008,0.0331714,0.0430052,0.1758516,0.0013667
"chr9_88109333_88590417",382,382,25,"markers",17117472,0.0061999,0.0062993,0.0431038,0.0008077
"chr9_88590417_90136246",2156,503,50,"samples",41733488,0.0269265,0.0434072,0.1445894,0.001463
"chr9_90136246_92528698",3997,503,50,"samples",56608768,0.0518396,0.0733316,0.1445238,0.0022881
"chr9_9166403_10879253",3722,503,50,"samples",54386768,0.0438609,0.0820664,0.1516523,0.0019361
"chr9_92528698_94167203",2766,503,50,"samples",46662288,0.0426913,0.0505275,0.1319962,0.0013644
"chr9_94167203_96671698",3861,503,50,"samples",55509888,0.0526167,0.0766143,0.1443732,0.0018575
"chr9_96671698_98922040",3058,503,50,"samples",49021648,0.0451101,0.0552801,0.1429349,0.0016801
"chr9_98922040_101592859",3238,503,50,"samples",50476048,0.0474911,0.0663777,0.1354347,0.0019695
