"region","markers","solver_dimension","retained_components","matrix_space","numerical_rank","retained_eigenvalue_fraction","workspace_bytes","decode","product","eigen","projection"
"chr10_100241302_100668400",1090,503,20,"samples",301,0.900235878663638,33120208,0.0694557,0.0620657,0.3948876,0.0010884
"chr10_100668400_102949239",5074,503,20,"samples",502,0.528040959902793,65310928,0.2489407,0.2427276,0.324988,0.0066752
"chr10_10249396_12586797",7434,503,20,"samples",502,0.355365983113936,84379728,0.2486148,0.3290736,0.358522,0.0046703
"chr10_102949239_104380410",2208,503,20,"samples",502,0.686989983842868,42153648,0.0863625,0.0681969,0.3663294,0.0044405
"chr10_104380410_106695048",5182,503,20,"samples",502,0.542898083533471,66183568,0.2228235,0.1985558,0.3509719,0.0031602
"chr10_106695048_108726686",5314,503,20,"samples",502,0.542341006512565,67250128,0.198602,0.2394248,0.3246818,0.0033232
"chr10_108726686_110317705",5172,503,20,"samples",502,0.590067749645111,66102768,0.161994,0.2485267,0.3415806,0.0038233
"chr10_110317705_112561493",5656,503,20,"samples",502,0.552621702314949,70013488,0.2419156,0.24272,0.3121702,0.0039791
"chr10_112561493_115328432",6543,503,20,"samples",502,0.384446736300027,77180448,0.282524,0.2489539,0.3517899,0.0033583
"chr10_115328432_116421406",2877,503,20,"samples",502,0.565265876659339,47559168,0.1026037,0.1266173,0.3910406,0.001706
"chr10_116421406_119523934",7013,503,20,"samples",502,0.440934640522711,80978048,0.2685592,0.2424972,0.343796,0.0051438
"chr10_119523934_120591353",3102,503,20,"samples",502,0.554269395902575,49377168,0.1054559,0.0966837,0.3991522,0.0031878
"chr10_120591353_122407323",4764,503,20,"samples",502,0.456632002452562,62806128,0.171016,0.1637891,0.3322386,0.0033141
"chr10_122407323_123231465",2485,503,20,"samples",502,0.593009286547351,44391808,0.1095032,0.0921417,0.316861,0.0016426
"chr10_123231465_123900545",2188,503,20,"samples",502,0.628047933933431,41992048,0.090573,0.0972748,0.3381257,0.001611
"chr10_123900545_125869346",6062,503,20,"samples",502,0.374938420140485,73293968,0.2379919,0.1871873,0.3606496,0.0040439
"chr10_12586797_13321600",2778,503,20,"samples",502,0.44399176336961,46759248,0.1156742,0.0786154,0.3493692,0.0038544
"chr10_125869346_128001098",6350,503,20,"samples",502,0.417517253195988,75621008,0.2224285,0.1895324,0.3653243,0.004209
"chr10_128001098_129154362",3022,503,20,"samples",502,0.489407169580125,48730768,0.0965546,0.0939609,0.3484784,0.0018572
"chr10_129154362_130844284",6863,503,20,"samples",502,0.3227537115531,79766048,0.2428551,0.2081871,0.3453841,0.0055839
"chr10_130844284_131741327",2943,503,20,"samples",502,0.572262619797865,48092448,0.089386,0.1288339,0.3620077,0.0022942
"chr10_131741327_132580245",3387,503,20,"samples",502,0.588673462276586,51679968,0.1181448,0.1379546,0.392945,0.0030579
"chr10_132580245_134336329",7335,503,20,"samples",502,0.333809068721556,83579808,0.2681593,0.2212299,0.3746324,0.0078771
"chr10_13321600_15026068",5951,503,20,"samples",502,0.350075266014382,72397088,0.2449957,0.2211388,0.3747512,0.0043299
"chr10_134336329_134494673",451,451,20,"markers",165,0.925752860998967,23193888,0.0225803,0.0150885,0.1663582,4.48e-05
"chr10_134494673_135523865",2889,503,20,"samples",502,0.60275432169932,47656128,0.1137556,0.1017539,0.3467775,0.0026716
"chr10_15026068_16551767",4247,503,20,"samples",502,0.49703770349549,58628768,0.1887211,0.1747288,0.3372041,0.0028954
"chr10_1523544_2254500",3194,503,20,"samples",502,0.511904577851651,50120528,0.0942639,0.097837,0.3942295,0.0022569
"chr10_16551767_18537267",5797,503,20,"samples",502,0.419347301674875,71152768,0.2549203,0.2006026,0.3370461,0.005606
"chr10_18537267_19716878",4464,503,20,"samples",502,0.631457121198792,60382128,0.1633421,0.1384012,0.3184727,0.0034457
"chr10_19716878_22772283",7743,503,20,"samples",502,0.446245157562496,86876448,0.2801612,0.2656235,0.3357192,0.0049746
"chr10_2254500_3352699",4539,503,20,"samples",502,0.447721759545426,60988128,0.1349307,0.1240494,0.3519122,0.0031474
"chr10_22772283_23175132",1176,503,20,"samples",410,0.817855248866775,33815088,0.055016,0.0419696,0.2639352,0.0008049
"chr10_23175132_25578596",6078,503,20,"samples",502,0.470071936648357,73423248,0.205521,0.1960783,0.3205556,0.0038083
"chr10_25578596_26888684",5036,503,20,"samples",502,0.667756368322065,65003888,0.1524338,0.1544902,0.4031473,0.0073939
"chr10_26888684_29323236",7955,503,20,"samples",502,0.46940604118591,88589408,0.3698039,0.2689878,0.4193838,0.0078749
"chr10_29323236_29783692",1914,503,20,"samples",502,0.61038013281267,39778128,0.0633758,0.0661807,0.3028264,0.0020396
"chr10_29783692_30458838",2264,503,20,"samples",502,0.565341457879311,42606128,0.0967814,0.0782503,0.4291238,0.0022975
"chr10_30458838_31907519",3328,503,20,"samples",502,0.569455778800866,51203248,0.122062,0.1229384,0.3574274,0.0023121
"chr10_31907519_33707968",5769,503,20,"samples",502,0.650693375858509,70926528,0.2452552,0.1795291,0.3558947,0.0058898
"chr10_3352699_4572274",3784,503,20,"samples",502,0.449200251301266,54887728,0.263952,0.174661,0.4988408,0.0035394
"chr10_33707968_35109355",3665,503,20,"samples",502,0.525989921558981,53926208,0.1595491,0.1756218,0.3095437,0.002202
"chr10_35109355_36572508",3502,503,20,"samples",502,0.625036910159967,52609168,0.1092158,0.1222195,0.3223309,0.0025858
"chr10_36572508_37790029",3044,503,20,"samples",502,0.671189843211765,48908528,0.1135185,0.1304938,0.3664276,0.0056187
"chr10_37790029_42372579",3155,503,20,"samples",387,0.941760750473939,49805408,0.172963,0.104716,0.2962967,0.0027209
"chr10_42372579_43894771",4081,503,20,"samples",502,0.748993809092854,57287488,0.1973554,0.1486677,0.3768813,0.0029065
"chr10_43894771_44730075",3415,503,20,"samples",501,0.686628372174896,51906208,0.1293356,0.1299547,0.3581264,0.002605
"chr10_44730075_48760450",6008,503,20,"samples",502,0.517077290591496,72857648,0.2293837,0.204136,0.3672035,0.0039071
"chr10_4572274_5983762",5525,503,20,"samples",502,0.462367027245219,68955008,0.2055721,0.1876846,0.355469,0.0043243
"chr10_48760450_50840915",4100,503,20,"samples",502,0.513929721429529,57441008,0.1787212,0.1662842,0.3403342,0.0038913
"chr10_50840915_53616629",5142,503,20,"samples",502,0.473786041499115,65860368,0.2453831,0.2614247,0.3304248,0.0040135
"chr10_53616629_55103572",4718,503,20,"samples",502,0.505543365301926,62434448,0.2082676,0.1769177,0.3396003,0.0037779
"chr10_55103572_57031140",6278,503,20,"samples",502,0.514645001654769,75039248,0.2371452,0.231315,0.3755134,0.0171304
"chr10_57031140_57662146",1318,503,20,"samples",469,0.806722830823598,34962448,0.0523736,0.0455648,0.3042062,0.0011479
"chr10_57662146_58959528",3871,503,20,"samples",502,0.82654420268014,55590688,0.145655,0.1621485,0.3765567,0.0024381
"chr10_58959528_60289987",4529,503,20,"samples",502,0.70834684387195,60907328,0.1997511,0.210735,0.3291568,0.0043886
"chr10_5983762_7171484",4248,503,20,"samples",502,0.353976567442573,58636848,0.1844992,0.1473525,0.4079538,0.0030839
"chr10_60289987_61891409",3815,503,20,"samples",502,0.544993560622287,55138208,0.1296153,0.129308,0.3318816,0.0039714
"chr10_60523_751339",1067,503,20,"samples",442,0.816321867142616,32934368,0.0501634,0.0377993,0.2733487,0.001168
"chr10_61891409_62659679",2512,503,20,"samples",502,0.753907290090014,44609968,0.1048422,0.0786056,0.3733636,0.0023438
"chr10_62659679_63341695",1660,503,20,"samples",501,0.759608297217502,37725808,0.0614,0.069047,0.3032061,0.0013356
"chr10_63341695_65794114",6811,503,20,"samples",502,0.487547227506124,79345888,0.2803385,0.2043904,0.3361007,0.0049832
"chr10_65794114_67549615",5093,503,20,"samples",502,0.627200294724542,65464448,0.1834654,0.1543479,0.306729,0.0039293
"chr10_67549615_69900148",6700,503,20,"samples",502,0.515908914166083,78449008,0.2624666,0.218525,0.3430049,0.0067537
"chr10_69900148_70195991",950,503,20,"samples",268,0.883994610740936,31989008,0.0427301,0.0382725,0.2668902,0.0024185
"chr10_70195991_72220850",6526,503,20,"samples",502,0.390004854295801,77043088,0.2103968,0.2132197,0.318421,0.0066735
"chr10_7171484_8774665",5793,503,20,"samples",502,0.379343436222637,71120448,0.1942149,0.2038259,0.3955037,0.0057397
"chr10_72220850_73508512",4685,503,20,"samples",502,0.400677985703335,62167808,0.1991848,0.1702431,0.3364576,0.0048062
"chr10_73508512_75422550",2988,503,20,"samples",502,0.763861434541642,48456048,0.1259851,0.1072687,0.3730415,0.0023472
"chr10_751339_1523544",2396,503,20,"samples",502,0.617659246380787,43672688,0.1106342,0.0913088,0.3461154,0.0016262
"chr10_75422550_78706814",5326,503,20,"samples",502,0.500442721934002,67347088,0.1851269,0.1785369,0.3195583,0.0052071
"chr10_78706814_80876749",5774,503,20,"samples",502,0.365953948882571,70966928,0.2029723,0.1906111,0.372715,0.0053737
"chr10_80876749_82414679",4957,503,20,"samples",502,0.584357441627998,64365568,0.1857592,0.1684693,0.4176806,0.0037122
"chr10_82414679_84383745",5783,503,20,"samples",502,0.503088139191221,71039648,0.2325202,0.1964645,0.3092628,0.0055861
"chr10_84383745_85458703",4003,503,20,"samples",502,0.740050575643564,56657248,0.1391649,0.1553692,0.3469987,0.0051646
"chr10_85458703_87937577",8224,503,20,"samples",502,0.47302043809338,90762928,0.2795675,0.2656744,0.3216963,0.0059066
"chr10_8774665_10249396",4409,503,20,"samples",502,0.540480673252702,59937728,0.1759605,0.1405365,0.3187242,0.0033392
"chr10_87937577_89127064",2933,503,20,"samples",502,0.650225208889323,48011648,0.1054335,0.1139805,0.3146165,0.0032759
"chr10_89127064_91013381",4839,503,20,"samples",502,0.438363657391106,63412128,0.157917,0.1701806,0.3198473,0.0041345
"chr10_91013381_92006581",3141,503,20,"samples",502,0.631302719988922,49692288,0.118838,0.0989385,0.2914253,0.0027102
"chr10_92006581_93335047",3501,503,20,"samples",502,0.626069683556019,52601088,0.1609886,0.1686649,0.4719438,0.0022309
"chr10_93335047_95396368",4980,503,20,"samples",502,0.566824626658217,64551408,0.1751589,0.1699097,0.3074462,0.004288
"chr10_95396368_96221243",1912,503,20,"samples",502,0.690126240121647,39761968,0.0904589,0.0845047,0.3366942,0.0016997
"chr10_96221243_97822357",4367,503,20,"samples",502,0.655628042684869,59598368,0.1600529,0.1649553,0.3318886,0.0029383
"chr10_97822357_100241302",5396,503,20,"samples",502,0.407024480107152,67912688,0.2388373,0.1992926,0.3590492,0.0045963
"chr11_100417169_101331121",3141,503,20,"samples",502,0.674389601176383,49692288,0.1212644,0.1246632,0.3465513,0.0018738
"chr11_101331121_103959636",8613,503,20,"samples",502,0.46672940313624,93906048,0.2910594,0.2615393,0.3767755,0.0061033
"chr11_103959636_104873284",2245,503,20,"samples",499,0.843777386489,42452608,0.0878966,0.074902,0.2787311,0.0016074
"chr11_104873284_106520894",3698,503,20,"samples",502,0.672399837606354,54192848,0.1043769,0.1816735,0.4116924,0.002756
"chr11_106520894_107844200",4309,503,20,"samples",502,0.606194579639671,59129728,0.1579327,0.1763657,0.3792145,0.0033491
"chr11_107844200_108437037",785,503,20,"samples",343,0.808046479948788,30655808,0.0303129,0.0292589,0.2567883,0.0013088
"chr11_108437037_109866116",2832,503,20,"samples",502,0.657383194297025,47195568,0.0986637,0.0909249,0.3515277,0.0030835
"chr11_10952027_12564229",5804,503,20,"samples",502,0.340004056004177,71209328,0.196464,0.186029,0.3482147,0.0041509
"chr11_109866116_111114397",3280,503,20,"samples",502,0.63333272319014,50815408,0.1553988,0.1371571,0.3567195,0.0025805
"chr11_111114397_112459488",2802,503,20,"samples",502,0.674254445795327,46953168,0.1007552,0.0858179,0.3320583,0.0022775
"chr11_112459488_114257728",4969,503,20,"samples",502,0.474158880706996,64462528,0.1644993,0.1534197,0.354204,0.004004
"chr11_114257728_114830666",1426,503,20,"samples",492,0.785616057518283,35835088,0.0635849,0.0630968,0.3446294,0.0014306
"chr11_114830666_116383348",4075,503,20,"samples",502,0.429551319646165,57239008,0.1256712,0.1322859,0.3045391,0.002427
"chr11_116383348_117747110",4322,503,20,"samples",502,0.514275563444584,59234768,0.1460272,0.154541,0.3477577,0.0029438
"chr11_117747110_119215476",3432,503,20,"samples",502,0.588960774692326,52043568,0.1374605,0.1178591,0.392539,0.0036912
"chr11_119215476_120766806",4056,503,20,"samples",502,0.474832433548381,57085488,0.1462185,0.1209528,0.3296522,0.0035476
"chr11_120766806_121175943",1143,503,20,"samples",482,0.786514218029152,33548448,0.0536466,0.051597,0.342183,0.0011553
"chr11_121175943_122591910",3322,503,20,"samples",502,0.464846681845536,51154768,0.1263467,0.1127577,0.3456416,0.0039438
"chr11_1213590_3665481",7369,503,20,"samples",502,0.346658826436224,83854528,0.2747017,0.2194904,0.3446768,0.004513
"chr11_122591910_123500117",2842,503,20,"samples",502,0.47083746673189,47276368,0.1175503,0.0998019,0.3750936,0.0019056
"chr11_123500117_124495528",3183,503,20,"samples",502,0.68429921918432,50031648,0.1278264,0.1214908,0.3015298,0.0022389
"chr11_124495528_126311320",5282,503,20,"samples",502,0.476630122953915,66991568,0.1980629,0.2127881,0.3404608,0.0048109
"chr11_12564229_13373124",2354,503,20,"samples",501,0.628409734989349,43333328,0.0963314,0.0876015,0.3651774,0.0025581
"chr11_126311320_127316679",3259,503,20,"samples",502,0.494958372809357,50645728,0.1179205,0.1014851,0.3114601,0.0040183
"chr11_127316679_128188537",2713,503,20,"samples",502,0.645660779370199,46234048,0.1099635,0.1087926,0.3177736,0.0022412
"chr11_128188537_130342575",5732,503,20,"samples",502,0.386474075873124,70627568,0.1940457,0.2072322,0.3700205,0.0039035
"chr11_130342575_131074612",2421,503,20,"samples",502,0.568187265672078,43874688,0.0885208,0.0765874,0.3385859,0.002633
"chr11_131074612_133000046",5898,503,20,"samples",502,0.338272427720404,71968848,0.2266925,0.2075039,0.3316393,0.004281
"chr11_133000046_134205993",3230,503,20,"samples",502,0.472072556099657,50411408,0.1188913,0.1032369,0.307884,0.0026163
"chr11_13373124_15742552",5423,503,20,"samples",502,0.509916306848104,68130848,0.1872731,0.2314644,0.3155733,0.0046045
"chr11_134205993_134946452",3439,503,20,"samples",502,0.563408495796385,52100128,0.1425853,0.1261227,0.3365734,0.0029784
"chr11_15742552_17578402",3712,503,20,"samples",502,0.561603590730159,54305968,0.1895185,0.118316,0.3522313,0.002845
"chr11_17578402_19569535",5689,503,20,"samples",502,0.44491343318505,70280128,0.2471162,0.1881454,0.3146716,0.0042243
"chr11_19569535_21017138",4350,503,20,"samples",502,0.382489969882771,59461008,0.1645537,0.1341109,0.3126708,0.0033688
"chr11_21017138_22374142",3959,503,20,"samples",502,0.539923644120069,56301728,0.1695367,0.1305638,0.3204721,0.002408
"chr11_22374142_24088517",5392,503,20,"samples",502,0.556304550043094,67880368,0.1865899,0.1790691,0.3037265,0.0045783
"chr11_24088517_26045753",7566,503,20,"samples",502,0.53548771647025,85446288,0.2684177,0.2527616,0.2960663,0.0048255
"chr11_26045753_27020461",4058,503,20,"samples",502,0.721110284961286,57101648,0.1424599,0.1430671,0.3345674,0.0025923
"chr11_27020461_28481593",2655,503,20,"samples",502,0.645826910110115,45765408,0.0880282,0.0814231,0.2936972,0.0019956
"chr11_28481593_30141357",3800,503,20,"samples",502,0.614980635324595,55017008,0.1238522,0.1461278,0.3144856,0.0027726
"chr11_30141357_32276901",3973,503,20,"samples",502,0.59625731805583,56414848,0.1421873,0.1456815,0.2921738,0.0028055
"chr11_32276901_33958739",4520,503,20,"samples",502,0.592875914187192,60834608,0.1613541,0.2071983,0.346724,0.0028369
"chr11_33958739_35502605",4930,503,20,"samples",502,0.533386941812202,64147408,0.1825362,0.188507,0.3258997,0.0038466
"chr11_35502605_37116815",4431,503,20,"samples",502,0.485455099775265,60115488,0.1768112,0.1536396,0.3061535,0.0029346
"chr11_3665481_4746709",3398,503,20,"samples",502,0.612530267212503,51768848,0.1430924,0.11011,0.360054,0.0029112
"chr11_37116815_39382003",6235,503,20,"samples",502,0.644440053068845,74691808,0.2396926,0.1861384,0.3553534,0.0048718
"chr11_39382003_42310003",7833,503,20,"samples",502,0.475199159351313,87603648,0.3158064,0.24557,0.3372838,0.0040907
"chr11_42310003_44693799",7470,503,20,"samples",502,0.433322125761597,84670608,0.256488,0.2694339,0.3259061,0.0053152
"chr11_44693799_47006137",4747,503,20,"samples",502,0.476689239112594,62668768,0.1701076,0.1640526,0.3616063,0.0049565
"chr11_47006137_49866050",5166,503,20,"samples",502,0.886146285325426,66054288,0.1997755,0.1896332,0.3371426,0.0042329
"chr11_4746709_6322869",6407,503,20,"samples",502,0.475784236174617,76081568,0.228644,0.2124437,0.3364568,0.0049559
"chr11_49866050_54695473",4507,503,20,"samples",387,0.991132683259808,60729568,0.1948406,0.1551593,0.285671,0.0036951
"chr11_54695473_55082657",894,503,13,"samples",122,0.991234192718346,31536528,0.0523524,0.0383528,0.2771397,0.0025183
"chr11_55082657_58457495",10887,503,20,"samples",502,0.776425094513133,112279968,0.356042,0.3459617,0.3322663,0.0088391
"chr11_58457495_58780549",868,503,20,"samples",213,0.920437434842816,31326448,0.041264,0.0325212,0.2591499,0.0021092
"chr11_58780549_62223771",7597,503,20,"samples",502,0.439708923786649,85696768,0.3100906,0.3168382,0.3235155,0.0051997
"chr11_62223771_63804569",2856,503,20,"samples",502,0.671659313287844,47389488,0.1067938,0.0902509,0.3072233,0.0025634
"chr11_6322869_7436701",3171,503,20,"samples",502,0.547794758733902,49934688,0.1298275,0.1079313,0.3275725,0.0022002
"chr11_63804569_65898631",3377,503,20,"samples",502,0.571994759993052,51599168,0.1110816,0.102128,0.3063339,0.0028739
"chr11_65898631_68005825",3378,503,20,"samples",502,0.630069418951799,51607248,0.1279753,0.1439448,0.3623823,0.0021361
"chr11_68005825_69516130",3509,503,20,"samples",502,0.554317327715109,52665728,0.1597082,0.1522895,0.3777948,0.0037247
"chr11_69516130_70926292",3919,503,20,"samples",502,0.44416424805587,55978528,0.1463693,0.1730775,0.3729657,0.0035248
"chr11_70855_1213590",2626,503,20,"samples",502,0.578813873442097,45531088,0.1422915,0.1025175,0.3388969,0.0020306
"chr11_70926292_72286017",3283,503,20,"samples",502,0.687983210601686,50839648,0.162989,0.1098064,0.3089672,0.0031766
"chr11_72286017_74412351",4493,503,20,"samples",502,0.617110591950672,60616448,0.1623902,0.1434584,0.3110798,0.0034101
"chr11_7436701_8333274",3568,503,20,"samples",502,0.497687386782763,53142448,0.146476,0.1393727,0.3559067,0.0029964
"chr11_74412351_76797209",5345,503,20,"samples",502,0.470778949324237,67500608,0.2038379,0.1680713,0.3199461,0.0047761
"chr11_76797209_78355058",3487,503,20,"samples",502,0.737857514454139,52487968,0.1299993,0.1313892,0.3091105,0.0024542
"chr11_78355058_80722373",6955,503,20,"samples",502,0.354527369738826,80509408,0.2528588,0.2608628,0.3356931,0.0052872
"chr11_80722373_81266712",1896,503,20,"samples",502,0.664527149103286,39632688,0.0762876,0.057608,0.2886932,0.0012928
"chr11_81266712_84381272",9369,503,20,"samples",502,0.452802423090493,100014528,0.3243026,0.2821355,0.3460062,0.006631
"chr11_8333274_9087317",2209,503,20,"samples",502,0.779827516196831,42161728,0.0815174,0.0716695,0.335065,0.0026144
"chr11_84381272_86619301",6298,503,20,"samples",502,0.559068702408668,75200848,0.2436365,0.2123347,0.3280818,0.0052213
"chr11_86619301_87430235",3083,503,20,"samples",502,0.721180360946879,49223648,0.1177959,0.1157106,0.3252397,0.0033484
"chr11_87430235_89208936",5284,503,20,"samples",502,0.576495967132815,67007728,0.2029914,0.1919459,0.3199583,0.0052428
"chr11_89208936_90966490",4056,503,20,"samples",502,0.796190638530974,57085488,0.1580153,0.1268999,0.2961946,0.0044151
"chr11_9087317_10952027",5208,503,20,"samples",502,0.568047360540497,66393648,0.2370524,0.1864557,0.3085828,0.0035861
"chr11_90966490_92077144",3610,503,20,"samples",502,0.708279603194846,53481808,0.1357739,0.1131089,0.3031969,0.0030032
"chr11_92077144_93276157",2898,503,20,"samples",502,0.651152714928265,47728848,0.1196235,0.0927566,0.3774182,0.0027524
"chr11_93276157_94242260",2662,503,20,"samples",502,0.735861028873316,45821968,0.091845,0.0900817,0.3161234,0.0020629
"chr11_94242260_95726041",3882,503,20,"samples",502,0.4668800785763,55679568,0.1386274,0.1298084,0.319634,0.0029532
"chr11_95726041_97057058",3621,503,20,"samples",502,0.531623233622027,53570688,0.1257337,0.1195467,0.3563597,0.0038575
"chr11_97057058_98705065",6083,503,20,"samples",501,0.560918019126222,73463648,0.2201126,0.1988257,0.3072924,0.0039524
"chr11_98705065_100417169",6473,503,20,"samples",502,0.467310243880914,76614848,0.218066,0.2604723,0.3107831,0.0039008
"chr12_101447641_101862690",1148,503,20,"samples",422,0.769700104910945,33588848,0.0421281,0.0394129,0.2571856,0.000959
"chr12_101862690_102964986",2988,503,20,"samples",502,0.615073188423884,48456048,0.1043801,0.096141,0.2987279,0.002835
"chr12_102964986_104848696",5910,503,20,"samples",502,0.459830855543017,72065808,0.2296412,0.2305906,0.3216232,0.0041871
"chr12_10481534_11754846",2938,503,20,"samples",502,0.707211524200052,48052048,0.1132172,0.0993895,0.2995748,0.0024103
"chr12_104848696_106436213",4708,503,20,"samples",502,0.492432955709094,62353648,0.1801698,0.1655407,0.3113967,0.003905
"chr12_106436213_106958748",1458,503,20,"samples",502,0.672926960676793,36093648,0.0490764,0.0511044,0.2897847,0.0024143
"chr12_106958748_109025901",5691,503,20,"samples",502,0.482632862885734,70296288,0.2434774,0.1858718,0.3149727,0.0031101
"chr12_1080331_2544786",4432,503,20,"samples",502,0.500103717481131,60123568,0.1382269,0.1765529,0.320636,0.0031839
"chr12_109025901_110336719",3579,503,20,"samples",502,0.578442558770358,53231328,0.1253805,0.1205855,0.3764171,0.0026269
"chr12_110336719_113263518",4346,503,20,"samples",502,0.699718105689122,59428688,0.1608321,0.1474357,0.3276401,0.004153
"chr12_113263518_113986709",1684,503,20,"samples",502,0.714657855669537,37919728,0.0559007,0.0525213,0.3172875,0.0018891
"chr12_113986709_115036602",3779,503,20,"samples",502,0.505840836594155,54847328,0.1447624,0.1355515,0.3172329,0.0029723
"chr12_115036602_115503216",1427,503,20,"samples",502,0.608954654441719,35843168,0.0474528,0.0484368,0.3899523,0.0015007
"chr12_115503216_117087471",4903,503,20,"samples",502,0.378766328637342,63929248,0.2331477,0.1835838,0.367915,0.0043251
"chr12_117087471_118135375",2945,503,20,"samples",502,0.544750144518584,48108608,0.1114569,0.1351024,0.3412915,0.003509
"chr12_11754846_12733528",2766,503,20,"samples",502,0.504288312464996,46662288,0.1170087,0.1074364,0.4251617,0.0025048
"chr12_118135375_119754110",4765,503,20,"samples",502,0.442797798195069,62814208,0.1684078,0.1829493,0.3527954,0.0030647
"chr12_119754110_122007651",5752,503,20,"samples",502,0.502436453698468,70789168,0.2433898,0.2257932,0.4394917,0.0095992
"chr12_122007651_124977980",6396,503,20,"samples",502,0.503533540570359,75992688,0.2693006,0.3104893,0.4472144,0.0060068
"chr12_124977980_126445505",4837,503,20,"samples",502,0.399181280537667,63395968,0.1969531,0.1619559,0.3206588,0.0025412
"chr12_126445505_127875098",4872,503,20,"samples",502,0.427356679002176,63678768,0.1716542,0.1754749,0.3247579,0.0041159
"chr12_12733528_15241484",6794,503,20,"samples",502,0.359378559076699,79208528,0.2529302,0.2370623,0.3777375,0.0049779
"chr12_127875098_129237297",4238,503,20,"samples",502,0.358740450863355,58556048,0.2046947,0.1716519,0.3264174,0.003223
"chr12_129237297_130377921",4215,503,20,"samples",502,0.358466346985602,58370208,0.1712357,0.1331138,0.3998644,0.0028996
"chr12_130377921_131786751",5255,503,20,"samples",502,0.344383055940231,66773408,0.2096424,0.1864442,0.3304219,0.0031141
"chr12_131786751_132807034",2561,503,20,"samples",502,0.616974095047784,45005888,0.0848436,0.0794961,0.3272536,0.0030284
"chr12_132807034_133841511",2185,503,20,"samples",502,0.755214194996065,41967808,0.0884769,0.0827332,0.3251686,0.0019114
"chr12_15241484_16310460",1890,503,20,"samples",502,0.603408588312815,39584208,0.0849217,0.0621107,0.3238331,0.0011836
"chr12_16310460_18087873",4353,503,20,"samples",502,0.564768201436472,59485248,0.1574208,0.1344362,0.3073588,0.003144
"chr12_18087873_20863943",9205,503,20,"samples",502,0.398615146483859,98689408,0.3371008,0.3466991,0.3479912,0.0074688
"chr12_20863943_23820634",7795,503,20,"samples",502,0.464255796788299,87296608,0.2612586,0.2393008,0.332748,0.0067482
"chr12_23820634_25371083",5002,503,20,"samples",502,0.408484259373546,64729168,0.1886535,0.1587722,0.3806011,0.0061146
"chr12_25371083_27799773",7308,503,20,"samples",502,0.381171453573653,83361648,0.2500505,0.2318697,0.3210447,0.0062586
"chr12_2544786_3677037",3274,503,20,"samples",502,0.444994770527738,50766928,0.1158194,0.1145373,0.3703428,0.0044604
"chr12_27799773_29651255",5401,503,20,"samples",502,0.575589384669916,67953088,0.2209684,0.1917078,0.3671614,0.0052411
"chr12_29651255_30512406",3623,503,20,"samples",501,0.615853599988338,53586848,0.1837333,0.1638387,0.3366112,0.0026668
"chr12_30512406_32165592",5643,503,20,"samples",502,0.500523564500499,69908448,0.219643,0.2107553,0.3439384,0.0047685
"chr12_32165592_33076989",3387,503,20,"samples",502,0.647837967915015,51679968,0.1500439,0.1345397,0.3389486,0.0045108
"chr12_33076989_37856717",4513,503,20,"samples",500,0.857777407774272,60778048,0.212246,0.1982968,0.204323,0.0027264
"chr12_3677037_4417679",2126,503,20,"samples",502,0.482575452528519,41491088,0.1110666,0.0810043,0.1666196,0.0010802
"chr12_37856717_39227169",3119,503,20,"samples",436,0.923089275140969,49514528,0.0535269,0.0652072,0.1145887,0.0014004
"chr12_39227169_40816185",4025,503,20,"samples",502,0.698547596696259,56835008,0.0484966,0.07333,0.1502376,0.0027268
"chr12_40816185_41658586",2911,503,20,"samples",502,0.73604342316123,47833888,0.0469165,0.0800444,0.1409462,0.0017097
"chr12_41658586_43984474",7130,503,20,"samples",502,0.536741644391505,81923408,0.1206215,0.1690365,0.1953971,0.0052736
"chr12_43984474_46024229",5014,503,20,"samples",502,0.633696819257505,64826128,0.1490755,0.1331038,0.1616914,0.0030842
"chr12_4417679_5321472",2310,503,20,"samples",502,0.481287720144362,42977808,0.0482021,0.0609742,0.1446904,0.0017508
"chr12_46024229_47714793",3726,503,20,"samples",502,0.568797751116658,54419088,0.0761095,0.0917182,0.1476322,0.0020314
"chr12_47714793_49001866",3993,503,20,"samples",502,0.6312275955171,56576448,0.0747672,0.0956386,0.1456351,0.0038626
"chr12_49001866_51776494",5057,503,20,"samples",502,0.577075305344662,65173568,0.0795615,0.1065253,0.1554851,0.0029317
"chr12_51776494_53039004",3657,503,20,"samples",502,0.500967275405357,53861568,0.0772648,0.0982122,0.1549762,0.0018007
"chr12_53039004_54778823",3635,503,20,"samples",502,0.514410387385558,53683808,0.0543876,0.0785718,0.1255079,0.0018444
"chr12_5321472_6419753",3192,503,20,"samples",502,0.467066805506639,50104368,0.0479145,0.0597737,0.1274796,0.0023083
"chr12_54778823_55665837",2533,503,20,"samples",500,0.67957624137118,44779648,0.0330043,0.0528295,0.1633152,0.0020644
"chr12_55665837_57548860",3057,503,20,"samples",502,0.603861573150475,49013568,0.0485113,0.0555065,0.1319611,0.001755
"chr12_57548860_59308666",3593,503,20,"samples",502,0.596378825589211,53344448,0.0735363,0.095149,0.1647394,0.0021189
"chr12_59308666_61123729",4585,503,20,"samples",501,0.693752386211967,61359808,0.0732335,0.1110666,0.1303238,0.0033136
"chr12_61107_1080331",2562,503,20,"samples",502,0.502953671441222,45013968,0.0362336,0.0631047,0.131663,0.0011191
"chr12_61123729_64032461",8465,503,20,"samples",502,0.46037683635478,92710208,0.1047194,0.1654892,0.1300727,0.0038541
"chr12_64032461_65559695",3199,503,20,"samples",502,0.549207024298164,50160928,0.0448448,0.0626934,0.1279125,0.0029961
"chr12_6419753_8377536",1177,503,20,"samples",502,0.686214441196846,33823168,0.0332339,0.0287243,0.1331912,0.0007393
"chr12_65559695_67181144",3421,503,20,"samples",502,0.504788725090237,51954688,0.0460636,0.0802103,0.1297454,0.002769
"chr12_67181144_67909729",2199,503,20,"samples",502,0.701680188667769,42080928,0.0302229,0.0406616,0.1249186,0.0022359
"chr12_67909729_69826542",5572,503,20,"samples",502,0.394270754823018,69334768,0.0672617,0.1100661,0.1250275,0.0034454
"chr12_69826542_70957987",3532,503,20,"samples",502,0.668264517650619,52851568,0.0439118,0.069286,0.1332517,0.00238
"chr12_70957987_72645075",4442,503,20,"samples",502,0.51437750228664,60204368,0.0526679,0.0800451,0.1264214,0.0022242
"chr12_72645075_73818454",3156,503,20,"samples",502,0.732379179443858,49813488,0.0353403,0.0647843,0.1270297,0.0013765
"chr12_73818454_76511314",7146,503,20,"samples",502,0.538864988392137,82052688,0.0818193,0.1291924,0.1293195,0.00308
"chr12_76511314_78570570",6468,503,20,"samples",502,0.471587870629669,76574448,0.077602,0.1242923,0.1453934,0.0026019
"chr12_78570570_80448150",3301,503,20,"samples",502,0.578275390313916,50985088,0.0409353,0.0593763,0.1578549,0.0015089
"chr12_80448150_81467767",2324,503,20,"samples",502,0.685515113471923,43090928,0.0266862,0.038876,0.1515538,0.0011647
"chr12_81467767_83502666",5385,503,20,"samples",502,0.542505835546666,67823808,0.0606208,0.0985661,0.1576034,0.0022916
"chr12_83502666_84303844",2829,503,20,"samples",502,0.784016178152238,47171328,0.0338712,0.0581097,0.1474027,0.0011616
"chr12_84303844_85990426",3404,503,20,"samples",502,0.706236566645472,51817328,0.0403645,0.0626878,0.1230895,0.0014365
"chr12_85990426_89682122",8188,503,20,"samples",502,0.573215648474414,90472048,0.0948832,0.1543594,0.1271327,0.0039506
"chr12_89682122_92066155",5461,503,20,"samples",502,0.512206719877468,68437888,0.0680062,0.1072765,0.1243988,0.0023295
"chr12_9031395_10481534",1217,503,20,"samples",502,0.672765181797481,34146368,0.0159132,0.0223096,0.138369,0.0009472
"chr12_92066155_94514567",6878,503,20,"samples",502,0.365654203670866,79887248,0.1014589,0.1425358,0.1431739,0.003389
"chr12_94514567_96020785",5164,503,20,"samples",502,0.472731117196387,66038128,0.0759818,0.1260356,0.129937,0.0024143
"chr12_96020785_97108839",3411,503,20,"samples",502,0.518368486237916,51873888,0.0437901,0.0638207,0.1495848,0.0029142
"chr12_97108839_99305987",6192,503,20,"samples",502,0.398737612579012,74344368,0.1236072,0.134658,0.1328572,0.0026199
"chr12_99305987_101447641",5009,503,20,"samples",502,0.499815246722259,64785728,0.0594186,0.0906622,0.1305735,0.0028039
"chr13_100574095_102300523",4683,503,20,"samples",502,0.47125907044034,62151648,0.0551446,0.0898192,0.1383416,0.0024986
"chr13_102300523_104066710",5448,503,20,"samples",502,0.435161992301182,68332848,0.063023,0.0927631,0.1320135,0.0021127
"chr13_104066710_104844114",2510,503,20,"samples",502,0.650798051228991,44593808,0.0295503,0.0488716,0.12194,0.0011361
"chr13_104844114_106247554",4518,503,20,"samples",502,0.445857590767566,60818448,0.0532162,0.0948439,0.1361961,0.0023275
"chr13_106247554_106750000",1743,503,20,"samples",502,0.642013580312486,38396448,0.0198093,0.0314555,0.1209593,0.0008216
"chr13_106750000_108189877",3948,503,20,"samples",502,0.428886910713573,56212848,0.0582929,0.0737878,0.1288187,0.0014844
"chr13_108189877_109121210",3200,503,20,"samples",502,0.447269457223933,50169008,0.037743,0.0580815,0.1361099,0.0015586
"chr13_109121210_109815112",2463,503,20,"samples",502,0.593523212326375,44214048,0.0288901,0.0465713,0.1288557,0.0011688
"chr13_109815112_111232073",5310,503,20,"samples",502,0.374610975233888,67217808,0.0619303,0.0954527,0.1320637,0.0033054
"chr13_111232073_112247592",3366,503,20,"samples",502,0.508619807294149,51510288,0.0411435,0.0589028,0.1248621,0.0016605
"chr13_112247592_113572488",3521,503,20,"samples",502,0.493996629452839,52762688,0.0415488,0.0668699,0.1256614,0.0016409
"chr13_113572488_115109853",3424,503,20,"samples",502,0.58576664394946,51978928,0.044197,0.0647431,0.1266097,0.0015798
"chr13_19020013_20686720",4238,503,20,"samples",502,0.70207188757201,58556048,0.053338,0.0799592,0.1495994,0.002008
"chr13_20686720_22242174",4337,503,20,"samples",502,0.463637224119611,59355968,0.0557901,0.0904449,0.1277775,0.0021568
"chr13_22242174_23594702",4692,503,20,"samples",502,0.381266918156182,62224368,0.0534132,0.1151843,0.1272921,0.0022823
"chr13_23594702_24531937",3881,503,20,"samples",502,0.500477290748982,55671488,0.047822,0.0739069,0.1303931,0.0016162
"chr13_24531937_25784362",4343,503,20,"samples",502,0.513090560404108,59404448,0.050596,0.0833522,0.1289868,0.0018079
"chr13_25784362_27284362",4470,503,20,"samples",502,0.539132867771657,60430608,0.0532578,0.1125613,0.1251601,0.0021056
"chr13_27284362_29257551",6330,503,20,"samples",502,0.395076992862152,75459408,0.0867221,0.1145182,0.1266747,0.0036249
"chr13_29257551_30483267",3610,503,20,"samples",502,0.584640617315904,53481808,0.0416571,0.0699822,0.1359016,0.0021344
"chr13_30483267_32301815",5395,503,20,"samples",502,0.362057024899929,67904608,0.0649877,0.1038669,0.1685682,0.0024412
"chr13_32301815_33776903",3473,503,20,"samples",502,0.497363938321229,52374848,0.0433483,0.0658811,0.1249295,0.0021357
"chr13_33776903_35026464",3218,503,20,"samples",502,0.546954943234766,50314448,0.0388419,0.0651657,0.1367348,0.0019867
"chr13_35026464_36046367",2394,503,20,"samples",502,0.694830452299013,43656528,0.0263864,0.0480589,0.1462919,0.0016043
"chr13_36046367_37498185",4155,503,20,"samples",502,0.511978585791554,57885408,0.0549862,0.0848182,0.1576825,0.0027022
"chr13_37498185_38878163",4163,503,20,"samples",502,0.571983400063037,57950048,0.067767,0.0936932,0.1287032,0.0029438
"chr13_38878163_41069263",6309,503,20,"samples",502,0.446023046170011,75289728,0.1005724,0.1558458,0.175262,0.0035805
"chr13_41069263_43101027",5055,503,20,"samples",502,0.562247214133215,65157408,0.117164,0.0975061,0.1351664,0.0021792
"chr13_43101027_44901409",4651,503,20,"samples",502,0.471322910813925,61893088,0.0697227,0.0838212,0.1266447,0.0020551
"chr13_44901409_46495214",3651,503,20,"samples",502,0.52019377889057,53813088,0.0475483,0.0768049,0.1367326,0.0019535
"chr13_46495214_47431079",2341,503,20,"samples",502,0.636298445494507,43228288,0.0323735,0.0448477,0.1324429,0.0010224
"chr13_47431079_49383962",5938,503,20,"samples",502,0.54768678008407,72292048,0.0681766,0.1052403,0.134352,0.00252
"chr13_49383962_51591091",5462,503,20,"samples",502,0.487367915989278,68445968,0.061877,0.0983294,0.1253915,0.0023115
"chr13_51591091_53339622",3440,503,20,"samples",502,0.602172575770847,52108208,0.039552,0.0689777,0.133574,0.0016595
"chr13_53339622_54682864",3697,503,20,"samples",502,0.604045921487841,54184768,0.0421876,0.0698488,0.1271701,0.001428
"chr13_54682864_55817131",3080,503,20,"samples",502,0.699477684759408,49199408,0.0358569,0.0572283,0.1230253,0.0018037
"chr13_55817131_57554217",2664,503,20,"samples",502,0.746216290344221,45838128,0.0352698,0.0500117,0.1281781,0.0012975
"chr13_57554217_58410626",1720,503,20,"samples",499,0.809783022182663,38210608,0.0207507,0.0421725,0.1169182,0.0008767
"chr13_58410626_59302271",1712,503,20,"samples",474,0.80803990273876,38145968,0.0202433,0.0294948,0.1284495,0.0007577
"chr13_59302271_60854778",4312,503,20,"samples",502,0.648362214096665,59153968,0.0486109,0.079343,0.1312472,0.0019112
"chr13_60854778_61591949",2099,503,20,"samples",502,0.731391258874698,41272928,0.0269699,0.0369893,0.1240518,0.0010026
"chr13_61591949_63971559",8154,503,20,"samples",502,0.556212693537517,90197328,0.0944456,0.1542646,0.1460899,0.0052516
"chr13_63971559_65200602",4087,503,20,"samples",502,0.779291758112922,57335968,0.0506913,0.0853631,0.1275377,0.0015627
"chr13_65200602_67844453",6016,503,20,"samples",502,0.503606366537261,72922288,0.0715257,0.118039,0.1294646,0.0027639
"chr13_67844453_70724516",9455,503,20,"samples",502,0.535189176835075,100709408,0.1133188,0.1792666,0.1345001,0.0046482
"chr13_70724516_71526791",2755,503,20,"samples",502,0.561386274334716,46573408,0.0355064,0.0562288,0.1230991,0.0020213
"chr13_71526791_73934089",6886,503,20,"samples",502,0.410729722541594,79951888,0.0789987,0.1397879,0.13484,0.004168
"chr13_73934089_75670143",5087,503,20,"samples",502,0.439090205402161,65415968,0.0583717,0.0986257,0.1359101,0.0025126
"chr13_75670143_77410555",5194,503,20,"samples",502,0.491379353758697,66280528,0.0608027,0.1032331,0.1252025,0.0020416
"chr13_77410555_78808813",3581,503,20,"samples",501,0.636564106093745,53247488,0.0442467,0.0684363,0.1259911,0.0013751
"chr13_78808813_80585676",4449,503,20,"samples",502,0.556782144697055,60260928,0.050589,0.0808851,0.1266924,0.0021653
"chr13_80585676_82581814",5466,503,20,"samples",502,0.556662009503735,68478288,0.0610186,0.0991652,0.1393802,0.0028877
"chr13_82581814_84133144",3922,503,20,"samples",501,0.732975827961619,56002768,0.0459041,0.076709,0.1299154,0.001828
"chr13_84133144_85610916",4627,503,20,"samples",502,0.635989595911392,61699168,0.0519993,0.0832782,0.140068,0.0018711
"chr13_85610916_88559882",8054,503,20,"samples",502,0.538217053869207,89389328,0.1230382,0.1700966,0.1248489,0.0035298
"chr13_88559882_90521311",5397,503,20,"samples",502,0.650650643577904,67920768,0.0676585,0.1026916,0.1316009,0.0023446
"chr13_90521311_93129691",7713,503,20,"samples",502,0.440233567141113,86634048,0.0902045,0.1379158,0.130582,0.0038939
"chr13_93129691_93586455",1058,503,20,"samples",382,0.80868509124615,32861648,0.0140506,0.0188932,0.1037069,0.0006405
"chr13_93586455_96087558",7704,503,20,"samples",502,0.357102002314748,86561328,0.0877116,0.1407847,0.1459313,0.0033516
"chr13_96087558_97519210",2951,503,20,"samples",502,0.721657526938537,48157088,0.0384531,0.0637895,0.1229303,0.0021008
"chr13_97519210_98938919",3410,503,20,"samples",502,0.499142303750037,51865808,0.0427977,0.0634908,0.1362832,0.002498
"chr13_98938919_100574095",5100,503,20,"samples",502,0.498674658017718,65521008,0.0585089,0.092189,0.1309775,0.0028167
"chr14_101534307_103012102",3993,503,20,"samples",502,0.513791308682737,56576448,0.05449,0.0814779,0.1284586,0.0017486
"chr14_103012102_105001723",5320,503,20,"samples",502,0.5270792773299,67298608,0.065015,0.0971269,0.1276382,0.002189
"chr14_105001723_106340358",1912,503,20,"samples",502,0.708405065939878,39761968,0.022299,0.0339712,0.1195794,0.0011162
"chr14_106340358_107289454",907,503,20,"samples",320,0.950926197905745,31641568,0.0135101,0.0159333,0.1012135,0.000756
"chr14_19002084_21589402",4093,503,20,"samples",502,0.365667738392099,57384448,0.0471124,0.0797453,0.1481897,0.0017226
"chr14_21589402_23018665",4974,503,20,"samples",502,0.443293180344907,64502928,0.0599718,0.0922348,0.1334665,0.0023955
"chr14_23018665_24905123",4508,503,20,"samples",502,0.383183462705962,60737648,0.0541312,0.0884255,0.1306574,0.003073
"chr14_24905123_26135686",4111,503,20,"samples",502,0.598857946304756,57529888,0.0536564,0.0991776,0.1256205,0.0024006
"chr14_26135686_28466533",5844,503,20,"samples",502,0.451145101719389,71532528,0.070033,0.1112421,0.1400279,0.0025104
"chr14_28466533_29972145",3746,503,20,"samples",501,0.606752061126445,54580688,0.0446067,0.0683946,0.1252521,0.0014586
"chr14_29972145_32383265",5713,503,20,"samples",502,0.467143960243499,70474048,0.0688078,0.1037679,0.1297704,0.0024256
"chr14_32383265_34846251",7189,503,20,"samples",502,0.264142916101217,82400128,0.0866759,0.1282586,0.1316693,0.0029046
"chr14_34846251_35859593",3189,503,20,"samples",502,0.758610979678483,50080128,0.0371121,0.0558827,0.1215808,0.0016402
"chr14_35859593_38667725",6130,503,20,"samples",502,0.481742396414016,73843408,0.0702731,0.1143399,0.1558669,0.0026723
"chr14_38667725_40341990",4309,503,20,"samples",502,0.66848588210252,59129728,0.0497195,0.0880948,0.1217709,0.00176
"chr14_40341990_41615502",4661,503,20,"samples",502,0.778490022812697,61973888,0.0523934,0.0863121,0.1261214,0.0020847
"chr14_41615502_43137389",4594,503,20,"samples",502,0.72560279656759,61432528,0.052717,0.0842154,0.1217089,0.0027554
"chr14_43137389_44543227",4568,503,20,"samples",502,0.674776592187844,61222448,0.0532543,0.0800593,0.1235087,0.0020696
"chr14_44543227_46081896",3699,503,20,"samples",502,0.657202175786949,54200928,0.041068,0.0776283,0.1244799,0.0014833
"chr14_46081896_46749130",1794,503,20,"samples",461,0.850426717894664,38808528,0.0195662,0.0311305,0.1167035,0.0009371
"chr14_46749130_48573586",5223,503,20,"samples",502,0.592674969991124,66514848,0.0645041,0.0971718,0.1282471,0.0020625
"chr14_48573586_49005471",1414,503,20,"samples",342,0.884425395137561,35738128,0.0160147,0.0274749,0.1031387,0.0006247
"chr14_49005471_50507760",3686,503,20,"samples",502,0.571004292121846,54095888,0.0425653,0.0711191,0.135447,0.0016786
"chr14_50507760_51493572",2534,503,20,"samples",502,0.650224469965159,44787728,0.0344886,0.0549792,0.1261316,0.0010005
"chr14_51493572_53474383",5941,503,20,"samples",502,0.422167177381551,72316288,0.0722618,0.1120451,0.1410849,0.0025547
"chr14_53474383_53997831",1492,503,20,"samples",468,0.811456022368508,36368368,0.0215777,0.0280892,0.114905,0.0007774
"chr14_53997831_55233681",2608,503,20,"samples",502,0.539910864019885,45385648,0.0329928,0.0492687,0.1229874,0.0010016
"chr14_55233681_56216880",2794,503,20,"samples",502,0.805870791525407,46888528,0.0319458,0.0589935,0.1221123,0.0011494
"chr14_56216880_57481262",4047,503,20,"samples",502,0.473690391857923,57012768,0.0480714,0.0693172,0.1240383,0.001795
"chr14_57481262_59448336",5086,503,20,"samples",502,0.464589713549905,65407888,0.0614,0.0966911,0.1282391,0.0024589
"chr14_59448336_61680424",4596,503,20,"samples",502,0.625860368883156,61448688,0.052708,0.0820194,0.1276309,0.0018564
"chr14_61680424_63790015",6510,503,20,"samples",502,0.422137765816891,76913808,0.0810255,0.1168875,0.1321838,0.0033873
"chr14_63790015_65220298",3345,503,20,"samples",502,0.704873633364383,51340608,0.0387731,0.0600647,0.1330845,0.0015447
"chr14_65220298_66399555",2979,503,20,"samples",502,0.632714247870674,48383328,0.0355587,0.0606587,0.1244438,0.0017088
"chr14_66399555_67992317",4523,503,20,"samples",502,0.812170436551219,60858848,0.0539613,0.0843553,0.1445186,0.0023202
"chr14_67992317_71131957",8197,503,20,"samples",502,0.394816688262455,90544768,0.101543,0.1698409,0.1281617,0.0032536
"chr14_71131957_72889615",5167,503,20,"samples",502,0.543010111126481,66062368,0.0641425,0.1155536,0.1370962,0.0036351
"chr14_72889615_76444767",8673,503,20,"samples",502,0.429139166692365,94390848,0.1121899,0.2122945,0.157178,0.0049531
"chr14_76444767_77229472",2591,503,20,"samples",502,0.555438289471583,45248288,0.0307568,0.0488491,0.1302389,0.0011809
"chr14_77229472_78561945",4327,503,20,"samples",502,0.530920576449685,59275168,0.0502595,0.0831782,0.1608152,0.0017987
"chr14_78561945_80186579",4128,503,20,"samples",502,0.503003033706922,57667248,0.0498626,0.0925729,0.1924789,0.0020651
"chr14_80186579_81579714",4093,503,20,"samples",502,0.609811751229358,57384448,0.047763,0.076466,0.1517561,0.0017807
"chr14_81579714_83138097",4200,503,20,"samples",502,0.520414525512056,58249008,0.0495066,0.0794187,0.1425851,0.0020483
"chr14_83138097_84241633",3253,503,20,"samples",502,0.597749564584363,50597248,0.0370585,0.0620065,0.1313457,0.0013329
"chr14_84241633_85746319",4677,503,20,"samples",502,0.560386375252817,62103168,0.0531185,0.0904834,0.1398603,0.0018278
"chr14_85746319_86647002",2439,503,20,"samples",502,0.691482487549544,44020128,0.0303235,0.0498294,0.1333277,0.0010102
"chr14_86647002_87635341",2715,503,20,"samples",502,0.639204898239188,46250208,0.0319099,0.0520019,0.136658,0.0012307
"chr14_87635341_89497643",5183,503,20,"samples",502,0.576213217204141,66191648,0.0606808,0.0935754,0.1339341,0.0021558
"chr14_89497643_91296860",4725,503,20,"samples",502,0.403077716192382,62491008,0.0574036,0.0960155,0.1484208,0.0020394
"chr14_91296860_93132299",5453,503,20,"samples",502,0.416995892015052,68373248,0.0632849,0.0982711,0.1399009,0.002635
"chr14_93132299_94325285",3179,503,20,"samples",502,0.600372450533586,49999328,0.0407589,0.0604117,0.125315,0.0012905
"chr14_94325285_95750867",5068,503,20,"samples",502,0.350147295891637,65262448,0.0619431,0.0940126,0.1287086,0.0035879
"chr14_95750867_96262415",2062,503,20,"samples",502,0.525093935461494,40973968,0.0239713,0.0434492,0.1211636,0.0012718
"chr14_96262415_98341162",6280,503,20,"samples",502,0.373885842327963,75055408,0.075576,0.1126022,0.132828,0.0025028
"chr14_98341162_99138532",3150,503,20,"samples",502,0.575973753111062,49765008,0.0392912,0.0607534,0.1231129,0.001293
"chr14_99138532_101534307",6327,503,20,"samples",502,0.331214268358155,75435168,0.0738475,0.1182822,0.1328823,0.0036321
"chr15_100636847_101552694",3461,503,20,"samples",502,0.53158488185455,52277888,0.0424037,0.0623335,0.1300277,0.0019503
"chr15_101552694_102520966",2712,503,20,"samples",502,0.48395707210093,46225968,0.0392501,0.05046,0.127649,0.0013055
"chr15_20001200_21131604",69,69,4,"markers",22,0.974115072691828,1031776,0.0034105,0.0004615,0.0013723,1.4e-06
"chr15_21131604_24195127",2490,503,20,"samples",502,0.457468886868094,44432208,0.0303725,0.0458044,0.134567,0.0011462
"chr15_24195127_25108590",4457,503,20,"samples",502,0.821051592333784,60325568,0.0548,0.0853205,0.1214726,0.0020985
"chr15_25108590_27298112",6897,503,20,"samples",502,0.325833415662973,80040768,0.0859379,0.1272265,0.1315871,0.0029215
"chr15_27298112_29338502",3127,503,20,"samples",502,0.513643619823875,49579168,0.0390521,0.0594816,0.1234583,0.0012526
"chr15_29338502_30165568",2029,503,20,"samples",502,0.619027983693827,40707328,0.0227135,0.0340719,0.1238395,0.0009094
"chr15_30165568_31591821",2249,503,20,"samples",502,0.590577664322553,42484928,0.0309919,0.0466937,0.1270137,0.0009894
"chr15_31591821_32441811",2069,503,20,"samples",502,0.695703097982462,41030528,0.0257359,0.0397382,0.1251288,0.0011928
"chr15_32441811_34015425",4447,503,20,"samples",502,0.397658544329596,60244768,0.0511699,0.0835545,0.1311169,0.001909
"chr15_34015425_35083251",3055,503,20,"samples",502,0.58522697945965,48997408,0.0373334,0.0587467,0.140576,0.0012739
"chr15_35083251_37456502",5894,503,20,"samples",502,0.365926148667672,71936528,0.0716818,0.1220187,0.1396352,0.0021509
"chr15_37456502_38530777",2858,503,20,"samples",502,0.600712187052355,47405648,0.0343681,0.0552418,0.1237626,0.0013223
"chr15_38530777_40384132",5155,503,20,"samples",502,0.458231933165139,65965408,0.059402,0.0940477,0.1307772,0.002135
"chr15_40384132_41177514",1505,503,20,"samples",502,0.715831052388474,36473408,0.0170605,0.0288811,0.1279883,0.0008226
"chr15_41177514_42776399",3616,503,20,"samples",502,0.672724080701203,53530288,0.0486908,0.0689029,0.1304376,0.0014537
"chr15_42776399_44198049",1527,503,20,"samples",489,0.794280139934998,36651168,0.0203417,0.0265947,0.1187762,0.0007021
"chr15_44198049_46618787",4277,503,20,"samples",502,0.611907853147256,58871168,0.0515274,0.0738343,0.1223946,0.0017122
"chr15_46618787_48136048",4459,503,20,"samples",502,0.586840836070443,60341728,0.0516691,0.0884652,0.1252927,0.0018323
"chr15_48136048_50008043",3731,503,20,"samples",502,0.698624338412902,54459488,0.0491506,0.0677513,0.1384335,0.0016205
"chr15_50008043_51677560",4653,503,20,"samples",502,0.636796843100671,61909248,0.0708207,0.0835375,0.1223957,0.0018323
"chr15_51677560_53069096",3048,503,20,"samples",502,0.692705336558454,48940848,0.0354104,0.0564305,0.1253357,0.0014558
"chr15_53069096_54508528",4762,503,20,"samples",502,0.499064171786325,62789968,0.0595308,0.0825482,0.1293831,0.0019883
"chr15_54508528_55136269",2616,503,20,"samples",500,0.730572060246898,45450288,0.0296497,0.0475287,0.1371232,0.0016312
"chr15_55136269_56901773",5625,503,20,"samples",502,0.588211071793206,69763008,0.0644117,0.1182268,0.1302595,0.0031262
"chr15_56901773_58441366",4237,503,20,"samples",502,0.577532158540346,58547968,0.0538824,0.0783449,0.1281664,0.0018377
"chr15_58441366_59694116",3598,503,20,"samples",502,0.526626210315938,53384848,0.0449349,0.0694977,0.1250117,0.0024644
"chr15_59694116_61265836",4220,503,20,"samples",502,0.469966163857954,58410608,0.0534299,0.0804579,0.1311855,0.0020702
"chr15_61265836_63215222",5608,503,20,"samples",502,0.376683317499298,69625648,0.0722674,0.0991196,0.1285433,0.0027091
"chr15_63215222_65104668",3633,503,20,"samples",502,0.601364929165472,53667648,0.0428354,0.0681757,0.1252238,0.0025347
"chr15_65104668_67094767",4582,503,20,"samples",502,0.510618571075124,61335568,0.0540333,0.0819526,0.1314551,0.0019692
"chr15_67094767_69017999",4691,503,20,"samples",502,0.513330790874428,62216288,0.0547594,0.0815121,0.1319897,0.0026237
"chr15_69017999_70133341",2136,503,20,"samples",502,0.629425427168131,41571888,0.0240652,0.0372177,0.1259525,0.0010204
"chr15_70133341_71922649",4630,503,20,"samples",502,0.435611259843656,61723408,0.0542891,0.0922673,0.1318708,0.0018567
"chr15_71922649_73628714",2976,503,20,"samples",502,0.746087895464148,48359088,0.0351585,0.0540065,0.1199079,0.0022535
"chr15_73628714_76398624",4808,503,20,"samples",502,0.513249534146478,63161648,0.0586958,0.0907451,0.1260142,0.001982
"chr15_76398624_78516053",4573,503,20,"samples",501,0.660887362112371,61262848,0.0548639,0.0858037,0.1210873,0.0018645
"chr15_78516053_80860978",6622,503,20,"samples",502,0.383762694710024,77818768,0.0786412,0.1386153,0.142418,0.0027667
"chr15_80860978_84260468",6229,503,20,"samples",502,0.44463877935548,74643328,0.077938,0.1201491,0.1326581,0.0027989
"chr15_84260468_86652905",6475,503,20,"samples",502,0.537800132191141,76631008,0.0770532,0.1279916,0.1318032,0.0028189
"chr15_86652905_88369943",5958,503,20,"samples",502,0.47664984749959,72453648,0.0698758,0.1138519,0.1289773,0.0025
"chr15_88369943_90475551",5039,503,20,"samples",502,0.420566627251486,65028128,0.0631141,0.091361,0.1345947,0.0021043
"chr15_90475551_92164392",4462,503,20,"samples",502,0.480137251207832,60365968,0.0556292,0.0882735,0.1241994,0.0019138
"chr15_92164392_93780902",5203,503,20,"samples",502,0.364518885546425,66353248,0.0674257,0.100385,0.1263436,0.0024316
"chr15_93780902_94924330",3914,503,20,"samples",502,0.378487515495176,55938128,0.0464016,0.0797447,0.1399013,0.002584
"chr15_94924330_96141596",3596,503,20,"samples",502,0.430516948975342,53368688,0.042466,0.0674015,0.1372603,0.0031547
"chr15_96141596_98030910",5008,503,20,"samples",502,0.328461046724003,64777648,0.058617,0.1057066,0.1358871,0.0021895
"chr15_98030910_99244059",4463,503,20,"samples",502,0.423049845301223,60374048,0.0520351,0.0850448,0.1247217,0.0026867
"chr15_99244059_100636847",4474,503,20,"samples",501,0.470341360979872,60462928,0.0535826,0.0885779,0.1297219,0.001887
"chr16_10426032_11520161",3636,503,20,"samples",502,0.531311079948217,53691888,0.0465737,0.0658132,0.1300647,0.0015623
"chr16_11520161_12613098",3721,503,20,"samples",502,0.508334012471498,54378688,0.0467672,0.0847212,0.1237392,0.0015823
"chr16_1207206_2764829",3483,503,20,"samples",502,0.617850097598495,52455648,0.0430604,0.0657954,0.1251662,0.001635
"chr16_12613098_13154437",2810,503,20,"samples",502,0.617786832901737,47017808,0.0327083,0.0577052,0.1444961,0.0016295
"chr16_13154437_14464002",4381,503,20,"samples",502,0.524438721804382,59711488,0.05363,0.1114494,0.1299528,0.0019049
"chr16_14464002_16154060",2331,503,20,"samples",502,0.630130078373604,43147488,0.0344094,0.0445966,0.1230757,0.0010642
"chr16_16154060_17644749",2895,503,20,"samples",502,0.489381443015704,47704608,0.0357382,0.0562656,0.1270253,0.0012404
"chr16_17644749_18643607",1729,503,20,"samples",502,0.732097790422393,38283328,0.0198158,0.0327325,0.1311811,0.0008061
"chr16_18643607_20150571",3497,503,20,"samples",502,0.573182924920243,52568768,0.0429977,0.0637068,0.1279062,0.0019557
"chr16_20150571_22448904",3322,503,20,"samples",502,0.532727163642697,51154768,0.0397538,0.064318,0.1278671,0.0013437
"chr16_22448904_24136875",4003,503,20,"samples",502,0.516384362604381,56657248,0.0474841,0.0719753,0.131863,0.0020425
"chr16_24136875_25986862",5588,503,20,"samples",502,0.413550371522125,69464048,0.0635235,0.0981926,0.1288613,0.0024566
"chr16_25986862_27445755",4897,503,20,"samples",502,0.364694457495522,63880768,0.0567245,0.0876214,0.1302126,0.0021838
"chr16_27445755_29036613",2012,503,20,"samples",502,0.58139932590064,40569968,0.0285959,0.0397007,0.129916,0.0011277
"chr16_2764829_4001196",2824,503,20,"samples",502,0.566606476345002,47130928,0.0358821,0.0578448,0.1270526,0.0015108
"chr16_29036613_31382943",2270,503,20,"samples",502,0.668339176515399,42654608,0.0306463,0.0421499,0.1255882,0.0011008
"chr16_31382943_46399473",1225,503,20,"samples",464,0.808088045938867,34211008,0.0196209,0.0207078,0.1110827,0.0008279
"chr16_4001196_5118345",3503,503,20,"samples",502,0.536966641785468,52617248,0.0414775,0.0591586,0.1305579,0.0020223
"chr16_46399473_49007926",3271,503,20,"samples",502,0.680772820545075,50742688,0.0398043,0.0606698,0.1227263,0.0015118
"chr16_49007926_52035823",7150,503,20,"samples",502,0.298449512154301,82085008,0.0831338,0.131732,0.1371197,0.0031372
"chr16_5118345_5891580",3634,503,20,"samples",502,0.48763902190141,53675728,0.0441796,0.0707462,0.1316999,0.0015903
"chr16_52035823_53382572",3609,503,20,"samples",502,0.568507845538488,53473728,0.0431289,0.065091,0.1278496,0.0017511
"chr16_53382572_55903774",7305,503,20,"samples",502,0.315025561121528,83337408,0.0857442,0.1448242,0.130764,0.0032538
"chr16_55903774_57664330",5292,503,20,"samples",502,0.436125569807055,67072368,0.0639314,0.1098012,0.1392133,0.0039428
"chr16_57664330_59045405",4679,503,20,"samples",502,0.490544401644676,62119328,0.0623761,0.0906343,0.1344753,0.0023077
"chr16_5891580_6893551",5132,503,20,"samples",502,0.363353363305021,65779568,0.0654337,0.0977065,0.1283595,0.0024197
"chr16_59045405_60745694",4290,503,20,"samples",502,0.472951611653331,58976208,0.0534642,0.0782079,0.1345464,0.0024236
"chr16_60054_1207206",2876,503,20,"samples",502,0.561336421251123,47551088,0.0375798,0.0509346,0.1247319,0.0015288
"chr16_60745694_62229849",3323,503,20,"samples",502,0.637057161186206,51162848,0.0398137,0.0615615,0.1465505,0.0021092
"chr16_62229849_63691589",3576,503,20,"samples",502,0.530273814941239,53207088,0.0426572,0.0641078,0.1318864,0.0025077
"chr16_63691589_65938566",6576,503,20,"samples",502,0.466699112109769,77447088,0.0804864,0.1667562,0.126964,0.0028511
"chr16_65938566_68841363",5349,503,20,"samples",502,0.597137697003889,67532928,0.0622125,0.0907406,0.1277941,0.002255
"chr16_68841363_71054028",3288,503,20,"samples",502,0.658400256677146,50880048,0.0402625,0.0576526,0.1245308,0.0014772
"chr16_6893551_7529121",4181,503,20,"samples",502,0.594140888243598,58095488,0.0512333,0.083635,0.1284162,0.0016164
"chr16_71054028_72935150",3487,503,20,"samples",502,0.687734859409669,52487968,0.0509885,0.0642689,0.1239087,0.0014178
"chr16_72935150_74971503",5767,503,20,"samples",502,0.368864466129418,70910368,0.0677822,0.1030271,0.132236,0.0022768
"chr16_74971503_75977954",2964,503,20,"samples",502,0.707173957714307,48262128,0.0352498,0.0555475,0.1241905,0.0013389
"chr16_7529121_8338519",4447,503,20,"samples",502,0.476762869641712,60244768,0.0550125,0.0955646,0.1294855,0.0022117
"chr16_75977954_77523678",5550,503,20,"samples",502,0.546807995570597,69157008,0.0650526,0.1070204,0.1278206,0.0032593
"chr16_77523678_78456292",4925,503,20,"samples",502,0.480060641438743,64107008,0.0567125,0.0898572,0.1295273,0.0021929
"chr16_78456292_79134815",4327,503,20,"samples",502,0.45139894413331,59275168,0.0516466,0.083985,0.1229563,0.0024005
"chr16_79134815_80297374",4879,503,20,"samples",502,0.460306160362886,63735328,0.0547572,0.0922425,0.1260696,0.0018751
"chr16_80297374_81772536",5808,503,20,"samples",502,0.390993428591752,71241648,0.0692596,0.1098489,0.1292607,0.0024301
"chr16_81772536_82747728",4601,503,20,"samples",502,0.430518077139101,61489088,0.0530803,0.0824286,0.1295645,0.00184
"chr16_82747728_83477208",4066,503,20,"samples",502,0.499974748317505,57166288,0.0491796,0.0736336,0.1259533,0.0016587
"chr16_8338519_9799419",6564,503,20,"samples",502,0.389386111531124,77350128,0.0757345,0.1241246,0.1327216,0.0028123
"chr16_83477208_84445883",5195,503,20,"samples",502,0.373654593498503,66288608,0.0601024,0.107014,0.1345489,0.0021164
"chr16_84445883_85148685",3392,503,20,"samples",502,0.451268802997825,51720368,0.0396337,0.0592655,0.1266557,0.001759
"chr16_85148685_86156599",3382,503,20,"samples",502,0.362091770223314,51639568,0.0407135,0.0608809,0.1433018,0.0013675
"chr16_86156599_86815411",3182,503,20,"samples",502,0.397353222511047,50023568,0.0391871,0.059863,0.1407817,0.0014438
"chr16_86815411_87647349",3019,503,20,"samples",502,0.499416326688912,48706528,0.0367872,0.0578058,0.1264212,0.00218
"chr16_87647349_89041165",4962,503,20,"samples",502,0.410333234640975,64405968,0.0621528,0.0911017,0.1317736,0.0020322
"chr16_89041165_90292812",3252,503,20,"samples",501,0.704673947566727,50589168,0.0407249,0.0659786,0.1248309,0.0013646
"chr16_9799419_10426032",2498,503,20,"samples",502,0.700945787002857,44496848,0.0289887,0.0451791,0.1263788,0.0013307
"chr17_11102815_12534769",3532,503,20,"samples",502,0.429285407214009,52851568,0.0408966,0.0639926,0.1279005,0.0017712
"chr17_1172399_1928731",2241,503,20,"samples",502,0.559561977707852,42420288,0.031385,0.0445937,0.1372883,0.0009403
"chr17_12534769_13180372",2271,503,20,"samples",502,0.56737976214987,42662688,0.0256145,0.0454798,0.1231931,0.0022846
"chr17_13180372_13894637",2771,503,20,"samples",502,0.487748459150268,46702688,0.0338411,0.0496694,0.1232767,0.0023457
"chr17_13894637_15019097",4329,503,20,"samples",502,0.417548209912937,59291328,0.0533198,0.0798076,0.1318568,0.0020673
"chr17_15019097_16412342",2516,503,20,"samples",502,0.609236626531897,44642288,0.0322867,0.0449091,0.1249355,0.0012332
"chr17_16412342_18856320",3868,503,20,"samples",502,0.541479123001619,55566448,0.0482265,0.0659614,0.125591,0.0020705
"chr17_18856320_21290357",3092,503,20,"samples",502,0.626697830569333,49296368,0.0368125,0.0668285,0.1213742,0.001988
"chr17_1928731_3702312",4728,503,20,"samples",502,0.431143195224308,62515248,0.0537563,0.0884409,0.1354214,0.0021439
"chr17_21290357_27334244",5077,503,20,"samples",502,0.584671984075249,65335168,0.0604958,0.0993461,0.1286299,0.0027297
"chr17_27334244_29786491",3736,503,20,"samples",502,0.717753411722679,54499888,0.0462685,0.0668051,0.1246339,0.0017681
"chr17_29786491_31538425",3947,503,20,"samples",502,0.481465133994501,56204768,0.0525055,0.0740336,0.1300132,0.0016412
"chr17_31538425_32912798",4483,503,20,"samples",502,0.382311225180257,60535648,0.052497,0.0839203,0.1300749,0.0018576
"chr17_32912798_34469036",4145,503,20,"samples",502,0.508507670915747,57804608,0.0498546,0.0757615,0.1277845,0.0018221
"chr17_34469036_36809344",3749,503,20,"samples",502,0.428631052863009,54604928,0.0552029,0.071293,0.1380161,0.001724
"chr17_36809344_38877404",4214,503,20,"samples",502,0.597918500600245,58362128,0.0491875,0.081904,0.1286681,0.001672
"chr17_3702312_4696261",2699,503,20,"samples",502,0.581631693550247,46120928,0.0330062,0.0465904,0.1225529,0.0011295
"chr17_38877404_39899810",3315,503,20,"samples",502,0.726933419276733,51098208,0.0397573,0.0592547,0.1359156,0.0018386
"chr17_39899810_41772087",3062,503,20,"samples",502,0.66919824923033,49053968,0.0378035,0.0573126,0.1258008,0.0011745
"chr17_41772087_43056905",2560,503,20,"samples",502,0.640797146863403,44997808,0.0328087,0.0540675,0.125427,0.0018923
"chr17_43056905_45876022",4043,503,20,"samples",502,0.580699473719084,56980448,0.0528395,0.0860414,0.1308356,0.0015678
"chr17_45876022_47517400",4095,503,20,"samples",502,0.626336081615181,57400608,0.0452107,0.0768639,0.1256535,0.0020679
"chr17_4696261_5741334",3213,503,20,"samples",502,0.656781375121012,50274048,0.0395771,0.0653885,0.1227738,0.0018035
"chr17_47517400_49898957",5561,503,20,"samples",502,0.36271822879828,69245888,0.0726502,0.1020221,0.1379382,0.0021708
"chr17_49898957_50719055",1849,503,20,"samples",500,0.764018992920632,39252928,0.0209013,0.0342676,0.1173027,0.0007882
"chr17_50719055_51826118",3213,503,20,"samples",502,0.73061790554389,50274048,0.0408685,0.0574624,0.1231841,0.001307
"chr17_51826118_53599432",4702,503,20,"samples",502,0.522325749083927,62305168,0.0546444,0.0882975,0.1256537,0.0027539
"chr17_53599432_55357541",4065,503,20,"samples",502,0.46357250232514,57158208,0.0938866,0.1015767,0.158732,0.0031479
"chr17_55357541_57487512",4344,503,20,"samples",502,0.465403362695949,59412528,0.0539645,0.0995191,0.1443471,0.0034343
"chr17_56_1172399",3317,503,20,"samples",502,0.422784608121454,51114368,0.0513557,0.0707415,0.1347953,0.0023882
"chr17_5741334_7317398",4615,503,20,"samples",502,0.352879893369272,61602208,0.0572863,0.1140955,0.1259945,0.0019356
"chr17_57487512_59312755",1507,503,20,"samples",502,0.813410657539011,36489568,0.0207572,0.0282186,0.1350393,0.0010497
"chr17_59312755_61545589",3652,503,20,"samples",502,0.55726356686051,53821168,0.0453782,0.0689765,0.1234358,0.0016912
"chr17_61545589_63148128",2115,503,20,"samples",502,0.682232070679758,41402208,0.0291558,0.0386693,0.1236305,0.0009462
"chr17_63148128_64800430",5306,503,20,"samples",502,0.561785214284544,67185488,0.0622271,0.0868102,0.1244332,0.0020639
"chr17_64800430_67858770",7086,503,20,"samples",502,0.362882844844032,81567888,0.0851559,0.1406246,0.1274897,0.0038662
"chr17_67858770_69387817",4510,503,20,"samples",502,0.518077380023984,60753808,0.0515756,0.0828854,0.1311713,0.0021719
"chr17_69387817_72672203",9493,503,20,"samples",502,0.24940997116154,101016448,0.1176223,0.1887381,0.1366951,0.004095
"chr17_72672203_74375560",3790,503,20,"samples",502,0.538959196696723,54936208,0.0462363,0.0709028,0.139268,0.0021616
"chr17_7317398_8306425",2404,503,20,"samples",502,0.567807263711822,43737328,0.0310214,0.0445039,0.1232772,0.0010088
"chr17_74375560_76263413",6168,503,20,"samples",502,0.30633646857272,74150448,0.0755752,0.1107014,0.1681968,0.0025071
"chr17_76263413_77298636",3611,503,20,"samples",502,0.399364384071197,53489888,0.047291,0.0816643,0.1560407,0.0018936
"chr17_77298636_78837588",4606,503,20,"samples",502,0.424363661306142,61529488,0.0597759,0.0857587,0.1474177,0.0021071
"chr17_78837588_80034408",3020,503,20,"samples",502,0.53294629362453,48714608,0.0382134,0.0581497,0.1441736,0.0018836
"chr17_80034408_81194908",2713,503,20,"samples",502,0.672671394714252,46234048,0.0351994,0.0502796,0.1551692,0.001613
"chr17_8306425_9965921",4160,503,20,"samples",502,0.346396962889139,57925808,0.0587177,0.0769321,0.1514993,0.0026389
"chr17_9965921_11102815",2907,503,20,"samples",502,0.420158987378015,47801568,0.0363564,0.0519661,0.1542016,0.001773
"chr18_10644_912486",2953,503,20,"samples",502,0.519545839713323,48173248,0.0369844,0.0584482,0.1449998,0.0012754
"chr18_11075913_11905440",2414,503,20,"samples",502,0.579501658901676,43818128,0.0269087,0.0448912,0.158958,0.001976
"chr18_11905440_14440799",6668,503,20,"samples",502,0.419207794731417,78190448,0.2079558,0.1242438,0.1488641,0.0028027
"chr18_14440799_19485844",1701,503,20,"samples",502,0.836257321897083,38057088,0.0234143,0.0295179,0.1286794,0.0017307
"chr18_1942911_3891658",6273,503,20,"samples",502,0.325332404448374,74998848,0.0747134,0.1190606,0.1646881,0.0048744
"chr18_19485844_20649472",2572,503,20,"samples",502,0.72339387235241,45094768,0.0383507,0.0577518,0.1450899,0.0011044
"chr18_20649472_22996651",5295,503,20,"samples",502,0.415212213966636,67096608,0.0632538,0.10177,0.148173,0.0028518
"chr18_22996651_24026191",2824,503,20,"samples",502,0.680994780486768,47130928,0.0356102,0.054154,0.1362969,0.0012109
"chr18_24026191_25927682",4947,503,20,"samples",502,0.42615786915566,64284768,0.0593714,0.091002,0.158545,0.0020433
"chr18_25927682_26875587",1920,503,20,"samples",501,0.771800703751952,39826608,0.0213982,0.0362257,0.1226711,0.001692
"chr18_26875587_27866478",2655,503,20,"samples",502,0.725296096718489,45765408,0.031864,0.0474741,0.1364219,0.0012163
"chr18_27866478_30264066",6601,503,20,"samples",502,0.422583836727221,77649088,0.0802508,0.1239887,0.1526608,0.0029392
"chr18_30264066_31780067",3200,503,20,"samples",502,0.686326975217885,50169008,0.0399656,0.058708,0.1411275,0.0020766
"chr18_31780067_33861964",4624,503,20,"samples",502,0.546631106344411,61674928,0.0555297,0.0883868,0.1433085,0.0020522
"chr18_33861964_35075250",2792,503,20,"samples",502,0.628277286396402,46872368,0.0314522,0.0591647,0.1556114,0.0011158
"chr18_35075250_36365490",3378,503,20,"samples",502,0.594258185543275,51607248,0.0380974,0.060275,0.1467404,0.0013931
"chr18_36365490_37684367",2816,503,20,"samples",502,0.708620489816003,47066288,0.0317168,0.0524612,0.145207,0.0015147
"chr18_37684367_39892648",5865,503,20,"samples",502,0.520953355876197,71702208,0.0687059,0.1065766,0.1491206,0.0037785
"chr18_3891658_5834180",6079,503,20,"samples",502,0.346403521214482,73431328,0.0774098,0.1178925,0.1668959,0.002409
"chr18_39892648_42922106",7941,503,20,"samples",502,0.456559673556316,88476288,0.0923351,0.1556179,0.1519337,0.0036573
"chr18_42922106_44299246",4030,503,20,"samples",502,0.497291914871517,56875408,0.046322,0.0762446,0.1617685,0.0030348
"chr18_44299246_45939732",4815,503,20,"samples",502,0.500405051728086,63218208,0.0647615,0.2441882,0.1929697,0.002446
"chr18_45939732_47730584",5225,503,20,"samples",502,0.494092052540794,66531008,0.0883214,0.106644,0.1370285,0.0022467
"chr18_47730584_51062185",9826,503,20,"samples",502,0.396908552061531,103707088,0.1500889,0.1899997,0.1310303,0.0045793
"chr18_51062185_51554175",2122,503,20,"samples",396,0.884792027275284,41458768,0.025052,0.0379588,0.1025273,0.0008684
"chr18_51554175_55213838",8709,503,20,"samples",502,0.418237752525739,94681728,0.098822,0.1508365,0.1444439,0.0034994
"chr18_55213838_56530220",3980,503,20,"samples",502,0.45809116245321,56471408,0.0503732,0.076889,0.1289451,0.0020632
"chr18_56530220_57630483",3722,503,20,"samples",502,0.446618109669663,54386768,0.0446918,0.0934014,0.1236265,0.0015886
"chr18_57630483_59020751",4332,503,20,"samples",502,0.624915514876624,59315568,0.0482151,0.092666,0.1250399,0.0018259
"chr18_5834180_7090485",3483,503,20,"samples",502,0.395398487574073,52455648,0.0466343,0.0646507,0.1436754,0.0027388
"chr18_59020751_60277715",3819,503,20,"samples",502,0.537685671435297,55170528,0.0494148,0.0720396,0.1354117,0.0026441
"chr18_60277715_61820252",3935,503,20,"samples",502,0.556485327619751,56107808,0.0453794,0.0721634,0.1286622,0.001586
"chr18_61820252_63463402",4705,503,20,"samples",502,0.561620893538738,62329408,0.0535418,0.0851207,0.1307121,0.0021363
"chr18_63463402_64252801",2485,503,20,"samples",501,0.82221491579817,44391808,0.0342835,0.0456162,0.1194764,0.001091
"chr18_64252801_66125817",6154,503,20,"samples",502,0.464695639880716,74037328,0.0733146,0.1168888,0.1234925,0.0025468
"chr18_66125817_67175820",3011,503,20,"samples",502,0.598031159270311,48641888,0.0339254,0.0570933,0.1310851,0.0013772
"chr18_67175820_68621179",4309,503,20,"samples",502,0.467570089735794,59129728,0.053139,0.0801749,0.1318683,0.0028089
"chr18_68621179_69621618",3658,503,20,"samples",502,0.576397693405997,53869648,0.0430515,0.0657804,0.1300948,0.0023559
"chr18_69621618_71038474",4819,503,20,"samples",502,0.477939692427381,63250528,0.0593484,0.0887626,0.1289139,0.0019466
"chr18_7090485_8498931",4141,503,20,"samples",502,0.427471814590976,57772288,0.0575253,0.0775449,0.1298662,0.0026181
"chr18_71038474_71971462",3205,503,20,"samples",502,0.502943578663018,50209408,0.0409217,0.0570912,0.1267569,0.0012874
"chr18_71971462_73526987",4596,503,20,"samples",502,0.471583499486229,61448688,0.0530941,0.0789292,0.1282621,0.0026015
"chr18_73526987_74813815",4554,503,20,"samples",502,0.402490581667485,61109328,0.0525691,0.0935148,0.1341179,0.0017315
"chr18_74813815_75976317",4689,503,20,"samples",502,0.404945123887189,62200128,0.0544631,0.0893358,0.1272382,0.0018371
"chr18_75976317_77149991",4264,503,20,"samples",502,0.534566522376403,58766128,0.0511189,0.0769895,0.1323157,0.0027919
"chr18_77149991_78017158",2707,503,20,"samples",502,0.695968387492546,46185568,0.03227,0.0577268,0.1287223,0.001214
"chr18_8498931_11075913",8827,503,20,"samples",502,0.289419430955629,95635168,0.1115685,0.1646746,0.13519,0.0036159
"chr18_912486_1942911",2966,503,20,"samples",502,0.596091228377959,48278288,0.0336224,0.0540812,0.1242283,0.0021269
"chr19_11284028_13471127",4761,503,20,"samples",502,0.505917140789382,62781888,0.0599827,0.0822992,0.1432552,0.0018347
"chr19_13471127_14486347",2106,503,20,"samples",502,0.522264496228324,41329488,0.0274863,0.0396979,0.1534479,0.0011176
"chr19_14486347_15648610",3504,503,20,"samples",502,0.469860808984843,52625328,0.0426385,0.067883,0.1400618,0.0022004
"chr19_15648610_16374416",2839,503,20,"samples",502,0.686235149607075,47252128,0.0355827,0.0526773,0.1361253,0.0012413
"chr19_16374416_18409862",5436,503,20,"samples",502,0.348375875565323,68235888,0.0646688,0.0982348,0.1408101,0.0022467
"chr19_18409862_19877471",3157,503,20,"samples",502,0.570446394292533,49821568,0.0367971,0.0625283,0.1322809,0.0012206
"chr19_19877471_20905757",2925,503,20,"samples",502,0.740334966141182,47947008,0.0376331,0.0534498,0.1246319,0.0019398
"chr19_20905757_22732896",5872,503,20,"samples",502,0.741968551505688,71758768,0.0711799,0.1122831,0.1355521,0.003232
"chr19_2098396_3019660",2864,503,20,"samples",502,0.485417228461821,47454128,0.0455991,0.0565482,0.1338437,0.0012695
"chr19_22732896_23467746",2245,503,20,"samples",433,0.90347948745022,42452608,0.0364677,0.0385368,0.1196389,0.0011066
"chr19_23467746_28557893",4995,503,20,"samples",502,0.812913384315978,64672608,0.072565,0.0905081,0.1299687,0.0024751
"chr19_28557893_29790947",4307,503,20,"samples",502,0.621859642905912,59113568,0.0578104,0.0776085,0.1327098,0.0022165
"chr19_29790947_30727954",2937,503,20,"samples",502,0.58190289425055,48043968,0.0332137,0.0578125,0.1456738,0.0015335
"chr19_3019660_4348967",3177,503,20,"samples",502,0.390324434676575,49983168,0.0384977,0.0588731,0.1508691,0.0027627
"chr19_30727954_32746520",4442,503,20,"samples",502,0.448228798993685,60204368,0.060638,0.0805286,0.1594147,0.0027353
"chr19_32746520_34262952",4820,503,20,"samples",502,0.490242837733826,63258608,0.0913382,0.1020472,0.1796488,0.0026663
"chr19_34262952_36469295",5988,503,20,"samples",502,0.383258299939286,72696048,0.151491,0.1237094,0.1334079,0.0030085
"chr19_36469295_37527033",2422,503,20,"samples",501,0.823660372542957,43882768,0.0301453,0.0459491,0.1222878,0.0012163
"chr19_37527033_40170619",6264,503,20,"samples",502,0.508333949158599,74926128,0.0780713,0.1138169,0.1305321,0.0025361
"chr19_40170619_40984601",2080,503,20,"samples",502,0.751654220233504,41119408,0.0259455,0.0499966,0.1241461,0.0009359
"chr19_40984601_42131573",3086,503,20,"samples",502,0.548100568045704,49247888,0.0361003,0.0577555,0.1274952,0.0015503
"chr19_42131573_43862455",3121,503,20,"samples",502,0.730446859233469,49530688,0.0376736,0.0576852,0.1517067,0.0015777
"chr19_4348967_5811852",4234,503,20,"samples",502,0.391366246129413,58523728,0.0648816,0.0842898,0.1345369,0.0021767
"chr19_43862455_44744108",2207,503,20,"samples",502,0.617707603112976,42145568,0.0275035,0.0438057,0.1253847,0.0010418
"chr19_44744108_46102697",3636,503,20,"samples",502,0.431808139376984,53691888,0.0419043,0.0686768,0.1378324,0.0013906
"chr19_46102697_47150082",3139,503,20,"samples",502,0.528554346598878,49676128,0.0374026,0.0630773,0.141116,0.0016826
"chr19_47150082_49282227",5416,503,20,"samples",502,0.394594098350997,68074288,0.0641445,0.0975583,0.1328326,0.0021961
"chr19_49282227_51532567",5670,503,20,"samples",502,0.34995429402326,70126608,0.0687911,0.1157096,0.1307309,0.0022789
"chr19_51532567_52985290",4896,503,20,"samples",502,0.440601013337201,63872688,0.0566944,0.1028295,0.1300876,0.0021432
"chr19_52985290_54602362",5454,503,20,"samples",502,0.324080452001695,68381328,0.0669609,0.1074706,0.1278131,0.0023461
"chr19_54602362_55728080",3456,503,20,"samples",502,0.408954522257855,52237488,0.0453386,0.0773786,0.1289239,0.0018241
"chr19_55728080_57521335",5634,503,20,"samples",502,0.305118806948108,69835728,0.0712847,0.1037806,0.1308209,0.0020131
"chr19_57521335_59118839",4112,503,20,"samples",502,0.50470657871646,57537968,0.0497437,0.0808396,0.129504,0.0015517
"chr19_5811852_6684885",2856,503,20,"samples",502,0.557689118749715,47389488,0.0462255,0.0555486,0.1276067,0.0013764
"chr19_610729_2098396",3004,503,20,"samples",502,0.377052170199861,48585328,0.0519237,0.0576082,0.1255434,0.0014081
"chr19_6684885_8347513",4957,503,20,"samples",502,0.365514502757997,64365568,0.0633032,0.0915602,0.1256628,0.0020411
"chr19_80840_610729",722,503,20,"samples",452,0.748270712609059,30146768,0.0128812,0.0130246,0.1111456,0.0006197
"chr19_8347513_9238393",2257,503,20,"samples",502,0.595332573210585,42549568,0.0288026,0.0438088,0.1207993,0.0009144
"chr19_9238393_11284028",5138,503,20,"samples",502,0.539922696818414,65828048,0.0608794,0.090018,0.1452318,0.0028526
"chr1_100826405_102041016",3053,503,20,"samples",502,0.643181296512478,48981248,0.0422153,0.0717156,0.1466926,0.0037023
"chr1_102041016_102898745",2918,503,20,"samples",502,0.725250239592132,47890448,0.0627418,0.0808668,0.1321645,0.0024686
"chr1_102898745_103914211",2765,503,20,"samples",476,0.852113128503928,46654208,0.0354786,0.0749604,0.1421952,0.0012281
"chr1_103914211_106087842",6411,503,20,"samples",502,0.578023133441636,76113888,0.0767263,0.1197581,0.1308693,0.0028014
"chr1_10583_1892607",1304,503,20,"samples",502,0.786785486242321,34849328,0.0178721,0.0360248,0.1208204,0.0007021
"chr1_106087842_108409665",5682,503,20,"samples",502,0.469534972004636,70223568,0.0703415,0.119998,0.1286318,0.0024168
"chr1_10806984_11777841",2047,503,20,"samples",502,0.592101005289767,40852768,0.0267827,0.0387054,0.1225091,0.0008456
"chr1_108409665_110303931",4449,503,20,"samples",502,0.532783048908037,60260928,0.0534611,0.0836902,0.1309018,0.0019729
"chr1_110303931_111741737",3633,503,20,"samples",502,0.497812588632844,53667648,0.0429544,0.0717666,0.1263431,0.0014198
"chr1_111741737_113273306",4489,503,20,"samples",502,0.458677695719775,60584128,0.0511205,0.0826235,0.1313343,0.0022674
"chr1_113273306_114873845",3512,503,20,"samples",502,0.540962358200496,52689968,0.043332,0.0695578,0.1242463,0.0013617
"chr1_114873845_115880593",2577,503,20,"samples",502,0.736849731929453,45135168,0.0336875,0.0461254,0.1236853,0.0009919
"chr1_115880593_118839067",7376,503,20,"samples",502,0.425885294759314,83911088,0.0950583,0.1482936,0.125091,0.0028279
"chr1_11777841_12779466",2695,503,20,"samples",502,0.615890896047019,46088608,0.0342123,0.0582991,0.1301705,0.0012429
"chr1_118839067_144977494",4359,503,20,"samples",502,0.588451636843122,59533728,0.062088,0.0773831,0.1364982,0.0024236
"chr1_12779466_14891511",4372,503,20,"samples",502,0.44668927803938,59638768,0.0531641,0.0847091,0.1318977,0.0018236
"chr1_144977494_148361253",3462,503,20,"samples",502,0.665380938675459,52285968,0.0434247,0.0609394,0.1323877,0.0023735
"chr1_148361253_151538881",2861,503,20,"samples",502,0.769385846947679,47429888,0.0352075,0.0524403,0.1259469,0.0011984
"chr1_14891511_16897730",5927,503,20,"samples",502,0.450551131715743,72203168,0.0720829,0.1070438,0.1387504,0.0025069
"chr1_151538881_153180829",2923,503,20,"samples",502,0.683261955719571,47930848,0.0395848,0.0721361,0.1332369,0.0022799
"chr1_153180829_154770403",2922,503,20,"samples",502,0.616187593174031,47922768,0.0356713,0.0556065,0.1248196,0.0011753
"chr1_154770403_156336133",2188,503,20,"samples",502,0.654937041750918,41992048,0.0268546,0.0409045,0.1277472,0.0012509
"chr1_156336133_158027412",4481,503,20,"samples",502,0.486535335480359,60519488,0.0544302,0.0815118,0.1328031,0.0023417
"chr1_158027412_159913048",5363,503,20,"samples",502,0.507710141889387,67646048,0.0665869,0.1058541,0.140428,0.0020621
"chr1_159913048_162346721",6207,503,20,"samples",502,0.413428656419094,74465568,0.071738,0.113486,0.1277272,0.002422
"chr1_162346721_165191702",8037,503,20,"samples",502,0.354206402068082,89251968,0.0981831,0.1433588,0.129846,0.0029573
"chr1_165191702_166460517",3472,503,20,"samples",502,0.51619704168757,52366768,0.0427836,0.0696193,0.1306093,0.0014907
"chr1_166460517_169086324",7651,503,20,"samples",502,0.35364882071124,86133088,0.0926273,0.1355882,0.132589,0.0045671
"chr1_16897730_18662899",4490,503,20,"samples",502,0.425958616628119,60592208,0.0537525,0.0799314,0.1276633,0.0019599
"chr1_169086324_170557776",4602,503,20,"samples",502,0.713419786215327,61497168,0.0601241,0.0816875,0.1211136,0.0024738
"chr1_170557776_173097907",6341,503,20,"samples",502,0.460641846083394,75548288,0.0718094,0.1122178,0.1359024,0.0039073
"chr1_173097907_175089768",3925,503,20,"samples",502,0.770739888175944,56027008,0.0482715,0.0717148,0.1249924,0.0016623
"chr1_175089768_177433381",5698,503,20,"samples",502,0.500692901229589,70352848,0.0690535,0.1083174,0.1404736,0.0035891
"chr1_177433381_178944309",3464,503,20,"samples",502,0.612701882485775,52302128,0.0471649,0.0647977,0.1263969,0.0025006
"chr1_178944309_178954470",25,25,3,"markers",17,0.881235743417807,278496,0.0018425,0.0001101,0.0003994,1.1e-06
"chr1_178954470_181144121",6491,503,20,"samples",502,0.580364576045087,76760288,0.0761563,0.1198435,0.1306463,0.0028625
"chr1_181144121_182755356",4517,503,20,"samples",502,0.508188853584379,60810368,0.0527044,0.0916067,0.1303652,0.0019508
"chr1_182755356_184595513",4733,503,20,"samples",502,0.609944367802694,62555648,0.0551904,0.0887652,0.1336911,0.002803
"chr1_184595513_186810023",4416,503,20,"samples",502,0.58120702014494,59994288,0.0504264,0.0855388,0.1292782,0.0017985
"chr1_18662899_20469149",6130,503,20,"samples",502,0.405396098451981,73843408,0.0691443,0.112889,0.1268077,0.0024546
"chr1_186810023_188759945",6387,503,20,"samples",502,0.575154915531309,75919968,0.0736352,0.1254318,0.1323382,0.0024623
"chr1_188759945_189904130",3494,503,20,"samples",502,0.876269492480424,52544528,0.0410189,0.0653861,0.1181821,0.0015814
"chr1_1892607_3582736",4309,503,20,"samples",502,0.410928856104436,59129728,0.0550188,0.0792249,0.1337834,0.0017812
"chr1_189904130_191868930",5451,503,20,"samples",502,0.693908404736229,68357088,0.0635722,0.1015271,0.1302129,0.0022685
"chr1_191868930_194107442",5835,503,20,"samples",502,0.579949029941722,71459808,0.0677215,0.105479,0.1453712,0.0025782
"chr1_194107442_196176201",6168,503,20,"samples",502,0.601198757236478,74150448,0.0699235,0.1084365,0.1257189,0.0038841
"chr1_196176201_197311514",1788,503,20,"samples",490,0.832731171478617,38760048,0.0207115,0.0332533,0.1213843,0.0011917
"chr1_197311514_199239884",4168,503,20,"samples",502,0.603756473147106,57990448,0.0506216,0.0758182,0.1357813,0.0018635
"chr1_199239884_200137649",2934,503,20,"samples",502,0.727997497122755,48019728,0.0360228,0.0558892,0.1256453,0.0014155
"chr1_200137649_201589975",4118,503,20,"samples",502,0.484174825673278,57586448,0.0473657,0.0799294,0.1362137,0.0019187
"chr1_201589975_203334734",3854,503,20,"samples",502,0.415005273938277,55453328,0.0496891,0.0850396,0.1483725,0.0027634
"chr1_203334734_204681068",3319,503,20,"samples",502,0.511044671810771,51130528,0.0387942,0.0687965,0.1272728,0.0013897
"chr1_204681068_206073265",3340,503,20,"samples",502,0.487412118085312,51300208,0.0398106,0.060241,0.125151,0.0014256
"chr1_20469149_21736588",3206,503,20,"samples",502,0.617335726147496,50217488,0.0390127,0.060483,0.1355342,0.0012382
"chr1_206073265_208410364",4340,503,20,"samples",502,0.466970554719393,59380208,0.0523574,0.0791636,0.1274289,0.0016775
"chr1_208410364_210787750",6545,503,20,"samples",502,0.393935209524749,77196608,0.0735873,0.123651,0.132111,0.0027604
"chr1_210787750_212842330",6515,503,20,"samples",502,0.463627314517822,76954208,0.0704216,0.1194967,0.1354448,0.0034934
"chr1_212842330_214578266",4668,503,20,"samples",502,0.475296735536133,62030448,0.0550343,0.0853008,0.1294547,0.0027561
"chr1_214578266_216243634",4429,503,20,"samples",502,0.531125259478627,60099328,0.0516407,0.1033938,0.1255067,0.0018589
"chr1_216243634_218705513",7247,503,20,"samples",502,0.393362510310375,82868768,0.0908396,0.1290411,0.1309139,0.0031734
"chr1_21736588_23086883",4174,503,20,"samples",502,0.441462811115532,58038928,0.049271,0.0802857,0.1266345,0.0016083
"chr1_218705513_219590571",2808,503,20,"samples",502,0.684899553909495,47001648,0.0336474,0.0504223,0.1200098,0.0013408
"chr1_219590571_221858231",6379,503,20,"samples",502,0.51527761491111,75855328,0.0822788,0.1194307,0.1251961,0.002666
"chr1_221858231_222230220",934,503,20,"samples",436,0.762124495668529,31859728,0.0099233,0.0165757,0.1095524,0.000925
"chr1_222230220_224938520",5564,503,20,"samples",502,0.480160717118846,69270128,0.0658368,0.1029308,0.1301633,0.0020997
"chr1_224938520_226810860",4808,503,20,"samples",502,0.583271178687933,63161648,0.056334,0.0885131,0.1365692,0.002954
"chr1_226810860_229156248",6203,503,20,"samples",502,0.604888152188415,74433248,0.0705346,0.131091,0.1257683,0.0026727
"chr1_229156248_230685255",3888,503,20,"samples",502,0.460979640972356,55728048,0.0463192,0.0712716,0.1271366,0.0017067
"chr1_230685255_232090252",4109,503,20,"samples",502,0.476726143453124,57513728,0.0491924,0.0726642,0.1235662,0.0021183
"chr1_23086883_23920590",1482,503,20,"samples",502,0.726715891745823,36287568,0.0174287,0.0288897,0.1333938,0.0007355
"chr1_232090252_233429284",4448,503,20,"samples",502,0.474451101475919,60252848,0.0521317,0.0947418,0.1267381,0.0021023
"chr1_233429284_234599434",4162,503,20,"samples",502,0.455420479118187,57941968,0.0484993,0.0740164,0.1359013,0.0030006
"chr1_234599434_235819436",3043,503,20,"samples",502,0.530743527799452,48900448,0.0346618,0.0583692,0.1280677,0.0014858
"chr1_235819436_237555628",4936,503,20,"samples",502,0.482659758825669,64195888,0.0580872,0.0926873,0.1248064,0.0019707
"chr1_237555628_238567807",3677,503,20,"samples",502,0.594625878977262,54023168,0.0420195,0.0686927,0.1219914,0.0017336
"chr1_238567807_239925314",4590,503,20,"samples",502,0.527944314925954,61400208,0.0509487,0.0931158,0.1314244,0.0018974
"chr1_23920590_25516845",3630,503,20,"samples",502,0.47785094114971,53643408,0.0452245,0.0693231,0.1281159,0.0013689
"chr1_239925314_240564091",2222,503,20,"samples",502,0.640238881144585,42266768,0.0328534,0.0474489,0.1262014,0.0008837
"chr1_240564091_241582220",3126,503,20,"samples",502,0.419944778639426,49571088,0.0385491,0.071083,0.1338255,0.001386
"chr1_241582220_242071602",1429,503,20,"samples",502,0.626750760107865,35859328,0.0165545,0.0243597,0.1286964,0.0007779
"chr1_242071602_244109499",4450,503,20,"samples",502,0.463205519152483,60269008,0.0537158,0.0883574,0.1282147,0.0016254
"chr1_244109499_245506746",3494,503,20,"samples",502,0.419758152532088,52544528,0.0528591,0.0701463,0.1325832,0.0016356
"chr1_245506746_247344518",6148,503,20,"samples",502,0.429063214160609,73988848,0.0782914,0.1278527,0.1383195,0.0044204
"chr1_247344518_249239466",4496,503,20,"samples",502,0.600185785032891,60640688,0.0592824,0.0963194,0.1364154,0.0019592
"chr1_25516845_27401867",2776,503,20,"samples",502,0.650127605268687,46743088,0.0400432,0.0598018,0.139131,0.0020885
"chr1_27401867_30161881",5027,503,20,"samples",502,0.523333485393536,64931168,0.0607657,0.1014712,0.1395531,0.0023403
"chr1_30161881_32438685",5959,503,20,"samples",502,0.386352851276266,72461728,0.0764005,0.118732,0.129851,0.0035071
"chr1_32438685_34799758",4444,503,20,"samples",502,0.479446301843916,60220528,0.0542496,0.0853409,0.1339031,0.0026188
"chr1_34799758_37549183",4779,503,20,"samples",502,0.46226730295985,62927328,0.0601354,0.0850944,0.1286613,0.002099
"chr1_3582736_4380811",2418,503,20,"samples",502,0.558215229965097,43850448,0.0304187,0.0433859,0.1301261,0.0009805
"chr1_37549183_38731847",3077,503,20,"samples",502,0.544222939243559,49175168,0.03885,0.0608951,0.1277201,0.0012418
"chr1_38731847_40200567",3294,503,20,"samples",502,0.519978666491453,50928528,0.0399968,0.063264,0.12593,0.0023935
"chr1_40200567_41975327",4875,503,20,"samples",502,0.49152557919945,63703008,0.0567788,0.1139842,0.1286635,0.0020385
"chr1_41975327_43758457",4365,503,20,"samples",502,0.591529726431917,59582208,0.0513811,0.0809029,0.1350945,0.0018258
"chr1_43758457_44969183",2379,503,20,"samples",502,0.685453652401307,43535328,0.031817,0.0461246,0.125484,0.0012174
"chr1_4380811_5913893",5916,503,20,"samples",502,0.346313875658946,72114288,0.0717358,0.1045028,0.1322799,0.0040112
"chr1_44969183_46899501",3585,503,20,"samples",502,0.713396334555893,53279808,0.0438018,0.066137,0.126894,0.0016203
"chr1_46899501_48002576",2250,503,20,"samples",502,0.648177894133737,42493008,0.0316868,0.0467974,0.1355225,0.0013395
"chr1_48002576_48978188",2356,503,20,"samples",502,0.658557246901984,43349488,0.0284112,0.0451152,0.1284214,0.0011734
"chr1_48978188_49894177",1273,503,20,"samples",502,0.705182243380501,34598848,0.0164154,0.0229681,0.1362846,0.0006912
"chr1_49894177_51713726",2307,503,20,"samples",502,0.751804168879498,42953568,0.0302767,0.0401418,0.1241422,0.0009745
"chr1_51713726_54226262",5378,503,20,"samples",502,0.538333735243087,67767248,0.0655089,0.0999761,0.1356134,0.0022996
"chr1_54226262_56413117",6699,503,20,"samples",502,0.387178537927852,78440928,0.0844725,0.1302876,0.1258729,0.0034088
"chr1_56413117_57021728",1650,503,20,"samples",502,0.750735227285676,37645008,0.0183529,0.0292817,0.1180884,0.0006806
"chr1_57021728_58865399",5298,503,20,"samples",502,0.401062364478077,67120848,0.0626369,0.0994068,0.1254876,0.0021074
"chr1_58865399_59890409",2842,503,20,"samples",502,0.622660082722233,47276368,0.0338217,0.0470313,0.1227658,0.0012338
"chr1_5913893_7247335",3495,503,20,"samples",502,0.565696886280726,52552608,0.0409087,0.080068,0.1235004,0.002642
"chr1_59890409_61922365",4639,503,20,"samples",502,0.415648566631326,61796128,0.0551278,0.0900385,0.1294599,0.0024338
"chr1_61922365_63455089",3882,503,20,"samples",502,0.492884504349077,55679568,0.0467293,0.0718505,0.1358684,0.0017133
"chr1_63455089_65041704",4350,503,20,"samples",502,0.495947392821077,59461008,0.0505999,0.0793862,0.1318908,0.001755
"chr1_65041704_66939404",4463,503,20,"samples",502,0.515897063319071,60374048,0.0680549,0.0815223,0.1372251,0.0020163
"chr1_66939404_68477895",4213,503,20,"samples",502,0.527889917067028,58354048,0.0596506,0.0833663,0.1293927,0.0024349
"chr1_68477895_69687616",3002,503,20,"samples",502,0.573199664694205,48569168,0.0426614,0.0518081,0.1289364,0.0013189
"chr1_69687616_71372470",4116,503,20,"samples",502,0.577946154883907,57570288,0.0486943,0.0755748,0.1357861,0.0016204
"chr1_71372470_71684405",743,503,20,"samples",229,0.88912253922105,30316448,0.0102461,0.0155345,0.1022076,0.0006154
"chr1_71684405_74326907",5156,503,20,"samples",502,0.616552308460407,65973488,0.0606727,0.1097366,0.1260694,0.0020275
"chr1_7247335_9365199",4975,503,20,"samples",502,0.429773524126525,64511008,0.0606262,0.1063413,0.1339627,0.0033266
"chr1_74326907_76728135",5240,503,20,"samples",502,0.574850357181012,66652208,0.0646083,0.1238305,0.1242807,0.0023494
"chr1_76728135_79661198",8143,503,20,"samples",502,0.405750554211453,90108448,0.1026481,0.1705501,0.1329599,0.0034399
"chr1_79661198_81354191",4353,503,20,"samples",502,0.599480080701874,59485248,0.0888404,0.0953601,0.1329636,0.0019406
"chr1_81354191_83991748",7033,503,20,"samples",502,0.394315203434107,81139648,0.0848375,0.1506815,0.1331191,0.0030071
"chr1_83991748_84844495",2180,503,20,"samples",502,0.712873926641602,41927408,0.0309035,0.0400443,0.1224049,0.0020622
"chr1_84844495_86454751",4577,503,20,"samples",502,0.500753345027623,61295168,0.0526376,0.0888149,0.1401885,0.0018789
"chr1_86454751_88128631",4891,503,20,"samples",502,0.563069156666778,63832288,0.0571048,0.0883156,0.1297086,0.0023631
"chr1_88128631_90066303",4808,503,20,"samples",502,0.566535445576786,63161648,0.0578732,0.0883148,0.1339115,0.0029467
"chr1_90066303_91886317",4255,503,20,"samples",502,0.489028174805496,58693408,0.049759,0.0796164,0.1270394,0.0025331
"chr1_91886317_93536459",3772,503,20,"samples",502,0.654473271337873,54790768,0.0476301,0.0707694,0.1336125,0.0018258
"chr1_93536459_94506191",2416,503,20,"samples",501,0.775988890405759,43834288,0.0284795,0.0466275,0.1282779,0.0013108
"chr1_9365199_10806984",3031,503,20,"samples",502,0.605788096833111,48803488,0.0521364,0.0587832,0.1446434,0.0012754
"chr1_94506191_96150893",4226,503,20,"samples",502,0.504881726601165,58459088,0.0512181,0.0871299,0.1279393,0.0016212
"chr1_96150893_97885249",4066,503,20,"samples",502,0.586294894777845,57166288,0.0487292,0.094859,0.1412353,0.002472
"chr1_97885249_99800604",5074,503,20,"samples",502,0.52191833522141,65310928,0.0679841,0.0937174,0.1435965,0.0025432
"chr1_99800604_100826405",2488,503,20,"samples",502,0.721095993863228,44416048,0.0370217,0.0571194,0.1354767,0.0012923
"chr20_11249536_12447499",3676,503,20,"samples",502,0.612760048515771,54015088,0.0503311,0.0843989,0.1474288,0.0022191
"chr20_12447499_13689864",4128,503,20,"samples",502,0.510145820506847,57667248,0.0693238,0.0882235,0.1644287,0.0029544
"chr20_13689864_15958359",6671,503,20,"samples",502,0.406917934868551,78214688,0.1004517,0.1968367,0.3449921,0.0056672
"chr20_15958359_17487232",5485,503,20,"samples",502,0.418534963913022,68631808,0.2168371,0.227687,0.3515758,0.0043932
"chr20_17487232_18972203",4970,503,20,"samples",502,0.502289004462423,64470608,0.1387067,0.1651829,0.3658108,0.0033536
"chr20_18972203_20959710",5290,503,20,"samples",502,0.407534263863436,67056208,0.2166976,0.1659759,0.3853294,0.0053158
"chr20_20959710_22491456",3141,503,20,"samples",502,0.674045409035977,49692288,0.1227149,0.1203694,0.3231324,0.001974
"chr20_22491456_23293790",2109,503,20,"samples",502,0.662804956137449,41353728,0.0683172,0.0649772,0.3577506,0.0016777
"chr20_23293790_24717724",5020,503,20,"samples",502,0.599257982090153,64874608,0.1632387,0.1679042,0.3342088,0.0034614
"chr20_2469501_3828413",3834,503,20,"samples",502,0.549734168723333,55291728,0.1288447,0.1312451,0.4374363,0.004068
"chr20_24717724_25344231",2103,503,20,"samples",497,0.823200688142519,41305248,0.0816599,0.0744405,0.3529255,0.0017669
"chr20_25344231_31614823",4623,503,20,"samples",502,0.65196927486731,61666848,0.2035171,0.1583576,0.36348,0.004333
"chr20_31614823_32813441",1958,503,20,"samples",502,0.675915898130692,40133648,0.0698578,0.1286619,0.3359291,0.0018914
"chr20_32813441_34960446",2870,503,20,"samples",502,0.770544578159941,47502608,0.0939384,0.0992863,0.3367856,0.0023374
"chr20_34960446_36909530",3448,503,20,"samples",502,0.541646371810981,52172848,0.1148019,0.1473813,0.3556815,0.0024938
"chr20_36909530_38436761",3687,503,20,"samples",502,0.605515619301672,54103968,0.1407937,0.1579987,0.4150479,0.0031722
"chr20_3828413_5477850",5716,503,20,"samples",502,0.370703172615262,70498288,0.226058,0.1994685,0.3837746,0.0053345
"chr20_38436761_39610856",3148,503,20,"samples",502,0.553664011867636,49748848,0.1443149,0.1250619,0.366002,0.0029652
"chr20_39610856_40585689",2311,503,20,"samples",501,0.706190860152763,42985888,0.0782987,0.091779,0.3546848,0.0020469
"chr20_40585689_41615460",3080,503,20,"samples",502,0.536293958525373,49199408,0.1283671,0.100184,0.3214746,0.0023715
"chr20_41615460_42680176",2694,503,20,"samples",502,0.504262818494202,46080528,0.1027258,0.1016043,0.3428895,0.0024369
"chr20_42680176_44839056",5697,503,20,"samples",502,0.487718083083702,70344768,0.217134,0.2343509,0.3541891,0.0037549
"chr20_44839056_47199980",6343,503,20,"samples",502,0.32417924405978,75564448,0.2191173,0.2209439,0.3411555,0.0063416
"chr20_47199980_49239658",5711,503,20,"samples",502,0.510869119960803,70457888,0.1913673,0.170529,0.3582992,0.004312
"chr20_49239658_52472549",9244,503,20,"samples",502,0.315279615468977,99004528,0.3371006,0.2834088,0.3612496,0.007082
"chr20_52472549_54055266",4857,503,20,"samples",502,0.483699674175144,63557568,0.1735274,0.1816501,0.3468508,0.0029656
"chr20_54055266_56447959",8070,503,20,"samples",502,0.315610034162387,89518608,0.2847673,0.2638523,0.3500266,0.0047789
"chr20_5477850_7084073",4884,503,20,"samples",502,0.424392828028388,63775728,0.146728,0.1413095,0.3244215,0.0026498
"chr20_56447959_58406572",5554,503,20,"samples",502,0.319829212994764,69189328,0.1928379,0.177089,0.3677343,0.0043624
"chr20_58406572_59561724",3515,503,20,"samples",502,0.521919909625615,52714208,0.1269798,0.1501054,0.3378898,0.0031769
"chr20_59561724_61301855",5908,503,20,"samples",502,0.367696475571304,72049648,0.2730056,0.1838965,0.3509518,0.0044975
"chr20_60479_697600",1866,503,20,"samples",502,0.50976304861585,39390288,0.0795024,0.0708793,0.3666371,0.0015075
"chr20_61301855_62190180",3346,503,20,"samples",502,0.460657970262791,51348688,0.1382005,0.1274441,0.3174021,0.0024232
"chr20_62190180_62965163",1871,503,20,"samples",502,0.650910602861603,39430688,0.0643701,0.0602274,0.3213172,0.0016855
"chr20_697600_2469501",5675,503,20,"samples",502,0.317729190591473,70167008,0.2043003,0.2076966,0.3782849,0.0051036
"chr20_7084073_8117011",2958,503,20,"samples",502,0.666799918088151,48213648,0.1300037,0.1125115,0.3474428,0.0021538
"chr20_8117011_9730921",4328,503,20,"samples",502,0.431200996371642,59283248,0.1316033,0.133667,0.3793924,0.0038135
"chr20_9730921_11249536",4495,503,20,"samples",502,0.385596707941437,60632608,0.1462133,0.1672648,0.3923978,0.0037738
"chr21_15950982_18053165",4522,503,20,"samples",502,0.406213982096419,60850768,0.2118764,0.1556729,0.328681,0.0033354
"chr21_18053165_19480375",3716,503,20,"samples",502,0.447346692523241,54338288,0.1503201,0.1349022,0.3688189,0.0039351
"chr21_19480375_20962339",5272,503,20,"samples",502,0.474551610011526,66910768,0.2146753,0.1585301,0.3892608,0.0035539
"chr21_20962339_22072764",3791,503,20,"samples",502,0.547837766617788,54944288,0.1709528,0.124318,0.3361865,0.0034376
"chr21_22072764_23362875",4408,503,20,"samples",502,0.512164069153827,59929648,0.1575241,0.1482583,0.394426,0.0059839
"chr21_23362875_24696231",3790,503,20,"samples",502,0.570289868527749,54936208,0.1630362,0.1232434,0.3548961,0.003509
"chr21_24696231_26469122",6484,503,20,"samples",502,0.472016668246677,76703728,0.2078243,0.1962175,0.3081441,0.0042897
"chr21_26469122_27271019",2055,503,20,"samples",501,0.756828522446472,40917408,0.0796259,0.0691624,0.3244377,0.001743
"chr21_27271019_29125226",5994,503,20,"samples",502,0.392936860689935,72744528,0.2470978,0.1825849,0.4220534,0.0058739
"chr21_29125226_31197025",5286,503,20,"samples",502,0.591063769198842,67023888,0.2226779,0.1928585,0.3616479,0.0034255
"chr21_31197025_32668642",4032,503,20,"samples",502,0.645672991515921,56891568,0.1512266,0.1644885,0.341504,0.0035443
"chr21_32668642_34376999",4895,503,20,"samples",502,0.444740411379172,63864608,0.1687119,0.1665424,0.4020718,0.0033674
"chr21_34376999_35225465",1915,503,20,"samples",502,0.585750526540658,39786208,0.0719167,0.0682506,0.3405396,0.0022628
"chr21_35225465_36524373",3546,503,20,"samples",502,0.460189851856723,52964688,0.1333421,0.1351903,0.4014682,0.0021907
"chr21_36524373_37870779",4272,503,20,"samples",502,0.564770490338562,58830768,0.1570375,0.1608409,0.3324837,0.0037717
"chr21_37870779_38711704",2446,503,20,"samples",502,0.634475607245612,44076688,0.0822266,0.0858614,0.3184242,0.0022222
"chr21_38711704_40482902",4854,503,20,"samples",502,0.402795244894078,63533328,0.1752216,0.1932916,0.3715809,0.0040215
"chr21_40482902_41389527",3200,503,20,"samples",502,0.631090488572565,50169008,0.1297931,0.1159115,0.3578931,0.0115883
"chr21_41389527_43321528",6828,503,20,"samples",502,0.300483936449543,79483248,0.218668,0.2034172,0.3428409,0.0056412
"chr21_43321528_44506268",5048,503,20,"samples",502,0.460095595807409,65100848,0.1722022,0.2051467,0.3984598,0.0042509
"chr21_44506268_46177105",4179,503,20,"samples",502,0.437339312054347,58079328,0.1831549,0.1556349,0.3434573,0.0038286
"chr21_46177105_47492226",4162,503,20,"samples",502,0.548536474414435,57941968,0.1666745,0.2135274,0.3598808,0.0055403
"chr21_47492226_48119752",2284,503,20,"samples",502,0.809326320285217,42767728,0.0999871,0.1001234,0.3799998,0.0022643
"chr21_9411243_15950982",3136,503,20,"samples",502,0.601960800897567,49651888,0.1410201,0.1098461,0.3237852,0.002554
"chr22_16050408_17674295",1568,503,20,"samples",502,0.635242852615193,36982448,0.072171,0.0554147,0.3225161,0.0013143
"chr22_17674295_18296088",1902,503,20,"samples",502,0.528113368686057,39681168,0.0613163,0.0536509,0.3713309,0.001737
"chr22_18296088_19912358",4391,503,20,"samples",502,0.460052687673715,59792288,0.2139278,0.1660761,0.3794952,0.00354
"chr22_19912358_22357325",4138,503,20,"samples",502,0.519072290516526,57748048,0.1373181,0.1242701,0.3317864,0.0043171
"chr22_22357325_23712647",3529,503,20,"samples",502,0.509142080750467,52827328,0.1394127,0.1151121,0.3477251,0.0026933
"chr22_23712647_24984204",3112,503,20,"samples",502,0.601834977271578,49457968,0.1135406,0.1061454,0.3627747,0.0017427
"chr22_24984204_26791628",5437,503,20,"samples",502,0.359311963391385,68243968,0.2239774,0.1658322,0.326605,0.0038561
"chr22_26791628_27834752",3883,503,20,"samples",502,0.344898225601354,55687648,0.126602,0.1371583,0.3781754,0.0033117
"chr22_27834752_29651799",4285,503,20,"samples",502,0.542378290128842,58935808,0.1811056,0.1610108,0.3703644,0.0034475
"chr22_29651799_31439918",4363,503,20,"samples",502,0.582783178223713,59566048,0.1594946,0.1288666,0.3053545,0.0036594
"chr22_31439918_32664986",3321,503,20,"samples",502,0.767468203993549,51146688,0.11239,0.1218036,0.3276359,0.0027219
"chr22_32664986_34494914",6241,503,20,"samples",502,0.364206796443338,74740288,0.2633225,0.3024354,0.3483334,0.0069782
"chr22_34494914_35530985",3618,503,20,"samples",502,0.65183408386812,53546448,0.1352601,0.1085711,0.3187624,0.0028157
"chr22_35530985_37570269",5779,503,20,"samples",502,0.377965616507986,71007328,0.1994265,0.180392,0.3835023,0.0059153
"chr22_37570269_39307894",4074,503,20,"samples",502,0.496885041927157,57230928,0.1873442,0.146761,0.3622523,0.0022355
"chr22_39307894_40545797",2526,503,20,"samples",502,0.571828834115223,44723088,0.0995077,0.0907057,0.3202586,0.001941
"chr22_40545797_42690818",4043,503,20,"samples",502,0.745697785436216,56980448,0.1511379,0.1285495,0.383715,0.0049342
"chr22_42690818_43714200",3410,503,20,"samples",502,0.572227188544887,51865808,0.1490679,0.1361312,0.3425157,0.003627
"chr22_43714200_44995308",4627,503,20,"samples",502,0.436972733853749,61699168,0.1569603,0.146216,0.3859807,0.0044699
"chr22_44995308_46470495",5160,503,20,"samples",502,0.385179466273321,66005808,0.1656389,0.1855185,0.3854587,0.0058286
"chr22_46470495_47596318",3629,503,20,"samples",502,0.520708673037891,53635328,0.1697263,0.151239,0.3160164,0.0026649
"chr22_47596318_48903703",4453,503,20,"samples",502,0.377376734124978,60293248,0.1796427,0.1604921,0.3991849,0.0034047
"chr22_48903703_49824534",4814,503,20,"samples",502,0.372803777764715,63210128,0.2263743,0.1801671,0.4505873,0.0050563
"chr22_49824534_51243298",4176,503,20,"samples",502,0.52863760934958,58055088,0.1588549,0.1478825,0.3652076,0.0029234
"chr2_10133_1781022",5839,503,20,"samples",502,0.514579634696598,71492128,0.2364477,0.1987278,0.391563,0.0043496
"chr2_101822329_102688765",2080,503,20,"samples",502,0.72183538225874,41119408,0.0987481,0.0906065,0.3697275,0.001547
"chr2_102688765_103588215",2126,503,20,"samples",502,0.706509219387569,41491088,0.075179,0.0695694,0.3154563,0.0017233
"chr2_10298469_12419150",7395,503,20,"samples",502,0.362650633204754,84064608,0.2716562,0.2163705,0.3633169,0.0055841
"chr2_103588215_105125034",3127,503,20,"samples",502,0.616687908440393,49579168,0.1377121,0.114873,0.3682042,0.0024361
"chr2_105125034_106210058",2993,503,20,"samples",502,0.56776757607141,48496448,0.1028704,0.09389,0.3805338,0.0033868
"chr2_106210058_107408267",3860,503,20,"samples",502,0.53205574391626,55501808,0.1272626,0.1290033,0.3638156,0.0031938
"chr2_107408267_108429177",2854,503,20,"samples",502,0.683671317889333,47373328,0.1196797,0.1158568,0.359125,0.0031809
"chr2_108429177_110572432",4987,503,20,"samples",502,0.560456757708441,64607968,0.1913565,0.1575668,0.3757247,0.0038446
"chr2_110572432_113921856",5434,503,20,"samples",502,0.504335372022766,68219728,0.1948343,0.2068025,0.4354262,0.0046666
"chr2_113921856_116772470",5941,503,20,"samples",502,0.494281360981738,72316288,0.2406109,0.2270175,0.371507,0.0043683
"chr2_116772470_118367466",4292,503,20,"samples",502,0.729431591667207,58992368,0.1670689,0.1337428,0.3425103,0.004397
"chr2_118367466_121303783",7904,503,20,"samples",502,0.418546132995616,88177328,0.2863846,0.3070581,0.408423,0.0087597
"chr2_121303783_123302906",4869,503,20,"samples",502,0.530376093035201,63654528,0.1992322,0.1892777,0.3211637,0.0038657
"chr2_123302906_124732250",4412,503,20,"samples",502,0.677458738565584,59961968,0.1405528,0.1510851,0.3742123,0.0037817
"chr2_12419150_14335308",5227,503,20,"samples",502,0.534858378743095,66547168,0.2251696,0.1773174,0.3500962,0.0049652
"chr2_124732250_125840921",3066,503,20,"samples",502,0.639774317603064,49086288,0.1189051,0.0963822,0.3926941,0.0024558
"chr2_125840921_127373764",4678,503,20,"samples",502,0.732593522589354,62111248,0.1705817,0.1838956,0.3876827,0.0043419
"chr2_127373764_128034347",2315,503,20,"samples",502,0.602000030546101,43018208,0.1012358,0.0864063,0.3242839,0.0018737
"chr2_128034347_129474441",3723,503,20,"samples",502,0.562784784817707,54394848,0.1423216,0.1130586,0.3127557,0.0030883
"chr2_129474441_130067170",1677,503,20,"samples",501,0.767523877219167,37863168,0.0616547,0.0619114,0.3462311,0.0021229
"chr2_130067170_130658085",1311,503,20,"samples",502,0.755762707536318,34905888,0.0545728,0.0557588,0.388381,0.0015193
"chr2_130658085_133042784",3030,503,20,"samples",502,0.682944356814506,48795408,0.1282214,0.108762,0.3227734,0.0041355
"chr2_133042784_135158578",5371,503,20,"samples",502,0.385722952578609,67710688,0.277903,0.182245,0.3576887,0.0039347
"chr2_135158578_137042794",2131,503,20,"samples",493,0.730121291418845,41531488,0.0815729,0.0945388,0.3432235,0.0016698
"chr2_137042794_138698117",4863,503,20,"samples",502,0.590564169137915,63606048,0.1818684,0.1810972,0.3338032,0.0043292
"chr2_138698117_140100271",3553,503,20,"samples",502,0.582490839532415,53021248,0.1338079,0.1349478,0.329686,0.0019472
"chr2_140100271_141805351",5880,503,20,"samples",502,0.575240715082744,71823408,0.219033,0.1940396,0.3596569,0.0049539
"chr2_141805351_142518602",2659,503,20,"samples",502,0.744031263378348,45797728,0.093198,0.1069576,0.3238547,0.0020004
"chr2_142518602_144519484",5377,503,20,"samples",502,0.543085177300603,67759168,0.2180375,0.2030191,0.364099,0.0029341
"chr2_14335308_16329735",4993,503,20,"samples",502,0.462072346491813,64656448,0.1785737,0.2252729,0.3465873,0.0043451
"chr2_144519484_146445570",3412,503,20,"samples",502,0.543206280919527,51881968,0.1352272,0.1268103,0.3244323,0.0030033
"chr2_146445570_147277162",1674,503,20,"samples",500,0.760601924708393,37838928,0.0686863,0.0529901,0.3320513,0.0015912
"chr2_147277162_150210292",5609,503,20,"samples",502,0.521742954844536,69633728,0.2189325,0.2025958,0.3504356,0.0039001
"chr2_150210292_151731462",3738,503,20,"samples",502,0.564711475954688,54516048,0.142836,0.1592224,0.3696448,0.0032733
"chr2_151731462_152486782",2203,503,20,"samples",502,0.750918242214725,42113248,0.093758,0.1060672,0.3641458,0.001903
"chr2_152486782_154005056",3824,503,20,"samples",502,0.655709432358149,55210928,0.1234804,0.1765634,0.3706449,0.0035943
"chr2_154005056_155391135",3582,503,20,"samples",502,0.592348205270025,53255568,0.1537586,0.1534229,0.3234572,0.0036033
"chr2_155391135_157560635",5028,503,20,"samples",502,0.568323109258879,64939248,0.2031303,0.1857399,0.3381598,0.0046649
"chr2_157560635_158533218",1586,503,20,"samples",502,0.745434871456026,37127888,0.0509706,0.0456557,0.2956359,0.0012437
"chr2_158533218_159577082",3061,503,20,"samples",502,0.657268430172838,49045888,0.0946068,0.1003596,0.4173519,0.0055154
"chr2_159577082_161769733",6352,503,20,"samples",502,0.541393823765741,75637168,0.2386324,0.2755883,0.4406667,0.004222
"chr2_161769733_163503551",3305,503,20,"samples",502,0.692054033221496,51017408,0.1027362,0.1542509,0.4325395,0.0047062
"chr2_16329735_18647423",6744,503,20,"samples",502,0.437732216225357,78804528,0.2717752,0.219223,0.3930023,0.0055366
"chr2_163503551_164466638",2462,503,20,"samples",502,0.735752625772377,44205968,0.0874592,0.1278219,0.2927227,0.0024778
"chr2_164466638_165178840",1317,503,20,"samples",500,0.750911608096472,34954368,0.0415556,0.0387731,0.3177927,0.0010495
"chr2_165178840_167160270",4434,503,20,"samples",502,0.548799880979962,60139728,0.1415544,0.1842499,0.549629,0.0102269
"chr2_167160270_167355970",515,503,20,"samples",187,0.906683505159872,28474208,0.028318,0.0370436,0.2546844,0.0008267
"chr2_167355970_169968236",6956,503,20,"samples",502,0.457626694812809,80517488,0.2612103,0.2657832,0.3741883,0.0049105
"chr2_169968236_171226245",4178,503,20,"samples",502,0.624457378977651,58071248,0.1719275,0.1736632,0.4249213,0.0048129
"chr2_171226245_173138905",5053,503,20,"samples",502,0.536443323033046,65141248,0.2043192,0.2007423,0.4230943,0.0033626
"chr2_173138905_175588929",6635,503,20,"samples",502,0.396001206883651,77923808,0.2866521,0.2381512,0.3562257,0.0060829
"chr2_175588929_177363636",4012,503,20,"samples",502,0.562219277515999,56729968,0.1959495,0.1448205,0.3614862,0.0036506
"chr2_177363636_178553183",3325,503,20,"samples",502,0.626390217735563,51179008,0.1336473,0.1326041,0.4252803,0.0029059
"chr2_1781022_3973779",7005,503,20,"samples",502,0.340195195328138,80913408,0.212206,0.2806861,0.3492269,0.0076492
"chr2_178553183_181312739",8048,503,20,"samples",502,0.443928696467411,89340848,0.3142713,0.2712903,0.3374735,0.0060286
"chr2_181312739_182266031",2951,503,20,"samples",502,0.748755418048582,48157088,0.1091239,0.1501554,0.4039424,0.0020209
"chr2_182266031_184357608",5893,503,20,"samples",502,0.545214807490387,71928448,0.2241781,0.2241345,0.3583562,0.0053862
"chr2_184357608_185280173",2749,503,20,"samples",502,0.787325710862433,46524928,0.1172324,0.0911404,0.3463315,0.002517
"chr2_185280173_189882065",10890,503,20,"samples",502,0.561055007116503,112304208,0.3719892,0.4029124,0.3359912,0.0079625
"chr2_18647423_19692404",2624,503,20,"samples",502,0.582427821686375,45514928,0.0919634,0.0926528,0.3672946,0.0023183
"chr2_189882065_191973357",4744,503,20,"samples",502,0.669607938881999,62644528,0.1936998,0.197801,0.3663338,0.0067149
"chr2_191973357_195861164",6354,503,20,"samples",502,0.51897461713774,75653328,0.3096978,0.2340708,0.3668669,0.005925
"chr2_195861164_196447456",1974,503,20,"samples",420,0.832718134221688,40262928,0.0703675,0.0707009,0.3343897,0.0037427
"chr2_196447456_198078110",3627,503,20,"samples",502,0.675998759889641,53619168,0.1616299,0.1524619,0.3267712,0.0028264
"chr2_19692404_21050490",3941,503,20,"samples",502,0.446809721080105,56156288,0.1696656,0.1637334,0.4170642,0.0044662
"chr2_198078110_199311125",1822,503,20,"samples",502,0.735844304521849,39034768,0.0797214,0.0740946,0.3560758,0.0014487
"chr2_199311125_201576284",4252,503,20,"samples",502,0.568147780998356,58669168,0.1740244,0.1334813,0.3252084,0.0036738
"chr2_201576284_202818637",2670,503,20,"samples",502,0.680201520930161,45886608,0.1344715,0.1206135,0.4151153,0.0027592
"chr2_202818637_205799241",5835,503,20,"samples",502,0.512840076916766,71459808,0.2594841,0.2357196,0.446399,0.0056014
"chr2_205799241_206735704",2307,503,20,"samples",502,0.555697245681341,42953568,0.096544,0.0864069,0.3883316,0.0026053
"chr2_206735704_208645399",4891,503,20,"samples",502,0.472549013544948,63832288,0.2265472,0.1882657,0.3417454,0.0036021
"chr2_208645399_209941529",2931,503,20,"samples",502,0.63547764004178,47995488,0.1203573,0.0962772,0.3331271,0.0024479
"chr2_209941529_212379518",6340,503,20,"samples",502,0.577205395756205,75540208,0.25583,0.1969783,0.3603075,0.0049822
"chr2_21050490_23341383",5102,503,20,"samples",502,0.49753144326118,65537168,0.2186335,0.158183,0.3185037,0.0030568
"chr2_212379518_214014282",5169,503,20,"samples",502,0.472765526630561,66078528,0.2669228,0.2159285,0.4169957,0.0039774
"chr2_214014282_215573795",4327,503,20,"samples",502,0.693551464305159,59275168,0.1734885,0.1736983,0.3720926,0.0059908
"chr2_215573795_217715661",5692,503,20,"samples",502,0.391448931983138,70304368,0.2725732,0.2361573,0.3285039,0.0043191
"chr2_217715661_218395480",2161,503,20,"samples",502,0.671962226324853,41773888,0.0877079,0.0751143,0.3492952,0.0022334
"chr2_218395480_220454551",3791,503,20,"samples",502,0.555256262372447,54944288,0.1522118,0.1410515,0.3513835,0.0027065
"chr2_220454551_222521176",5930,503,20,"samples",502,0.425987455817739,72227408,0.2098662,0.1807538,0.3272894,0.0047403
"chr2_222521176_224859419",6197,503,20,"samples",502,0.410647021852195,74384768,0.2393381,0.1904406,0.3457997,0.0050761
"chr2_224859419_225840004",2619,503,20,"samples",502,0.708895381119209,45474528,0.0974349,0.0889289,0.3512661,0.0023578
"chr2_225840004_228119842",5877,503,20,"samples",502,0.474754238230257,71799168,0.2176107,0.2044589,0.3788615,0.0044428
"chr2_228119842_229370787",4189,503,20,"samples",502,0.556593203137029,58160128,0.1634414,0.2347652,0.4633477,0.0100466
"chr2_229370787_231843389",7288,503,20,"samples",502,0.380856989448358,83200048,0.4955714,0.3306059,0.3428521,0.0056819
"chr2_231843389_233550003",4265,503,20,"samples",502,0.549372131379472,58774208,0.1702259,0.1991587,0.3390097,0.0030884
"chr2_23341383_24686918",3886,503,20,"samples",502,0.641056361444117,55711888,0.129574,0.1279923,0.4153533,0.003241
"chr2_233550003_235150987",4444,503,20,"samples",502,0.454896608115451,60220528,0.1592657,0.2376311,0.3845441,0.0034877
"chr2_235150987_236043550",3424,503,20,"samples",502,0.451320570829768,51978928,0.1575148,0.1505597,0.3973394,0.0026173
"chr2_236043550_237449032",3846,503,20,"samples",502,0.495432985484509,55388688,0.1510197,0.1661166,0.3987032,0.0025235
"chr2_237449032_238760981",4079,503,20,"samples",502,0.531369980038858,57271328,0.1792087,0.1484004,0.3667694,0.0037151
"chr2_238760981_239952643",3768,503,20,"samples",502,0.546612700283909,54758448,0.1734296,0.1800774,0.4931137,0.0049788
"chr2_239952643_241560084",6027,503,20,"samples",502,0.344721248223038,73011168,0.2740266,0.2876098,0.4724904,0.0052811
"chr2_241560084_242149921",1844,503,20,"samples",502,0.676236815123285,39212528,0.0847391,0.0789093,0.4390083,0.0029422
"chr2_242149921_243188920",1802,503,20,"samples",502,0.755423427509575,38873168,0.0850206,0.0868105,0.3916559,0.0018737
"chr2_24686918_26894985",4676,503,20,"samples",502,0.561649282195575,62095088,0.1998399,0.1862847,0.3627923,0.0047076
"chr2_26894985_28598777",3195,503,20,"samples",502,0.70244208117634,50128608,0.1490094,0.1232812,0.3532034,0.0038198
"chr2_28598777_29217559",1705,503,20,"samples",502,0.681701048457837,38089408,0.0718761,0.0723104,0.4033254,0.0019231
"chr2_29217559_30463711",3746,503,20,"samples",502,0.506553283075456,54580688,0.1580576,0.1997997,0.4409303,0.0040589
"chr2_30463711_31550450",3765,503,20,"samples",502,0.511328251241002,54734208,0.1389008,0.1515088,0.4030801,0.0024735
"chr2_31550450_33363777",4957,503,20,"samples",502,0.66213683296383,64365568,0.1709652,0.2055144,0.3846574,0.0035904
"chr2_33363777_35345028",7786,503,20,"samples",502,0.436627888850984,87223888,0.3286963,0.3646306,0.477069,0.0099749
"chr2_35345028_36122006",2686,503,20,"samples",501,0.775414491322362,46015888,0.1254472,0.1247781,0.3734775,0.0027849
"chr2_36122006_38132712",6769,503,20,"samples",502,0.417700586932007,79006528,0.3083228,0.255691,0.5014012,0.0078749
"chr2_38132712_39031337",3057,503,20,"samples",502,0.657327210738841,49013568,0.1474213,0.1353074,0.3905899,0.0030387
"chr2_39031337_40281483",2849,503,20,"samples",502,0.694717398000331,47332928,0.142916,0.1070415,0.3550993,0.00301
"chr2_3973779_5708337",5182,503,20,"samples",502,0.434329454654034,66183568,0.2370178,0.1922972,0.4028414,0.0041251
"chr2_40281483_43309590",9969,503,20,"samples",502,0.435374802724591,104862528,0.342111,0.3435343,0.3649402,0.0077289
"chr2_43309590_44313803",3151,503,20,"samples",502,0.657290106824243,49773088,0.1013142,0.1000771,0.3508879,0.0021323
"chr2_44313803_46482634",7262,503,20,"samples",502,0.367898943664013,82989968,0.2966752,0.261603,0.4101858,0.0069665
"chr2_46482634_47318772",3138,503,20,"samples",502,0.549767559363974,49668048,0.1397851,0.1428103,0.4113406,0.0036281
"chr2_47318772_48213001",2862,503,20,"samples",502,0.532421248248869,47437968,0.1538424,0.1337745,0.3958288,0.0032204
"chr2_48213001_50022257",6127,503,20,"samples",502,0.533917566610077,73819168,0.261279,0.2297758,0.4090617,0.0057797
"chr2_50022257_50818928",2656,503,20,"samples",502,0.742279508666655,45773488,0.1121633,0.120989,0.4176303,0.0026843
"chr2_50818928_52491133",5001,503,20,"samples",502,0.56602862993847,64721088,0.2064577,0.1890144,0.3534467,0.0047368
"chr2_52491133_53508452",4125,503,20,"samples",502,0.710451542654937,57643008,0.1598056,0.1605925,0.39847,0.0033681
"chr2_53508452_54685226",3933,503,20,"samples",502,0.627909968273257,56091648,0.1594308,0.1396448,0.4399111,0.0041954
"chr2_54685226_56203345",4506,503,20,"samples",502,0.594751108342019,60721488,0.2089566,0.1614196,0.3280708,0.0030021
"chr2_56203345_57429100",3682,503,20,"samples",502,0.658555808082686,54063568,0.1564629,0.1563298,0.481649,0.0100833
"chr2_5708337_6836254",3950,503,20,"samples",502,0.507177601751509,56229008,0.1704444,0.1530324,0.3370311,0.0030819
"chr2_57429100_58297315",2780,503,20,"samples",502,0.777907628725063,46775408,0.093259,0.0916661,0.3087522,0.0022752
"chr2_58297315_60292000",5169,503,20,"samples",502,0.481798067957411,66078528,0.2130067,0.1916278,0.471706,0.0039351
"chr2_60292000_62429044",4627,503,20,"samples",502,0.55669828328001,61699168,0.1696242,0.1880503,0.4122584,0.0032771
"chr2_62429044_64625913",4866,503,20,"samples",502,0.610774974208024,63630288,0.1698614,0.2048036,0.387002,0.0049448
"chr2_64625913_65933444",3538,503,20,"samples",502,0.51504997006418,52900048,0.1199253,0.1332889,0.4397541,0.0027015
"chr2_65933444_67226166",3532,503,20,"samples",502,0.530443603848503,52851568,0.1635203,0.1685525,0.4206243,0.0039729
"chr2_67226166_68010176",2740,503,20,"samples",502,0.646264145913515,46452208,0.1310463,0.1200457,0.4046582,0.0024784
"chr2_68010176_69139564",3452,503,20,"samples",502,0.592350732162665,52205168,0.1562144,0.1722383,0.4335707,0.0034054
"chr2_6836254_8422147",3891,503,20,"samples",502,0.447883682578615,55752288,0.1831296,0.1768006,0.4433986,0.0044838
"chr2_69139564_70755198",3528,503,20,"samples",502,0.635747719646472,52819248,0.1686269,0.1478149,0.3706357,0.0029997
"chr2_70755198_73174848",5953,503,20,"samples",502,0.46108318583529,72413248,0.2696869,0.2514693,0.423396,0.0057297
"chr2_73174848_75630086",4875,503,20,"samples",502,0.506040482932051,63703008,0.2322251,0.2128206,0.317729,0.0041585
"chr2_75630086_76913661",4150,503,20,"samples",502,0.599129269005239,57845008,0.1385832,0.1317082,0.3183926,0.0028999
"chr2_76913661_78079264",3954,503,20,"samples",502,0.584388407223143,56261328,0.2052183,0.1829419,0.4295425,0.0041811
"chr2_78079264_80050403",5880,503,20,"samples",502,0.477256986089951,71823408,0.2911667,0.2317604,0.3491213,0.0049829
"chr2_80050403_81620841",4072,503,20,"samples",502,0.534073133328707,57214768,0.1868703,0.1637333,0.3216881,0.0031621
"chr2_81620841_85140680",9906,503,20,"samples",502,0.639673048139321,104353488,0.386489,0.3479001,0.3458384,0.0096059
"chr2_8422147_10298469",4746,503,20,"samples",502,0.41808221107953,62660688,0.2218081,0.190287,0.4487063,0.0034567
"chr2_85140680_88038507",5218,503,20,"samples",502,0.558594040420759,66474448,0.1738518,0.2184143,0.3985301,0.0045792
"chr2_88038507_89154526",1992,503,20,"samples",502,0.719130623345123,40408368,0.101147,0.1128711,0.399417,0.0017245
"chr2_89154526_95326452",78,78,5,"markers",32,0.953711241502736,1231648,0.0100844,0.0012674,0.0034263,3.12e-05
"chr2_95326452_98995201",3182,503,20,"samples",502,0.680146348078494,50023568,0.1822165,0.1065174,0.3503589,0.0026493
"chr2_98995201_101822329",7184,503,20,"samples",502,0.551474743329202,82359728,0.2684999,0.2842471,0.3753874,0.0070752
"chr3_100592217_103084960",6433,503,20,"samples",502,0.597982082150234,76291648,0.2575431,0.250879,0.3946031,0.0059846
"chr3_103084960_104581613",4689,503,20,"samples",502,0.648903457296712,62200128,0.2138644,0.2207103,0.4303719,0.0031506
"chr3_104581613_106982811",7309,503,20,"samples",502,0.452368878522874,83369728,0.3186921,0.2768237,0.418016,0.0086539
"chr3_106982811_109522395",6074,503,20,"samples",502,0.523391559456241,73390928,0.2855522,0.241059,0.4188526,0.0041489
"chr3_109522395_110513770",2527,503,20,"samples",502,0.805745223171865,44731168,0.101723,0.0802103,0.3772642,0.0029174
"chr3_11019665_13070799",5310,503,20,"samples",502,0.469197683947559,67217808,0.2709133,0.2035787,0.4123383,0.00513
"chr3_110513770_112815699",6295,503,20,"samples",502,0.482880976911441,75176608,0.3017561,0.2368333,0.42911,0.0063673
"chr3_112815699_113947863",3078,503,20,"samples",502,0.663020027786975,49183248,0.1208855,0.1310839,0.4351588,0.0037946
"chr3_113947863_115447080",3146,503,20,"samples",502,0.523770829487377,49732688,0.1412893,0.1441636,0.4169238,0.0032678
"chr3_115447080_116800153",3878,503,20,"samples",502,0.558157992477968,55647248,0.1735468,0.1797544,0.4777059,0.0025896
"chr3_116800153_118530251",4927,503,20,"samples",502,0.54159560762768,64123168,0.1676018,0.1890719,0.345028,0.0043569
"chr3_118530251_120523055",5192,503,20,"samples",502,0.469168151908674,66264368,0.2043741,0.2136938,0.37696,0.0045621
"chr3_120523055_121974097",3681,503,20,"samples",502,0.750252330968815,54055488,0.1220037,0.1421726,0.3968953,0.0031299
"chr3_121974097_123517768",3762,503,20,"samples",502,0.59102851158767,54709968,0.142493,0.1311926,0.3497511,0.0039619
"chr3_123517768_124936642",4307,503,20,"samples",502,0.54163863647965,59113568,0.1566632,0.1615683,0.3273403,0.004153
"chr3_124936642_126214943",4119,503,20,"samples",502,0.670197479843191,57594528,0.1839251,0.1305175,0.3605906,0.0036331
"chr3_126214943_128194861",5088,503,20,"samples",502,0.534552930599957,65424048,0.201779,0.1711361,0.3449883,0.0036255
"chr3_128194861_130244735",4185,503,20,"samples",502,0.598262402931883,58127808,0.2573107,0.1537325,0.3499799,0.0034442
"chr3_130244735_131836516",4162,503,20,"samples",502,0.664130237574741,57941968,0.1669632,0.1791483,0.3535102,0.0032222
"chr3_13070799_14816900",5727,503,20,"samples",502,0.387425620825509,70587168,0.2310374,0.2384446,0.3608882,0.0044173
"chr3_131836516_133252173",4117,503,20,"samples",502,0.626730347667281,57578368,0.1555952,0.1699182,0.3916445,0.0051286
"chr3_133252173_135456906",5302,503,20,"samples",502,0.421806161812575,67153168,0.2532665,0.1968619,0.3590228,0.0044706
"chr3_135456906_137371083",3282,503,20,"samples",502,0.694303747408296,50831568,0.1451192,0.1502288,0.3827503,0.0029131
"chr3_137371083_139954597",5619,503,20,"samples",502,0.494461187026429,69714528,0.214712,0.1891967,0.3363001,0.0042321
"chr3_139954597_141339097",3319,503,20,"samples",502,0.572202468824057,51130528,0.1296639,0.1486519,0.3246257,0.0023987
"chr3_141339097_143164628",4694,503,20,"samples",502,0.529130573655117,62240528,0.2073381,0.1694643,0.4180256,0.0041469
"chr3_143164628_144410816",3148,503,20,"samples",502,0.579976148447204,49748848,0.1361132,0.1190469,0.3874354,0.0030523
"chr3_1441779_2992120",6791,503,20,"samples",502,0.371681488666733,79184288,0.2790817,0.2223382,0.3605282,0.0058963
"chr3_144410816_145664619",3958,503,20,"samples",502,0.680076537526929,56293648,0.1667253,0.1382908,0.3177918,0.0025682
"chr3_145664619_146726629",3672,503,20,"samples",502,0.665054371048813,53982768,0.1268181,0.1383446,0.3454646,0.0040204
"chr3_146726629_149043237",6324,503,20,"samples",502,0.417015041710295,75410928,0.2204887,0.2240438,0.3929796,0.0041162
"chr3_14816900_16282442",3957,503,20,"samples",502,0.560640309637717,56285568,0.1569741,0.1675734,0.3984055,0.0040385
"chr3_149043237_150252004",3500,503,20,"samples",502,0.520269112812029,52593008,0.1298371,0.1270678,0.3890763,0.0026842
"chr3_150252004_151348730",2628,503,20,"samples",502,0.557249692982173,45547248,0.0871642,0.1042664,0.3377141,0.0029685
"chr3_151348730_153256571",5208,503,20,"samples",502,0.52959121032962,66393648,0.2021758,0.228064,0.3670399,0.0034631
"chr3_153256571_154714218",4110,503,20,"samples",502,0.704771690558469,57521808,0.1828403,0.1405626,0.3218362,0.003768
"chr3_154714218_156008700",3300,503,20,"samples",502,0.666772786355268,50977008,0.1304956,0.1366509,0.342719,0.0026626
"chr3_156008700_157312028",3623,503,20,"samples",502,0.681158299678657,53586848,0.1383677,0.1422148,0.3517753,0.008303
"chr3_157312028_159477890",5424,503,20,"samples",502,0.63092617318488,68138928,0.2148007,0.2027837,0.338789,0.0041986
"chr3_159477890_161524504",5216,503,20,"samples",502,0.642785364457137,66458288,0.1934248,0.1841115,0.3497114,0.0046328
"chr3_161524504_163253205",5863,503,20,"samples",502,0.741774474422457,71686048,0.252539,0.2097567,0.4384148,0.0054285
"chr3_16282442_17891118",4591,503,20,"samples",502,0.651989456237129,61408288,0.1461534,0.1600887,0.3681046,0.0033108
"chr3_163253205_165055469",5105,503,20,"samples",500,0.758690683525353,65561408,0.1794149,0.2126526,0.3255006,0.0033872
"chr3_165055469_167117429",6770,503,20,"samples",502,0.684553041991736,79014608,0.2618474,0.2731862,0.3391284,0.0060474
"chr3_167117429_168580960",2959,503,20,"samples",502,0.621376322744433,48221728,0.1158368,0.1375504,0.3304252,0.0021635
"chr3_168580960_170964909",6095,503,20,"samples",502,0.458412564137558,73560608,0.2330911,0.3254143,0.3958383,0.0039952
"chr3_170964909_172295731",3489,503,20,"samples",502,0.461526450845004,52504128,0.1411175,0.1375293,0.3451674,0.002998
"chr3_172295731_173477285",2825,503,20,"samples",502,0.568947398947397,47139008,0.1265206,0.1085053,0.3546895,0.0028103
"chr3_173477285_175116539",4820,503,20,"samples",502,0.502807789647089,63258608,0.1799167,0.1659208,0.3250728,0.0036066
"chr3_175116539_176320287",3301,503,20,"samples",502,0.647926326893766,50985088,0.1315133,0.1448455,0.3613735,0.002349
"chr3_176320287_178107165",4824,503,20,"samples",502,0.443083071646424,63290928,0.2004945,0.190496,0.3541659,0.0032653
"chr3_178107165_179374586",3167,503,20,"samples",502,0.611100464921977,49902368,0.1168104,0.1154088,0.3928163,0.0026536
"chr3_17891118_19125144",2880,503,20,"samples",502,0.652526550909076,47583408,0.1134103,0.1266897,0.3457669,0.0028371
"chr3_179374586_181511166",4298,503,20,"samples",502,0.561239623148119,59040848,0.1802123,0.2080519,0.4331916,0.0048651
"chr3_181511166_183769683",4927,503,20,"samples",502,0.496943670691136,64123168,0.1658888,0.1905406,0.3894097,0.003388
"chr3_183769683_185068255",3260,503,20,"samples",502,0.504610182067603,50653808,0.1597518,0.1307325,0.3675507,0.002201
"chr3_185068255_186890344",4498,503,20,"samples",502,0.361375028825102,60656848,0.2089596,0.1536144,0.362516,0.0038646
"chr3_186890344_188856214",5248,503,20,"samples",502,0.336883190188205,66716848,0.1742128,0.1874114,0.4204121,0.0052099
"chr3_188856214_190226607",4740,503,20,"samples",502,0.472745864463073,62612208,0.1596477,0.1743481,0.4085946,0.0079754
"chr3_190226607_192343814",7166,503,20,"samples",502,0.447916362747204,82214288,0.2602067,0.3234868,0.3349012,0.0042674
"chr3_19125144_20091348",1794,503,20,"samples",502,0.728609548273274,38808528,0.0574218,0.0788365,0.3992694,0.0011596
"chr3_192343814_194059671",5153,503,20,"samples",502,0.429269050512713,65949248,0.2235121,0.1940018,0.3927094,0.0071674
"chr3_194059671_194786674",3179,503,20,"samples",502,0.495710206056827,49999328,0.1488839,0.1370936,0.3739434,0.0018893
"chr3_194786674_195971408",2771,503,20,"samples",502,0.606621042635403,46702688,0.1387008,0.1098114,0.349587,0.002035
"chr3_195971408_197075987",2975,503,20,"samples",502,0.567013212101202,48351008,0.1074339,0.1244756,0.3935508,0.0026617
"chr3_197075987_197946622",1976,503,20,"samples",502,0.705659850147925,40279088,0.1038084,0.0910438,0.3738524,0.0019288
"chr3_20091348_21643707",5943,503,20,"samples",502,0.50208817470468,72332448,0.2863828,0.2387882,0.4207662,0.0063023
"chr3_21643707_22204244",2900,503,20,"samples",502,0.600410324883238,47745008,0.1322005,0.1310019,0.4370439,0.0023062
"chr3_22204244_23804865",5173,503,20,"samples",502,0.60893365838662,66110848,0.2357004,0.2168095,0.4204984,0.0061365
"chr3_23804865_25461558",5861,503,20,"samples",502,0.441382341572681,71669888,0.2500463,0.2332277,0.440851,0.0072245
"chr3_25461558_26877769",3827,503,20,"samples",502,0.615932071313912,55235168,0.1564717,0.1462294,0.4184124,0.0035123
"chr3_26877769_27840910",3179,503,20,"samples",502,0.726712744443664,49999328,0.1309004,0.1340709,0.4075453,0.0030633
"chr3_27840910_29142260",3316,503,20,"samples",502,0.554289587813817,51106288,0.1892854,0.1504951,0.3705989,0.0026423
"chr3_29142260_30717955",5744,503,20,"samples",502,0.427408536606029,70724528,0.2302313,0.2018808,0.3619443,0.005125
"chr3_2992120_4431647",5146,503,20,"samples",502,0.441817117357948,65892688,0.2266824,0.1790387,0.3588169,0.0035033
"chr3_30717955_32351715",4705,503,20,"samples",502,0.477414820314693,62329408,0.1932238,0.2146336,0.391679,0.0049598
"chr3_32351715_33255592",2898,503,20,"samples",502,0.593385892758791,47728848,0.0974214,0.1180615,0.389401,0.0025682
"chr3_33255592_35283458",5181,503,20,"samples",501,0.554012163638959,66175488,0.2026476,0.1742127,0.4706248,0.0057791
"chr3_35283458_36486842",3517,503,20,"samples",501,0.62654666941617,52730368,0.1426503,0.1382631,0.3560932,0.0024273
"chr3_36486842_38356116",4259,503,20,"samples",502,0.518834434069232,58725728,0.1786487,0.1540073,0.4079067,0.0038768
"chr3_38356116_40221298",5338,503,20,"samples",502,0.525314075964056,67444048,0.2530453,0.2054727,0.3484505,0.0048953
"chr3_40221298_41064528",1387,503,20,"samples",471,0.765507384425098,35519968,0.0684666,0.0557611,0.3389216,0.0014946
"chr3_41064528_42540002",3990,503,20,"samples",502,0.666748548623489,56552208,0.1801779,0.1573564,0.3562886,0.0046538
"chr3_42540002_45165153",5290,503,20,"samples",502,0.520956453199174,67056208,0.2338507,0.217846,0.3870426,0.0048253
"chr3_4431647_6083183",5651,503,20,"samples",502,0.365514318819074,69973088,0.2562372,0.2169425,0.389397,0.0096446
"chr3_45165153_46657500",4552,503,20,"samples",502,0.638151836587418,61093168,0.2066931,0.1564788,0.3335575,0.0043501
"chr3_46657500_47727212",1503,503,20,"samples",499,0.775019733033436,36457248,0.0672056,0.060623,0.3947015,0.0016094
"chr3_47727212_49316972",1709,503,20,"samples",491,0.760935653551527,38121728,0.0733444,0.0712091,0.3534105,0.0017736
"chr3_49316972_51832015",3324,503,20,"samples",502,0.794308454855289,51170928,0.1483877,0.1323525,0.3843621,0.0041605
"chr3_51832015_54081390",4391,503,20,"samples",502,0.575983783323467,59792288,0.1905473,0.1402762,0.4024427,0.004409
"chr3_54081390_55348860",3710,503,20,"samples",502,0.445230991689294,54289808,0.1575555,0.119612,0.424174,0.0026868
"chr3_55348860_56433907",3184,503,20,"samples",502,0.6518583133217,50039728,0.1460724,0.1488158,0.3486502,0.0036979
"chr3_56433907_58157519",4282,503,20,"samples",502,0.622609202926352,58911568,0.1904279,0.1783986,0.3496253,0.0054606
"chr3_58157519_60272906",6595,503,20,"samples",502,0.406955217007609,77600608,0.288557,0.2245505,0.3979029,0.0049554
"chr3_60157_1441779",4567,503,20,"samples",502,0.461638943900735,61214368,0.1949945,0.1862335,0.3882956,0.0034587
"chr3_60272906_62355666",6586,503,20,"samples",502,0.349231595526606,77527888,0.2871652,0.2094659,0.369037,0.0071261
"chr3_6083183_7083387",3518,503,20,"samples",502,0.537628332715024,52738448,0.1624414,0.1813312,0.3575334,0.002114
"chr3_62355666_63669286",4355,503,20,"samples",502,0.513306046746852,59501408,0.151305,0.1911295,0.4114311,0.0040815
"chr3_63669286_65273538",4980,503,20,"samples",502,0.439814879919484,64551408,0.1782757,0.2616805,0.5105258,0.0087323
"chr3_65273538_66270447",2831,503,20,"samples",502,0.538275227918798,47187488,0.0934321,0.0979595,0.3628213,0.0033815
"chr3_66270447_68286914",6052,503,20,"samples",502,0.464138349304264,73213168,0.2644513,0.1935785,0.3806671,0.0033716
"chr3_68286914_69276762",2859,503,20,"samples",502,0.68789843549501,47413728,0.1178186,0.1297608,0.3648139,0.0021513
"chr3_69276762_70449028",3137,503,20,"samples",502,0.585188764559466,49659968,0.1264279,0.1278134,0.3944753,0.002576
"chr3_70449028_72529329",4809,503,20,"samples",502,0.354014289250288,63169728,0.2307412,0.1916624,0.4866038,0.0052174
"chr3_7083387_8648561",5404,503,20,"samples",502,0.453835314755835,67977328,0.2510706,0.2042926,0.3927338,0.0053808
"chr3_72529329_74321817",5037,503,20,"samples",502,0.431690618712554,65011968,0.2393975,0.210054,0.4080745,0.0042155
"chr3_74321817_75704949",2215,503,20,"samples",502,0.681761369697014,42210208,0.1357193,0.0893072,0.4751367,0.0031689
"chr3_75704949_77508835",4671,503,20,"samples",502,0.518272420970314,62054688,0.1904116,0.1820195,0.4330952,0.0048247
"chr3_77508835_79024541",3617,503,20,"samples",502,0.614152630246836,53538368,0.1520546,0.1639555,0.404137,0.0037247
"chr3_79024541_81427310",5765,503,20,"samples",502,0.681051798428929,70894208,0.2656504,0.2284021,0.4372609,0.0093887
"chr3_81427310_82643886",2844,503,20,"samples",502,0.74628078671423,47292528,0.1064511,0.128829,0.420993,0.0033098
"chr3_82643886_84367479",4295,503,20,"samples",502,0.739842916181185,59016608,0.1860929,0.1731142,0.454077,0.0051104
"chr3_84367479_85582231",3329,503,20,"samples",502,0.788478513269919,51211328,0.147514,0.1498497,0.4218179,0.0035941
"chr3_85582231_87409732",5246,503,20,"samples",502,0.721426260729099,66700688,0.2344775,0.1911163,0.426697,0.0070229
"chr3_8648561_9543183",2724,503,20,"samples",502,0.45428282271398,46322928,0.1035031,0.1259422,0.400133,0.0031864
"chr3_87409732_88298373",2297,503,20,"samples",493,0.82948993408973,42872768,0.1056193,0.0965983,0.3935148,0.0026364
"chr3_88298373_94255316",5640,503,20,"samples",502,0.684484074708258,69884208,0.2748845,0.21287,0.3744684,0.0066588
"chr3_94255316_95311971",3162,503,20,"samples",502,0.874980380812219,49861968,0.1464658,0.1228259,0.3968243,0.0036585
"chr3_95311971_98215950",6963,503,20,"samples",502,0.646996912025886,80574048,0.3045273,0.2775222,0.3963202,0.0081106
"chr3_9543183_11019665",3991,503,20,"samples",502,0.460877985806419,56560288,0.204899,0.1832594,0.3990263,0.0030548
"chr3_98215950_99373762",3551,503,20,"samples",502,0.704788028216178,53005088,0.1747648,0.1703909,0.4025525,0.0021713
"chr3_99373762_100592217",2533,503,20,"samples",499,0.756776813162019,44779648,0.1116631,0.1175141,0.384874,0.0034392
"chr4_100678360_103221356",7154,503,20,"samples",502,0.498492308510523,82117328,0.3450882,0.3030094,0.3583323,0.0052462
"chr4_10240_694715",1764,503,20,"samples",437,0.885990792926569,38566128,0.0796488,0.0748681,0.3480422,0.0014001
"chr4_103221356_105305294",4210,503,20,"samples",502,0.616764940524037,58329808,0.2093618,0.1803355,0.3911024,0.004224
"chr4_105305294_107501305",5160,503,20,"samples",502,0.573529295566,66005808,0.2761342,0.1932935,0.4291136,0.0044414
"chr4_10699152_12323034",5658,503,20,"samples",502,0.504079939330372,70029648,0.2946607,0.2754959,0.4329791,0.0056068
"chr4_107501305_108815348",3306,503,20,"samples",502,0.615396876698201,51025488,0.1399103,0.1671314,0.5603208,0.0035801
"chr4_108815348_111256567",6308,503,20,"samples",502,0.455517905693643,75281648,0.3220351,0.2891594,0.5723923,0.0092907
"chr4_111256567_113870102",5798,503,20,"samples",502,0.479259517940122,71160848,0.2648401,0.3037103,0.5881344,0.0101522
"chr4_113870102_115666246",5085,503,20,"samples",502,0.55107508163024,65399808,0.3508194,0.211422,0.5236968,0.008266
"chr4_115666246_117276929",4211,503,20,"samples",502,0.72608306359722,58337888,0.1200476,0.1243427,0.1335953,0.0033525
"chr4_117276929_118479918",4040,503,20,"samples",502,0.666092125400652,56956208,0.0739033,0.1555311,0.1872961,0.0023099
"chr4_118479918_119933512",3967,503,20,"samples",502,0.742167127449013,56366368,0.0503682,0.0777269,0.1590781,0.0026586
"chr4_119933512_120392684",1424,503,20,"samples",381,0.883033452654453,35818928,0.0250601,0.03116,0.117401,0.0008187
"chr4_120392684_122657987",7692,503,20,"samples",502,0.477668299559897,86464368,0.1089578,0.1503792,0.1422282,0.0032719
"chr4_122657987_124286481",3817,503,20,"samples",502,0.726944329578993,55154368,0.0477183,0.0885963,0.1958007,0.003728
"chr4_12323034_14272001",6642,503,20,"samples",502,0.489308266274024,77980368,0.1310298,0.176548,0.138873,0.0036838
"chr4_124286481_125210862",2614,503,20,"samples",502,0.694014905947524,45434128,0.0331333,0.0532857,0.1608251,0.0011718
"chr4_125210862_126480886",4099,503,20,"samples",502,0.579334764581305,57432928,0.0505726,0.0939589,0.1477008,0.0024135
"chr4_126480886_127275477",2436,503,20,"samples",502,0.701438998562614,43995888,0.0332473,0.0560726,0.13454,0.0012736
"chr4_127275477_127830293",2005,503,20,"samples",496,0.775185195238265,40513408,0.0482994,0.0627846,0.1197363,0.0011059
"chr4_127830293_128996665",2363,503,20,"samples",492,0.79560289719448,43406048,0.0302572,0.0459759,0.125718,0.0011921
"chr4_128996665_130591885",3963,503,20,"samples",502,0.55630981226256,56334048,0.0461587,0.0731073,0.124982,0.0015981
"chr4_130591885_131283821",2063,503,20,"samples",502,0.802962293788923,40982048,0.0240004,0.0395566,0.1171909,0.0008696
"chr4_131283821_132954033",4384,503,20,"samples",502,0.679313106823236,59735728,0.0506211,0.0859916,0.1240428,0.0027112
"chr4_132954033_134628434",5679,503,20,"samples",502,0.690112560376705,70199328,0.0642925,0.1016821,0.1313891,0.00212
"chr4_134628434_136566407",5015,503,20,"samples",502,0.64497586239123,64834208,0.0672795,0.0951754,0.1278702,0.0018228
"chr4_136566407_138541971",6334,503,20,"samples",502,0.479639925349623,75491728,0.0748296,0.1089802,0.1253054,0.0021665
"chr4_138541971_139556511",3179,503,20,"samples",502,0.650732491959989,49999328,0.0363333,0.0592743,0.1247528,0.0014627
"chr4_139556511_141084631",3621,503,20,"samples",502,0.498811190084572,53570688,0.0435716,0.0763561,0.1285006,0.0013688
"chr4_141084631_143443265",5651,503,20,"samples",502,0.490858961826596,69973088,0.0634061,0.1019741,0.1306644,0.0021721
"chr4_14272001_15147446",2891,503,20,"samples",502,0.629034221905541,47672288,0.0341927,0.0521901,0.127166,0.0011429
"chr4_143443265_146178187",5308,503,20,"samples",502,0.663358014284709,67201648,0.0667576,0.0948469,0.1290547,0.0020072
"chr4_146178187_148521873",5184,503,20,"samples",502,0.497903209614626,66199728,0.061318,0.094431,0.1324176,0.0062235
"chr4_1478711_2842979",3541,503,20,"samples",502,0.592856979748129,52924288,0.0476745,0.0630001,0.1236915,0.0014252
"chr4_148521873_150683580",4398,503,20,"samples",502,0.536552639425326,59848848,0.0523018,0.0803594,0.123507,0.0018161
"chr4_150683580_152782184",4045,503,20,"samples",502,0.668540751432008,56996608,0.0461057,0.069936,0.1411539,0.0014316
"chr4_15147446_15927009",2316,503,20,"samples",502,0.713350493280891,43026288,0.02633,0.0431134,0.127676,0.0016843
"chr4_152782184_154477641",4608,503,20,"samples",502,0.466014900284048,61545648,0.0637181,0.0855322,0.1254927,0.0015717
"chr4_154477641_155056126",1810,503,20,"samples",502,0.730264963995276,38937808,0.0192072,0.0316773,0.1195782,0.0007568
"chr4_155056126_157485097",7251,503,20,"samples",502,0.3898338811146,82901088,0.0821189,0.1219991,0.1384899,0.0025052
"chr4_157485097_158743718",3425,503,20,"samples",502,0.64457251297749,51987008,0.0392903,0.064038,0.1355129,0.0018779
"chr4_158743718_161058864",5309,503,20,"samples",502,0.630759949761892,67209728,0.0713522,0.0953803,0.1303819,0.0020181
"chr4_15927009_17383322",4429,503,20,"samples",502,0.455605173344544,60099328,0.0529229,0.0803699,0.1360491,0.0017985
"chr4_161058864_161826435",2794,503,20,"samples",502,0.687575452089162,46888528,0.0320228,0.0475815,0.1278881,0.0010822
"chr4_161826435_163243679",5415,503,20,"samples",502,0.60136171281773,68066208,0.0612032,0.0970841,0.1252127,0.0020834
"chr4_163243679_164478234",3608,503,20,"samples",502,0.615978015201268,53465648,0.0410856,0.0767123,0.1310247,0.0013157
"chr4_164478234_165823448",4480,503,20,"samples",502,0.578088006670475,60511408,0.0519785,0.0823908,0.1258882,0.001616
"chr4_165823448_167018858",3658,503,20,"samples",502,0.538637078951997,53869648,0.0432476,0.0631872,0.1276986,0.0020946
"chr4_167018858_167852917",2416,503,20,"samples",502,0.781952310376374,43834288,0.0276067,0.0519613,0.129662,0.0017019
"chr4_167852917_169676825",5618,503,20,"samples",502,0.519840873190314,69706448,0.0805864,0.1035815,0.1289509,0.0021929
"chr4_169676825_170776510",2426,503,20,"samples",502,0.686418868179641,43915088,0.0298991,0.0442797,0.1258602,0.0017901
"chr4_170776510_172558635",5968,503,20,"samples",502,0.684462236301526,72534448,0.0671352,0.1197074,0.1463978,0.0036676
"chr4_172558635_174264132",3703,503,20,"samples",502,0.623473742432846,54233248,0.0615193,0.0744177,0.1312737,0.0013089
"chr4_17383322_18841874",4200,503,20,"samples",502,0.625293300741846,58249008,0.0464159,0.1805053,1.1895882,0.0040221
"chr4_174264132_176570716",6085,503,20,"samples",502,0.410297729449777,73479808,0.1317117,0.1662213,0.1758459,0.0033644
"chr4_176570716_178991910",6871,503,20,"samples",502,0.397338475047778,79830688,0.2923935,0.3698499,0.3509001,0.0077943
"chr4_178991910_180122043",3773,503,20,"samples",502,0.616515049434048,54798848,0.1309935,0.1668613,0.3413812,0.0031149
"chr4_180122043_182066807",7501,503,20,"samples",502,0.373918763515046,84921088,0.2599467,0.361639,0.3629762,0.0050785
"chr4_182066807_183371275",4959,503,20,"samples",502,0.370584290152574,64381728,0.1522243,0.1981045,0.2539193,0.0036464
"chr4_183371275_184929455",5237,503,20,"samples",502,0.361246709061205,66627968,0.1704099,0.2011842,0.316954,0.0029571
"chr4_184929455_186909090",6433,503,20,"samples",502,0.346935048466302,76291648,0.1844236,0.2602278,0.2914699,0.005233
"chr4_186909090_188472981",5004,503,20,"samples",502,0.380937009725488,64745328,0.1955589,0.1973759,0.1870642,0.003485
"chr4_18841874_20544557",5611,503,20,"samples",502,0.650073457534625,69649888,0.1004554,0.1971913,0.1737413,0.0032578
"chr4_188472981_189693511",4969,503,20,"samples",502,0.414673950044616,64462528,0.1158502,0.179232,0.2098815,0.0031089
"chr4_189693511_191043594",3894,503,20,"samples",502,0.550784363095343,55776528,0.1020234,0.1841412,0.2827569,0.0032112
"chr4_20544557_22319347",5756,503,20,"samples",502,0.505262946786516,70821488,0.1213655,0.175379,0.1842972,0.0036888
"chr4_22319347_24135529",4642,503,20,"samples",502,0.458455538327329,61820368,0.0812761,0.1289229,0.1723879,0.0021852
"chr4_24135529_25609322",4093,503,20,"samples",502,0.427727689461598,57384448,0.0638739,0.1019987,0.2394902,0.0023214
"chr4_25609322_27343722",3883,503,20,"samples",502,0.412225114498554,55687648,0.0616143,0.1006849,0.1696782,0.0018159
"chr4_27343722_27965868",2394,503,20,"samples",502,0.678774271617373,43656528,0.0396291,0.0662214,0.1745398,0.0015037
"chr4_27965868_29762208",5603,503,20,"samples",502,0.573915366387654,69585248,0.0999196,0.1573528,0.1650619,0.0028626
"chr4_2842979_3846040",2537,503,20,"samples",502,0.603661128891115,44811968,0.0430945,0.0710927,0.1768384,0.0016183
"chr4_29762208_30454535",2650,503,20,"samples",502,0.739474362464448,45725008,0.0390057,0.0734977,0.1610396,0.0018909
"chr4_30454535_31782981",4298,503,20,"samples",502,0.581773087588197,59040848,0.0732655,0.1255319,0.1756995,0.0020706
"chr4_31782981_33172766",4903,503,20,"samples",502,0.669442650417706,63929248,0.0728947,0.1223186,0.1686063,0.0034125
"chr4_33172766_35151415",4705,503,20,"samples",502,0.799816767613125,62329408,0.0858953,0.1231816,0.1675971,0.0027884
"chr4_35151415_36020436",3598,503,20,"samples",502,0.758075808303821,53384848,0.0571885,0.1002646,0.216182,0.0021442
"chr4_36020436_37255047",4398,503,20,"samples",502,0.651179962433923,59848848,0.0778986,0.1227211,0.1746445,0.0029014
"chr4_37255047_38907022",5677,503,20,"samples",502,0.38332929936341,70183168,0.1086394,0.1615957,0.2627757,0.0041065
"chr4_3846040_4684116",2305,503,20,"samples",502,0.620014008371175,42937408,0.0948551,0.103663,0.3179387,0.0022118
"chr4_38907022_40202609",3585,503,20,"samples",502,0.634036401272948,53279808,0.1148762,0.1375106,0.2782669,0.0028025
"chr4_40202609_42213058",5980,503,20,"samples",502,0.415611477067972,72631408,0.1920721,0.1938225,0.2158372,0.0036442
"chr4_42213058_43965045",5700,503,20,"samples",502,0.599111296746312,70369008,0.0966505,0.1407335,0.1647047,0.0025261
"chr4_43965045_45189157",4301,503,20,"samples",502,0.708252458577216,59065088,0.0748429,0.1153946,0.16416,0.0022193
"chr4_45189157_47411896",4855,503,20,"samples",502,0.597834888024469,63541408,0.0911144,0.1302346,0.1771204,0.0027194
"chr4_4684116_5502388",3492,503,20,"samples",502,0.553358334781818,52528368,0.0562896,0.0942184,0.1945662,0.0018499
"chr4_47411896_48123600",1928,503,20,"samples",502,0.763111451833227,39891248,0.028183,0.0605031,0.1913432,0.0012712
"chr4_48123600_53877433",3360,503,20,"samples",502,0.673703748265233,51461808,0.0794184,0.1066028,0.1756653,0.0022765
"chr4_53877433_55429556",3915,503,20,"samples",502,0.5591474345155,55946208,0.0581911,0.098445,0.1754938,0.00174
"chr4_5502388_6773043",4840,503,20,"samples",502,0.334988094599688,63420208,0.0705599,0.131133,0.1855921,0.002304
"chr4_55429556_56547644",3603,503,20,"samples",502,0.649364480971623,53425248,0.0580775,0.0908382,0.1757134,0.0017728
"chr4_56547644_58935008",7836,503,20,"samples",502,0.402908652520856,87627888,0.1149407,0.221874,0.1721827,0.0055929
"chr4_58935008_60741087",6354,503,20,"samples",502,0.622446839802979,75653328,0.0938943,0.1620091,0.2059837,0.0044441
"chr4_60741087_62371763",4896,503,20,"samples",502,0.617325699146993,63872688,0.090352,0.1408169,0.1823777,0.0022709
"chr4_62371763_64341001",5664,503,20,"samples",502,0.591231462699161,70078128,0.1188149,0.1643132,0.1835319,0.0025083
"chr4_64341001_66600492",6504,503,20,"samples",502,0.632739562812897,76865328,0.1263859,0.1801594,0.1853066,0.0031809
"chr4_66600492_68059497",4179,503,20,"samples",502,0.670135557637179,58079328,0.076191,0.1190115,0.168452,0.0029452
"chr4_6773043_7539692",2925,503,20,"samples",502,0.469854440553991,47947008,0.0591823,0.0954046,0.1775664,0.0017437
"chr4_68059497_68854765",2186,503,20,"samples",502,0.727236518830442,41975888,0.0557938,0.0903894,0.1685735,0.0013953
"chr4_68854765_71049152",6055,503,20,"samples",502,0.692047921937527,73237408,0.1004989,0.1527253,0.1646782,0.0029783
"chr4_694715_1478711",2484,503,20,"samples",502,0.770607823706648,44383728,0.0395335,0.0594601,0.1681024,0.0012405
"chr4_71049152_72140558",3031,503,20,"samples",502,0.798062901529705,48803488,0.0499159,0.0937355,0.1635054,0.0014196
"chr4_72140558_74592390",5137,503,20,"samples",502,0.598214561680282,65819968,0.0751522,0.1323739,0.1949839,0.0044883
"chr4_74592390_77130707",6294,503,20,"samples",502,0.514902350800055,75168528,0.1055558,0.1803244,0.1817768,0.0033931
"chr4_7539692_8152235",2497,503,20,"samples",502,0.498939826100352,44488768,0.0390586,0.0762386,0.1872625,0.0017211
"chr4_77130707_79093979",5313,503,20,"samples",502,0.529322375098689,67242048,0.1337927,0.1896593,0.1913085,0.0033958
"chr4_79093979_80990297",4240,503,20,"samples",502,0.610655966636849,58572208,0.1142647,0.1399038,0.1848281,0.0029173
"chr4_80990297_82125315",2636,503,20,"samples",502,0.755935954241039,45611888,0.0533301,0.0914959,0.1879432,0.0021318
"chr4_8152235_9326479",3148,503,20,"samples",502,0.59051088249213,49748848,0.0822798,0.1108279,0.2027405,0.0028531
"chr4_82125315_83372593",3414,503,20,"samples",502,0.598924626408576,51898128,0.0590608,0.1174438,0.1766744,0.0019997
"chr4_83372593_84799656",3649,503,20,"samples",502,0.58502052425968,53796928,0.0665066,0.118684,0.1740264,0.002004
"chr4_84799656_86930609",4807,503,20,"samples",502,0.642223625468467,63153568,0.0845245,0.1261224,0.1795818,0.0022976
"chr4_86930609_87534648",1607,503,20,"samples",431,0.84447253664178,37297568,0.0252971,0.0407641,0.1504339,0.0010002
"chr4_87534648_89238028",4696,503,20,"samples",502,0.590939875531085,62256688,0.0732313,0.1242027,0.1821535,0.0034634
"chr4_89238028_90231564",2485,503,20,"samples",502,0.664995799956885,44391808,0.0470877,0.0652509,0.174056,0.0014893
"chr4_90231564_91560677",3556,503,20,"samples",502,0.639201259539165,53045488,0.0888402,0.0930367,0.1644323,0.0016824
"chr4_91560677_94233299",6657,503,20,"samples",502,0.553497965802537,78101568,0.0973474,0.1736642,0.1875022,0.0033616
"chr4_9326479_10699152",4757,503,20,"samples",502,0.743633581218211,62749568,0.0898888,0.1462001,0.1599112,0.0024441
"chr4_94233299_96182188",5275,503,20,"samples",502,0.53924403059709,66935008,0.077577,0.1346765,0.1707586,0.0032409
"chr4_96182188_97540703",4128,503,20,"samples",502,0.61535638212454,57667248,0.0889438,0.113103,0.1842504,0.0018756
"chr4_97540703_99424067",4895,503,20,"samples",502,0.744077172914078,63864608,0.0902315,0.1243902,0.1877636,0.0028438
"chr4_99424067_100678360",4024,503,20,"samples",502,0.620428702986679,56826928,0.0698382,0.1143863,0.1841717,0.0022952
"chr5_101578769_103320005",4711,503,20,"samples",502,0.673364167466375,62377888,0.0713175,0.1278945,0.2284471,0.003761
"chr5_103320005_104851483",4143,503,20,"samples",502,0.681595736684947,57788448,0.0834444,0.1132397,0.1736901,0.0029874
"chr5_104851483_105893055",2431,503,20,"samples",502,0.742418975186217,43955488,0.0537013,0.0766109,0.1712833,0.0019059
"chr5_105893055_107264196",4158,503,20,"samples",502,0.534786704850849,57909648,0.0631615,0.1190243,0.2196955,0.0023337
"chr5_107264196_108633934",4263,503,20,"samples",502,0.696112972518957,58758048,0.0809207,0.1230012,0.1686062,0.0019535
"chr5_108633934_110821144",5675,503,20,"samples",502,0.588274185535553,70167008,0.1095097,0.1631047,0.1812882,0.002763
"chr5_110821144_111981562",3912,503,20,"samples",502,0.641022084297681,55921968,0.0603817,0.1036919,0.2722956,0.0029594
"chr5_11173271_13464832",5801,503,20,"samples",502,0.611485689669886,71185088,0.2180222,0.2076916,0.2159974,0.0040031
"chr5_111981562_113396285",5222,503,20,"samples",502,0.630749269771597,66506768,0.0747177,0.1328611,0.194422,0.0041814
"chr5_113396285_114830370",4179,503,20,"samples",502,0.631394485721535,58079328,0.0864872,0.1349523,0.1770068,0.0020143
"chr5_114830370_115831047",3575,503,20,"samples",502,0.664468919304492,53199008,0.0659611,0.0970718,0.1912596,0.00189
"chr5_115831047_117346213",5475,503,20,"samples",502,0.48186019320911,68551008,0.0969368,0.1469281,0.1997202,0.0025897
"chr5_117346213_118608820",4089,503,20,"samples",502,0.62920193916319,57352128,0.0839372,0.1146974,0.170434,0.0020525
"chr5_118608820_119669042",3078,503,20,"samples",502,0.669966734524278,49183248,0.0487977,0.0880626,0.2014503,0.0017132
"chr5_11940_982252",2430,503,20,"samples",502,0.810723997288892,43947408,0.0466002,0.0624297,0.1789271,0.0016071
"chr5_119669042_120452166",2672,503,20,"samples",502,0.760786081771436,45902768,0.0471934,0.0705511,0.1613466,0.0014899
"chr5_120452166_122556905",6401,503,20,"samples",502,0.535218122791601,76033088,0.0924344,0.1597431,0.1785338,0.0032746
"chr5_122556905_123798100",3125,503,20,"samples",502,0.593538992465388,49563008,0.0563251,0.0776594,0.1888526,0.0017152
"chr5_123798100_125785649",6521,503,20,"samples",502,0.419623447747509,77002688,0.0944529,0.1772181,0.1708106,0.0030282
"chr5_125785649_127344604",4283,503,20,"samples",502,0.617401197898637,58919648,0.0770197,0.1104911,0.177081,0.001904
"chr5_127344604_129519025",6024,503,20,"samples",502,0.611812551257315,72986928,0.0949379,0.2094481,0.1788104,0.0042925
"chr5_129519025_132139649",4548,503,20,"samples",502,0.742129559714998,61060848,0.0747003,0.1200011,0.173584,0.0021306
"chr5_132139649_134777401",6042,503,20,"samples",502,0.390624845742432,73132368,0.0987892,0.1656185,0.1753065,0.0030195
"chr5_13464832_14757804",3596,503,20,"samples",502,0.546216179962576,53368688,0.0501586,0.0891348,0.175746,0.0015704
"chr5_134777401_136376050",4421,503,20,"samples",502,0.583442094704045,60034688,0.0604192,0.1231824,0.1654221,0.002041
"chr5_136376050_139265072",4791,503,20,"samples",502,0.524190796717857,63024288,0.0764683,0.1304366,0.1757913,0.0021459
"chr5_139265072_140645971",2432,503,20,"samples",502,0.708514129808374,43963568,0.0403959,0.0666569,0.1770638,0.0012249
"chr5_140645971_142981248",5962,503,20,"samples",502,0.353858400103372,72485968,0.0862125,0.1498313,0.1726304,0.0025271
"chr5_142981248_144943354",4752,503,20,"samples",502,0.639597921955583,62709168,0.0774129,0.1193499,0.1664747,0.0027099
"chr5_144943354_147181998",4760,503,20,"samples",502,0.523187912335455,62773808,0.0723559,0.1201326,0.181823,0.0023113
"chr5_147181998_148662624",3611,503,20,"samples",502,0.546217576221003,53489888,0.0562834,0.1029227,0.1862267,0.002586
"chr5_14757804_16963613",5174,503,20,"samples",502,0.424928395786453,66118928,0.091176,0.1360588,0.1743314,0.0030932
"chr5_148662624_150561298",4971,503,20,"samples",502,0.417886027631448,64478688,0.0842468,0.1285684,0.1823774,0.002498
"chr5_150561298_152867774",6549,503,20,"samples",502,0.557499889568781,77228928,0.1162911,0.1692034,0.1728899,0.0033241
"chr5_152867774_153773088",2936,503,20,"samples",502,0.715887944820897,48035888,0.0510769,0.0761538,0.1608,0.0014743
"chr5_153773088_155373505",4638,503,20,"samples",502,0.550359256958745,61788048,0.068636,0.1147626,0.1696914,0.0019875
"chr5_155373505_156628700",3510,503,20,"samples",502,0.655735111971888,52673808,0.0486036,0.1022544,0.1656821,0.0018964
"chr5_156628700_158825698",6293,503,20,"samples",502,0.478556479196158,75160448,0.0870004,0.1657441,0.1783285,0.0032938
"chr5_158825698_159973944",3388,503,20,"samples",502,0.502187782532486,51688048,0.0533855,0.0842168,0.1842395,0.0016441
"chr5_159973944_161482133",4179,503,20,"samples",502,0.57817661550698,58079328,0.0650191,0.1144229,0.1802439,0.002266
"chr5_161482133_162743908",3051,503,20,"samples",502,0.593432079962451,48965088,0.1383444,0.1541083,0.2242943,0.001741
"chr5_162743908_163771582",3042,503,20,"samples",502,0.626505151109709,48892368,0.0468756,0.1033261,0.2155343,0.0017688
"chr5_163771582_165642395",4807,503,20,"samples",502,0.537400152026449,63153568,0.0983045,0.1730516,0.211526,0.003486
"chr5_165642395_166847740",2884,503,20,"samples",502,0.526523487129202,47615728,0.0590182,0.1138002,0.1782602,0.0013666
"chr5_166847740_168525318",4402,503,20,"samples",502,0.394134476158439,59881168,0.0727168,0.1362486,0.1735541,0.0030264
"chr5_168525318_169505664",3246,503,20,"samples",502,0.549253462464819,50540688,0.0672292,0.1112979,0.191566,0.0027496
"chr5_169505664_171074292",4278,503,20,"samples",502,0.453530663400338,58879248,0.0661989,0.1128209,0.1664029,0.0020322
"chr5_16963613_18051592",2636,503,20,"samples",502,0.551168884794734,45611888,0.0450901,0.0729911,0.1682032,0.0020831
"chr5_171074292_172678327",4088,503,20,"samples",502,0.398322186946305,57344048,0.0733881,0.1504346,0.1725186,0.0018972
"chr5_172678327_173642871",2907,503,20,"samples",502,0.508501580063861,47801568,0.044047,0.0819642,0.1615499,0.001686
"chr5_173642871_175450595",4962,503,20,"samples",502,0.321528356716567,64405968,0.0760396,0.1261449,0.1761435,0.0024484
"chr5_175450595_177251507",3090,503,20,"samples",502,0.591189006500787,49280208,0.0523551,0.0772806,0.1795934,0.0015569
"chr5_177251507_178413464",3788,503,20,"samples",502,0.481392144765873,54920048,0.0583255,0.0988605,0.1711265,0.0027974
"chr5_178413464_179401244",2530,503,20,"samples",502,0.51622858850289,44755408,0.0493054,0.0660586,0.1761463,0.0013594
"chr5_179401244_180559933",3732,503,20,"samples",502,0.494171429851926,54467568,0.0613363,0.1008921,0.1901803,0.0021328
"chr5_18051592_19917716",5478,503,20,"samples",502,0.585034701916919,68575248,0.088278,0.1609383,0.1677409,0.0032875
"chr5_180559933_180885156",567,503,20,"samples",234,0.908818222008096,28894368,0.0111017,0.0128377,0.1382706,0.0004658
"chr5_19917716_22152073",4625,503,20,"samples",502,0.59933166672592,61683008,0.078774,0.1139454,0.1691151,0.0029057
"chr5_2132442_3361941",5447,503,20,"samples",502,0.35164841795884,68324768,0.0860087,0.1383525,0.1770054,0.0028343
"chr5_22152073_23494324",3730,503,20,"samples",502,0.667926494996885,54451408,0.0576296,0.1035527,0.1637727,0.0025425
"chr5_23494324_26184851",7506,503,20,"samples",502,0.484975246594938,84961488,0.1122424,0.2274885,0.1775596,0.0047673
"chr5_26184851_26857604",2341,503,20,"samples",502,0.779495530420162,43228288,0.0431838,0.0657067,0.1661702,0.0013724
"chr5_26857604_27984513",2835,503,20,"samples",502,0.696237696695853,47219808,0.0561869,0.0714037,0.1633841,0.0013404
"chr5_27984513_29714820",5084,503,20,"samples",502,0.588514395646263,65391728,0.0931122,0.1344711,0.1814582,0.003853
"chr5_29714820_31390249",5025,503,20,"samples",502,0.509614056474202,64915008,0.0811929,0.1296205,0.193121,0.003994
"chr5_31390249_33500180",6322,503,20,"samples",502,0.386921920708888,75394768,0.1195159,0.1830002,0.1714522,0.003084
"chr5_33500180_35048970",4033,503,20,"samples",502,0.498492671358694,56899648,0.0667092,0.1114738,0.1718397,0.0022055
"chr5_3361941_4632110",3715,503,20,"samples",502,0.557454183365498,54330208,0.060416,0.1238315,0.1790648,0.0018411
"chr5_35048970_36433954",3545,503,20,"samples",502,0.5867761218029,52956608,0.0729819,0.0951045,0.1713548,0.0017849
"chr5_36433954_38802410",5569,503,20,"samples",502,0.481267982473794,69310528,0.0858193,0.1418844,0.1736899,0.0042491
"chr5_38802410_40287729",4599,503,20,"samples",502,0.622831372194746,61472928,0.071846,0.1268578,0.1744593,0.0034692
"chr5_40287729_41888710",4335,503,20,"samples",502,0.649150188085271,59339808,0.0717885,0.1287898,0.237251,0.0022399
"chr5_41888710_43983499",4655,503,20,"samples",502,0.692703879294864,61925408,0.0862088,0.13689,0.2326312,0.0035883
"chr5_43983499_50163398",6020,503,20,"samples",502,0.799326444458846,72954608,0.1191364,0.1746873,0.1905158,0.0038268
"chr5_4632110_5973233",4619,503,20,"samples",502,0.397062392933565,61634528,0.0978803,0.1746179,0.1781598,0.0019517
"chr5_50163398_52134622",4867,503,20,"samples",502,0.583403960910095,63638368,0.0901721,0.1250366,0.1749583,0.0027026
"chr5_52134622_53703044",4827,503,20,"samples",502,0.54000743342539,63315168,0.0776835,0.1255469,0.1651139,0.0029047
"chr5_53703044_55417349",4990,503,20,"samples",502,0.569720956977141,64632208,0.0732808,0.1311989,0.1735011,0.0022393
"chr5_55417349_56621102",3609,503,20,"samples",502,0.462449212971294,53473728,0.0638156,0.105599,0.19117,0.0020341
"chr5_56621102_57340073",1994,503,20,"samples",502,0.679335205919753,40424528,0.0389316,0.0470615,0.1625949,0.0013515
"chr5_57340073_58524622",3630,503,20,"samples",502,0.583411027379335,53643408,0.0566156,0.096716,0.1835879,0.0018392
"chr5_58524622_60935907",5144,503,20,"samples",502,0.597695310131835,65876528,0.081144,0.1385812,0.1654631,0.0023519
"chr5_5973233_7143218",4075,503,20,"samples",502,0.460272496845693,57239008,0.0628035,0.104226,0.1826988,0.0019358
"chr5_60935907_61672995",1672,503,20,"samples",502,0.709150212891984,37822768,0.0249986,0.0438506,0.1818567,0.000873
"chr5_61672995_63218987",4248,503,20,"samples",502,0.667656261421958,58636848,0.0833002,0.1211653,0.1826966,0.0035857
"chr5_63218987_63968304",1390,503,20,"samples",483,0.75665665365962,35544208,0.0431281,0.0442369,0.1703631,0.0012606
"chr5_63968304_65911286",4757,503,20,"samples",502,0.563131313845792,62749568,0.0822903,0.1265347,0.1796404,0.0025915
"chr5_65911286_67850860",5526,503,20,"samples",502,0.440835049258298,68963088,0.0850047,0.1431537,0.1962155,0.0028489
"chr5_67850860_71240456",3414,503,20,"samples",502,0.621115402697848,51898128,0.059142,0.0875048,0.1921015,0.001901
"chr5_71240456_73759326",6557,503,20,"samples",502,0.459077775280611,77293568,0.1175746,0.170656,0.1731898,0.0046203
"chr5_7143218_8446336",4408,503,20,"samples",502,0.526798737472608,59929648,0.0723821,0.1178117,0.1766668,0.002143
"chr5_73759326_75798866",5201,503,20,"samples",502,0.52883025536857,66337088,0.0860717,0.1636433,0.1697912,0.0030438
"chr5_75798866_77623332",4832,503,20,"samples",502,0.436610300154609,63355568,0.074381,0.1255631,0.1772531,0.0036803
"chr5_77623332_79393144",4146,503,20,"samples",502,0.503597200913921,57812688,0.0898263,0.1226973,0.1813077,0.0030378
"chr5_79393144_80481471",3344,503,20,"samples",502,0.619616497980463,51332528,0.0522654,0.0965673,0.1791981,0.0018241
"chr5_80481471_82025648",3622,503,20,"samples",502,0.547916557570118,53578768,0.0645315,0.0977619,0.1717279,0.0027107
"chr5_82025648_83972689",4231,503,20,"samples",502,0.453334778567302,58499488,0.0688025,0.1165602,0.1748525,0.0022925
"chr5_83972689_85767290",6503,503,20,"samples",502,0.654821718124807,76857248,0.1724588,0.2158271,0.1771024,0.0039287
"chr5_8446336_9718832",4211,503,20,"samples",502,0.495746079230988,58337888,0.0722146,0.1177172,0.1888297,0.0032518
"chr5_85767290_87389991",3364,503,20,"samples",502,0.683815313185337,51494128,0.0616009,0.0969804,0.1710098,0.0022437
"chr5_87389991_88891530",2456,503,20,"samples",502,0.655633005171909,44157488,0.0412169,0.0603267,0.1722818,0.0019231
"chr5_88891530_90422654",2969,503,20,"samples",502,0.56829726738447,48302528,0.0445239,0.0787433,0.16324,0.0016228
"chr5_90422654_91840542",2688,503,20,"samples",502,0.643462868615136,46032048,0.0598472,0.078635,0.1630808,0.0013856
"chr5_91840542_93809984",3244,503,20,"samples",502,0.539881304748724,50524528,0.0496045,0.0800736,0.1766608,0.0025314
"chr5_93809984_95963519",4942,503,20,"samples",502,0.477807022519245,64244368,0.0844742,0.1430713,0.1751659,0.0035403
"chr5_95963519_97315601",4706,503,20,"samples",502,0.725846486436368,62337488,0.0901232,0.1204853,0.1665418,0.002684
"chr5_9718832_11173271",4108,503,20,"samples",502,0.419538972891663,57505648,0.0691167,0.1164926,0.1901277,0.0021629
"chr5_97315601_99260992",5378,503,20,"samples",502,0.667273395130227,67767248,0.0841547,0.1439222,0.1682752,0.0031499
"chr5_982252_2132442",3976,503,20,"samples",502,0.421412162619776,56439088,0.0741565,0.1000276,0.1767566,0.0021497
"chr5_99260992_101578769",6067,503,20,"samples",502,0.672100716819837,73334368,0.0971263,0.1594372,0.2078201,0.0044112
"chr6_100630146_102636772",5129,503,20,"samples",502,0.614306330425479,65755328,0.09351,0.1274195,0.1801295,0.0037301
"chr6_102636772_103983395",4117,503,20,"samples",501,0.778316267266612,57578368,0.0677893,0.1043545,0.177357,0.0018479
"chr6_103983395_106056733",5613,503,20,"samples",502,0.553846552732304,69666048,0.0943643,0.1443212,0.1821318,0.0026297
"chr6_10540317_11790816",3796,503,20,"samples",502,0.527987327066629,54984688,0.065348,0.1019783,0.1655148,0.0018682
"chr6_106056733_107450306",4275,503,20,"samples",502,0.455435169368427,58855008,0.0838485,0.1135916,0.174485,0.0023571
"chr6_107450306_108464380",2161,503,20,"samples",502,0.629603549269925,41773888,0.0466903,0.069162,0.2093857,0.0021637
"chr6_108464380_110304247",4308,503,20,"samples",502,0.641130832327691,59121648,0.0994301,0.1206746,0.1661058,0.002473
"chr6_110304247_112345014",5398,503,20,"samples",502,0.585467472399398,67928848,0.0999642,0.1309822,0.166266,0.0029767
"chr6_112345014_114220833",4256,503,20,"samples",502,0.559937414585898,58701488,0.0671426,0.1101057,0.1632065,0.0020178
"chr6_114220833_116131396",4775,503,20,"samples",502,0.639669224902428,62895008,0.0717249,0.1267175,0.1636643,0.0023484
"chr6_116131396_117672972",4156,503,20,"samples",502,0.650280989738498,57893488,0.0698072,0.1115926,0.1863475,0.0020412
"chr6_117672972_118963115",3555,503,20,"samples",502,0.651411447220253,53037408,0.0568169,0.0960872,0.1814239,0.0017614
"chr6_11790816_13209388",3684,503,20,"samples",502,0.49533969223487,54079728,0.055869,0.1038962,0.1650904,0.0016264
"chr6_118963115_119963278",2998,503,20,"samples",501,0.720785180051187,48536848,0.050178,0.111015,0.2019322,0.002204
"chr6_119963278_120512128",2022,503,20,"samples",456,0.836562741481919,40650768,0.0318895,0.0600567,0.1806988,0.0015555
"chr6_120512128_121905676",4148,503,20,"samples",502,0.767443836988535,57828848,0.1361934,0.1278922,0.1762239,0.0022204
"chr6_121905676_123856181",5307,503,20,"samples",502,0.599107023143464,67193568,0.0843206,0.200554,0.2029708,0.0035292
"chr6_123856181_125424383",3888,503,20,"samples",502,0.458196920515805,55728048,0.0647247,0.1003145,0.1828676,0.0024261
"chr6_125424383_127540461",3703,503,20,"samples",502,0.57072380430098,54233248,0.065938,0.1171815,0.1689863,0.0041257
"chr6_127540461_129861031",5296,503,20,"samples",502,0.539253059602484,67104688,0.0794579,0.1416988,0.1658175,0.0024276
"chr6_129861031_130935454",3864,503,20,"samples",502,0.57329092062812,55534128,0.0566887,0.0959567,0.1706679,0.0017438
"chr6_130935454_132765669",4704,503,20,"samples",502,0.514085046305135,62321328,0.0680924,0.1273499,0.1743707,0.003592
"chr6_13209388_14802924",3741,503,20,"samples",502,0.469928667229743,54540288,0.0621791,0.1083022,0.1729726,0.002738
"chr6_132765669_134244243",4441,503,20,"samples",502,0.522851371095925,60196288,0.081119,0.1291904,0.1710699,0.002566
"chr6_134244243_136224177",4762,503,20,"samples",502,0.456485748168263,62789968,0.0745039,0.1511123,0.1789775,0.0025674
"chr6_136224177_137614218",2402,503,20,"samples",502,0.597456030568236,43721168,0.0461871,0.0671287,0.1828524,0.0012512
"chr6_137614218_138822629",3766,503,20,"samples",502,0.507994715906372,54742288,0.0716549,0.1165848,0.185546,0.0020208
"chr6_138822629_139845436",2827,503,20,"samples",502,0.510426645662649,47155168,0.0589109,0.077794,0.1808305,0.0021605
"chr6_139845436_142288479",5167,503,20,"samples",502,0.602406134162179,66062368,0.119114,0.1369149,0.1656915,0.0026153
"chr6_142288479_145319810",6834,503,20,"samples",502,0.383387312971026,79531728,0.1182066,0.1883702,0.1949495,0.0037169
"chr6_1452362_2458936",2982,503,20,"samples",502,0.593955958805205,48407568,0.0634164,0.1067538,0.1927578,0.0015426
"chr6_145319810_146665424",3225,503,20,"samples",502,0.781558285465525,50371008,0.0511194,0.0847562,0.1565238,0.0015392
"chr6_146665424_148920352",6530,503,20,"samples",502,0.382252471992132,77075408,0.1608248,0.2329879,0.201592,0.0034313
"chr6_14802924_17386405",7114,503,20,"samples",502,0.360801203905529,81794128,0.1347711,0.2260477,0.2141446,0.0049068
"chr6_148920352_150253404",3678,503,20,"samples",502,0.614051788912691,54031248,0.0690837,0.1283951,0.1955014,0.0030661
"chr6_150253404_151912703",5985,503,20,"samples",502,0.377876286251749,72671808,0.1736691,0.2375096,0.2340928,0.0039218
"chr6_151912703_153094496",3599,503,20,"samples",502,0.533890393000887,53392928,0.0759728,0.1128665,0.207704,0.0022998
"chr6_153094496_154974120",6347,503,20,"samples",502,0.446104661798375,75596768,0.1216011,0.1837792,0.1895188,0.0028555
"chr6_154974120_156763326",5179,503,20,"samples",502,0.42054887898537,66159328,0.0821336,0.1292013,0.1943129,0.0024313
"chr6_156763326_158218719",3384,503,20,"samples",502,0.484973865785935,51655728,0.0538062,0.1004804,0.1814157,0.0019165
"chr6_158218719_160580497",7275,503,20,"samples",502,0.447380602826081,83095008,0.1149673,0.2268978,0.1919159,0.0046147
"chr6_160580497_162169564",4975,503,20,"samples",502,0.508942225862489,64511008,0.0783856,0.133167,0.1937506,0.0034995
"chr6_162169564_162931203",2471,503,20,"samples",502,0.604353387914262,44278688,0.0453668,0.0700254,0.1824185,0.0013155
"chr6_162931203_164383521",4705,503,20,"samples",502,0.529877376636837,62329408,0.0806816,0.1275066,0.1901933,0.0025116
"chr6_164383521_165586864",4282,503,20,"samples",502,0.553598530318848,58911568,0.0905859,0.1040419,0.1923606,0.0040217
"chr6_165586864_167024733",4861,503,20,"samples",502,0.401675111948037,63589888,0.0959644,0.1640887,0.2097827,0.0035513
"chr6_167024733_168042835",3279,503,20,"samples",502,0.60721527851493,50807328,0.0604927,0.0896064,0.1765222,0.0017552
"chr6_168042835_169382050",5438,503,20,"samples",502,0.447689366252005,68252048,0.083387,0.1453729,0.1789158,0.0029038
"chr6_169382050_170330173",2705,503,20,"samples",502,0.668823366182508,46169408,0.0423376,0.0720721,0.1597341,0.0013195
"chr6_170330173_171051270",1786,503,20,"samples",502,0.740701365091923,38743888,0.0280396,0.0672618,0.1779356,0.0017203
"chr6_17386405_19207487",6127,503,20,"samples",502,0.542658658958476,73819168,0.1053184,0.193216,0.1766155,0.0029766
"chr6_19207487_21684065",7171,503,20,"samples",502,0.39723076530437,82254688,0.1084005,0.1891347,0.1898451,0.003719
"chr6_21684065_22748307",3276,503,20,"samples",502,0.499144689218181,50783088,0.071477,0.0889645,0.1663388,0.0021315
"chr6_22748307_23936619",3891,503,20,"samples",502,0.516198798514275,55752288,0.0759685,0.1076145,0.1888361,0.0017432
"chr6_23936619_24852275",3360,503,20,"samples",501,0.553374498878223,51461808,0.0645053,0.0937319,0.1852224,0.0017796
"chr6_2458936_3573593",3515,503,20,"samples",502,0.455169258883689,52714208,0.0594936,0.0990145,0.1799837,0.0017516
"chr6_24852275_25684587",3171,503,20,"samples",502,0.623440355924677,49934688,0.0525957,0.0787069,0.1770358,0.0017612
"chr6_25684587_26791233",3346,503,20,"samples",498,0.746302321049317,51348688,0.0515405,0.081247,0.1832076,0.0023371
"chr6_26791233_28017819",3112,503,20,"samples",459,0.830754546907941,49457968,0.0508841,0.0888312,0.1679435,0.0018422
"chr6_28017819_28917608",2963,503,20,"samples",369,0.870914151002055,48254048,0.049998,0.0797533,0.1318477,0.0015578
"chr6_28917608_29737971",3422,503,20,"samples",464,0.833093233653803,51962768,0.0514418,0.0907176,0.1601551,0.0014772
"chr6_29737971_30798168",6620,503,20,"samples",497,0.827170130752343,77802608,0.1371753,0.1742427,0.1605151,0.0027756
"chr6_30798168_31571218",7306,503,20,"samples",502,0.761737606413873,83345488,0.1197231,0.1939802,0.1635496,0.0032651
"chr6_31571218_32682664",5005,503,20,"samples",502,0.793866602624313,64753408,0.0980844,0.1343026,0.1993038,0.0024845
"chr6_32682664_33236497",4341,503,20,"samples",502,0.722233737174322,59388288,0.0930585,0.1454471,0.1762614,0.0022389
"chr6_33236497_35455756",6724,503,20,"samples",502,0.524108976375379,78642928,0.1120073,0.1815513,0.1791536,0.0051911
"chr6_35455756_37572596",5733,503,20,"samples",502,0.438248243039082,70635648,0.0956453,0.1435554,0.1840826,0.0024952
"chr6_3573593_4617817",3603,503,20,"samples",502,0.536233233949145,53425248,0.060604,0.0953583,0.1656927,0.0018779
"chr6_37572596_39295677",5229,503,20,"samples",502,0.481961853820466,66563328,0.0945832,0.1430668,0.1809613,0.0027249
"chr6_39295677_40345115",3079,503,20,"samples",502,0.623628562422116,49191328,0.0538378,0.0868739,0.163519,0.0015771
"chr6_40345115_42038721",5146,503,20,"samples",502,0.40095370610564,65892688,0.0996052,0.1343863,0.1805528,0.0024737
"chr6_42038721_43756169",3921,503,20,"samples",502,0.51780252031299,55994688,0.0637839,0.1158296,0.1774035,0.0022397
"chr6_43756169_45406563",4887,503,20,"samples",502,0.538921751202174,63799968,0.086143,0.1252759,0.1694001,0.0038886
"chr6_45406563_47311898",4988,503,20,"samples",502,0.438355376487527,64616048,0.091592,0.1476264,0.1779482,0.0028001
"chr6_4617817_5791472",3845,503,20,"samples",502,0.466541774895914,55380608,0.0699848,0.1053867,0.1852057,0.0023662
"chr6_47311898_48391125",3000,503,20,"samples",502,0.725477373905579,48553008,0.0538707,0.0871073,0.1944332,0.0019939
"chr6_48391125_50386145",5026,503,20,"samples",502,0.690990197831464,64923088,0.1250382,0.1483964,0.163346,0.0024653
"chr6_50386145_52210476",5443,503,20,"samples",502,0.607087398502937,68292448,0.081173,0.1337862,0.1633769,0.0026475
"chr6_52210476_53279102",3192,503,20,"samples",502,0.542281950360516,50104368,0.0463339,0.0836825,0.1844689,0.0026569
"chr6_53279102_55468270",7258,503,20,"samples",502,0.560356589854539,82957648,0.1118702,0.1919893,0.1759161,0.0035509
"chr6_55468270_56105313",2073,503,20,"samples",500,0.82830146757779,41062848,0.034868,0.055072,0.1586721,0.0013203
"chr6_56105313_57599465",2422,503,20,"samples",502,0.715668449095916,43882768,0.0394266,0.0654692,0.1714994,0.0013358
"chr6_57599465_61880512",2830,503,20,"samples",398,0.957837025457106,47179408,0.0603068,0.0850707,0.1635793,0.001879
"chr6_5791472_6785207",3479,503,20,"samples",502,0.449786051606021,52423328,0.0616472,0.0956716,0.1767564,0.0016629
"chr6_61880512_63552888",5270,503,20,"samples",501,0.873057050196427,66894608,0.0890045,0.1480799,0.172694,0.0029022
"chr6_63552888_65765742",5829,503,20,"samples",502,0.691570277284897,71411328,0.1311785,0.163304,0.1724345,0.0029103
"chr6_65765742_67329215",5752,503,20,"samples",502,0.667761576312999,70789168,0.1091331,0.169627,0.1771041,0.0036198
"chr6_67329215_68849483",5954,503,20,"samples",502,0.665284484835579,72421328,0.1006411,0.1775632,0.1709066,0.0032063
"chr6_6785207_7808936",3387,503,20,"samples",502,0.468664775692652,51679968,0.0626297,0.0923019,0.1760006,0.0019481
"chr6_68849483_69523448",2597,503,20,"samples",502,0.75146841110678,45296768,0.0395905,0.0686938,0.1597022,0.002228
"chr6_69523448_71609510",5951,503,20,"samples",502,0.5804261980578,72397088,0.1038644,0.1565884,0.1798558,0.0033618
"chr6_71609510_73450097",5917,503,20,"samples",502,0.584286708627499,72122368,0.0890202,0.1604476,0.1713002,0.0035885
"chr6_73450097_75462003",5966,503,20,"samples",502,0.59986322752569,72518288,0.1113236,0.1654505,0.219724,0.0046845
"chr6_73924_1452362",4158,503,20,"samples",502,0.398332192081982,57909648,0.074823,0.1261139,0.1964844,0.00238
"chr6_75462003_77414881",3961,503,20,"samples",502,0.641143004582847,56317888,0.0689669,0.1111168,0.18098,0.0021437
"chr6_77414881_78957728",4482,503,20,"samples",501,0.711261180172618,60527568,0.0731137,0.1183888,0.1759281,0.0028746
"chr6_7808936_9020026",3914,503,20,"samples",502,0.62218825094421,55938128,0.0643388,0.124296,0.1642509,0.0020509
"chr6_78957728_80691170",5121,503,20,"samples",502,0.593481352924634,65690688,0.0810327,0.1329757,0.1766207,0.0024883
"chr6_80691170_81929222",4335,503,20,"samples",502,0.826681811556084,59339808,0.0734602,0.116822,0.1686484,0.0021995
"chr6_81929222_83127149",3109,503,20,"samples",502,0.664996776391203,49433728,0.0570966,0.0845979,0.2072485,0.0025778
"chr6_83127149_85209989",4917,503,20,"samples",502,0.590668152115361,64042368,0.0901091,0.1446733,0.1762772,0.0024474
"chr6_85209989_87069500",5362,503,20,"samples",502,0.641734761878572,67637968,0.0881592,0.1570647,0.2067881,0.0033882
"chr6_87069500_88822140",4897,503,20,"samples",502,0.665204219099317,63880768,0.1578025,0.1506261,0.165884,0.0023322
"chr6_88822140_89973052",3321,503,20,"samples",502,0.609709369869164,51146688,0.0575747,0.1125759,0.1954973,0.0016921
"chr6_89973052_91843196",4635,503,20,"samples",502,0.43840066898285,61763808,0.1216309,0.132167,0.1889979,0.0029909
"chr6_9020026_10540317",4483,503,20,"samples",502,0.470214206420084,60535648,0.0815987,0.1344126,0.1886639,0.0024988
"chr6_91843196_93428644",4385,503,20,"samples",502,0.554558285433408,59743808,0.0742679,0.1157227,0.16742,0.0022362
"chr6_93428644_94118142",2619,503,20,"samples",502,0.632982828065346,45474528,0.0370807,0.0638778,0.1767296,0.0013279
"chr6_94118142_94441175",742,503,20,"samples",256,0.835574485122111,30308368,0.0125623,0.0211024,0.1349015,0.0006752
"chr6_94441175_97093511",7335,503,20,"samples",502,0.504678428358598,83579808,0.1341809,0.2213127,0.1954246,0.0033965
"chr6_97093511_97842284",2119,503,20,"samples",501,0.750708423871218,41434528,0.0361242,0.0533923,0.1616187,0.0014656
"chr6_97842284_100630146",6417,503,20,"samples",502,0.473343539137301,76162368,0.1131172,0.1805687,0.2012043,0.0042735
"chr7_100196651_101199253",2875,503,20,"samples",502,0.630542073545342,47543008,0.0534558,0.092551,0.1715892,0.0023524
"chr7_101199253_103197510",3609,503,20,"samples",502,0.597118947123674,53473728,0.0737612,0.1194792,0.1867051,0.0033337
"chr7_103197510_104159525",3375,503,20,"samples",502,0.638722421910748,51583008,0.0612541,0.1009786,0.1895697,0.0023646
"chr7_104159525_105682905",3707,503,20,"samples",502,0.51266730327775,54265568,0.0709231,0.0930062,0.1850116,0.0019859
"chr7_105682905_107780178",5280,503,20,"samples",502,0.447373659060444,66975408,0.1646602,0.2455332,0.2636436,0.0033476
"chr7_107780178_109647594",5060,503,20,"samples",502,0.608169131715872,65197808,0.178828,0.1918698,0.1766402,0.0028619
"chr7_109647594_112618684",6571,503,20,"samples",502,0.447869980497169,77406688,0.1308025,0.1981715,0.1788492,0.0038381
"chr7_112618684_113712387",2203,503,20,"samples",502,0.729226522543725,42113248,0.0350578,0.0539694,0.1627827,0.0019597
"chr7_11299198_12635461",5922,503,20,"samples",502,0.539201351280275,72162768,0.0941334,0.1671185,0.1742694,0.0028009
"chr7_113712387_116780178",5906,503,20,"samples",502,0.475175263923269,72033488,0.1005209,0.1514112,0.174491,0.002942
"chr7_116780178_118351581",3527,503,20,"samples",502,0.728631178618652,52811168,0.0624694,0.0999245,0.1987355,0.0020203
"chr7_118351581_121045273",5426,503,20,"samples",502,0.702040481750618,68155088,0.1119939,0.1451532,0.1722198,0.002646
"chr7_121045273_121933630",2022,503,20,"samples",502,0.698741765414771,40650768,0.043479,0.0566604,0.1591559,0.0011654
"chr7_121933630_124156805",5698,503,20,"samples",502,0.580063323772757,70352848,0.1016501,0.1621646,0.168283,0.0026312
"chr7_124156805_124167552",35,35,6,"markers",19,0.914382328547588,417056,0.0022995,0.000258,0.0006375,0.0004524
"chr7_124167552_126519170",6540,503,20,"samples",502,0.65281990503286,77156208,0.1064849,0.1774723,0.1741652,0.0033236
"chr7_12635461_13884202",5462,503,20,"samples",502,0.515881739439345,68445968,0.081692,0.1485614,0.1881489,0.0030169
"chr7_126519170_126869221",834,503,20,"samples",342,0.792325836952217,31051728,0.0172371,0.0319737,0.1512734,0.0010749
"chr7_126869221_128778386",4751,503,20,"samples",502,0.569994353631874,62701088,0.0825043,0.1393203,0.1690932,0.0024567
"chr7_128778386_130422414",3810,503,20,"samples",502,0.548297233982406,55097808,0.0629167,0.1030535,0.1784125,0.0020075
"chr7_130422414_132805848",5999,503,20,"samples",502,0.336402833620985,72784928,0.1071534,0.1574954,0.1829789,0.0046281
"chr7_132805848_134307596",3733,503,20,"samples",502,0.710627311100259,54475648,0.0570223,0.0946153,0.1733815,0.0018057
"chr7_134307596_135591083",3597,503,20,"samples",502,0.577562074599578,53376768,0.0601786,0.0946876,0.1774625,0.0015988
"chr7_1353067_2062398",2192,503,20,"samples",502,0.730951701251732,42024368,0.0427758,0.0661738,0.1902121,0.0013702
"chr7_135591083_136876562",3286,503,20,"samples",502,0.532820366809517,50863888,0.0633665,0.0807568,0.1804839,0.0022903
"chr7_136876562_138744679",4879,503,20,"samples",502,0.381763698723037,63735328,0.0812978,0.1242211,0.1892563,0.0035135
"chr7_138744679_139933177",2703,503,20,"samples",502,0.582729222515497,46153248,0.0505949,0.0954906,0.3095236,0.0027735
"chr7_13884202_15143657",3762,503,20,"samples",502,0.467369611190986,54709968,0.1743002,0.1395513,0.1923188,0.0023323
"chr7_139933177_140235210",935,503,20,"samples",471,0.703491122831713,31867808,0.034355,0.0353359,0.1764774,0.0009109
"chr7_140235210_141226557",1634,503,20,"samples",502,0.694720266923788,37515728,0.0430778,0.04606,0.1927055,0.0014855
"chr7_141226557_142656310",3031,503,20,"samples",502,0.651086959338549,48803488,0.0564855,0.0975518,0.176439,0.0016419
"chr7_142656310_144968289",4108,503,20,"samples",502,0.53498662524207,57505648,0.0714277,0.1084301,0.1642771,0.0021573
"chr7_144968289_146427960",4458,503,20,"samples",502,0.677285820995667,60333648,0.0781257,0.1084764,0.1643545,0.0028243
"chr7_146427960_147815318",4944,503,20,"samples",502,0.596623489196243,64260528,0.0805574,0.1449625,0.165479,0.0022308
"chr7_147815318_149840658",5134,503,20,"samples",502,0.417846063020992,65795728,0.0751031,0.1377912,0.1753039,0.0031207
"chr7_149840658_150711505",2409,503,20,"samples",502,0.717398018932698,43777728,0.0388125,0.0651357,0.1707488,0.0014801
"chr7_150711505_152249806",3354,503,20,"samples",502,0.430361424588423,51413328,0.0677444,0.0963928,0.1853695,0.002134
"chr7_15143657_16902069",5663,503,20,"samples",502,0.428507850490404,70070048,0.0904802,0.1557128,0.1842848,0.003203
"chr7_152249806_153674019",4737,503,20,"samples",502,0.418794992729114,62587968,0.0738105,0.1230348,0.1854134,0.0032643
"chr7_153674019_154964730",3773,503,20,"samples",502,0.438032831870545,54798848,0.0641156,0.1104347,0.1846584,0.0027702
"chr7_154964730_156065250",3822,503,20,"samples",502,0.388962856564554,55194768,0.0808064,0.1063687,0.1965812,0.0018121
"chr7_156065250_157634597",5395,503,20,"samples",502,0.46314657066314,67904608,0.0928244,0.1558227,0.1979017,0.0028324
"chr7_157634597_159128575",4169,503,20,"samples",502,0.554498245621048,57998528,0.079777,0.1343116,0.1702967,0.0023907
"chr7_16161_972752",1905,503,20,"samples",502,0.699078712263801,39705408,0.0302306,0.0464218,0.1632995,0.0011577
"chr7_16902069_19481547",7063,503,20,"samples",502,0.349449895666059,81382048,0.1064921,0.1789543,0.1971504,0.0031903
"chr7_19481547_20124908",2599,503,20,"samples",501,0.730824358513186,45312928,0.0446167,0.069174,0.1592371,0.002073
"chr7_20124908_22507629",7862,503,20,"samples",502,0.325953118422921,87837968,0.1221972,0.2057707,0.173127,0.0038491
"chr7_2062398_2772227",2455,503,20,"samples",502,0.624803459103945,44149408,0.0351423,0.0657563,0.1763241,0.0013967
"chr7_22507629_23471442",2593,503,20,"samples",502,0.664653683885135,45264448,0.0570791,0.0873368,0.183409,0.0013084
"chr7_23471442_25077259",5253,503,20,"samples",502,0.545138547174733,66757248,0.1026998,0.1326198,0.1889299,0.0024334
"chr7_25077259_25909555",2757,503,20,"samples",502,0.564952112940587,46589568,0.0488126,0.0797282,0.1816043,0.0016376
"chr7_25909555_28360309",6580,503,20,"samples",502,0.447633581091779,77479408,0.1061046,0.178336,0.1737798,0.0034091
"chr7_2772227_4573428",7402,503,20,"samples",502,0.441420083143428,84121168,0.1143,0.2102356,0.2018615,0.0039726
"chr7_28360309_31137289",8075,503,20,"samples",502,0.308688740697946,89559008,0.1604514,0.2423935,0.1979855,0.0035336
"chr7_31137289_33555768",7421,503,20,"samples",502,0.484497168313772,84274688,0.1190054,0.1974222,0.1714151,0.0049539
"chr7_33555768_36213538",7483,503,20,"samples",502,0.437252181301036,84775648,0.1186041,0.1943203,0.1728684,0.0050727
"chr7_36213538_37555184",4046,503,20,"samples",502,0.450002411158771,57004688,0.0678465,0.1065816,0.1842362,0.0037907
"chr7_37555184_38966703",4878,503,20,"samples",502,0.502635853873999,63727248,0.0777658,0.1286012,0.1876365,0.0022728
"chr7_38966703_39862670",2443,503,20,"samples",502,0.693400269057797,44052448,0.0371518,0.0634165,0.1929194,0.0032779
"chr7_39862670_42001811",4447,503,20,"samples",502,0.4917968752357,60244768,0.0751691,0.1339622,0.1957239,0.0028532
"chr7_42001811_43159074",3456,503,20,"samples",502,0.590424175336806,52237488,0.0626159,0.1084059,0.1719702,0.0015908
"chr7_43159074_44763828",3877,503,20,"samples",502,0.569302848665588,55639168,0.0573474,0.0991437,0.1850931,0.0020112
"chr7_44763828_45952922",3584,503,20,"samples",501,0.571446922982934,53271728,0.056196,0.102129,0.1808053,0.0018807
"chr7_4573428_5416232",2774,503,20,"samples",502,0.566565213606898,46726928,0.0438807,0.0730405,0.1733134,0.0012908
"chr7_45952922_46986720",3818,503,20,"samples",502,0.630844269726794,55162448,0.0665764,0.1007384,0.1771293,0.0018165
"chr7_46986720_49212278",7448,503,20,"samples",502,0.445809822250641,84492848,0.1160256,0.2169089,0.1854606,0.0033465
"chr7_49212278_51675322",7071,503,20,"samples",502,0.47560085905739,81446688,0.1162639,0.1791612,0.1955367,0.0030462
"chr7_51675322_53176312",6558,503,20,"samples",502,0.557304036030984,77301648,0.103905,0.1609414,0.1943599,0.0028588
"chr7_53176312_54222976",4753,503,20,"samples",501,0.712021146634356,62717248,0.0847485,0.128584,0.1776145,0.0034677
"chr7_5416232_5854526",1331,503,20,"samples",502,0.739489288210484,35067488,0.0247786,0.0361152,0.1765527,0.0009916
"chr7_54222976_55691584",5518,503,20,"samples",502,0.618477143938919,68898448,0.0975933,0.1584071,0.2156126,0.0025454
"chr7_55691584_57382638",4171,503,20,"samples",502,0.755772696239031,58014688,0.0758336,0.1021386,0.1658589,0.002381
"chr7_57382638_63307359",3089,503,20,"samples",502,0.892479296829534,49272128,0.0639147,0.1023379,0.1714427,0.0015858
"chr7_5854526_6573857",2166,503,20,"samples",502,0.694769951448499,41814288,0.0375937,0.0547611,0.1715634,0.0016381
"chr7_63307359_63641125",1000,503,20,"samples",221,0.93975308866254,32393008,0.0174558,0.0232159,0.1486186,0.0009997
"chr7_63641125_65689809",4528,503,20,"samples",502,0.843795062507671,60899248,0.0955063,0.1423766,0.1969011,0.0036014
"chr7_65689809_68234074",8750,503,20,"samples",502,0.572081560347406,95013008,0.1626503,0.3003898,0.2737633,0.0058761
"chr7_6573857_7808752",4328,503,20,"samples",502,0.556585346595818,59283248,0.1750445,0.1341323,0.2207399,0.0029437
"chr7_68234074_69085364",2641,503,20,"samples",502,0.62362809087819,45652288,0.0555529,0.0763558,0.1943995,0.0017295
"chr7_69085364_71874885",7091,503,20,"samples",502,0.42861831805202,81608288,0.1285496,0.1887314,0.1814576,0.004094
"chr7_71874885_73334602",1866,503,20,"samples",502,0.773041175049354,39390288,0.0298244,0.0443664,0.1696097,0.0009373
"chr7_73334602_76458564",4151,503,20,"samples",502,0.485823954467326,57853088,0.0774773,0.1061686,0.1815278,0.0022889
"chr7_76458564_78093859",4227,503,20,"samples",502,0.540714171765052,58467168,0.0655851,0.1348094,0.1758411,0.0024263
"chr7_7808752_9123423",5572,503,20,"samples",502,0.397185808746099,69334768,0.1029359,0.1371051,0.1808231,0.0025287
"chr7_78093859_79888069",5050,503,20,"samples",502,0.551864433283328,65117008,0.0900131,0.1321876,0.1747746,0.0024642
"chr7_79888069_82022686",5497,503,20,"samples",502,0.398525660185036,68728768,0.0860154,0.1380429,0.1739607,0.0027069
"chr7_82022686_83801203",5156,503,20,"samples",502,0.491446594287659,65973488,0.0884525,0.1346427,0.1780613,0.0033228
"chr7_83801203_85572182",3975,503,20,"samples",502,0.682377774781652,56431008,0.0763149,0.1135924,0.1983106,0.002321
"chr7_85572182_87825004",5092,503,20,"samples",502,0.646500891388943,65456368,0.1320503,0.1442658,0.179934,0.0023249
"chr7_87825004_90661784",8208,503,20,"samples",502,0.512658650392689,90633648,0.152034,0.2294828,0.1778756,0.0040982
"chr7_90661784_92493752",3001,503,20,"samples",502,0.601394729872375,48561088,0.0462169,0.0819844,0.1690422,0.002438
"chr7_9123423_9987499",3741,503,20,"samples",502,0.580413607465249,54540288,0.0544294,0.0958553,0.1612112,0.0016092
"chr7_92493752_93966601",3342,503,20,"samples",502,0.512636276416617,51316368,0.0539419,0.086838,0.1678343,0.0021837
"chr7_93966601_96073508",4581,503,20,"samples",502,0.511249725269025,61327488,0.0787338,0.1142728,0.188106,0.002402
"chr7_96073508_97099570",2513,503,20,"samples",502,0.62864719194368,44618048,0.0372583,0.0748037,0.1703024,0.0016557
"chr7_97099570_98715474",4163,503,20,"samples",502,0.597085883284167,57950048,0.0761758,0.1016632,0.1739549,0.0022188
"chr7_972752_1353067",1475,503,20,"samples",502,0.828013339270428,36231008,0.0268015,0.0420629,0.1857338,0.001263
"chr7_98715474_100196651",2291,503,20,"samples",502,0.741301937451806,42824288,0.039764,0.0675352,0.1593825,0.0012671
"chr7_9987499_11299198",5122,503,20,"samples",502,0.613790902412069,65698768,0.0782048,0.1518589,0.1701335,0.0025817
"chr8_101620958_104123306",6820,503,20,"samples",502,0.358011711744576,79418608,0.1069131,0.1769378,0.1834822,0.0029099
"chr8_104123306_104988752",2902,503,20,"samples",502,0.829781093066345,47761168,0.0557417,0.0858676,0.1806642,0.0015449
"chr8_10422_1044217",3775,503,20,"samples",502,0.601566444846334,54815008,0.0613336,0.0965317,0.1722853,0.0018651
"chr8_1044217_1163245",762,503,20,"samples",370,0.848249877046058,30469968,0.0147979,0.021978,0.1532886,0.0012793
"chr8_10463197_11278998",2732,503,20,"samples",502,0.709203440250793,46387568,0.043347,0.0896166,0.1677513,0.0017032
"chr8_104988752_107410754",6348,503,20,"samples",502,0.481233701155734,75604848,0.1031974,0.1855676,0.1827629,0.0026736
"chr8_107410754_108648177",3310,503,20,"samples",502,0.638558334067003,51057808,0.0545183,0.0886096,0.1675757,0.0017576
"chr8_108648177_109248173",1691,503,20,"samples",460,0.801490375765673,37976288,0.0262817,0.0443728,0.1505592,0.0014096
"chr8_109248173_110484314",3198,503,20,"samples",502,0.709604309984964,50152848,0.0523322,0.1044033,0.1990147,0.0018294
"chr8_110484314_111850847",2630,503,20,"samples",502,0.703680997744908,45563408,0.0492738,0.081852,0.173022,0.0014298
"chr8_111850847_113064320",1801,503,20,"samples",499,0.817636923812822,38865088,0.032864,0.0436415,0.1539069,0.0014817
"chr8_11278998_13491775",6657,503,20,"samples",502,0.429164090443823,78101568,0.1170034,0.2069387,0.172551,0.003884
"chr8_113064320_116096495",8464,503,20,"samples",502,0.595815607717999,92702128,0.1335438,0.2303565,0.170151,0.0058553
"chr8_116096495_119685457",7379,503,20,"samples",502,0.34172092301187,83935328,0.1300363,0.1866065,0.1770396,0.003778
"chr8_1163245_2042942",3931,503,20,"samples",502,0.456164237717777,56075488,0.0581406,0.1175981,0.1736106,0.0025947
"chr8_119685457_121201700",4453,503,20,"samples",502,0.643111340827959,60293248,0.0694033,0.1203722,0.2009304,0.002538
"chr8_121201700_124861459",8622,503,20,"samples",502,0.311689090743003,93978768,0.1402095,0.224223,0.1827121,0.0047144
"chr8_124861459_125683719",2241,503,20,"samples",502,0.65773162224196,42420288,0.0359488,0.0715468,0.1650939,0.0011213
"chr8_125683719_126410917",2181,503,20,"samples",502,0.660115119476011,41935488,0.0426414,0.0738691,0.1629456,0.0011865
"chr8_126410917_128659111",6585,503,20,"samples",502,0.368783692108794,77519808,0.1089947,0.1632022,0.1765235,0.0042863
"chr8_128659111_130381139",4756,503,20,"samples",502,0.485921047796442,62741488,0.1090812,0.1817403,0.1921578,0.0023617
"chr8_130381139_131639625",3929,503,20,"samples",502,0.614230697404128,56059328,0.0771242,0.1110755,0.1700649,0.0021287
"chr8_131639625_133351144",5688,503,20,"samples",502,0.470970937013553,70272048,0.0863641,0.1577322,0.1692435,0.0026064
"chr8_133351144_134570001",3909,503,20,"samples",502,0.458275965427585,55897728,0.0734866,0.1173089,0.1854343,0.002403
"chr8_134570001_136035605",5353,503,20,"samples",502,0.423452051331152,67565248,0.1018373,0.1371765,0.1819688,0.0028351
"chr8_13491775_13944992",3262,503,20,"samples",502,0.740071794580231,50669968,0.0519067,0.0903617,0.1860929,0.0027438
"chr8_136035605_137524151",4164,503,20,"samples",502,0.580618693084854,57958128,0.0670639,0.1279581,0.1737507,0.0021415
"chr8_137524151_139254830",5956,503,20,"samples",502,0.51124407782316,72437488,0.095687,0.1641383,0.1680163,0.0027298
"chr8_139254830_140725643",4448,503,20,"samples",502,0.43742902308687,60252848,0.0824148,0.1589142,0.1689894,0.0025462
"chr8_13944992_15991660",10273,503,20,"samples",502,0.429522522103304,107318848,0.1604793,0.2646585,0.1789346,0.0057465
"chr8_140725643_143044914",5894,503,20,"samples",502,0.356463598307645,71936528,0.1012294,0.1704698,0.1825888,0.0036902
"chr8_143044914_144236881",3949,503,20,"samples",502,0.608066197939387,56220928,0.0702355,0.1163368,0.1864822,0.0017874
"chr8_144236881_146303867",3558,503,20,"samples",502,0.588741437995691,53061648,0.0690658,0.0908822,0.1999861,0.0026025
"chr8_15991660_17387876",5147,503,20,"samples",502,0.467542177371216,65900768,0.0893683,0.1271559,0.1889317,0.0024361
"chr8_17387876_17836399",2075,503,20,"samples",502,0.664957786092726,41079008,0.0322701,0.0512215,0.163478,0.0010906
"chr8_17836399_19492840",7215,503,20,"samples",502,0.394076687571631,82610208,0.1134738,0.1852611,0.1723932,0.0030443
"chr8_19492840_20060856",2333,503,20,"samples",502,0.625226303652451,43163648,0.0401344,0.0585351,0.1676919,0.0021051
"chr8_20060856_21661737",5777,503,20,"samples",502,0.476312290850434,70991168,0.0876859,0.1852022,0.1812587,0.0037153
"chr8_2042942_2573279",2696,503,20,"samples",502,0.649686835624618,46096688,0.0458398,0.0699853,0.1812663,0.0018668
"chr8_21661737_22897057",3173,503,20,"samples",502,0.504328723357523,49950848,0.0557605,0.0780764,0.1755296,0.0016189
"chr8_22897057_24674718",5394,503,20,"samples",502,0.479596289152176,67896528,0.099856,0.1688658,0.1910282,0.0053253
"chr8_24674718_25483454",2065,503,20,"samples",502,0.713022169921499,40998208,0.0385951,0.073097,0.2421748,0.0013969
"chr8_25483454_26682525",4256,503,20,"samples",502,0.480920784708874,58701488,0.0792041,0.1230524,0.1846077,0.0030622
"chr8_2573279_3392926",5245,503,20,"samples",502,0.479857722376252,66692608,0.1265019,0.1555668,0.1780161,0.0024976
"chr8_26682525_28162392",5187,503,20,"samples",502,0.521971537601212,66223968,0.0782652,0.1301352,0.1722802,0.0025812
"chr8_28162392_29327896",2231,503,20,"samples",502,0.627272740111995,42339488,0.0409683,0.0573623,0.1707578,0.0012186
"chr8_29327896_31133729",4345,503,20,"samples",502,0.491314834148185,59420608,0.0740848,0.1165988,0.1860576,0.0028308
"chr8_31133729_31548360",1418,503,20,"samples",449,0.792293251439293,35770448,0.0240425,0.0472522,0.1476143,0.0008406
"chr8_31548360_32977218",3843,503,20,"samples",502,0.598744216656766,55364448,0.0657641,0.100595,0.1780541,0.0023205
"chr8_32977218_35317232",6063,503,20,"samples",502,0.692776528685645,73302048,0.0990427,0.1763009,0.1802293,0.0027927
"chr8_3392926_3783017",3052,503,20,"samples",502,0.596412903457527,48973168,0.0811676,0.0834514,0.1823677,0.0014466
"chr8_35317232_37379389",3127,503,20,"samples",502,0.603881490940457,49579168,0.0568454,0.0968341,0.1994794,0.0025513
"chr8_37379389_38938806",2488,503,20,"samples",502,0.508299007310014,44416048,0.0427154,0.0779686,0.1720633,0.0019117
"chr8_3783017_4480476",5171,503,20,"samples",502,0.418667318325823,66094688,0.0834146,0.1507298,0.1958835,0.0037832
"chr8_38938806_40703337",5095,503,20,"samples",502,0.545123159571845,65480608,0.151421,0.1727861,0.2068112,0.0026767
"chr8_40703337_41721454",3278,503,20,"samples",502,0.600256563074487,50799248,0.0626149,0.1133414,0.1845486,0.0018988
"chr8_41721454_42773823",2020,503,20,"samples",501,0.769974555539946,40634608,0.0390632,0.064422,0.2757987,0.001708
"chr8_42773823_46841315",1419,503,20,"samples",372,0.919944871115764,35778528,0.0402403,0.0552526,0.171646,0.0012917
"chr8_4480476_5146927",4117,503,20,"samples",502,0.567436400012699,57578368,0.0958931,0.1045415,0.1718465,0.0018618
"chr8_46841315_50082470",4904,503,20,"samples",502,0.746674629315878,63937328,0.0841786,0.1352478,0.1676302,0.0025318
"chr8_50082470_53302930",8257,503,20,"samples",502,0.606927476709509,91029568,0.1293685,0.2317767,0.1763427,0.0039955
"chr8_5146927_6142797",6714,503,20,"samples",502,0.464343810199048,78562128,0.119198,0.1876009,0.1822367,0.0032866
"chr8_53302930_54418044",3548,503,20,"samples",502,0.715516182290031,52980848,0.0582736,0.1026795,0.1659914,0.0016292
"chr8_54418044_55945581",3524,503,20,"samples",502,0.630456671941565,52786928,0.0547691,0.0964737,0.1614015,0.0018245
"chr8_55945581_56956383",2960,503,20,"samples",501,0.616082006826057,48229808,0.0468492,0.0756745,0.1672253,0.001479
"chr8_56956383_59068651",6427,503,20,"samples",502,0.529895507373781,76243168,0.1121549,0.1626928,0.1711299,0.0038197
"chr8_59068651_59728100",1944,503,20,"samples",502,0.73336094323074,40020528,0.0304481,0.0581333,0.1627726,0.0016141
"chr8_59728100_62329099",6287,503,20,"samples",502,0.507616045839974,75111968,0.1090184,0.174877,0.1740708,0.0028868
"chr8_6142797_7153079",4338,503,20,"samples",502,0.429309918576593,59364048,0.0708632,0.1248033,0.1829706,0.002105
"chr8_62329099_63349306",3197,503,20,"samples",502,0.722487219170038,50144768,0.0469567,0.0785213,0.1627421,0.0016084
"chr8_63349306_65232872",4615,503,20,"samples",502,0.640755242071166,61602208,0.076742,0.1220176,0.1871153,0.0037072
"chr8_65232872_66489090",2428,503,20,"samples",502,0.605002604200762,43931248,0.0436932,0.0761279,0.1673036,0.0014401
"chr8_66489090_69863057",8265,503,20,"samples",502,0.446507751223914,91094208,0.1486864,0.2186509,0.1848803,0.0049523
"chr8_69863057_70867979",2687,503,20,"samples",502,0.520674284300319,46023968,0.0561887,0.0834184,0.1694118,0.0014605
"chr8_70867979_72289454",2861,503,20,"samples",502,0.627003739469102,47429888,0.0481751,0.0822372,0.1718008,0.0050218
"chr8_7153079_9154694",4124,503,20,"samples",502,0.571858837738442,57634928,0.0648179,0.1128155,0.1996804,0.0018248
"chr8_72289454_73817199",4524,503,20,"samples",502,0.460483185446019,60866928,0.0838052,0.1146221,0.1958223,0.0020626
"chr8_73817199_75445064",4418,503,20,"samples",502,0.482953534276127,60010448,0.0682813,0.1142765,0.1940008,0.0027861
"chr8_75445064_76456542",3140,503,20,"samples",502,0.641852519204502,49684208,0.0527079,0.0887153,0.1826005,0.0022448
"chr8_76456542_79132861",7568,503,20,"samples",502,0.547680849245697,85462448,0.1170627,0.2579229,0.184191,0.0035434
"chr8_79132861_81956395",7027,503,20,"samples",502,0.464251402554211,81091168,0.1040688,0.2024991,0.1849061,0.0038314
"chr8_81956395_82693739",1803,503,20,"samples",502,0.70947964309484,38881248,0.0307313,0.0449609,0.174573,0.0011394
"chr8_82693739_84225589",4685,503,20,"samples",502,0.667438340718962,62167808,0.0725062,0.1279411,0.1626598,0.0020833
"chr8_84225589_85955619",4924,503,20,"samples",502,0.701493569084049,64098928,0.1246415,0.2054925,0.2256915,0.0028566
"chr8_85955619_87411709",2183,503,20,"samples",501,0.764316062922056,41951648,0.0427936,0.0577675,0.1871925,0.0023172
"chr8_87411709_89085481",4486,503,20,"samples",502,0.633411665003622,60559888,0.0817847,0.1513001,0.1779199,0.0022027
"chr8_89085481_90638162",4230,503,20,"samples",502,0.732221863991793,58491408,0.0710785,0.1096861,0.1736056,0.0026551
"chr8_90638162_93554386",5698,503,20,"samples",502,0.563465265770234,70352848,0.0932745,0.1536375,0.1694845,0.0031024
"chr8_9154694_9640787",1788,503,20,"samples",501,0.761826744953562,38760048,0.039508,0.0463826,0.1600447,0.0010568
"chr8_93554386_95005527",2911,503,20,"samples",502,0.555888428470558,47833888,0.0463953,0.0729012,0.1678446,0.0015033
"chr8_95005527_96534806",4614,503,20,"samples",502,0.52066668736541,61594128,0.0717617,0.1144199,0.1727137,0.0021505
"chr8_9640787_10463197",2929,503,20,"samples",502,0.640118726568299,47979328,0.0518553,0.0792046,0.1721607,0.0018605
"chr8_96534806_99401581",7026,503,20,"samples",502,0.368390411719801,81083088,0.139743,0.1878651,0.1767526,0.0032817
"chr8_99401581_101620958",3618,503,20,"samples",502,0.703619032876205,53546448,0.0607556,0.1183727,0.1729575,0.0019151
"chr9_10023_1079707",4305,503,20,"samples",502,0.52665745441295,59097408,0.0750045,0.123317,0.1888035,0.0026205
"chr9_101592859_104624437",7460,503,20,"samples",502,0.467760989825295,84589808,0.1634402,0.2385842,0.1909861,0.0044272
"chr9_104624437_105967976",4991,503,20,"samples",502,0.578970280466869,64640288,0.0959394,0.140933,0.1763065,0.002485
"chr9_105967976_107581749",5255,503,20,"samples",502,0.640926848943869,66773408,0.1224975,0.1386731,0.1677502,0.0024116
"chr9_107581749_109298754",5017,503,20,"samples",502,0.490185079984491,64850368,0.0770007,0.1251277,0.181231,0.0023673
"chr9_1079707_1916877",3456,503,20,"samples",502,0.550481676121151,52237488,0.0655581,0.0970636,0.1783479,0.0021704
"chr9_10879253_12276489",5348,503,20,"samples",502,0.70644787558854,67524848,0.0992883,0.144305,0.1682454,0.0032559
"chr9_109298754_110695062",4184,503,20,"samples",502,0.412700639649441,58119728,0.067092,0.1061632,0.1736119,0.0021886
"chr9_110695062_112778024",7079,503,20,"samples",502,0.461205304418983,81511328,0.1060724,0.2169622,0.1892311,0.0035092
"chr9_112778024_114831082",6681,503,20,"samples",502,0.426086050518374,78295488,0.1029179,0.1747865,0.1953299,0.0049222
"chr9_114831082_115693145",2277,503,20,"samples",501,0.773581264741633,42711168,0.0797545,0.1107921,0.2546104,0.0014986
"chr9_115693145_117019801",3983,503,20,"samples",502,0.480874421204749,56495648,0.1254555,0.1460984,0.226055,0.0031167
"chr9_117019801_117921960",2776,503,20,"samples",501,0.556985857271972,46743088,0.0551444,0.086837,0.1816919,0.0025837
"chr9_117921960_121321537",9478,503,20,"samples",502,0.364441642949562,100895248,0.2234592,0.351249,0.2092694,0.0054996
"chr9_121321537_122260297",2042,503,20,"samples",502,0.629360824513813,40812368,0.0383765,0.0672522,0.1806995,0.0011357
"chr9_122260297_124871322",5595,503,20,"samples",502,0.465675285795695,69520608,0.1053534,0.1645216,0.1773149,0.0030251
"chr9_12276489_14836363",8310,503,20,"samples",502,0.320455204703849,91457808,0.1524562,0.2802878,0.210057,0.0053739
"chr9_124871322_126971887",5324,503,20,"samples",502,0.489155482725785,67330928,0.1051681,0.1502336,0.1761771,0.0032376
"chr9_126971887_129059665",3728,503,20,"samples",502,0.567093073720356,54435248,0.0738683,0.1247992,0.1811048,0.0028163
"chr9_129059665_130055510",2184,503,20,"samples",502,0.617872175938408,41959728,0.0341253,0.0612193,0.1680581,0.001162
"chr9_130055510_132165470",3351,503,20,"samples",502,0.519498614536126,51389088,0.0662929,0.0983975,0.1907451,0.0020272
"chr9_132165470_133223217",3052,503,20,"samples",502,0.548269399773995,48973168,0.0599055,0.0836051,0.1898268,0.002208
"chr9_133223217_134127888",2418,503,20,"samples",502,0.494921875941225,43850448,0.0491362,0.0690255,0.1945516,0.0022354
"chr9_134127888_135298842",2606,503,20,"samples",502,0.540807506088216,45369488,0.0431772,0.0675234,0.1936954,0.0016153
"chr9_135298842_137041122",5280,503,20,"samples",502,0.39846041575733,66975408,0.1038665,0.1570574,0.2265409,0.0025139
"chr9_137041122_137589364",1449,503,20,"samples",502,0.599906922825984,36020928,0.0259171,0.0358861,0.1620029,0.001161
"chr9_137589364_138938978",4812,503,20,"samples",502,0.320507732374834,63193968,0.0854172,0.1233809,0.2085908,0.0023632
"chr9_138938978_139500342",1474,503,20,"samples",502,0.686398549142833,36222928,0.0254346,0.0414862,0.1831999,0.0010041
"chr9_139500342_141144796",2138,503,20,"samples",502,0.638888810729208,41588048,0.0442515,0.0533224,0.1776956,0.0011304
"chr9_14836363_16659655",5661,503,20,"samples",502,0.4934336793154,70053888,0.0919112,0.1491231,0.2002133,0.0033548
"chr9_16659655_18661051",6802,503,20,"samples",502,0.450949908891782,79273168,0.1095332,0.1773104,0.1948,0.0035316
"chr9_18661051_20463534",5530,503,20,"samples",502,0.414832393101253,68995408,0.0848435,0.1437567,0.1931726,0.0027135
"chr9_1916877_3190064",4718,503,20,"samples",502,0.417033329706465,62434448,0.0974907,0.141313,0.1837244,0.0034527
"chr9_20463534_22206559",4885,503,20,"samples",502,0.569531489805514,63783808,0.089505,0.1356947,0.176375,0.0029281
"chr9_22206559_24158518",5361,503,20,"samples",502,0.430636878336486,67629888,0.0976932,0.154107,0.2225299,0.0039083
"chr9_24158518_25330810",3924,503,20,"samples",501,0.642913346551177,56018928,0.0656188,0.1362276,0.1801844,0.0033461
"chr9_25330810_26111757",2326,503,20,"samples",502,0.560260701665998,43107088,0.0595364,0.0973826,0.2089473,0.0016775
"chr9_26111757_28224283",6857,503,20,"samples",502,0.399858908779829,79717568,0.1432645,0.2242249,0.2034768,0.0038831
"chr9_28224283_28811584",1991,503,20,"samples",502,0.626884671849063,40400288,0.0295991,0.0691982,0.1759031,0.0014552
"chr9_28811584_30387392",5682,503,20,"samples",502,0.650731321705054,70223568,0.0975422,0.1785427,0.1839776,0.002581
"chr9_30387392_31310383",2712,503,20,"samples",502,0.811274992883507,46225968,0.0459652,0.0675843,0.1813307,0.0015328
"chr9_31310383_32019368",2619,503,20,"samples",502,0.819124008525483,45474528,0.0391023,0.0742679,0.1651088,0.0018638
"chr9_3190064_4495328",4360,503,20,"samples",502,0.39972583369953,59541808,0.0943409,0.1595859,0.252366,0.001976
"chr9_32019368_33578334",4756,503,20,"samples",502,0.52836866054908,62741488,0.0867463,0.1267582,0.2039037,0.0021094
"chr9_33578334_34642243",2425,503,20,"samples",502,0.811290004170238,43907008,0.0469886,0.0638987,0.1996846,0.0025006
"chr9_34642243_36743283",4371,503,20,"samples",502,0.500478636174675,59630688,0.0659001,0.1163212,0.1839037,0.0037304
"chr9_36743283_38641599",4988,503,20,"samples",502,0.463274563172654,64616048,0.0818165,0.1224974,0.1689751,0.0024839
"chr9_38641599_65472190",614,503,20,"samples",323,0.756896541643075,29274128,0.013409,0.0153746,0.1364718,0.0005337
"chr9_4495328_4884926",1406,503,20,"samples",502,0.650877759291112,35673488,0.0314724,0.0396677,0.1573262,0.001054
"chr9_4884926_6557589",4431,503,20,"samples",502,0.574782999979217,60115488,0.0765163,0.1770383,0.190142,0.0024614
"chr9_65472190_72512711",4247,503,20,"samples",502,0.523333906665914,58628768,0.0626087,0.1139234,0.1650175,0.0019247
"chr9_6557589_7154923",2450,503,20,"samples",502,0.65171421720396,44109008,0.039049,0.0659751,0.1792263,0.0019455
"chr9_7154923_8456299",5757,503,20,"samples",502,0.40839487106038,70829568,0.0897477,0.1505172,0.171967,0.0033231
"chr9_72512711_72753755",648,503,20,"samples",213,0.889872079176557,29548848,0.0106538,0.0150443,0.1388621,0.0006094
"chr9_72753755_74253040",4036,503,20,"samples",502,0.59023047712112,56923888,0.0662774,0.1140009,0.184078,0.0035888
"chr9_74253040_76203946",4743,503,20,"samples",502,0.605550093707448,62636448,0.1162061,0.1524848,0.1904122,0.0024139
"chr9_76203946_76973081",1584,503,20,"samples",500,0.77006106769816,37111728,0.0313449,0.0617308,0.1603837,0.0017797
"chr9_76973081_78900183",5756,503,20,"samples",502,0.373430658062579,70821488,0.0928365,0.1478729,0.1772185,0.0027789
"chr9_78900183_79471208",1946,503,20,"samples",502,0.625629571977825,40036688,0.0296282,0.0460002,0.1669177,0.0012062
"chr9_79471208_81079055",4709,503,20,"samples",502,0.5712391368863,62361728,0.0698581,0.1202,0.1751237,0.0029748
"chr9_81079055_82590928",4051,503,20,"samples",502,0.441072751074266,57045088,0.0654743,0.1114798,0.1873991,0.0020454
"chr9_82590928_84211233",5957,503,20,"samples",502,0.557227740838144,72445568,0.0919963,0.1566467,0.1746999,0.002928
"chr9_84211233_85440801",2411,503,20,"samples",502,0.594347970144827,43793888,0.041975,0.0847723,0.2180096,0.0019855
"chr9_8456299_9166403",2991,503,20,"samples",502,0.536877217357289,48480288,0.0664371,0.0878537,0.1790542,0.0016096
"chr9_85440801_86938196",4015,503,20,"samples",502,0.497639326550333,56754208,0.0597966,0.1042373,0.1917577,0.0024229
"chr9_86938196_88109333",3447,503,20,"samples",502,0.588579028075015,52164768,0.0605849,0.1008287,0.2142793,0.0017831
"chr9_88109333_88590417",1067,503,20,"samples",323,0.850290138828481,32934368,0.019111,0.0293681,0.1416616,0.0005895
"chr9_88590417_90136246",4120,503,20,"samples",502,0.463495819444224,57602608,0.0608086,0.1087252,0.1828406,0.002676
"chr9_90136246_92528698",6861,503,20,"samples",502,0.405311210229035,79749888,0.1135997,0.1766965,0.1993461,0.0041989
"chr9_9166403_10879253",6872,503,20,"samples",502,0.399541485157949,79838768,0.1288518,0.2134833,0.170436,0.004516
"chr9_92528698_94167203",5002,503,20,"samples",502,0.498584056985283,64729168,0.092518,0.1247241,0.1790399,0.002344
"chr9_94167203_96671698",7843,503,20,"samples",502,0.532747601863156,87684448,0.1267986,0.2061691,0.1823339,0.0035896
"chr9_96671698_98922040",5432,503,20,"samples",502,0.511341081226433,68203568,0.0992828,0.1322041,0.1784353,0.0031602
"chr9_98922040_101592859",5833,503,20,"samples",502,0.432905522569384,71443648,0.1109534,0.1499989,0.1833169,0.0046649
