"fit","marker","mean","pip"
"sparse_bayesc_full","11:935343",0.160455997328456,1
"sparse_bayesc_full","11:92296987",0.141640005121711,1
"sparse_bayesc_full","13:92838400",-0.145985235485072,1
"sparse_bayesc_full","19:55551662",0.21887557334108,1
"sparse_bayesc_scheduled","11:935343",0.158539754423441,1
"sparse_bayesc_scheduled","11:92296987",0.13972275488493,1
"sparse_bayesc_scheduled","13:92838400",-0.146425001282598,1
"sparse_bayesc_scheduled","19:55551662",0.220818660936856,1
"sparse_bayesr_full","11:935343",0.158122947134664,1
"sparse_bayesr_full","11:92296987",0.140741139392179,1
"sparse_bayesr_full","13:92838400",-0.146004847077694,1
"sparse_bayesr_full","19:55551662",0.221593667639965,1
"sparse_bayesr_scheduled","11:935343",0.158469833907962,1
"sparse_bayesr_scheduled","11:92296987",0.141155278244229,1
"sparse_bayesr_scheduled","13:92838400",-0.146305783025409,1
"sparse_bayesr_scheduled","19:55551662",0.218603193023051,1
"polygenic_bayesc_full","1:6229093",0,0
"polygenic_bayesc_full","1:12878309",0,0
"polygenic_bayesc_full","1:20502710",0,0
"polygenic_bayesc_full","1:22260308",0,0
"polygenic_bayesc_full","1:31586505",0,0
"polygenic_bayesc_full","1:32316965",-0.0443639876816032,0.815
"polygenic_bayesc_full","1:35088945",0,0
"polygenic_bayesc_full","1:39269822",9.18823548836046e-05,0.005
"polygenic_bayesc_full","1:43526679",0,0
"polygenic_bayesc_full","1:55370174",0,0
"polygenic_bayesc_full","1:69943375",0,0
"polygenic_bayesc_full","1:71778323",0,0
"polygenic_bayesc_full","1:74687789",0,0
"polygenic_bayesc_full","1:76608491",0,0
"polygenic_bayesc_full","1:80005943",0,0
"polygenic_bayesc_full","1:82450365",0,0
"polygenic_bayesc_full","1:83096613",0,0
"polygenic_bayesc_full","1:84768861",0,0
"polygenic_bayesc_full","1:86361048",2.0502113882287e-05,0.005
"polygenic_bayesc_full","1:92754282",0,0
"polygenic_bayesc_full","1:106736034",0,0
"polygenic_bayesc_full","1:163591117",0,0
"polygenic_bayesc_full","1:166784755",0.0845559034544138,1
"polygenic_bayesc_full","1:169276816",-0.0055329562453367,0.13
"polygenic_bayesc_full","1:170872073",0,0
"polygenic_bayesc_full","1:176402381",0,0
"polygenic_bayesc_full","1:190008246",0,0
"polygenic_bayesc_full","1:201995577",0,0
"polygenic_bayesc_full","1:204161534",0,0
"polygenic_bayesc_full","1:209577743",0,0
"polygenic_bayesc_full","1:210679071",0,0
"polygenic_bayesc_full","1:225200511",0.0110727040526408,0.25
"polygenic_bayesc_full","1:232208669",0.0824542007747153,1
"polygenic_bayesc_full","1:232863119",0,0
"polygenic_bayesc_full","1:235696155",0,0
"polygenic_bayesc_full","1:236813493",0,0
"polygenic_bayesc_full","1:242082880",0,0
"polygenic_bayesc_full","1:242656745",0.000127873948619652,0.005
"polygenic_bayesc_full","1:242989408",-0.000264987161870568,0.01
"polygenic_bayesc_full","1:247250634",-0.000213916665236999,0.005
"polygenic_bayesc_full","2:76420",-0.000100455061596835,0.005
"polygenic_bayesc_full","2:2653025",-0.0778815303235088,1
"polygenic_bayesc_full","2:3358098",0,0
"polygenic_bayesc_full","2:3778858",0,0
"polygenic_bayesc_full","2:9805279",0.0301582046509606,0.605
"polygenic_bayesc_full","2:21616690",0,0
"polygenic_bayesc_full","2:28361560",0,0
"polygenic_bayesc_full","2:29988948",0,0
"polygenic_bayesc_full","2:30420499",-9.99593148502243e-05,0.005
"polygenic_bayesc_full","2:32812699",0,0
"polygenic_bayesc_full","2:33367126",0,0
"polygenic_bayesc_full","2:36178407",-0.0183932885301808,0.4
"polygenic_bayesc_full","2:47538646",0,0
"polygenic_bayesc_full","2:50855558",0,0
"polygenic_bayesc_full","2:53335559",0,0
"polygenic_bayesc_full","2:60240925",0,0
"polygenic_bayesc_full","2:65808822",-0.189791758887798,1
"polygenic_bayesc_full","2:68159683",0,0
"polygenic_bayesc_full","2:89529724",0,0
"polygenic_bayesc_full","2:106979334",0,0
"polygenic_bayesc_full","2:113918686",0,0
"polygenic_bayesc_full","2:119253679",-0.0737001065964319,1
"polygenic_bayesc_full","2:121888425",0,0
"polygenic_bayesc_full","2:137616847",-0.000803287656940354,0.025
"polygenic_bayesc_full","2:158464675",0,0
"polygenic_bayesc_full","2:159105031",0,0
"polygenic_bayesc_full","2:166399467",0,0
"polygenic_bayesc_full","2:171788024",0,0
"polygenic_bayesc_full","2:195326223",0,0
"polygenic_bayesc_full","2:202119454",0,0
"polygenic_bayesc_full","2:202609850",0,0
"polygenic_bayesc_full","2:202935544",0,0
"polygenic_bayesc_full","2:205934249",0.0108287288441442,0.245
"polygenic_bayesc_full","2:213031816",0,0
"polygenic_bayesc_full","2:220867113",0,0
"polygenic_bayesc_full","2:225346377",0,0
"polygenic_bayesc_full","2:235637626",0,0
"polygenic_bayesc_full","2:242560292",0,0
"polygenic_bayesc_full","3:7324408",-0.000148604681933438,0.005
"polygenic_bayesc_full","3:12372386",0,0
"polygenic_bayesc_full","3:14434934",0,0
"polygenic_bayesc_full","3:15891216",0,0
"polygenic_bayesc_full","3:17640669",0,0
"polygenic_bayesc_full","3:24041772",0,0
"polygenic_bayesc_full","3:27389740",-1.64555180045204e-05,0.005
"polygenic_bayesc_full","3:44132022",0,0
"polygenic_bayesc_full","3:56605887",0,0
"polygenic_bayesc_full","3:58609573",0,0
"polygenic_bayesc_full","3:84665570",0,0
"polygenic_bayesc_full","3:84760735",0,0
"polygenic_bayesc_full","3:93804912",-0.0189860933112089,0.395
"polygenic_bayesc_full","3:100284584",0,0
"polygenic_bayesc_full","3:105374814",-3.1260417163997e-05,0.005
"polygenic_bayesc_full","3:112431758",0,0
"polygenic_bayesc_full","3:121273493",0,0
"polygenic_bayesc_full","3:123712350",0,0
"polygenic_bayesc_full","3:124665267",0,0
"polygenic_bayesc_full","3:151314495",0,0
"polygenic_bayesc_full","3:151587225",0,0
"polygenic_bayesc_full","3:153525411",0,0
"polygenic_bayesc_full","3:159687810",9.11986828911963e-05,0.005
"polygenic_bayesc_full","3:165860313",0,0
"polygenic_bayesc_full","3:178892890",-7.34600471477482e-05,0.005
"polygenic_bayesc_full","3:185269265",0,0
"polygenic_bayesc_full","3:187201361",-0.0449932750874733,0.81
"polygenic_bayesc_full","3:190066112",-0.0709190011867881,1
"polygenic_bayesc_full","4:1632499",0,0
"polygenic_bayesc_full","4:2674334",0,0
"polygenic_bayesc_full","4:3727395",-0.0022227908390834,0.06
"polygenic_bayesc_full","4:5446398",0,0
"polygenic_bayesc_full","4:6769505",0,0
"polygenic_bayesc_full","4:7051632",0.00354914195356899,0.085
"polygenic_bayesc_full","4:7685105",0,0
"polygenic_bayesc_full","4:10837835",-0.00102133113833682,0.02
"polygenic_bayesc_full","4:13186320",-0.000901621601618653,0.02
"polygenic_bayesc_full","4:18406851",0,0
"polygenic_bayesc_full","4:26170909",0,0
"polygenic_bayesc_full","4:29233972",0,0
"polygenic_bayesc_full","4:36613660",-0.000146796434680919,0.005
"polygenic_bayesc_full","4:37854827",0,0
"polygenic_bayesc_full","4:57887150",0,0
"polygenic_bayesc_full","4:65367088",0,0
"polygenic_bayesc_full","4:68009785",-0.000509192867591958,0.02
"polygenic_bayesc_full","4:72914405",0.000529504343357438,0.015
"polygenic_bayesc_full","4:78324215",-1.50026419082526e-05,0.005
"polygenic_bayesc_full","4:88537178",0,0
"polygenic_bayesc_full","4:101508381",0.085145252982934,1
"polygenic_bayesc_full","4:107136176",-5.37667802675284e-06,0.005
"polygenic_bayesc_full","4:133488072",0,0
"polygenic_bayesc_full","4:147546980",0,0
"polygenic_bayesc_full","4:160860938",0,0
"polygenic_bayesc_full","4:161402832",0,0
"polygenic_bayesc_full","4:164966972",0.000987102761283696,0.025
"polygenic_bayesc_full","4:165767146",-0.0102092586601452,0.24
"polygenic_bayesc_full","4:165811114",0,0
"polygenic_bayesc_full","4:170338372",0,0
"polygenic_bayesc_full","4:170685867",-0.0226283879673229,0.455
"polygenic_bayesc_full","4:173324271",0,0
"polygenic_bayesc_full","4:177469582",0,0
"polygenic_bayesc_full","4:178971365",0,0
"polygenic_bayesc_full","4:181784705",0,0
"polygenic_bayesc_full","4:183989102",0,0
"polygenic_bayesc_full","4:185665055",0,0
"polygenic_bayesc_full","4:186895735",0.0856828802264422,1
"polygenic_bayesc_full","5:3584368",0,0
"polygenic_bayesc_full","5:6101038",0.0486863750719841,0.87
"polygenic_bayesc_full","5:8412371",0,0
"polygenic_bayesc_full","5:9180169",0,0
"polygenic_bayesc_full","5:9270521",-0.000119656877540146,0.005
"polygenic_bayesc_full","5:17063275",0,0
"polygenic_bayesc_full","5:19498390",0.00237435551134262,0.06
"polygenic_bayesc_full","5:52001303",0,0
"polygenic_bayesc_full","5:55354004",-0.000155299934137056,0.005
"polygenic_bayesc_full","5:91038510",1.35749072077245e-05,0.005
"polygenic_bayesc_full","5:96349545",0,0
"polygenic_bayesc_full","5:97192520",-0.000414507502054113,0.015
"polygenic_bayesc_full","5:104399048",0,0
"polygenic_bayesc_full","5:109566823",0.000767791779651978,0.03
"polygenic_bayesc_full","5:129895583",-0.00104832314754913,0.03
"polygenic_bayesc_full","5:130559715",-0.000101337318186713,0.005
"polygenic_bayesc_full","5:135718277",0,0
"polygenic_bayesc_full","5:141424986",0,0
"polygenic_bayesc_full","5:145407271",0,0
"polygenic_bayesc_full","5:145986398",0,0
"polygenic_bayesc_full","5:151238173",0,0
"polygenic_bayesc_full","5:159359040",-9.7935837620991e-05,0.005
"polygenic_bayesc_full","5:160093769",0,0
"polygenic_bayesc_full","5:163895786",0,0
"polygenic_bayesc_full","5:176975693",0,0
"polygenic_bayesc_full","6:3605857",0.0186296466970196,0.375
"polygenic_bayesc_full","6:16820831",0,0
"polygenic_bayesc_full","6:26921207",-0.00637424148684391,0.14
"polygenic_bayesc_full","6:29862461",0,0
"polygenic_bayesc_full","6:32377408",0,0
"polygenic_bayesc_full","6:32496275",0,0
"polygenic_bayesc_full","6:32750938",0,0
"polygenic_bayesc_full","6:36658092",0,0
"polygenic_bayesc_full","6:41096890",0,0
"polygenic_bayesc_full","6:42122147",0,0
"polygenic_bayesc_full","6:44921320",-2.7202770716569e-06,0.005
"polygenic_bayesc_full","6:49566372",0.000101718132791704,0.005
"polygenic_bayesc_full","6:54191686",4.95570772174974e-05,0.005
"polygenic_bayesc_full","6:65286196",-0.000172616501213554,0.005
"polygenic_bayesc_full","6:77815421",0,0
"polygenic_bayesc_full","6:100276530",0,0
"polygenic_bayesc_full","6:107374147",-1.99277154117921e-05,0.005
"polygenic_bayesc_full","6:109078237",0,0
"polygenic_bayesc_full","6:120082292",0,0
"polygenic_bayesc_full","6:123958493",0,0
"polygenic_bayesc_full","6:124811980",0,0
"polygenic_bayesc_full","6:143481592",0,0
"polygenic_bayesc_full","6:159564926",0,0
"polygenic_bayesc_full","6:162063500",0.00554533168468792,0.115
"polygenic_bayesc_full","7:4848910",0,0
"polygenic_bayesc_full","7:4966665",0,0
"polygenic_bayesc_full","7:18204811",0,0
"polygenic_bayesc_full","7:18768578",0,0
"polygenic_bayesc_full","7:22452652",0,0
"polygenic_bayesc_full","7:23799463",0,0
"polygenic_bayesc_full","7:24539855",-2.19756123723999e-05,0.005
"polygenic_bayesc_full","7:27962103",0,0
"polygenic_bayesc_full","7:29448919",0,0
"polygenic_bayesc_full","7:30977442",0,0
"polygenic_bayesc_full","7:33811282",0,0
"polygenic_bayesc_full","7:36253012",0,0
"polygenic_bayesc_full","7:41685695",0,0
"polygenic_bayesc_full","7:44904328",0.243000736874201,1
"polygenic_bayesc_full","7:45443399",0,0
"polygenic_bayesc_full","7:47103792",0,0
"polygenic_bayesc_full","7:48313881",1.09082139401026e-05,0.005
"polygenic_bayesc_full","7:57216013",0,0
"polygenic_bayesc_full","7:57394386",0,0
"polygenic_bayesc_full","7:62911117",0,0
"polygenic_bayesc_full","7:66748242",0,0
"polygenic_bayesc_full","7:70626806",0.000918960416807709,0.03
"polygenic_bayesc_full","7:95996570",-0.000843896206142188,0.025
"polygenic_bayesc_full","7:100349919",0.000595907973716405,0.015
"polygenic_bayesc_full","7:110368302",0,0
"polygenic_bayesc_full","7:111000108",0,0
"polygenic_bayesc_full","7:112983458",0,0
"polygenic_bayesc_full","7:113745701",-4.57090343192067e-05,0.005
"polygenic_bayesc_full","7:132545062",0,0
"polygenic_bayesc_full","7:132906835",0,0
"polygenic_bayesc_full","7:142177746",-8.91793589123659e-05,0.005
"polygenic_bayesc_full","7:147097358",-9.85404541444241e-05,0.005
"polygenic_bayesc_full","7:150132842",-0.00103559031621932,0.03
"polygenic_bayesc_full","7:153658112",0,0
"polygenic_bayesc_full","7:153871169",-0.000559713962703419,0.025
"polygenic_bayesc_full","7:154018209",0,0
"polygenic_bayesc_full","8:967758",0,0
"polygenic_bayesc_full","8:2176732",0,0
"polygenic_bayesc_full","8:4908876",0,0
"polygenic_bayesc_full","8:13268972",0,0
"polygenic_bayesc_full","8:15902806",0.0657454076193844,1
"polygenic_bayesc_full","8:16635140",0,0
"polygenic_bayesc_full","8:16864155",0,0
"polygenic_bayesc_full","8:21616454",1.57532507324187e-05,0.005
"polygenic_bayesc_full","8:24088051",0.0860935718269615,1
"polygenic_bayesc_full","8:26665025",-3.76634623223806e-05,0.005
"polygenic_bayesc_full","8:30265887",0,0
"polygenic_bayesc_full","8:38437040",0,0
"polygenic_bayesc_full","8:38526684",0,0
"polygenic_bayesc_full","8:66869123",0.000242525468470976,0.005
"polygenic_bayesc_full","8:68911712",0,0
"polygenic_bayesc_full","8:72251288",0.000380772431419249,0.01
"polygenic_bayesc_full","8:74890431",-6.59931716486535e-05,0.005
"polygenic_bayesc_full","8:76210102",0,0
"polygenic_bayesc_full","8:80037556",0,0
"polygenic_bayesc_full","8:84192277",0,0
"polygenic_bayesc_full","8:87798842",-8.06047127198577e-05,0.005
"polygenic_bayesc_full","8:89916995",0,0
"polygenic_bayesc_full","8:91525158",0,0
"polygenic_bayesc_full","8:98166122",0,0
"polygenic_bayesc_full","8:98935189",0,0
"polygenic_bayesc_full","8:111167528",0,0
"polygenic_bayesc_full","8:114833323",0,0
"polygenic_bayesc_full","8:116680475",0,0
"polygenic_bayesc_full","8:118910601",0,0
"polygenic_bayesc_full","8:120471403",0,0
"polygenic_bayesc_full","8:135749720",-0.000144706249932112,0.005
"polygenic_bayesc_full","8:137712728",0,0
"polygenic_bayesc_full","8:138960956",0,0
"polygenic_bayesc_full","8:141097677",0,0
"polygenic_bayesc_full","8:145084493",0,0
"polygenic_bayesc_full","9:145413",-0.00350320562310643,0.09
"polygenic_bayesc_full","9:808565",0.000360873350632294,0.01
"polygenic_bayesc_full","9:1118422",0,0
"polygenic_bayesc_full","9:4673389",0,0
"polygenic_bayesc_full","9:7187937",0,0
"polygenic_bayesc_full","9:11712988",5.16160150286685e-05,0.005
"polygenic_bayesc_full","9:15045240",0,0
"polygenic_bayesc_full","9:20945372",0,0
"polygenic_bayesc_full","9:22514356",-3.02357508876192e-05,0.005
"polygenic_bayesc_full","9:25674963",0,0
"polygenic_bayesc_full","9:28064791",0.0180199117877452,0.38
"polygenic_bayesc_full","9:28695569",0,0
"polygenic_bayesc_full","9:32212097",-0.115712754488745,1
"polygenic_bayesc_full","9:34413420",-0.056346279259738,0.955
"polygenic_bayesc_full","9:89766809",-0.00121519915506151,0.03
"polygenic_bayesc_full","9:93166113",0.00564761605240914,0.13
"polygenic_bayesc_full","9:94604290",0,0
"polygenic_bayesc_full","9:103403174",0,0
"polygenic_bayesc_full","9:104484948",-0.0681877969897229,1
"polygenic_bayesc_full","9:116094706",0,0
"polygenic_bayesc_full","9:118474728",0,0
"polygenic_bayesc_full","9:126391279",0,0
"polygenic_bayesc_full","9:136916997",0,0
"polygenic_bayesc_full","10:1322617",0,0
"polygenic_bayesc_full","10:3458930",0,0
"polygenic_bayesc_full","10:4080904",0.0962947635000917,1
"polygenic_bayesc_full","10:6831550",-0.000987806823560513,0.025
"polygenic_bayesc_full","10:11922505",0.014823533412553,0.315
"polygenic_bayesc_full","10:19828201",0,0
"polygenic_bayesc_full","10:25424230",0,0
"polygenic_bayesc_full","10:42445848",-0.000151471626922663,0.005
"polygenic_bayesc_full","10:43960611",0,0
"polygenic_bayesc_full","10:49778603",0,0
"polygenic_bayesc_full","10:67607399",0,0
"polygenic_bayesc_full","10:75101497",0,0
"polygenic_bayesc_full","10:82148747",-0.114216967244017,1
"polygenic_bayesc_full","10:82573673",0,0
"polygenic_bayesc_full","10:85503099",-0.000161962992049555,0.005
"polygenic_bayesc_full","10:96392368",0,0
"polygenic_bayesc_full","10:102323982",6.53069869924877e-06,0.005
"polygenic_bayesc_full","10:107983009",0,0
"polygenic_bayesc_full","10:113725585",0,0
"polygenic_bayesc_full","10:117887347",0,0
"polygenic_bayesc_full","10:123908017",0,0
"polygenic_bayesc_full","10:128401270",0.0503260701682484,0.91
"polygenic_bayesc_full","10:130382101",0,0
"polygenic_bayesc_full","10:131018377",-1.58507798854183e-05,0.005
"polygenic_bayesc_full","10:134046682",0,0
"polygenic_bayesc_full","11:10131270",0,0
"polygenic_bayesc_full","11:11360588",0,0
"polygenic_bayesc_full","11:15473588",0,0
"polygenic_bayesc_full","11:16521705",0,0
"polygenic_bayesc_full","11:20793196",0,0
"polygenic_bayesc_full","11:48733840",-2.21780438229732e-05,0.005
"polygenic_bayesc_full","11:55056082",0,0
"polygenic_bayesc_full","11:56342751",0.071376082092487,1
"polygenic_bayesc_full","11:67333090",0,0
"polygenic_bayesc_full","11:74058710",0.00188180566274007,0.05
"polygenic_bayesc_full","11:80967698",0,0
"polygenic_bayesc_full","11:92012181",0,0
"polygenic_bayesc_full","11:94280964",0.000167987270630846,0.01
"polygenic_bayesc_full","11:95234568",0,0
"polygenic_bayesc_full","11:100701493",-0.206492206605658,1
"polygenic_bayesc_full","11:107902017",-0.0679014926244626,1
"polygenic_bayesc_full","11:108346197",-3.67473103999306e-05,0.005
"polygenic_bayesc_full","11:112680695",0,0
"polygenic_bayesc_full","11:120998225",0.000159043249335262,0.005
"polygenic_bayesc_full","11:122340155",0,0
"polygenic_bayesc_full","11:123630840",0,0
"polygenic_bayesc_full","11:127850014",0,0
"polygenic_bayesc_full","11:133237672",0,0
"polygenic_bayesc_full","12:6032129",0,0
"polygenic_bayesc_full","12:14105580",0,0
"polygenic_bayesc_full","12:18252655",0.0313349665898526,0.615
"polygenic_bayesc_full","12:20500961",0,0
"polygenic_bayesc_full","12:22199053",0,0
"polygenic_bayesc_full","12:28753228",-0.000116840801354323,0.005
"polygenic_bayesc_full","12:30071437",-0.00132700239974572,0.04
"polygenic_bayesc_full","12:34304916",0,0
"polygenic_bayesc_full","12:46793227",-0.00104455419836602,0.03
"polygenic_bayesc_full","12:48562304",0,0
"polygenic_bayesc_full","12:53813003",0,0
"polygenic_bayesc_full","12:60977137",8.96358496222086e-06,0.005
"polygenic_bayesc_full","12:68359650",0,0
"polygenic_bayesc_full","12:77985597",0,0
"polygenic_bayesc_full","12:108695761",0,0
"polygenic_bayesc_full","12:113202967",-0.000404933021360147,0.01
"polygenic_bayesc_full","12:119653231",0,0
"polygenic_bayesc_full","12:127950838",0,0
"polygenic_bayesc_full","12:130077125",0.000151494962138564,0.005
"polygenic_bayesc_full","13:20052987",0,0
"polygenic_bayesc_full","13:25045572",0,0
"polygenic_bayesc_full","13:43374892",-0.0167658851174735,0.335
"polygenic_bayesc_full","13:56237881",0,0
"polygenic_bayesc_full","13:61126507",0,0
"polygenic_bayesc_full","13:61616631",0,0
"polygenic_bayesc_full","13:88011048",0,0
"polygenic_bayesc_full","13:89532612",-0.000135349794486062,0.005
"polygenic_bayesc_full","13:90324580",-0.00934176038842023,0.21
"polygenic_bayesc_full","13:91228035",0,0
"polygenic_bayesc_full","13:92838400",0,0
"polygenic_bayesc_full","13:93491446",0,0
"polygenic_bayesc_full","13:96024473",0,0
"polygenic_bayesc_full","13:98346673",0,0
"polygenic_bayesc_full","13:99034552",0,0
"polygenic_bayesc_full","13:104671009",0,0
"polygenic_bayesc_full","13:114929344",5.82228297869811e-05,0.005
"polygenic_bayesc_full","14:21800284",-0.000213683772879926,0.005
"polygenic_bayesc_full","14:24010897",0,0
"polygenic_bayesc_full","14:28400556",1.58843147540636e-05,0.005
"polygenic_bayesc_full","14:29029638",0,0
"polygenic_bayesc_full","14:40020022",0,0
"polygenic_bayesc_full","14:44436519",0,0
"polygenic_bayesc_full","14:55382224",0,0
"polygenic_bayesc_full","14:62986106",0.0542279091784597,0.965
"polygenic_bayesc_full","14:65941624",0,0
"polygenic_bayesc_full","14:66889419",0,0
"polygenic_bayesc_full","14:72704544",0,0
"polygenic_bayesc_full","14:75859513",0,0
"polygenic_bayesc_full","14:87394194",0.0014925305333978,0.035
"polygenic_bayesc_full","14:96011645",0,0
"polygenic_bayesc_full","14:102652138",-4.82465373361392e-05,0.005
"polygenic_bayesc_full","14:104187906",-0.000366155343806912,0.015
"polygenic_bayesc_full","14:106439620",0,0
"polygenic_bayesc_full","14:106759402",0,0
"polygenic_bayesc_full","14:107155250",0,0
"polygenic_bayesc_full","14:107195477",0,0
"polygenic_bayesc_full","15:24492149",0,0
"polygenic_bayesc_full","15:29911946",0,0
"polygenic_bayesc_full","15:30137027",0,0
"polygenic_bayesc_full","15:33857317",0.00388293947222549,0.095
"polygenic_bayesc_full","15:50877583",0,0
"polygenic_bayesc_full","15:54964695",0,0
"polygenic_bayesc_full","15:56058787",9.06082364606283e-06,0.005
"polygenic_bayesc_full","15:69010105",0,0
"polygenic_bayesc_full","15:72459971",0,0
"polygenic_bayesc_full","15:73010964",-0.0557427630832977,0.97
"polygenic_bayesc_full","15:73447773",0.00099897099687141,0.025
"polygenic_bayesc_full","15:73971979",-5.64037813224537e-05,0.005
"polygenic_bayesc_full","15:76280307",0,0
"polygenic_bayesc_full","15:78928946",0,0
"polygenic_bayesc_full","15:80795039",0,0
"polygenic_bayesc_full","15:86763413",0,0
"polygenic_bayesc_full","15:93292502",0,0
"polygenic_bayesc_full","15:93553692",0,0
"polygenic_bayesc_full","15:96145134",-0.000119520917697833,0.005
"polygenic_bayesc_full","15:99254194",-0.000220909368838205,0.01
"polygenic_bayesc_full","16:3380000",0,0
"polygenic_bayesc_full","16:4638844",0.00569191350994178,0.135
"polygenic_bayesc_full","16:5063152",0,0
"polygenic_bayesc_full","16:7361623",-0.0272475050057605,0.545
"polygenic_bayesc_full","16:11291240",-0.0060178678755249,0.145
"polygenic_bayesc_full","16:13731460",0.000474110975987681,0.015
"polygenic_bayesc_full","16:14154779",0,0
"polygenic_bayesc_full","16:14300152",0.000461608699136721,0.015
"polygenic_bayesc_full","16:16141198",0,0
"polygenic_bayesc_full","16:21134311",0,0
"polygenic_bayesc_full","16:23622324",0,0
"polygenic_bayesc_full","16:23829113",0.000200220705794579,0.005
"polygenic_bayesc_full","16:25596440",0,0
"polygenic_bayesc_full","16:29105470",0,0
"polygenic_bayesc_full","16:46434721",0,0
"polygenic_bayesc_full","16:51104938",-0.00120412163759542,0.04
"polygenic_bayesc_full","16:55867239",0,0
"polygenic_bayesc_full","16:57751021",0,0
"polygenic_bayesc_full","16:59158016",6.330113313342e-06,0.005
"polygenic_bayesc_full","16:62294606",0,0
"polygenic_bayesc_full","16:72013539",0,0
"polygenic_bayesc_full","16:73319382",0,0
"polygenic_bayesc_full","16:73708098",0,0
"polygenic_bayesc_full","16:79257696",0,0
"polygenic_bayesc_full","16:82881736",0,0
"polygenic_bayesc_full","16:84074875",0,0
"polygenic_bayesc_full","17:10028397",0,0
"polygenic_bayesc_full","17:11665655",0,0
"polygenic_bayesc_full","17:14242446",0,0
"polygenic_bayesc_full","17:14912195",0,0
"polygenic_bayesc_full","17:21067485",0,0
"polygenic_bayesc_full","17:27323341",0,0
"polygenic_bayesc_full","17:29338347",0,0
"polygenic_bayesc_full","17:38160754",0,0
"polygenic_bayesc_full","17:39421951",0.00099449080234785,0.035
"polygenic_bayesc_full","17:51096442",0,0
"polygenic_bayesc_full","17:52886167",0,0
"polygenic_bayesc_full","17:60673853",-0.0841474030285905,1
"polygenic_bayesc_full","17:66957351",0,0
"polygenic_bayesc_full","17:72952017",0,0
"polygenic_bayesc_full","17:74283535",0,0
"polygenic_bayesc_full","17:75051065",-0.0520430048240814,0.935
"polygenic_bayesc_full","18:2857670",0,0
"polygenic_bayesc_full","18:7294723",0,0
"polygenic_bayesc_full","18:8471457",-0.227089000206258,1
"polygenic_bayesc_full","18:10891257",0,0
"polygenic_bayesc_full","18:42663629",0,0
"polygenic_bayesc_full","18:44278497",0,0
"polygenic_bayesc_full","18:67788590",0,0
"polygenic_bayesc_full","18:68521630",0.0777245674255154,1
"polygenic_bayesc_full","18:68827034",-0.000156605890098347,0.005
"polygenic_bayesc_full","18:71290002",0,0
"polygenic_bayesc_full","18:74755011",0,0
"polygenic_bayesc_full","18:75802514",0,0
"polygenic_bayesc_full","18:77161840",0,0
"polygenic_bayesc_full","19:6761011",0,0
"polygenic_bayesc_full","19:24080537",0,0
"polygenic_bayesc_full","19:29391568",0.00010666158957351,0.005
"polygenic_bayesc_full","19:34517370",0,0
"polygenic_bayesc_full","19:38545238",-0.000198518381349006,0.01
"polygenic_bayesc_full","19:47285589",3.95878237369476e-05,0.005
"polygenic_bayesc_full","19:57486015",0,0
"polygenic_bayesc_full","20:1494348",-0.0571664826399072,0.965
"polygenic_bayesc_full","20:4051325",-9.1345820324894e-05,0.005
"polygenic_bayesc_full","20:8905176",-0.000371834647167805,0.015
"polygenic_bayesc_full","20:9074599",0,0
"polygenic_bayesc_full","20:10997709",0,0
"polygenic_bayesc_full","20:14321880",0,0
"polygenic_bayesc_full","20:16449216",-9.01977606620567e-05,0.005
"polygenic_bayesc_full","20:23566319",0,0
"polygenic_bayesc_full","20:29598227",0,0
"polygenic_bayesc_full","20:29881217",0,0
"polygenic_bayesc_full","20:42797173",0,0
"polygenic_bayesc_full","20:53011864",0,0
"polygenic_bayesc_full","20:56184726",-0.0789292290230518,1
"polygenic_bayesc_full","20:56371664",-0.00018761278843025,0.005
"polygenic_bayesc_full","20:58877779",0,0
"polygenic_bayesc_full","20:62792115",-0.000117918125044037,0.005
"polygenic_bayesc_full","21:18866449",0,0
"polygenic_bayesc_full","21:20081537",-0.00374071639205372,0.095
"polygenic_bayesc_full","21:22245473",0,0
"polygenic_bayesc_full","21:26218884",0,0
"polygenic_bayesc_full","21:28356616",-0.0317082903582827,0.605
"polygenic_bayesc_full","21:42289629",0,0
"polygenic_bayesc_full","21:43121687",0.186693239935663,1
"polygenic_bayesc_full","21:43703324",0,0
"polygenic_bayesc_full","21:43997430",0,0
"polygenic_bayesc_full","21:47551225",0,0
"polygenic_bayesc_full","22:22145101",0,0
"polygenic_bayesc_scheduled","1:6229093",0,0
"polygenic_bayesc_scheduled","1:12878309",0,0
"polygenic_bayesc_scheduled","1:20502710",0,0
"polygenic_bayesc_scheduled","1:22260308",0,0
"polygenic_bayesc_scheduled","1:31586505",0.000139386964412568,0.005
"polygenic_bayesc_scheduled","1:32316965",-0.0416603239631969,0.77
"polygenic_bayesc_scheduled","1:35088945",0,0
"polygenic_bayesc_scheduled","1:39269822",0,0
"polygenic_bayesc_scheduled","1:43526679",0,0
"polygenic_bayesc_scheduled","1:55370174",0,0
"polygenic_bayesc_scheduled","1:69943375",0,0
"polygenic_bayesc_scheduled","1:71778323",0,0
"polygenic_bayesc_scheduled","1:74687789",0,0
"polygenic_bayesc_scheduled","1:76608491",0,0
"polygenic_bayesc_scheduled","1:80005943",0,0
"polygenic_bayesc_scheduled","1:82450365",0,0
"polygenic_bayesc_scheduled","1:83096613",0,0
"polygenic_bayesc_scheduled","1:84768861",0,0
"polygenic_bayesc_scheduled","1:86361048",0,0
"polygenic_bayesc_scheduled","1:92754282",0,0
"polygenic_bayesc_scheduled","1:106736034",0,0
"polygenic_bayesc_scheduled","1:163591117",0,0
"polygenic_bayesc_scheduled","1:166784755",0.0861075945132768,1
"polygenic_bayesc_scheduled","1:169276816",-0.00546188001972748,0.13
"polygenic_bayesc_scheduled","1:170872073",0,0
"polygenic_bayesc_scheduled","1:176402381",0,0
"polygenic_bayesc_scheduled","1:190008246",0,0
"polygenic_bayesc_scheduled","1:201995577",0,0
"polygenic_bayesc_scheduled","1:204161534",0,0
"polygenic_bayesc_scheduled","1:209577743",0,0
"polygenic_bayesc_scheduled","1:210679071",0,0
"polygenic_bayesc_scheduled","1:225200511",0.00971029466110438,0.22
"polygenic_bayesc_scheduled","1:232208669",0.084992821831535,1
"polygenic_bayesc_scheduled","1:232863119",-0.000132276908585976,0.005
"polygenic_bayesc_scheduled","1:235696155",0,0
"polygenic_bayesc_scheduled","1:236813493",0,0
"polygenic_bayesc_scheduled","1:242082880",0,0
"polygenic_bayesc_scheduled","1:242656745",0,0
"polygenic_bayesc_scheduled","1:242989408",-0.000342685441965837,0.01
"polygenic_bayesc_scheduled","1:247250634",0,0
"polygenic_bayesc_scheduled","2:76420",-9.85802064078597e-05,0.005
"polygenic_bayesc_scheduled","2:2653025",-0.080506827919783,1
"polygenic_bayesc_scheduled","2:3358098",9.73172159219405e-05,0.005
"polygenic_bayesc_scheduled","2:3778858",0,0
"polygenic_bayesc_scheduled","2:9805279",0.0302284081536776,0.595
"polygenic_bayesc_scheduled","2:21616690",0,0
"polygenic_bayesc_scheduled","2:28361560",0,0
"polygenic_bayesc_scheduled","2:29988948",0,0
"polygenic_bayesc_scheduled","2:30420499",0,0
"polygenic_bayesc_scheduled","2:32812699",0,0
"polygenic_bayesc_scheduled","2:33367126",0,0
"polygenic_bayesc_scheduled","2:36178407",-0.0218542905658578,0.46
"polygenic_bayesc_scheduled","2:47538646",0,0
"polygenic_bayesc_scheduled","2:50855558",0,0
"polygenic_bayesc_scheduled","2:53335559",-0.000102856525456999,0.005
"polygenic_bayesc_scheduled","2:60240925",0,0
"polygenic_bayesc_scheduled","2:65808822",-0.188263109837949,1
"polygenic_bayesc_scheduled","2:68159683",0,0
"polygenic_bayesc_scheduled","2:89529724",0,0
"polygenic_bayesc_scheduled","2:106979334",0,0
"polygenic_bayesc_scheduled","2:113918686",0,0
"polygenic_bayesc_scheduled","2:119253679",-0.0742480159411199,1
"polygenic_bayesc_scheduled","2:121888425",0,0
"polygenic_bayesc_scheduled","2:137616847",-0.000806760167620358,0.025
"polygenic_bayesc_scheduled","2:158464675",0,0
"polygenic_bayesc_scheduled","2:159105031",0,0
"polygenic_bayesc_scheduled","2:166399467",0,0
"polygenic_bayesc_scheduled","2:171788024",0,0
"polygenic_bayesc_scheduled","2:195326223",0,0
"polygenic_bayesc_scheduled","2:202119454",0,0
"polygenic_bayesc_scheduled","2:202609850",0,0
"polygenic_bayesc_scheduled","2:202935544",0,0
"polygenic_bayesc_scheduled","2:205934249",0.00844559654182364,0.195
"polygenic_bayesc_scheduled","2:213031816",0,0
"polygenic_bayesc_scheduled","2:220867113",0,0
"polygenic_bayesc_scheduled","2:225346377",0.000320594150392982,0.01
"polygenic_bayesc_scheduled","2:235637626",0,0
"polygenic_bayesc_scheduled","2:242560292",0,0
"polygenic_bayesc_scheduled","3:7324408",0,0
"polygenic_bayesc_scheduled","3:12372386",0,0
"polygenic_bayesc_scheduled","3:14434934",0,0
"polygenic_bayesc_scheduled","3:15891216",0,0
"polygenic_bayesc_scheduled","3:17640669",0,0
"polygenic_bayesc_scheduled","3:24041772",0,0
"polygenic_bayesc_scheduled","3:27389740",0,0
"polygenic_bayesc_scheduled","3:44132022",0,0
"polygenic_bayesc_scheduled","3:56605887",0,0
"polygenic_bayesc_scheduled","3:58609573",0,0
"polygenic_bayesc_scheduled","3:84665570",0,0
"polygenic_bayesc_scheduled","3:84760735",0,0
"polygenic_bayesc_scheduled","3:93804912",-0.011634774776804,0.255
"polygenic_bayesc_scheduled","3:100284584",0,0
"polygenic_bayesc_scheduled","3:105374814",0,0
"polygenic_bayesc_scheduled","3:112431758",0,0
"polygenic_bayesc_scheduled","3:121273493",0,0
"polygenic_bayesc_scheduled","3:123712350",0,0
"polygenic_bayesc_scheduled","3:124665267",0,0
"polygenic_bayesc_scheduled","3:151314495",0,0
"polygenic_bayesc_scheduled","3:151587225",0,0
"polygenic_bayesc_scheduled","3:153525411",0,0
"polygenic_bayesc_scheduled","3:159687810",0,0
"polygenic_bayesc_scheduled","3:165860313",0,0
"polygenic_bayesc_scheduled","3:178892890",-0.000124265455933793,0.005
"polygenic_bayesc_scheduled","3:185269265",0,0
"polygenic_bayesc_scheduled","3:187201361",-0.0410463263689392,0.745
"polygenic_bayesc_scheduled","3:190066112",-0.0695727843590458,1
"polygenic_bayesc_scheduled","4:1632499",0,0
"polygenic_bayesc_scheduled","4:2674334",0,0
"polygenic_bayesc_scheduled","4:3727395",-0.00224681878370561,0.07
"polygenic_bayesc_scheduled","4:5446398",-0.000228555302154695,0.01
"polygenic_bayesc_scheduled","4:6769505",0,0
"polygenic_bayesc_scheduled","4:7051632",0.00123752053910748,0.03
"polygenic_bayesc_scheduled","4:7685105",0,0
"polygenic_bayesc_scheduled","4:10837835",-0.000681269000301991,0.015
"polygenic_bayesc_scheduled","4:13186320",-0.00110352681042632,0.025
"polygenic_bayesc_scheduled","4:18406851",0,0
"polygenic_bayesc_scheduled","4:26170909",0.000149812571973223,0.005
"polygenic_bayesc_scheduled","4:29233972",0,0
"polygenic_bayesc_scheduled","4:36613660",0,0
"polygenic_bayesc_scheduled","4:37854827",0,0
"polygenic_bayesc_scheduled","4:57887150",0,0
"polygenic_bayesc_scheduled","4:65367088",0,0
"polygenic_bayesc_scheduled","4:68009785",-0.000810665227186156,0.02
"polygenic_bayesc_scheduled","4:72914405",0,0
"polygenic_bayesc_scheduled","4:78324215",0,0
"polygenic_bayesc_scheduled","4:88537178",0,0
"polygenic_bayesc_scheduled","4:101508381",0.0853479448000999,1
"polygenic_bayesc_scheduled","4:107136176",0,0
"polygenic_bayesc_scheduled","4:133488072",0,0
"polygenic_bayesc_scheduled","4:147546980",0,0
"polygenic_bayesc_scheduled","4:160860938",0,0
"polygenic_bayesc_scheduled","4:161402832",-0.000124758684600918,0.005
"polygenic_bayesc_scheduled","4:164966972",0.000154880730016468,0.005
"polygenic_bayesc_scheduled","4:165767146",-0.00986202977478584,0.225
"polygenic_bayesc_scheduled","4:165811114",0,0
"polygenic_bayesc_scheduled","4:170338372",0,0
"polygenic_bayesc_scheduled","4:170685867",-0.0179251299538474,0.38
"polygenic_bayesc_scheduled","4:173324271",0,0
"polygenic_bayesc_scheduled","4:177469582",0,0
"polygenic_bayesc_scheduled","4:178971365",0,0
"polygenic_bayesc_scheduled","4:181784705",0,0
"polygenic_bayesc_scheduled","4:183989102",0,0
"polygenic_bayesc_scheduled","4:185665055",0,0
"polygenic_bayesc_scheduled","4:186895735",0.085298120037849,1
"polygenic_bayesc_scheduled","5:3584368",0,0
"polygenic_bayesc_scheduled","5:6101038",0.0477696670682264,0.85
"polygenic_bayesc_scheduled","5:8412371",0,0
"polygenic_bayesc_scheduled","5:9180169",0,0
"polygenic_bayesc_scheduled","5:9270521",-0.00025660384329939,0.01
"polygenic_bayesc_scheduled","5:17063275",0,0
"polygenic_bayesc_scheduled","5:19498390",0.00140475582733493,0.035
"polygenic_bayesc_scheduled","5:52001303",0,0
"polygenic_bayesc_scheduled","5:55354004",-0.000242068232212978,0.01
"polygenic_bayesc_scheduled","5:91038510",0,0
"polygenic_bayesc_scheduled","5:96349545",0,0
"polygenic_bayesc_scheduled","5:97192520",-0.000628003805244746,0.015
"polygenic_bayesc_scheduled","5:104399048",0,0
"polygenic_bayesc_scheduled","5:109566823",0.00039185955533514,0.01
"polygenic_bayesc_scheduled","5:129895583",-0.000478748894687984,0.01
"polygenic_bayesc_scheduled","5:130559715",0,0
"polygenic_bayesc_scheduled","5:135718277",0,0
"polygenic_bayesc_scheduled","5:141424986",0,0
"polygenic_bayesc_scheduled","5:145407271",0,0
"polygenic_bayesc_scheduled","5:145986398",0,0
"polygenic_bayesc_scheduled","5:151238173",0,0
"polygenic_bayesc_scheduled","5:159359040",-0.000198191634448991,0.005
"polygenic_bayesc_scheduled","5:160093769",0,0
"polygenic_bayesc_scheduled","5:163895786",0,0
"polygenic_bayesc_scheduled","5:176975693",0,0
"polygenic_bayesc_scheduled","6:3605857",0.0175077444770336,0.36
"polygenic_bayesc_scheduled","6:16820831",0,0
"polygenic_bayesc_scheduled","6:26921207",-0.00611192004943508,0.13
"polygenic_bayesc_scheduled","6:29862461",0,0
"polygenic_bayesc_scheduled","6:32377408",0,0
"polygenic_bayesc_scheduled","6:32496275",0,0
"polygenic_bayesc_scheduled","6:32750938",0,0
"polygenic_bayesc_scheduled","6:36658092",0,0
"polygenic_bayesc_scheduled","6:41096890",0,0
"polygenic_bayesc_scheduled","6:42122147",0,0
"polygenic_bayesc_scheduled","6:44921320",-0.000119732332870877,0.005
"polygenic_bayesc_scheduled","6:49566372",0,0
"polygenic_bayesc_scheduled","6:54191686",0,0
"polygenic_bayesc_scheduled","6:65286196",0,0
"polygenic_bayesc_scheduled","6:77815421",0,0
"polygenic_bayesc_scheduled","6:100276530",0,0
"polygenic_bayesc_scheduled","6:107374147",0,0
"polygenic_bayesc_scheduled","6:109078237",0,0
"polygenic_bayesc_scheduled","6:120082292",0,0
"polygenic_bayesc_scheduled","6:123958493",0,0
"polygenic_bayesc_scheduled","6:124811980",0,0
"polygenic_bayesc_scheduled","6:143481592",0,0
"polygenic_bayesc_scheduled","6:159564926",0,0
"polygenic_bayesc_scheduled","6:162063500",0.00282319367002759,0.065
"polygenic_bayesc_scheduled","7:4848910",0,0
"polygenic_bayesc_scheduled","7:4966665",0,0
"polygenic_bayesc_scheduled","7:18204811",0,0
"polygenic_bayesc_scheduled","7:18768578",0,0
"polygenic_bayesc_scheduled","7:22452652",0,0
"polygenic_bayesc_scheduled","7:23799463",0,0
"polygenic_bayesc_scheduled","7:24539855",0,0
"polygenic_bayesc_scheduled","7:27962103",0,0
"polygenic_bayesc_scheduled","7:29448919",7.0570473540786e-05,0.005
"polygenic_bayesc_scheduled","7:30977442",0,0
"polygenic_bayesc_scheduled","7:33811282",0,0
"polygenic_bayesc_scheduled","7:36253012",0,0
"polygenic_bayesc_scheduled","7:41685695",-0.000318283814636515,0.01
"polygenic_bayesc_scheduled","7:44904328",0.246121761790718,1
"polygenic_bayesc_scheduled","7:45443399",0,0
"polygenic_bayesc_scheduled","7:47103792",0.000177016952670552,0.005
"polygenic_bayesc_scheduled","7:48313881",0,0
"polygenic_bayesc_scheduled","7:57216013",0,0
"polygenic_bayesc_scheduled","7:57394386",0,0
"polygenic_bayesc_scheduled","7:62911117",0,0
"polygenic_bayesc_scheduled","7:66748242",0,0
"polygenic_bayesc_scheduled","7:70626806",0.000524809952623798,0.015
"polygenic_bayesc_scheduled","7:95996570",-0.00122504901371857,0.035
"polygenic_bayesc_scheduled","7:100349919",9.83947960229826e-05,0.005
"polygenic_bayesc_scheduled","7:110368302",0,0
"polygenic_bayesc_scheduled","7:111000108",0,0
"polygenic_bayesc_scheduled","7:112983458",0,0
"polygenic_bayesc_scheduled","7:113745701",0,0
"polygenic_bayesc_scheduled","7:132545062",0,0
"polygenic_bayesc_scheduled","7:132906835",0,0
"polygenic_bayesc_scheduled","7:142177746",0,0
"polygenic_bayesc_scheduled","7:147097358",0,0
"polygenic_bayesc_scheduled","7:150132842",0,0
"polygenic_bayesc_scheduled","7:153658112",0,0
"polygenic_bayesc_scheduled","7:153871169",0,0
"polygenic_bayesc_scheduled","7:154018209",0,0
"polygenic_bayesc_scheduled","8:967758",0,0
"polygenic_bayesc_scheduled","8:2176732",0,0
"polygenic_bayesc_scheduled","8:4908876",0,0
"polygenic_bayesc_scheduled","8:13268972",0,0
"polygenic_bayesc_scheduled","8:15902806",0.0664157157830039,1
"polygenic_bayesc_scheduled","8:16635140",0,0
"polygenic_bayesc_scheduled","8:16864155",0,0
"polygenic_bayesc_scheduled","8:21616454",8.93832521015e-05,0.005
"polygenic_bayesc_scheduled","8:24088051",0.0863367064454766,1
"polygenic_bayesc_scheduled","8:26665025",0,0
"polygenic_bayesc_scheduled","8:30265887",-0.00013062239424058,0.005
"polygenic_bayesc_scheduled","8:38437040",0,0
"polygenic_bayesc_scheduled","8:38526684",0,0
"polygenic_bayesc_scheduled","8:66869123",0.00052572643938135,0.015
"polygenic_bayesc_scheduled","8:68911712",0,0
"polygenic_bayesc_scheduled","8:72251288",0.000492560239999071,0.015
"polygenic_bayesc_scheduled","8:74890431",0,0
"polygenic_bayesc_scheduled","8:76210102",0,0
"polygenic_bayesc_scheduled","8:80037556",0,0
"polygenic_bayesc_scheduled","8:84192277",0,0
"polygenic_bayesc_scheduled","8:87798842",-6.11386628605193e-06,0.005
"polygenic_bayesc_scheduled","8:89916995",0,0
"polygenic_bayesc_scheduled","8:91525158",0,0
"polygenic_bayesc_scheduled","8:98166122",6.60457743005245e-05,0.005
"polygenic_bayesc_scheduled","8:98935189",0,0
"polygenic_bayesc_scheduled","8:111167528",0,0
"polygenic_bayesc_scheduled","8:114833323",0,0
"polygenic_bayesc_scheduled","8:116680475",0.000135925332053047,0.005
"polygenic_bayesc_scheduled","8:118910601",0.000137838991580289,0.005
"polygenic_bayesc_scheduled","8:120471403",0,0
"polygenic_bayesc_scheduled","8:135749720",-0.000400418952832236,0.01
"polygenic_bayesc_scheduled","8:137712728",0,0
"polygenic_bayesc_scheduled","8:138960956",0,0
"polygenic_bayesc_scheduled","8:141097677",9.4635798168512e-05,0.005
"polygenic_bayesc_scheduled","8:145084493",0,0
"polygenic_bayesc_scheduled","9:145413",-0.00221780272989352,0.055
"polygenic_bayesc_scheduled","9:808565",0.000443211879814351,0.01
"polygenic_bayesc_scheduled","9:1118422",0,0
"polygenic_bayesc_scheduled","9:4673389",0.000131647475820042,0.005
"polygenic_bayesc_scheduled","9:7187937",0,0
"polygenic_bayesc_scheduled","9:11712988",0,0
"polygenic_bayesc_scheduled","9:15045240",0,0
"polygenic_bayesc_scheduled","9:20945372",0,0
"polygenic_bayesc_scheduled","9:22514356",0,0
"polygenic_bayesc_scheduled","9:25674963",0,0
"polygenic_bayesc_scheduled","9:28064791",0.0168698726248641,0.355
"polygenic_bayesc_scheduled","9:28695569",0,0
"polygenic_bayesc_scheduled","9:32212097",-0.117890663934966,1
"polygenic_bayesc_scheduled","9:34413420",-0.0575473737512796,0.96
"polygenic_bayesc_scheduled","9:89766809",-0.00121168963472432,0.03
"polygenic_bayesc_scheduled","9:93166113",0.00364048395115995,0.095
"polygenic_bayesc_scheduled","9:94604290",0,0
"polygenic_bayesc_scheduled","9:103403174",0,0
"polygenic_bayesc_scheduled","9:104484948",-0.0705489461864521,1
"polygenic_bayesc_scheduled","9:116094706",0,0
"polygenic_bayesc_scheduled","9:118474728",0,0
"polygenic_bayesc_scheduled","9:126391279",0,0
"polygenic_bayesc_scheduled","9:136916997",0,0
"polygenic_bayesc_scheduled","10:1322617",0,0
"polygenic_bayesc_scheduled","10:3458930",-0.000143573034355156,0.005
"polygenic_bayesc_scheduled","10:4080904",0.0965700813917569,1
"polygenic_bayesc_scheduled","10:6831550",-0.00138078013933503,0.035
"polygenic_bayesc_scheduled","10:11922505",0.0117673872166652,0.25
"polygenic_bayesc_scheduled","10:19828201",0,0
"polygenic_bayesc_scheduled","10:25424230",0,0
"polygenic_bayesc_scheduled","10:42445848",0,0
"polygenic_bayesc_scheduled","10:43960611",0,0
"polygenic_bayesc_scheduled","10:49778603",0,0
"polygenic_bayesc_scheduled","10:67607399",0,0
"polygenic_bayesc_scheduled","10:75101497",0,0
"polygenic_bayesc_scheduled","10:82148747",-0.114659744252223,1
"polygenic_bayesc_scheduled","10:82573673",2.4193926702454e-05,0.005
"polygenic_bayesc_scheduled","10:85503099",0,0
"polygenic_bayesc_scheduled","10:96392368",0,0
"polygenic_bayesc_scheduled","10:102323982",0,0
"polygenic_bayesc_scheduled","10:107983009",0,0
"polygenic_bayesc_scheduled","10:113725585",0,0
"polygenic_bayesc_scheduled","10:117887347",0,0
"polygenic_bayesc_scheduled","10:123908017",0,0
"polygenic_bayesc_scheduled","10:128401270",0.0533300657949508,0.91
"polygenic_bayesc_scheduled","10:130382101",0,0
"polygenic_bayesc_scheduled","10:131018377",0,0
"polygenic_bayesc_scheduled","10:134046682",0,0
"polygenic_bayesc_scheduled","11:10131270",0,0
"polygenic_bayesc_scheduled","11:11360588",0,0
"polygenic_bayesc_scheduled","11:15473588",0,0
"polygenic_bayesc_scheduled","11:16521705",0,0
"polygenic_bayesc_scheduled","11:20793196",0,0
"polygenic_bayesc_scheduled","11:48733840",0,0
"polygenic_bayesc_scheduled","11:55056082",0,0
"polygenic_bayesc_scheduled","11:56342751",0.0730228751275338,1
"polygenic_bayesc_scheduled","11:67333090",0,0
"polygenic_bayesc_scheduled","11:74058710",0.00139424580661007,0.045
"polygenic_bayesc_scheduled","11:80967698",0,0
"polygenic_bayesc_scheduled","11:92012181",0,0
"polygenic_bayesc_scheduled","11:94280964",0,0
"polygenic_bayesc_scheduled","11:95234568",0,0
"polygenic_bayesc_scheduled","11:100701493",-0.210349570914005,1
"polygenic_bayesc_scheduled","11:107902017",-0.0668980856481529,1
"polygenic_bayesc_scheduled","11:108346197",0,0
"polygenic_bayesc_scheduled","11:112680695",0,0
"polygenic_bayesc_scheduled","11:120998225",0,0
"polygenic_bayesc_scheduled","11:122340155",0,0
"polygenic_bayesc_scheduled","11:123630840",0,0
"polygenic_bayesc_scheduled","11:127850014",0,0
"polygenic_bayesc_scheduled","11:133237672",0,0
"polygenic_bayesc_scheduled","12:6032129",0,0
"polygenic_bayesc_scheduled","12:14105580",0,0
"polygenic_bayesc_scheduled","12:18252655",0.0293439309580474,0.555
"polygenic_bayesc_scheduled","12:20500961",0,0
"polygenic_bayesc_scheduled","12:22199053",0,0
"polygenic_bayesc_scheduled","12:28753228",0,0
"polygenic_bayesc_scheduled","12:30071437",-0.000758072099077965,0.015
"polygenic_bayesc_scheduled","12:34304916",0,0
"polygenic_bayesc_scheduled","12:46793227",0,0
"polygenic_bayesc_scheduled","12:48562304",0,0
"polygenic_bayesc_scheduled","12:53813003",0,0
"polygenic_bayesc_scheduled","12:60977137",0,0
"polygenic_bayesc_scheduled","12:68359650",0,0
"polygenic_bayesc_scheduled","12:77985597",0,0
"polygenic_bayesc_scheduled","12:108695761",0,0
"polygenic_bayesc_scheduled","12:113202967",-0.000368559790293057,0.01
"polygenic_bayesc_scheduled","12:119653231",0,0
"polygenic_bayesc_scheduled","12:127950838",0,0
"polygenic_bayesc_scheduled","12:130077125",7.50418733923023e-05,0.005
"polygenic_bayesc_scheduled","13:20052987",0,0
"polygenic_bayesc_scheduled","13:25045572",0,0
"polygenic_bayesc_scheduled","13:43374892",-0.0121554504879601,0.26
"polygenic_bayesc_scheduled","13:56237881",0,0
"polygenic_bayesc_scheduled","13:61126507",0,0
"polygenic_bayesc_scheduled","13:61616631",0,0
"polygenic_bayesc_scheduled","13:88011048",0,0
"polygenic_bayesc_scheduled","13:89532612",0,0
"polygenic_bayesc_scheduled","13:90324580",-0.00889024250473127,0.19
"polygenic_bayesc_scheduled","13:91228035",0,0
"polygenic_bayesc_scheduled","13:92838400",0,0
"polygenic_bayesc_scheduled","13:93491446",0,0
"polygenic_bayesc_scheduled","13:96024473",0,0
"polygenic_bayesc_scheduled","13:98346673",0,0
"polygenic_bayesc_scheduled","13:99034552",0,0
"polygenic_bayesc_scheduled","13:104671009",0,0
"polygenic_bayesc_scheduled","13:114929344",0,0
"polygenic_bayesc_scheduled","14:21800284",-0.00016813313099191,0.005
"polygenic_bayesc_scheduled","14:24010897",0,0
"polygenic_bayesc_scheduled","14:28400556",0,0
"polygenic_bayesc_scheduled","14:29029638",0,0
"polygenic_bayesc_scheduled","14:40020022",0,0
"polygenic_bayesc_scheduled","14:44436519",0,0
"polygenic_bayesc_scheduled","14:55382224",0,0
"polygenic_bayesc_scheduled","14:62986106",0.0526493887919716,0.905
"polygenic_bayesc_scheduled","14:65941624",0,0
"polygenic_bayesc_scheduled","14:66889419",0,0
"polygenic_bayesc_scheduled","14:72704544",0,0
"polygenic_bayesc_scheduled","14:75859513",0,0
"polygenic_bayesc_scheduled","14:87394194",0.00130118794165157,0.035
"polygenic_bayesc_scheduled","14:96011645",0,0
"polygenic_bayesc_scheduled","14:102652138",0,0
"polygenic_bayesc_scheduled","14:104187906",0,0
"polygenic_bayesc_scheduled","14:106439620",0,0
"polygenic_bayesc_scheduled","14:106759402",0.000117141651694952,0.005
"polygenic_bayesc_scheduled","14:107155250",0,0
"polygenic_bayesc_scheduled","14:107195477",0,0
"polygenic_bayesc_scheduled","15:24492149",0,0
"polygenic_bayesc_scheduled","15:29911946",0,0
"polygenic_bayesc_scheduled","15:30137027",0.000126105517269357,0.005
"polygenic_bayesc_scheduled","15:33857317",0.00476688570239921,0.115
"polygenic_bayesc_scheduled","15:50877583",0,0
"polygenic_bayesc_scheduled","15:54964695",0,0
"polygenic_bayesc_scheduled","15:56058787",-0.000140226307052925,0.005
"polygenic_bayesc_scheduled","15:69010105",0,0
"polygenic_bayesc_scheduled","15:72459971",0,0
"polygenic_bayesc_scheduled","15:73010964",-0.0533897393166475,0.94
"polygenic_bayesc_scheduled","15:73447773",0.000272694913173559,0.005
"polygenic_bayesc_scheduled","15:73971979",0,0
"polygenic_bayesc_scheduled","15:76280307",0,0
"polygenic_bayesc_scheduled","15:78928946",0,0
"polygenic_bayesc_scheduled","15:80795039",0,0
"polygenic_bayesc_scheduled","15:86763413",9.68742037543311e-05,0.005
"polygenic_bayesc_scheduled","15:93292502",0,0
"polygenic_bayesc_scheduled","15:93553692",0,0
"polygenic_bayesc_scheduled","15:96145134",0,0
"polygenic_bayesc_scheduled","15:99254194",0,0
"polygenic_bayesc_scheduled","16:3380000",0,0
"polygenic_bayesc_scheduled","16:4638844",0.00372382037028014,0.09
"polygenic_bayesc_scheduled","16:5063152",0,0
"polygenic_bayesc_scheduled","16:7361623",-0.0246077878343887,0.495
"polygenic_bayesc_scheduled","16:11291240",-0.00713600664401005,0.17
"polygenic_bayesc_scheduled","16:13731460",0.000658652461592455,0.02
"polygenic_bayesc_scheduled","16:14154779",-7.49928526581204e-05,0.005
"polygenic_bayesc_scheduled","16:14300152",0.000450563455661686,0.015
"polygenic_bayesc_scheduled","16:16141198",0,0
"polygenic_bayesc_scheduled","16:21134311",0,0
"polygenic_bayesc_scheduled","16:23622324",0,0
"polygenic_bayesc_scheduled","16:23829113",0,0
"polygenic_bayesc_scheduled","16:25596440",0,0
"polygenic_bayesc_scheduled","16:29105470",0,0
"polygenic_bayesc_scheduled","16:46434721",0,0
"polygenic_bayesc_scheduled","16:51104938",0,0
"polygenic_bayesc_scheduled","16:55867239",0,0
"polygenic_bayesc_scheduled","16:57751021",0,0
"polygenic_bayesc_scheduled","16:59158016",0,0
"polygenic_bayesc_scheduled","16:62294606",0,0
"polygenic_bayesc_scheduled","16:72013539",0,0
"polygenic_bayesc_scheduled","16:73319382",0,0
"polygenic_bayesc_scheduled","16:73708098",0,0
"polygenic_bayesc_scheduled","16:79257696",0,0
"polygenic_bayesc_scheduled","16:82881736",0,0
"polygenic_bayesc_scheduled","16:84074875",0,0
"polygenic_bayesc_scheduled","17:10028397",0,0
"polygenic_bayesc_scheduled","17:11665655",0,0
"polygenic_bayesc_scheduled","17:14242446",0,0
"polygenic_bayesc_scheduled","17:14912195",0,0
"polygenic_bayesc_scheduled","17:21067485",0,0
"polygenic_bayesc_scheduled","17:27323341",0,0
"polygenic_bayesc_scheduled","17:29338347",0,0
"polygenic_bayesc_scheduled","17:38160754",0,0
"polygenic_bayesc_scheduled","17:39421951",0.000878415965191867,0.025
"polygenic_bayesc_scheduled","17:51096442",0,0
"polygenic_bayesc_scheduled","17:52886167",0,0
"polygenic_bayesc_scheduled","17:60673853",-0.0843353262649763,1
"polygenic_bayesc_scheduled","17:66957351",0,0
"polygenic_bayesc_scheduled","17:72952017",0,0
"polygenic_bayesc_scheduled","17:74283535",0,0
"polygenic_bayesc_scheduled","17:75051065",-0.0559184760097705,0.95
"polygenic_bayesc_scheduled","18:2857670",0,0
"polygenic_bayesc_scheduled","18:7294723",0,0
"polygenic_bayesc_scheduled","18:8471457",-0.228182909367391,1
"polygenic_bayesc_scheduled","18:10891257",0,0
"polygenic_bayesc_scheduled","18:42663629",0,0
"polygenic_bayesc_scheduled","18:44278497",0,0
"polygenic_bayesc_scheduled","18:67788590",0,0
"polygenic_bayesc_scheduled","18:68521630",0.0769583826067155,1
"polygenic_bayesc_scheduled","18:68827034",0,0
"polygenic_bayesc_scheduled","18:71290002",0,0
"polygenic_bayesc_scheduled","18:74755011",-0.00013661433409754,0.005
"polygenic_bayesc_scheduled","18:75802514",0,0
"polygenic_bayesc_scheduled","18:77161840",0,0
"polygenic_bayesc_scheduled","19:6761011",0,0
"polygenic_bayesc_scheduled","19:24080537",0,0
"polygenic_bayesc_scheduled","19:29391568",9.73562968302361e-06,0.005
"polygenic_bayesc_scheduled","19:34517370",0,0
"polygenic_bayesc_scheduled","19:38545238",0,0
"polygenic_bayesc_scheduled","19:47285589",0,0
"polygenic_bayesc_scheduled","19:57486015",0,0
"polygenic_bayesc_scheduled","20:1494348",-0.0559294494048466,0.945
"polygenic_bayesc_scheduled","20:4051325",0,0
"polygenic_bayesc_scheduled","20:8905176",0,0
"polygenic_bayesc_scheduled","20:9074599",0,0
"polygenic_bayesc_scheduled","20:10997709",0,0
"polygenic_bayesc_scheduled","20:14321880",0,0
"polygenic_bayesc_scheduled","20:16449216",0,0
"polygenic_bayesc_scheduled","20:23566319",0,0
"polygenic_bayesc_scheduled","20:29598227",0,0
"polygenic_bayesc_scheduled","20:29881217",0,0
"polygenic_bayesc_scheduled","20:42797173",0,0
"polygenic_bayesc_scheduled","20:53011864",0,0
"polygenic_bayesc_scheduled","20:56184726",-0.0770854473506365,1
"polygenic_bayesc_scheduled","20:56371664",-0.000221149221211938,0.005
"polygenic_bayesc_scheduled","20:58877779",0,0
"polygenic_bayesc_scheduled","20:62792115",0,0
"polygenic_bayesc_scheduled","21:18866449",0,0
"polygenic_bayesc_scheduled","21:20081537",-0.00242750061489069,0.055
"polygenic_bayesc_scheduled","21:22245473",0,0
"polygenic_bayesc_scheduled","21:26218884",0,0
"polygenic_bayesc_scheduled","21:28356616",-0.0310895340556437,0.615
"polygenic_bayesc_scheduled","21:42289629",0,0
"polygenic_bayesc_scheduled","21:43121687",0.18646590616732,1
"polygenic_bayesc_scheduled","21:43703324",0,0
"polygenic_bayesc_scheduled","21:43997430",0,0
"polygenic_bayesc_scheduled","21:47551225",0,0
"polygenic_bayesc_scheduled","22:22145101",0,0
"polygenic_bayesr_full","1:6229093",2.06859682102225e-05,0.025
"polygenic_bayesr_full","1:12878309",-8.16479388037523e-05,0.015
"polygenic_bayesr_full","1:20502710",4.54133827818954e-06,0.035
"polygenic_bayesr_full","1:22260308",0.000203284741356247,0.04
"polygenic_bayesr_full","1:31586505",2.43947824083998e-06,0.02
"polygenic_bayesr_full","1:32316965",-0.0371309170393531,0.88
"polygenic_bayesr_full","1:35088945",-0.000210291066249231,0.02
"polygenic_bayesr_full","1:39269822",0.000376496733990235,0.04
"polygenic_bayesr_full","1:43526679",0.000106858335775003,0.03
"polygenic_bayesr_full","1:55370174",1.4418940206503e-05,0.01
"polygenic_bayesr_full","1:69943375",3.05127052266024e-05,0.01
"polygenic_bayesr_full","1:71778323",0.000141306689492707,0.025
"polygenic_bayesr_full","1:74687789",0.000592305756443697,0.045
"polygenic_bayesr_full","1:76608491",-0.000904979056942253,0.05
"polygenic_bayesr_full","1:80005943",2.17401724503423e-05,0.02
"polygenic_bayesr_full","1:82450365",-9.13282372133505e-05,0.04
"polygenic_bayesr_full","1:83096613",-5.70540950465961e-05,0.04
"polygenic_bayesr_full","1:84768861",9.67719572454694e-05,0.03
"polygenic_bayesr_full","1:86361048",8.30889441111882e-05,0.01
"polygenic_bayesr_full","1:92754282",2.76866544047398e-05,0.025
"polygenic_bayesr_full","1:106736034",-0.000393735067347085,0.025
"polygenic_bayesr_full","1:163591117",-0.000125995798655151,0.01
"polygenic_bayesr_full","1:166784755",0.081101918988158,1
"polygenic_bayesr_full","1:169276816",-0.0106944018081166,0.345
"polygenic_bayesr_full","1:170872073",1.81749076482592e-05,0.005
"polygenic_bayesr_full","1:176402381",0.000972069522470085,0.07
"polygenic_bayesr_full","1:190008246",0.00025170308294339,0.03
"polygenic_bayesr_full","1:201995577",7.21463343644679e-05,0.01
"polygenic_bayesr_full","1:204161534",-6.26264161957069e-05,0.03
"polygenic_bayesr_full","1:209577743",-0.000109165051949492,0.025
"polygenic_bayesr_full","1:210679071",7.95609151222168e-06,0.02
"polygenic_bayesr_full","1:225200511",0.0230744950623206,0.62
"polygenic_bayesr_full","1:232208669",0.0794288780334062,1
"polygenic_bayesr_full","1:232863119",-0.000736732186847408,0.06
"polygenic_bayesr_full","1:235696155",-0.000184835977946949,0.02
"polygenic_bayesr_full","1:236813493",-0.000232491438595921,0.035
"polygenic_bayesr_full","1:242082880",5.18597407597828e-05,0.02
"polygenic_bayesr_full","1:242656745",0.00058777143783643,0.055
"polygenic_bayesr_full","1:242989408",-0.00150264548259074,0.11
"polygenic_bayesr_full","1:247250634",-0.00271604473369817,0.135
"polygenic_bayesr_full","2:76420",-0.00283942758353245,0.15
"polygenic_bayesr_full","2:2653025",-0.0769004435557432,1
"polygenic_bayesr_full","2:3358098",3.28622559126376e-05,0.02
"polygenic_bayesr_full","2:3778858",-3.84215303873601e-05,0.015
"polygenic_bayesr_full","2:9805279",0.0307241196715619,0.765
"polygenic_bayesr_full","2:21616690",9.78160936881809e-05,0.015
"polygenic_bayesr_full","2:28361560",0.000100897139870179,0.04
"polygenic_bayesr_full","2:29988948",-5.20744044063716e-05,0.04
"polygenic_bayesr_full","2:30420499",-6.22601522788378e-05,0.02
"polygenic_bayesr_full","2:32812699",-2.39889346531732e-05,0.01
"polygenic_bayesr_full","2:33367126",-0.000285680147448852,0.03
"polygenic_bayesr_full","2:36178407",-0.0264382544751202,0.695
"polygenic_bayesr_full","2:47538646",-6.03598988277376e-05,0.01
"polygenic_bayesr_full","2:50855558",2.22352575654617e-05,0.04
"polygenic_bayesr_full","2:53335559",-0.00110552705902192,0.075
"polygenic_bayesr_full","2:60240925",9.4879763831866e-06,0.04
"polygenic_bayesr_full","2:65808822",-0.187869678432461,1
"polygenic_bayesr_full","2:68159683",-6.01960779714437e-05,0.01
"polygenic_bayesr_full","2:89529724",9.69681102905382e-06,0.02
"polygenic_bayesr_full","2:106979334",-7.9627113210313e-05,0.025
"polygenic_bayesr_full","2:113918686",-0.000307380948134615,0.04
"polygenic_bayesr_full","2:119253679",-0.0700325718655236,1
"polygenic_bayesr_full","2:121888425",-0.00025733157951922,0.03
"polygenic_bayesr_full","2:137616847",-0.00227962697469525,0.13
"polygenic_bayesr_full","2:158464675",0.000266574393243718,0.035
"polygenic_bayesr_full","2:159105031",0.000236842141663209,0.025
"polygenic_bayesr_full","2:166399467",-0.00128056140704375,0.085
"polygenic_bayesr_full","2:171788024",0.000166297261243645,0.035
"polygenic_bayesr_full","2:195326223",8.12792503697928e-05,0.025
"polygenic_bayesr_full","2:202119454",-0.000542005311068556,0.04
"polygenic_bayesr_full","2:202609850",3.23880892361153e-05,0.035
"polygenic_bayesr_full","2:202935544",0.000354492062542592,0.03
"polygenic_bayesr_full","2:205934249",0.0152627230275468,0.465
"polygenic_bayesr_full","2:213031816",-0.000130075018935179,0.03
"polygenic_bayesr_full","2:220867113",0.00013343761807267,0.025
"polygenic_bayesr_full","2:225346377",0.000856709493206406,0.05
"polygenic_bayesr_full","2:235637626",-4.12315725369644e-05,0.01
"polygenic_bayesr_full","2:242560292",6.18780341438051e-05,0.015
"polygenic_bayesr_full","3:7324408",-0.000491985842220956,0.045
"polygenic_bayesr_full","3:12372386",-8.80214418735336e-05,0.025
"polygenic_bayesr_full","3:14434934",-7.01317322911658e-05,0.015
"polygenic_bayesr_full","3:15891216",-0.000565802391628039,0.05
"polygenic_bayesr_full","3:17640669",-0.00152563118913639,0.085
"polygenic_bayesr_full","3:24041772",3.86326359586633e-05,0.01
"polygenic_bayesr_full","3:27389740",-0.000108836705475297,0.03
"polygenic_bayesr_full","3:44132022",8.3042359920823e-06,0.01
"polygenic_bayesr_full","3:56605887",-8.67562174968684e-05,0.035
"polygenic_bayesr_full","3:58609573",9.98491270927178e-05,0.015
"polygenic_bayesr_full","3:84665570",0.000126363065799989,0.03
"polygenic_bayesr_full","3:84760735",-4.93897081717677e-05,0.02
"polygenic_bayesr_full","3:93804912",-0.0169998578545818,0.475
"polygenic_bayesr_full","3:100284584",-0.000174547195540916,0.03
"polygenic_bayesr_full","3:105374814",-0.000106996802386897,0.03
"polygenic_bayesr_full","3:112431758",0.000197447567461594,0.035
"polygenic_bayesr_full","3:121273493",-0.000200783672444083,0.04
"polygenic_bayesr_full","3:123712350",7.18735735792845e-05,0.02
"polygenic_bayesr_full","3:124665267",0.000155466812560209,0.01
"polygenic_bayesr_full","3:151314495",-0.000363426465283977,0.04
"polygenic_bayesr_full","3:151587225",0.000158510778394641,0.025
"polygenic_bayesr_full","3:153525411",9.90601435050899e-05,0.01
"polygenic_bayesr_full","3:159687810",4.34631803536176e-05,0.035
"polygenic_bayesr_full","3:165860313",3.23073286634791e-05,0.035
"polygenic_bayesr_full","3:178892890",-0.000214502461946046,0.03
"polygenic_bayesr_full","3:185269265",3.60796096697001e-05,0.015
"polygenic_bayesr_full","3:187201361",-0.0468411029944902,0.92
"polygenic_bayesr_full","3:190066112",-0.0671502746660513,1
"polygenic_bayesr_full","4:1632499",9.42730053256965e-05,0.025
"polygenic_bayesr_full","4:2674334",-2.94025140902329e-05,0.01
"polygenic_bayesr_full","4:3727395",-0.00506026589078316,0.225
"polygenic_bayesr_full","4:5446398",-0.000567016877501969,0.05
"polygenic_bayesr_full","4:6769505",-0.000675439435029128,0.045
"polygenic_bayesr_full","4:7051632",0.00418346168238456,0.22
"polygenic_bayesr_full","4:7685105",-1.83317259155193e-05,0.02
"polygenic_bayesr_full","4:10837835",-0.00555066898076647,0.24
"polygenic_bayesr_full","4:13186320",-0.00469392051237979,0.18
"polygenic_bayesr_full","4:18406851",0.000144256669061088,0.04
"polygenic_bayesr_full","4:26170909",0.00169786342327821,0.115
"polygenic_bayesr_full","4:29233972",2.73365538572684e-05,0.025
"polygenic_bayesr_full","4:36613660",-0.000431191290704444,0.06
"polygenic_bayesr_full","4:37854827",6.52364160694249e-05,0.01
"polygenic_bayesr_full","4:57887150",6.86928811173828e-05,0.01
"polygenic_bayesr_full","4:65367088",-0.000121552686641954,0.035
"polygenic_bayesr_full","4:68009785",-0.00191743587923634,0.1
"polygenic_bayesr_full","4:72914405",0.000991091225114447,0.09
"polygenic_bayesr_full","4:78324215",-4.9379327368678e-05,0.015
"polygenic_bayesr_full","4:88537178",-8.22507726973224e-05,0.01
"polygenic_bayesr_full","4:101508381",0.0836307962155405,1
"polygenic_bayesr_full","4:107136176",-0.000141743201417023,0.01
"polygenic_bayesr_full","4:133488072",-0.000164805772746222,0.05
"polygenic_bayesr_full","4:147546980",0.000128544637802077,0.04
"polygenic_bayesr_full","4:160860938",-3.02753300504437e-06,0.025
"polygenic_bayesr_full","4:161402832",-0.000160355540378635,0.03
"polygenic_bayesr_full","4:164966972",0.00200158066831098,0.105
"polygenic_bayesr_full","4:165767146",-0.0153105019674045,0.475
"polygenic_bayesr_full","4:165811114",0.000216961858114425,0.03
"polygenic_bayesr_full","4:170338372",-2.02866909239765e-05,0.01
"polygenic_bayesr_full","4:170685867",-0.0325344805676938,0.81
"polygenic_bayesr_full","4:173324271",-0.000144328818891467,0.025
"polygenic_bayesr_full","4:177469582",0.000208224245972195,0.035
"polygenic_bayesr_full","4:178971365",-4.8113441587496e-05,0.005
"polygenic_bayesr_full","4:181784705",-4.76881845081793e-05,0.04
"polygenic_bayesr_full","4:183989102",-7.21443291597295e-05,0.015
"polygenic_bayesr_full","4:185665055",-1.59842540705658e-05,0.015
"polygenic_bayesr_full","4:186895735",0.0841457987493673,1
"polygenic_bayesr_full","5:3584368",-0.000183289886097443,0.025
"polygenic_bayesr_full","5:6101038",0.0416680076952008,0.88
"polygenic_bayesr_full","5:8412371",0.000149737041187896,0.01
"polygenic_bayesr_full","5:9180169",-0.000264325094809801,0.045
"polygenic_bayesr_full","5:9270521",-0.00106672548613089,0.075
"polygenic_bayesr_full","5:17063275",-0.000524155963899129,0.06
"polygenic_bayesr_full","5:19498390",0.00353892052448724,0.17
"polygenic_bayesr_full","5:52001303",-0.000143371045445341,0.035
"polygenic_bayesr_full","5:55354004",-0.00179913619915469,0.1
"polygenic_bayesr_full","5:91038510",0.000144636330379901,0.04
"polygenic_bayesr_full","5:96349545",0,0
"polygenic_bayesr_full","5:97192520",-0.00310561986242008,0.165
"polygenic_bayesr_full","5:104399048",-0.000125031893161121,0.03
"polygenic_bayesr_full","5:109566823",0.00263564216925688,0.115
"polygenic_bayesr_full","5:129895583",-0.00253974908415187,0.145
"polygenic_bayesr_full","5:130559715",-0.000564135091558712,0.055
"polygenic_bayesr_full","5:135718277",-7.0347377175463e-05,0.005
"polygenic_bayesr_full","5:141424986",9.16754450998855e-05,0.02
"polygenic_bayesr_full","5:145407271",7.38655170735358e-05,0.04
"polygenic_bayesr_full","5:145986398",0.000107713988282288,0.03
"polygenic_bayesr_full","5:151238173",0.000122081425430568,0.03
"polygenic_bayesr_full","5:159359040",-0.00167232830650882,0.105
"polygenic_bayesr_full","5:160093769",-0.000180333997680939,0.02
"polygenic_bayesr_full","5:163895786",0.000119370776781976,0.02
"polygenic_bayesr_full","5:176975693",0.000334207945806041,0.025
"polygenic_bayesr_full","6:3605857",0.0296130763129504,0.735
"polygenic_bayesr_full","6:16820831",-4.90598532791238e-05,0.015
"polygenic_bayesr_full","6:26921207",-0.00896691016314415,0.31
"polygenic_bayesr_full","6:29862461",0.000442238421786537,0.045
"polygenic_bayesr_full","6:32377408",-0.000329936340263072,0.025
"polygenic_bayesr_full","6:32496275",0.000201212420461519,0.025
"polygenic_bayesr_full","6:32750938",0.000158678772414277,0.035
"polygenic_bayesr_full","6:36658092",2.25662814431589e-06,0.025
"polygenic_bayesr_full","6:41096890",-0.000243926482009291,0.035
"polygenic_bayesr_full","6:42122147",-2.91287204308885e-05,0.025
"polygenic_bayesr_full","6:44921320",-0.00112116046561281,0.07
"polygenic_bayesr_full","6:49566372",0.00068837870697222,0.035
"polygenic_bayesr_full","6:54191686",0.000555187645886455,0.04
"polygenic_bayesr_full","6:65286196",-0.000815483813444521,0.065
"polygenic_bayesr_full","6:77815421",6.81668289071266e-05,0.04
"polygenic_bayesr_full","6:100276530",0.000126183801964418,0.03
"polygenic_bayesr_full","6:107374147",-0.000858937373279759,0.06
"polygenic_bayesr_full","6:109078237",-0.000162255662730187,0.025
"polygenic_bayesr_full","6:120082292",-2.87754310389447e-05,0.03
"polygenic_bayesr_full","6:123958493",-8.00178957906698e-05,0.03
"polygenic_bayesr_full","6:124811980",0.000631241771857321,0.05
"polygenic_bayesr_full","6:143481592",-1.96713829133058e-06,0.03
"polygenic_bayesr_full","6:159564926",-4.96241320850609e-05,0.035
"polygenic_bayesr_full","6:162063500",0.0154033295756023,0.495
"polygenic_bayesr_full","7:4848910",3.85017251512165e-05,0.01
"polygenic_bayesr_full","7:4966665",7.05264712295839e-05,0.02
"polygenic_bayesr_full","7:18204811",-0.000243705306496556,0.03
"polygenic_bayesr_full","7:18768578",0.000556241353587492,0.065
"polygenic_bayesr_full","7:22452652",4.86192138418244e-05,0.015
"polygenic_bayesr_full","7:23799463",0.000102761056492958,0.03
"polygenic_bayesr_full","7:24539855",-4.75480393069215e-06,0.025
"polygenic_bayesr_full","7:27962103",-0.00015521571196163,0.04
"polygenic_bayesr_full","7:29448919",-0.000648059648864278,0.065
"polygenic_bayesr_full","7:30977442",2.66908645860374e-05,0.015
"polygenic_bayesr_full","7:33811282",-4.13860304901265e-05,0.03
"polygenic_bayesr_full","7:36253012",-0.000202675333232924,0.03
"polygenic_bayesr_full","7:41685695",-0.00152271127610489,0.075
"polygenic_bayesr_full","7:44904328",0.246953050754706,1
"polygenic_bayesr_full","7:45443399",5.93909485781146e-05,0.02
"polygenic_bayesr_full","7:47103792",1.52401142259563e-05,0.015
"polygenic_bayesr_full","7:48313881",0.000149739209041763,0.015
"polygenic_bayesr_full","7:57216013",-3.67536720542188e-05,0.025
"polygenic_bayesr_full","7:57394386",-0.000234551815309945,0.045
"polygenic_bayesr_full","7:62911117",-3.302635553971e-05,0.02
"polygenic_bayesr_full","7:66748242",-0.000531376346371488,0.045
"polygenic_bayesr_full","7:70626806",0.00430477220786292,0.21
"polygenic_bayesr_full","7:95996570",-0.00558421180196573,0.235
"polygenic_bayesr_full","7:100349919",0.00134635678089894,0.1
"polygenic_bayesr_full","7:110368302",0.000152749084887676,0.02
"polygenic_bayesr_full","7:111000108",-1.08884013888622e-05,0.015
"polygenic_bayesr_full","7:112983458",4.74179264607102e-05,0.01
"polygenic_bayesr_full","7:113745701",-0.000218750157629408,0.015
"polygenic_bayesr_full","7:132545062",0.000232528734395236,0.035
"polygenic_bayesr_full","7:132906835",-2.36526753218288e-05,0.035
"polygenic_bayesr_full","7:142177746",-0.000373586482462376,0.04
"polygenic_bayesr_full","7:147097358",-0.000335106984860918,0.045
"polygenic_bayesr_full","7:150132842",-0.00200828327863846,0.11
"polygenic_bayesr_full","7:153658112",0.000129714171564886,0.015
"polygenic_bayesr_full","7:153871169",-0.00203059893357185,0.115
"polygenic_bayesr_full","7:154018209",2.68774131066978e-05,0.04
"polygenic_bayesr_full","8:967758",0.000277228701541937,0.025
"polygenic_bayesr_full","8:2176732",0.000906434883088825,0.06
"polygenic_bayesr_full","8:4908876",0.000156951066453654,0.03
"polygenic_bayesr_full","8:13268972",-0.00011409336267075,0.015
"polygenic_bayesr_full","8:15902806",0.0644657966683212,1
"polygenic_bayesr_full","8:16635140",0.000618102462935872,0.045
"polygenic_bayesr_full","8:16864155",0.000310608209867046,0.045
"polygenic_bayesr_full","8:21616454",0.000900914915848482,0.065
"polygenic_bayesr_full","8:24088051",0.081806221430959,1
"polygenic_bayesr_full","8:26665025",0.000503115550689095,0.065
"polygenic_bayesr_full","8:30265887",-2.12199383057091e-05,0.025
"polygenic_bayesr_full","8:38437040",6.99734961266645e-06,0.02
"polygenic_bayesr_full","8:38526684",7.54856146125745e-05,0.015
"polygenic_bayesr_full","8:66869123",0.00199228687837614,0.12
"polygenic_bayesr_full","8:68911712",-0.000174216398729178,0.04
"polygenic_bayesr_full","8:72251288",0.00322269286820741,0.17
"polygenic_bayesr_full","8:74890431",-0.000483306376921269,0.03
"polygenic_bayesr_full","8:76210102",-0.00019774984457152,0.03
"polygenic_bayesr_full","8:80037556",-0.000216509074378048,0.03
"polygenic_bayesr_full","8:84192277",-8.27720423834058e-05,0.015
"polygenic_bayesr_full","8:87798842",0.000112152280465428,0.02
"polygenic_bayesr_full","8:89916995",0.000357232464342916,0.045
"polygenic_bayesr_full","8:91525158",-0.000228168205211937,0.04
"polygenic_bayesr_full","8:98166122",0.000548313675356957,0.065
"polygenic_bayesr_full","8:98935189",-0.000572633262336347,0.05
"polygenic_bayesr_full","8:111167528",-0.00107086710988936,0.07
"polygenic_bayesr_full","8:114833323",0.000102873405166325,0.025
"polygenic_bayesr_full","8:116680475",-2.23159316797967e-05,0.015
"polygenic_bayesr_full","8:118910601",0.000600771713923633,0.05
"polygenic_bayesr_full","8:120471403",0.000248884387311195,0.04
"polygenic_bayesr_full","8:135749720",-0.00275552377265243,0.17
"polygenic_bayesr_full","8:137712728",0.000379705664545034,0.05
"polygenic_bayesr_full","8:138960956",0.000397715284607806,0.035
"polygenic_bayesr_full","8:141097677",0.00117523033523019,0.09
"polygenic_bayesr_full","8:145084493",0.000253520431839998,0.035
"polygenic_bayesr_full","9:145413",-0.00636405371642656,0.265
"polygenic_bayesr_full","9:808565",0.00219123675834363,0.13
"polygenic_bayesr_full","9:1118422",0.000206137453618807,0.015
"polygenic_bayesr_full","9:4673389",0.0005995950899926,0.06
"polygenic_bayesr_full","9:7187937",-1.54339102199937e-05,0.015
"polygenic_bayesr_full","9:11712988",0.000423863960619384,0.055
"polygenic_bayesr_full","9:15045240",1.12426994971286e-05,0.035
"polygenic_bayesr_full","9:20945372",-0.000324244898108673,0.04
"polygenic_bayesr_full","9:22514356",-0.000149835730723464,0.015
"polygenic_bayesr_full","9:25674963",2.99823330952039e-06,0.025
"polygenic_bayesr_full","9:28064791",0.0218599884096835,0.595
"polygenic_bayesr_full","9:28695569",-1.20257137196069e-06,0.02
"polygenic_bayesr_full","9:32212097",-0.117018246847365,1
"polygenic_bayesr_full","9:34413420",-0.0527765429535285,0.99
"polygenic_bayesr_full","9:89766809",-0.00363597559186703,0.17
"polygenic_bayesr_full","9:93166113",0.0104620673704463,0.365
"polygenic_bayesr_full","9:94604290",0.000143638337819635,0.04
"polygenic_bayesr_full","9:103403174",0.000177482745107679,0.02
"polygenic_bayesr_full","9:104484948",-0.0667344767694133,1
"polygenic_bayesr_full","9:116094706",2.42440482547568e-05,0.01
"polygenic_bayesr_full","9:118474728",7.8063753134305e-05,0.025
"polygenic_bayesr_full","9:126391279",1.75753070158187e-06,0.045
"polygenic_bayesr_full","9:136916997",1.21516098295719e-05,0.015
"polygenic_bayesr_full","10:1322617",-1.70276715514498e-06,0.025
"polygenic_bayesr_full","10:3458930",-0.00025461393320427,0.03
"polygenic_bayesr_full","10:4080904",0.0963693072711308,1
"polygenic_bayesr_full","10:6831550",-0.00354030246653009,0.145
"polygenic_bayesr_full","10:11922505",0.0206075201684191,0.57
"polygenic_bayesr_full","10:19828201",-0.000641728633683727,0.055
"polygenic_bayesr_full","10:25424230",-0.000524342397006954,0.06
"polygenic_bayesr_full","10:42445848",-2.85653506299947e-05,0.015
"polygenic_bayesr_full","10:43960611",-0.000332616052089174,0.04
"polygenic_bayesr_full","10:49778603",0.000146715280600569,0.03
"polygenic_bayesr_full","10:67607399",-5.89205036410503e-05,0.06
"polygenic_bayesr_full","10:75101497",0.000143173001018159,0.02
"polygenic_bayesr_full","10:82148747",-0.11475535604287,1
"polygenic_bayesr_full","10:82573673",0.000621147317690562,0.06
"polygenic_bayesr_full","10:85503099",-7.00090965513791e-05,0.005
"polygenic_bayesr_full","10:96392368",1.41124027624423e-05,0.025
"polygenic_bayesr_full","10:102323982",-8.36615489328092e-05,0.015
"polygenic_bayesr_full","10:107983009",0.00020227849229795,0.02
"polygenic_bayesr_full","10:113725585",6.76400236904262e-05,0.03
"polygenic_bayesr_full","10:117887347",-8.5036916763653e-05,0.01
"polygenic_bayesr_full","10:123908017",0.000111444815471205,0.025
"polygenic_bayesr_full","10:128401270",0.0473642000038603,0.93
"polygenic_bayesr_full","10:130382101",9.79020228718951e-05,0.02
"polygenic_bayesr_full","10:131018377",0.000547647047052256,0.035
"polygenic_bayesr_full","10:134046682",-0.000171217944129546,0.05
"polygenic_bayesr_full","11:10131270",-0.000415612165243765,0.04
"polygenic_bayesr_full","11:11360588",0.000326590363511318,0.025
"polygenic_bayesr_full","11:15473588",-0.000208078377765086,0.025
"polygenic_bayesr_full","11:16521705",-4.76801754082633e-05,0.035
"polygenic_bayesr_full","11:20793196",0.000522354671605761,0.035
"polygenic_bayesr_full","11:48733840",-0.00105908070954968,0.085
"polygenic_bayesr_full","11:55056082",-3.09934581576625e-05,0.025
"polygenic_bayesr_full","11:56342751",0.0680213128460573,0.995
"polygenic_bayesr_full","11:67333090",-2.62561808555744e-05,0.01
"polygenic_bayesr_full","11:74058710",0.0110211834826968,0.425
"polygenic_bayesr_full","11:80967698",-0.000308957827625201,0.03
"polygenic_bayesr_full","11:92012181",-0.000176628329079136,0.05
"polygenic_bayesr_full","11:94280964",0.000307096659849849,0.045
"polygenic_bayesr_full","11:95234568",7.41433675605075e-05,0.03
"polygenic_bayesr_full","11:100701493",-0.211747890622552,1
"polygenic_bayesr_full","11:107902017",-0.0613300909883547,1
"polygenic_bayesr_full","11:108346197",-0.000114877718893682,0.01
"polygenic_bayesr_full","11:112680695",4.85119419800425e-05,0.005
"polygenic_bayesr_full","11:120998225",0.000187363407737976,0.02
"polygenic_bayesr_full","11:122340155",2.90070362072286e-05,0.005
"polygenic_bayesr_full","11:123630840",7.31527055184926e-06,0.015
"polygenic_bayesr_full","11:127850014",-0.000215869718702551,0.035
"polygenic_bayesr_full","11:133237672",-0.00012069253829192,0.01
"polygenic_bayesr_full","12:6032129",-3.51667669353789e-06,0.02
"polygenic_bayesr_full","12:14105580",-8.6772563692244e-06,0.015
"polygenic_bayesr_full","12:18252655",0.0318617651401614,0.745
"polygenic_bayesr_full","12:20500961",0.000414626198141335,0.04
"polygenic_bayesr_full","12:22199053",0.000150031877995294,0.035
"polygenic_bayesr_full","12:28753228",-0.001648915795309,0.09
"polygenic_bayesr_full","12:30071437",-0.00407967516979791,0.175
"polygenic_bayesr_full","12:34304916",-0.000394138964823733,0.045
"polygenic_bayesr_full","12:46793227",-0.00230240750556432,0.135
"polygenic_bayesr_full","12:48562304",-8.68566119398524e-05,0.025
"polygenic_bayesr_full","12:53813003",0.000302412078707023,0.03
"polygenic_bayesr_full","12:60977137",0.000505871170867445,0.045
"polygenic_bayesr_full","12:68359650",0.000208221279936576,0.03
"polygenic_bayesr_full","12:77985597",7.64427692374414e-05,0.03
"polygenic_bayesr_full","12:108695761",-9.89927200785668e-05,0.015
"polygenic_bayesr_full","12:113202967",-0.00224773288891886,0.145
"polygenic_bayesr_full","12:119653231",0.000636187492608935,0.05
"polygenic_bayesr_full","12:127950838",-1.04188713424653e-05,0.02
"polygenic_bayesr_full","12:130077125",0.00134411336412929,0.1
"polygenic_bayesr_full","13:20052987",-0.000147926421417979,0.03
"polygenic_bayesr_full","13:25045572",-5.23443810536193e-06,0.005
"polygenic_bayesr_full","13:43374892",-0.025472475652793,0.7
"polygenic_bayesr_full","13:56237881",4.5418814408836e-05,0.025
"polygenic_bayesr_full","13:61126507",-7.41357324025456e-05,0.01
"polygenic_bayesr_full","13:61616631",0.000291145674478294,0.05
"polygenic_bayesr_full","13:88011048",0.000185976881109729,0.025
"polygenic_bayesr_full","13:89532612",-0.000627385673124812,0.05
"polygenic_bayesr_full","13:90324580",-0.019251457224705,0.545
"polygenic_bayesr_full","13:91228035",1.91016995297547e-05,0.015
"polygenic_bayesr_full","13:92838400",-0.000106715249986338,0.03
"polygenic_bayesr_full","13:93491446",-5.10998379752488e-05,0.025
"polygenic_bayesr_full","13:96024473",7.85150847077331e-05,0.005
"polygenic_bayesr_full","13:98346673",0.00149001106420257,0.095
"polygenic_bayesr_full","13:99034552",5.28965872240493e-05,0.025
"polygenic_bayesr_full","13:104671009",0.00017486612107471,0.035
"polygenic_bayesr_full","13:114929344",0.000356412046742336,0.04
"polygenic_bayesr_full","14:21800284",-0.00128209520642475,0.085
"polygenic_bayesr_full","14:24010897",-0.00147050722579514,0.105
"polygenic_bayesr_full","14:28400556",2.63289845869361e-05,0.02
"polygenic_bayesr_full","14:29029638",-0.000106144199936631,0.04
"polygenic_bayesr_full","14:40020022",2.13330524977463e-05,0.02
"polygenic_bayesr_full","14:44436519",8.21109083048851e-05,0.005
"polygenic_bayesr_full","14:55382224",8.38549634439666e-05,0.05
"polygenic_bayesr_full","14:62986106",0.0494986607704452,0.96
"polygenic_bayesr_full","14:65941624",-0.000227145369730904,0.05
"polygenic_bayesr_full","14:66889419",0.000284173513291763,0.03
"polygenic_bayesr_full","14:72704544",0.000108922030227124,0.02
"polygenic_bayesr_full","14:75859513",-0.000325790448206803,0.045
"polygenic_bayesr_full","14:87394194",0.00539952442719212,0.21
"polygenic_bayesr_full","14:96011645",-7.42526443281427e-06,0.02
"polygenic_bayesr_full","14:102652138",-0.000407484456412072,0.055
"polygenic_bayesr_full","14:104187906",-0.00146704418780616,0.085
"polygenic_bayesr_full","14:106439620",-2.3440524959775e-05,0.03
"polygenic_bayesr_full","14:106759402",0.000154377903123408,0.015
"polygenic_bayesr_full","14:107155250",0.000373932943420882,0.04
"polygenic_bayesr_full","14:107195477",0,0
"polygenic_bayesr_full","15:24492149",-4.36486331088992e-05,0.02
"polygenic_bayesr_full","15:29911946",7.19745507654018e-05,0.025
"polygenic_bayesr_full","15:30137027",0.000308783218424867,0.04
"polygenic_bayesr_full","15:33857317",0.00795101815609755,0.325
"polygenic_bayesr_full","15:50877583",-0.000143042307792657,0.04
"polygenic_bayesr_full","15:54964695",-0.000182915134803345,0.02
"polygenic_bayesr_full","15:56058787",-0.000285568666832121,0.035
"polygenic_bayesr_full","15:69010105",-0.000148830415987389,0.02
"polygenic_bayesr_full","15:72459971",9.17390573213891e-05,0.025
"polygenic_bayesr_full","15:73010964",-0.0466215915437491,0.955
"polygenic_bayesr_full","15:73447773",0.0040529397695578,0.18
"polygenic_bayesr_full","15:73971979",4.87358682083067e-05,0.02
"polygenic_bayesr_full","15:76280307",-0.000248972924635178,0.02
"polygenic_bayesr_full","15:78928946",0.000137245103204521,0.035
"polygenic_bayesr_full","15:80795039",0.000112690861069069,0.03
"polygenic_bayesr_full","15:86763413",0.000439385840081302,0.05
"polygenic_bayesr_full","15:93292502",0.000249596197064922,0.05
"polygenic_bayesr_full","15:93553692",4.54073049665997e-05,0.025
"polygenic_bayesr_full","15:96145134",-0.000365307123607194,0.04
"polygenic_bayesr_full","15:99254194",-0.00414089008568156,0.19
"polygenic_bayesr_full","16:3380000",-1.8089489673749e-05,0.03
"polygenic_bayesr_full","16:4638844",0.0095149555826714,0.355
"polygenic_bayesr_full","16:5063152",0.000286132129292833,0.025
"polygenic_bayesr_full","16:7361623",-0.0253015124899547,0.685
"polygenic_bayesr_full","16:11291240",-0.0122973883343214,0.405
"polygenic_bayesr_full","16:13731460",0.00388591374916352,0.16
"polygenic_bayesr_full","16:14154779",-4.25533814490602e-05,0.005
"polygenic_bayesr_full","16:14300152",0.00144555982965517,0.1
"polygenic_bayesr_full","16:16141198",5.15817856787844e-05,0.015
"polygenic_bayesr_full","16:21134311",-9.04281484708351e-06,0.02
"polygenic_bayesr_full","16:23622324",0.000255924944819877,0.015
"polygenic_bayesr_full","16:23829113",0.000755511659448504,0.055
"polygenic_bayesr_full","16:25596440",0.000225360335228837,0.04
"polygenic_bayesr_full","16:29105470",0.000112985668230256,0.025
"polygenic_bayesr_full","16:46434721",-1.17455320084408e-05,0.005
"polygenic_bayesr_full","16:51104938",-0.00203492090799341,0.115
"polygenic_bayesr_full","16:55867239",-2.9048329068081e-05,0.035
"polygenic_bayesr_full","16:57751021",0.000250666921730231,0.03
"polygenic_bayesr_full","16:59158016",2.16455637576239e-05,0.025
"polygenic_bayesr_full","16:62294606",7.88209191844947e-06,0.025
"polygenic_bayesr_full","16:72013539",0.000137481103571654,0.02
"polygenic_bayesr_full","16:73319382",0.000125154354507412,0.03
"polygenic_bayesr_full","16:73708098",0.00109095912258303,0.065
"polygenic_bayesr_full","16:79257696",0.000272145687615635,0.04
"polygenic_bayesr_full","16:82881736",6.27858246621141e-05,0.03
"polygenic_bayesr_full","16:84074875",-0.000110245612125823,0.02
"polygenic_bayesr_full","17:10028397",-3.42432072437729e-05,0.01
"polygenic_bayesr_full","17:11665655",-0.000252028293076437,0.025
"polygenic_bayesr_full","17:14242446",0.000271747665213856,0.05
"polygenic_bayesr_full","17:14912195",0.000104679426319774,0.015
"polygenic_bayesr_full","17:21067485",-2.93341027936339e-05,0.015
"polygenic_bayesr_full","17:27323341",0.000295252342020002,0.025
"polygenic_bayesr_full","17:29338347",0.00028082940160713,0.045
"polygenic_bayesr_full","17:38160754",-0.000227390435828905,0.035
"polygenic_bayesr_full","17:39421951",0.00273852358277855,0.16
"polygenic_bayesr_full","17:51096442",0.000568035003456629,0.045
"polygenic_bayesr_full","17:52886167",-5.13627893453098e-05,0.02
"polygenic_bayesr_full","17:60673853",-0.0816407027984685,1
"polygenic_bayesr_full","17:66957351",2.7992974908501e-05,0.035
"polygenic_bayesr_full","17:72952017",7.15999521684829e-05,0.025
"polygenic_bayesr_full","17:74283535",6.8710307455208e-05,0.015
"polygenic_bayesr_full","17:75051065",-0.0481047000432632,0.96
"polygenic_bayesr_full","18:2857670",0.000176030485476547,0.03
"polygenic_bayesr_full","18:7294723",-0.000683080968796245,0.055
"polygenic_bayesr_full","18:8471457",-0.231302917925292,1
"polygenic_bayesr_full","18:10891257",-0.00073979958844422,0.065
"polygenic_bayesr_full","18:42663629",-2.14539530772451e-05,0.03
"polygenic_bayesr_full","18:44278497",8.11879897005022e-05,0.005
"polygenic_bayesr_full","18:67788590",0.000699217263676324,0.055
"polygenic_bayesr_full","18:68521630",0.074833472578737,1
"polygenic_bayesr_full","18:68827034",-0.000604983671364139,0.03
"polygenic_bayesr_full","18:71290002",-8.45850240906567e-05,0.035
"polygenic_bayesr_full","18:74755011",-0.00151566899608301,0.075
"polygenic_bayesr_full","18:75802514",-1.21962864469349e-06,0.005
"polygenic_bayesr_full","18:77161840",-1.58673228318624e-05,0.025
"polygenic_bayesr_full","19:6761011",-3.75121178713119e-06,0.005
"polygenic_bayesr_full","19:24080537",0,0
"polygenic_bayesr_full","19:29391568",0.000357830364041697,0.03
"polygenic_bayesr_full","19:34517370",-0.000230089937519798,0.025
"polygenic_bayesr_full","19:38545238",-0.000642503477595332,0.055
"polygenic_bayesr_full","19:47285589",0.00037483435049951,0.04
"polygenic_bayesr_full","19:57486015",8.46320117486023e-05,0.03
"polygenic_bayesr_full","20:1494348",-0.0520115103385964,0.975
"polygenic_bayesr_full","20:4051325",-0.00013385790716554,0.03
"polygenic_bayesr_full","20:8905176",-0.00117187110772204,0.06
"polygenic_bayesr_full","20:9074599",0.000140470491113176,0.025
"polygenic_bayesr_full","20:10997709",-4.34159158819516e-07,0.025
"polygenic_bayesr_full","20:14321880",-6.722166884986e-05,0.035
"polygenic_bayesr_full","20:16449216",-0.000337246459352813,0.04
"polygenic_bayesr_full","20:23566319",6.2577864616623e-05,0.02
"polygenic_bayesr_full","20:29598227",-0.000158093490786953,0.02
"polygenic_bayesr_full","20:29881217",4.28510312954197e-05,0.005
"polygenic_bayesr_full","20:42797173",0.000207727694067247,0.025
"polygenic_bayesr_full","20:53011864",-0.000167831209546712,0.02
"polygenic_bayesr_full","20:56184726",-0.0731452342182301,1
"polygenic_bayesr_full","20:56371664",-0.00172066790263991,0.11
"polygenic_bayesr_full","20:58877779",2.21063587904578e-05,0.03
"polygenic_bayesr_full","20:62792115",-0.000221048898469708,0.035
"polygenic_bayesr_full","21:18866449",0.000176448519879417,0.025
"polygenic_bayesr_full","21:20081537",-0.00633231528473744,0.24
"polygenic_bayesr_full","21:22245473",-5.5689838174689e-05,0.02
"polygenic_bayesr_full","21:26218884",-0.000229670569035309,0.03
"polygenic_bayesr_full","21:28356616",-0.0370750150918662,0.85
"polygenic_bayesr_full","21:42289629",0.00109867297936411,0.075
"polygenic_bayesr_full","21:43121687",0.188487121400317,1
"polygenic_bayesr_full","21:43703324",0.000191330693765072,0.025
"polygenic_bayesr_full","21:43997430",9.28595831274584e-06,0.02
"polygenic_bayesr_full","21:47551225",-3.20488296834836e-05,0.02
"polygenic_bayesr_full","22:22145101",0.000253881950700273,0.05
"polygenic_bayesr_scheduled","1:6229093",-3.04458208095426e-05,0.005
"polygenic_bayesr_scheduled","1:12878309",-3.65081605598576e-06,0.01
"polygenic_bayesr_scheduled","1:20502710",7.07396501206449e-05,0.005
"polygenic_bayesr_scheduled","1:22260308",0.000207123873706294,0.015
"polygenic_bayesr_scheduled","1:31586505",6.75330672201372e-05,0.015
"polygenic_bayesr_scheduled","1:32316965",-0.0411316507756028,0.85
"polygenic_bayesr_scheduled","1:35088945",0,0
"polygenic_bayesr_scheduled","1:39269822",5.58416821267462e-05,0.01
"polygenic_bayesr_scheduled","1:43526679",0.000123811639167128,0.015
"polygenic_bayesr_scheduled","1:55370174",0.000132969501022714,0.01
"polygenic_bayesr_scheduled","1:69943375",0,0
"polygenic_bayesr_scheduled","1:71778323",3.45136666963498e-05,0.005
"polygenic_bayesr_scheduled","1:74687789",9.46926924014129e-05,0.015
"polygenic_bayesr_scheduled","1:76608491",-0.00093320600925011,0.04
"polygenic_bayesr_scheduled","1:80005943",2.7945252081722e-05,0.015
"polygenic_bayesr_scheduled","1:82450365",3.21059923735367e-05,0.005
"polygenic_bayesr_scheduled","1:83096613",-2.39816013801468e-05,0.015
"polygenic_bayesr_scheduled","1:84768861",-5.06437603696477e-05,0.01
"polygenic_bayesr_scheduled","1:86361048",0,0
"polygenic_bayesr_scheduled","1:92754282",3.94445535119168e-05,0.005
"polygenic_bayesr_scheduled","1:106736034",2.1482221116491e-05,0.015
"polygenic_bayesr_scheduled","1:163591117",-0.00010376646517783,0.005
"polygenic_bayesr_scheduled","1:166784755",0.0810839815048767,1
"polygenic_bayesr_scheduled","1:169276816",-0.0141133563652613,0.38
"polygenic_bayesr_scheduled","1:170872073",0,0
"polygenic_bayesr_scheduled","1:176402381",0.000441211966587847,0.02
"polygenic_bayesr_scheduled","1:190008246",3.01869532918971e-06,0.01
"polygenic_bayesr_scheduled","1:201995577",9.93596749411586e-06,0.01
"polygenic_bayesr_scheduled","1:204161534",4.54021173381514e-05,0.01
"polygenic_bayesr_scheduled","1:209577743",-1.18646674861916e-08,0.005
"polygenic_bayesr_scheduled","1:210679071",8.21571465217877e-05,0.005
"polygenic_bayesr_scheduled","1:225200511",0.0228062783031749,0.565
"polygenic_bayesr_scheduled","1:232208669",0.0803751604010924,1
"polygenic_bayesr_scheduled","1:232863119",-0.00034322772657626,0.015
"polygenic_bayesr_scheduled","1:235696155",-3.72421947824988e-05,0.005
"polygenic_bayesr_scheduled","1:236813493",0,0
"polygenic_bayesr_scheduled","1:242082880",7.43623210244783e-05,0.01
"polygenic_bayesr_scheduled","1:242656745",0.000222875375837857,0.01
"polygenic_bayesr_scheduled","1:242989408",-0.00125079853244802,0.05
"polygenic_bayesr_scheduled","1:247250634",-0.00197770395275895,0.075
"polygenic_bayesr_scheduled","2:76420",-0.00129752756141953,0.05
"polygenic_bayesr_scheduled","2:2653025",-0.0767037666268938,1
"polygenic_bayesr_scheduled","2:3358098",2.93851880144602e-05,0.01
"polygenic_bayesr_scheduled","2:3778858",1.58777873789807e-05,0.005
"polygenic_bayesr_scheduled","2:9805279",0.0341551274490773,0.76
"polygenic_bayesr_scheduled","2:21616690",2.7835085358368e-05,0.01
"polygenic_bayesr_scheduled","2:28361560",1.01820696194603e-05,0.005
"polygenic_bayesr_scheduled","2:29988948",6.79246768386037e-06,0.005
"polygenic_bayesr_scheduled","2:30420499",0,0
"polygenic_bayesr_scheduled","2:32812699",-2.91214283125564e-07,0.005
"polygenic_bayesr_scheduled","2:33367126",-0.000158885226329748,0.015
"polygenic_bayesr_scheduled","2:36178407",-0.0262789294262219,0.65
"polygenic_bayesr_scheduled","2:47538646",5.7729029092555e-06,0.005
"polygenic_bayesr_scheduled","2:50855558",0,0
"polygenic_bayesr_scheduled","2:53335559",-0.00047017791495369,0.03
"polygenic_bayesr_scheduled","2:60240925",1.0863625788984e-05,0.005
"polygenic_bayesr_scheduled","2:65808822",-0.189061059527764,1
"polygenic_bayesr_scheduled","2:68159683",-7.44056148267905e-05,0.01
"polygenic_bayesr_scheduled","2:89529724",-0.00022474299578378,0.01
"polygenic_bayesr_scheduled","2:106979334",-0.000243947717083392,0.02
"polygenic_bayesr_scheduled","2:113918686",-3.24877117277792e-05,0.005
"polygenic_bayesr_scheduled","2:119253679",-0.0693399095822941,1
"polygenic_bayesr_scheduled","2:121888425",-6.35438599988645e-05,0.02
"polygenic_bayesr_scheduled","2:137616847",-0.00345793052286838,0.115
"polygenic_bayesr_scheduled","2:158464675",0.000150136784596876,0.015
"polygenic_bayesr_scheduled","2:159105031",0.000318027507325155,0.03
"polygenic_bayesr_scheduled","2:166399467",-0.00144032974745934,0.065
"polygenic_bayesr_scheduled","2:171788024",0.000108431481474454,0.015
"polygenic_bayesr_scheduled","2:195326223",4.24538348406348e-05,0.005
"polygenic_bayesr_scheduled","2:202119454",-0.000166366149412808,0.025
"polygenic_bayesr_scheduled","2:202609850",-0.000101842511060717,0.005
"polygenic_bayesr_scheduled","2:202935544",0.000139641012453071,0.01
"polygenic_bayesr_scheduled","2:205934249",0.0149636649513993,0.395
"polygenic_bayesr_scheduled","2:213031816",-0.000168242625071385,0.005
"polygenic_bayesr_scheduled","2:220867113",-2.28494540733008e-05,0.005
"polygenic_bayesr_scheduled","2:225346377",0.000589077863354954,0.04
"polygenic_bayesr_scheduled","2:235637626",-5.79453295521848e-05,0.005
"polygenic_bayesr_scheduled","2:242560292",-2.10981303991576e-05,0.005
"polygenic_bayesr_scheduled","3:7324408",-0.000686897998643966,0.035
"polygenic_bayesr_scheduled","3:12372386",-7.62243112377305e-05,0.005
"polygenic_bayesr_scheduled","3:14434934",3.44825711018087e-05,0.01
"polygenic_bayesr_scheduled","3:15891216",-5.86622564905638e-05,0.015
"polygenic_bayesr_scheduled","3:17640669",-0.000467713932742264,0.03
"polygenic_bayesr_scheduled","3:24041772",-1.45001072455063e-05,0.005
"polygenic_bayesr_scheduled","3:27389740",0,0
"polygenic_bayesr_scheduled","3:44132022",1.57693090053626e-05,0.005
"polygenic_bayesr_scheduled","3:56605887",-1.79013357338367e-05,0.005
"polygenic_bayesr_scheduled","3:58609573",0,0
"polygenic_bayesr_scheduled","3:84665570",4.12226298208687e-05,0.01
"polygenic_bayesr_scheduled","3:84760735",4.12976767787297e-05,0.01
"polygenic_bayesr_scheduled","3:93804912",-0.0190632452061572,0.485
"polygenic_bayesr_scheduled","3:100284584",0.000164277273816616,0.025
"polygenic_bayesr_scheduled","3:105374814",0,0
"polygenic_bayesr_scheduled","3:112431758",-6.75751865777802e-05,0.005
"polygenic_bayesr_scheduled","3:121273493",-3.74521810643115e-05,0.005
"polygenic_bayesr_scheduled","3:123712350",3.20326518443196e-05,0.005
"polygenic_bayesr_scheduled","3:124665267",-1.33336279771801e-06,0.01
"polygenic_bayesr_scheduled","3:151314495",-4.08813845036627e-05,0.005
"polygenic_bayesr_scheduled","3:151587225",0.000131589256755736,0.01
"polygenic_bayesr_scheduled","3:153525411",1.17308017498499e-05,0.02
"polygenic_bayesr_scheduled","3:159687810",0.000114430439973955,0.015
"polygenic_bayesr_scheduled","3:165860313",1.08173125449395e-05,0.005
"polygenic_bayesr_scheduled","3:178892890",-4.86471233304785e-05,0.005
"polygenic_bayesr_scheduled","3:185269265",0.000152488078900748,0.015
"polygenic_bayesr_scheduled","3:187201361",-0.0465020002661791,0.92
"polygenic_bayesr_scheduled","3:190066112",-0.0665047113574605,1
"polygenic_bayesr_scheduled","4:1632499",9.51050605655235e-05,0.015
"polygenic_bayesr_scheduled","4:2674334",-8.1418079327721e-05,0.015
"polygenic_bayesr_scheduled","4:3727395",-0.00571277170351066,0.185
"polygenic_bayesr_scheduled","4:5446398",-0.000353703108251869,0.025
"polygenic_bayesr_scheduled","4:6769505",-0.0003667622212147,0.015
"polygenic_bayesr_scheduled","4:7051632",0.00478858015639715,0.145
"polygenic_bayesr_scheduled","4:7685105",2.84259380368061e-05,0.015
"polygenic_bayesr_scheduled","4:10837835",-0.00320811595812453,0.12
"polygenic_bayesr_scheduled","4:13186320",-0.00373249396116057,0.13
"polygenic_bayesr_scheduled","4:18406851",3.22054630270419e-05,0.005
"polygenic_bayesr_scheduled","4:26170909",0.00149168449835407,0.065
"polygenic_bayesr_scheduled","4:29233972",3.71319325107951e-05,0.02
"polygenic_bayesr_scheduled","4:36613660",-2.97212153645387e-05,0.015
"polygenic_bayesr_scheduled","4:37854827",4.51134363100258e-05,0.005
"polygenic_bayesr_scheduled","4:57887150",5.88811693807813e-05,0.005
"polygenic_bayesr_scheduled","4:65367088",0,0
"polygenic_bayesr_scheduled","4:68009785",-0.00200049637672147,0.075
"polygenic_bayesr_scheduled","4:72914405",0.000324272568702769,0.015
"polygenic_bayesr_scheduled","4:78324215",-1.10275111733317e-06,0.005
"polygenic_bayesr_scheduled","4:88537178",-0.000189352712481008,0.015
"polygenic_bayesr_scheduled","4:101508381",0.082472411356226,1
"polygenic_bayesr_scheduled","4:107136176",-2.42455438349985e-05,0.005
"polygenic_bayesr_scheduled","4:133488072",0,0
"polygenic_bayesr_scheduled","4:147546980",0,0
"polygenic_bayesr_scheduled","4:160860938",0,0
"polygenic_bayesr_scheduled","4:161402832",4.76072984839704e-05,0.005
"polygenic_bayesr_scheduled","4:164966972",0.00136616032190907,0.06
"polygenic_bayesr_scheduled","4:165767146",-0.0171103800554904,0.5
"polygenic_bayesr_scheduled","4:165811114",4.55324349338776e-05,0.015
"polygenic_bayesr_scheduled","4:170338372",-6.16931159202487e-05,0.005
"polygenic_bayesr_scheduled","4:170685867",-0.0296797092271051,0.705
"polygenic_bayesr_scheduled","4:173324271",-7.55046111770913e-06,0.01
"polygenic_bayesr_scheduled","4:177469582",-1.70763611705285e-05,0.005
"polygenic_bayesr_scheduled","4:178971365",-1.02825467262414e-05,0.01
"polygenic_bayesr_scheduled","4:181784705",2.12720607435179e-05,0.005
"polygenic_bayesr_scheduled","4:183989102",0,0
"polygenic_bayesr_scheduled","4:185665055",0,0
"polygenic_bayesr_scheduled","4:186895735",0.0846989817501048,1
"polygenic_bayesr_scheduled","5:3584368",2.80717757937245e-05,0.01
"polygenic_bayesr_scheduled","5:6101038",0.0457654775342024,0.925
"polygenic_bayesr_scheduled","5:8412371",-1.67677078118471e-05,0.005
"polygenic_bayesr_scheduled","5:9180169",-3.52490805734394e-05,0.01
"polygenic_bayesr_scheduled","5:9270521",-0.00104995482480488,0.05
"polygenic_bayesr_scheduled","5:17063275",-2.03552394683693e-05,0.005
"polygenic_bayesr_scheduled","5:19498390",0.00375972736012106,0.145
"polygenic_bayesr_scheduled","5:52001303",-7.40361822925273e-05,0.015
"polygenic_bayesr_scheduled","5:55354004",-0.00165852503669519,0.06
"polygenic_bayesr_scheduled","5:91038510",8.81357804161602e-05,0.005
"polygenic_bayesr_scheduled","5:96349545",-4.64827690789578e-05,0.005
"polygenic_bayesr_scheduled","5:97192520",-0.00169095506627815,0.07
"polygenic_bayesr_scheduled","5:104399048",-3.44078707784247e-05,0.005
"polygenic_bayesr_scheduled","5:109566823",0.00136021517312588,0.085
"polygenic_bayesr_scheduled","5:129895583",-0.00236190750981451,0.095
"polygenic_bayesr_scheduled","5:130559715",-0.000631134854311177,0.045
"polygenic_bayesr_scheduled","5:135718277",1.58616708287374e-05,0.015
"polygenic_bayesr_scheduled","5:141424986",5.46438852366093e-05,0.005
"polygenic_bayesr_scheduled","5:145407271",2.84120062964201e-05,0.005
"polygenic_bayesr_scheduled","5:145986398",-2.46226724099802e-06,0.005
"polygenic_bayesr_scheduled","5:151238173",-1.43445361236828e-05,0.02
"polygenic_bayesr_scheduled","5:159359040",-0.000883603702443654,0.05
"polygenic_bayesr_scheduled","5:160093769",-0.00011758557583715,0.015
"polygenic_bayesr_scheduled","5:163895786",0.000234672564785092,0.01
"polygenic_bayesr_scheduled","5:176975693",7.85821711010898e-05,0.02
"polygenic_bayesr_scheduled","6:3605857",0.0320635436367772,0.715
"polygenic_bayesr_scheduled","6:16820831",-9.73920830033673e-06,0.015
"polygenic_bayesr_scheduled","6:26921207",-0.0128907801661369,0.335
"polygenic_bayesr_scheduled","6:29862461",0.00040478637906943,0.015
"polygenic_bayesr_scheduled","6:32377408",-0.000105602734695907,0.005
"polygenic_bayesr_scheduled","6:32496275",5.96825780196858e-05,0.005
"polygenic_bayesr_scheduled","6:32750938",0,0
"polygenic_bayesr_scheduled","6:36658092",-3.84172516610609e-05,0.005
"polygenic_bayesr_scheduled","6:41096890",6.33407428577232e-05,0.005
"polygenic_bayesr_scheduled","6:42122147",-0.000117789020383504,0.015
"polygenic_bayesr_scheduled","6:44921320",-4.67570510255065e-05,0.01
"polygenic_bayesr_scheduled","6:49566372",0.000186976702767017,0.01
"polygenic_bayesr_scheduled","6:54191686",0.00022341593226157,0.015
"polygenic_bayesr_scheduled","6:65286196",-0.000371498058565579,0.015
"polygenic_bayesr_scheduled","6:77815421",5.4940432238233e-05,0.015
"polygenic_bayesr_scheduled","6:100276530",6.02891268004467e-05,0.005
"polygenic_bayesr_scheduled","6:107374147",-0.000195166376461418,0.02
"polygenic_bayesr_scheduled","6:109078237",-4.72492035247039e-05,0.005
"polygenic_bayesr_scheduled","6:120082292",3.18989140118357e-05,0.005
"polygenic_bayesr_scheduled","6:123958493",0,0
"polygenic_bayesr_scheduled","6:124811980",0.000777862872228182,0.04
"polygenic_bayesr_scheduled","6:143481592",-1.62393751296389e-05,0.01
"polygenic_bayesr_scheduled","6:159564926",-2.33809736939831e-06,0.015
"polygenic_bayesr_scheduled","6:162063500",0.0131556481532041,0.36
"polygenic_bayesr_scheduled","7:4848910",-3.02041779616435e-06,0.01
"polygenic_bayesr_scheduled","7:4966665",0,0
"polygenic_bayesr_scheduled","7:18204811",0,0
"polygenic_bayesr_scheduled","7:18768578",0.000136268757486457,0.01
"polygenic_bayesr_scheduled","7:22452652",-1.87351801847884e-05,0.005
"polygenic_bayesr_scheduled","7:23799463",0,0
"polygenic_bayesr_scheduled","7:24539855",1.54781515781179e-05,0.005
"polygenic_bayesr_scheduled","7:27962103",0,0
"polygenic_bayesr_scheduled","7:29448919",-0.000116391139461902,0.02
"polygenic_bayesr_scheduled","7:30977442",1.91769869912414e-05,0.005
"polygenic_bayesr_scheduled","7:33811282",0,0
"polygenic_bayesr_scheduled","7:36253012",-6.34252274990391e-05,0.005
"polygenic_bayesr_scheduled","7:41685695",-0.0013570384391547,0.065
"polygenic_bayesr_scheduled","7:44904328",0.246645098299054,1
"polygenic_bayesr_scheduled","7:45443399",5.93026692026335e-05,0.01
"polygenic_bayesr_scheduled","7:47103792",1.07337344854723e-05,0.005
"polygenic_bayesr_scheduled","7:48313881",1.03842618739083e-05,0.01
"polygenic_bayesr_scheduled","7:57216013",-1.05878962540793e-05,0.005
"polygenic_bayesr_scheduled","7:57394386",1.96083854456761e-05,0.01
"polygenic_bayesr_scheduled","7:62911117",-7.79372103674597e-05,0.015
"polygenic_bayesr_scheduled","7:66748242",-0.00040445957167089,0.02
"polygenic_bayesr_scheduled","7:70626806",0.00263182246574856,0.12
"polygenic_bayesr_scheduled","7:95996570",-0.00218664026606333,0.08
"polygenic_bayesr_scheduled","7:100349919",0.000381634870661836,0.025
"polygenic_bayesr_scheduled","7:110368302",0,0
"polygenic_bayesr_scheduled","7:111000108",-6.64881865127265e-05,0.01
"polygenic_bayesr_scheduled","7:112983458",-0.000137606207125517,0.015
"polygenic_bayesr_scheduled","7:113745701",-7.53227722992292e-05,0.01
"polygenic_bayesr_scheduled","7:132545062",9.34838659765064e-05,0.005
"polygenic_bayesr_scheduled","7:132906835",4.14640715257577e-07,0.01
"polygenic_bayesr_scheduled","7:142177746",-0.000217566735036,0.015
"polygenic_bayesr_scheduled","7:147097358",-0.000195694970814984,0.01
"polygenic_bayesr_scheduled","7:150132842",-0.00200642715121907,0.075
"polygenic_bayesr_scheduled","7:153658112",1.79478048198116e-05,0.01
"polygenic_bayesr_scheduled","7:153871169",-0.00180683776549367,0.07
"polygenic_bayesr_scheduled","7:154018209",5.14618427176366e-06,0.01
"polygenic_bayesr_scheduled","8:967758",3.15116187663489e-05,0.015
"polygenic_bayesr_scheduled","8:2176732",0.00018835273342791,0.005
"polygenic_bayesr_scheduled","8:4908876",0.000157260873164017,0.01
"polygenic_bayesr_scheduled","8:13268972",-0.000287277116411111,0.02
"polygenic_bayesr_scheduled","8:15902806",0.0616102380455715,0.995
"polygenic_bayesr_scheduled","8:16635140",5.99982157619145e-05,0.005
"polygenic_bayesr_scheduled","8:16864155",0.000358749480117816,0.015
"polygenic_bayesr_scheduled","8:21616454",5.62914019535651e-06,0.01
"polygenic_bayesr_scheduled","8:24088051",0.0815074925243525,1
"polygenic_bayesr_scheduled","8:26665025",0.000423781575925409,0.02
"polygenic_bayesr_scheduled","8:30265887",-0.000303403936723922,0.02
"polygenic_bayesr_scheduled","8:38437040",0,0
"polygenic_bayesr_scheduled","8:38526684",7.53657684070982e-06,0.005
"polygenic_bayesr_scheduled","8:66869123",0.000848462309720431,0.05
"polygenic_bayesr_scheduled","8:68911712",-0.000143984025940041,0.01
"polygenic_bayesr_scheduled","8:72251288",0.00164582705117145,0.06
"polygenic_bayesr_scheduled","8:74890431",-0.000230434435684802,0.02
"polygenic_bayesr_scheduled","8:76210102",-0.000150090595967102,0.01
"polygenic_bayesr_scheduled","8:80037556",-0.000255702058891909,0.015
"polygenic_bayesr_scheduled","8:84192277",-2.76983187892795e-05,0.005
"polygenic_bayesr_scheduled","8:87798842",2.67505141246689e-05,0.015
"polygenic_bayesr_scheduled","8:89916995",-2.12140625706134e-05,0.01
"polygenic_bayesr_scheduled","8:91525158",-3.63612845013339e-05,0.02
"polygenic_bayesr_scheduled","8:98166122",0.000162067913465583,0.015
"polygenic_bayesr_scheduled","8:98935189",-5.37701531431282e-05,0.01
"polygenic_bayesr_scheduled","8:111167528",-0.00020921965597433,0.025
"polygenic_bayesr_scheduled","8:114833323",-0.000115021551715419,0.015
"polygenic_bayesr_scheduled","8:116680475",-4.48190372782279e-05,0.005
"polygenic_bayesr_scheduled","8:118910601",0.000511686558386273,0.025
"polygenic_bayesr_scheduled","8:120471403",3.821687113832e-05,0.005
"polygenic_bayesr_scheduled","8:135749720",-0.00124111232503725,0.06
"polygenic_bayesr_scheduled","8:137712728",0.000276623774806405,0.02
"polygenic_bayesr_scheduled","8:138960956",0.000227385279055536,0.01
"polygenic_bayesr_scheduled","8:141097677",0.000599262180586543,0.03
"polygenic_bayesr_scheduled","8:145084493",0.000291044284944293,0.02
"polygenic_bayesr_scheduled","9:145413",-0.00687764857503115,0.205
"polygenic_bayesr_scheduled","9:808565",0.00187647655738728,0.09
"polygenic_bayesr_scheduled","9:1118422",-1.45614905273217e-06,0.005
"polygenic_bayesr_scheduled","9:4673389",0.000184146794512293,0.01
"polygenic_bayesr_scheduled","9:7187937",0,0
"polygenic_bayesr_scheduled","9:11712988",1.47253715197063e-05,0.005
"polygenic_bayesr_scheduled","9:15045240",0,0
"polygenic_bayesr_scheduled","9:20945372",-0.000145724185617869,0.01
"polygenic_bayesr_scheduled","9:22514356",-5.88610713257196e-05,0.005
"polygenic_bayesr_scheduled","9:25674963",0,0
"polygenic_bayesr_scheduled","9:28064791",0.025560528273124,0.62
"polygenic_bayesr_scheduled","9:28695569",0,0
"polygenic_bayesr_scheduled","9:32212097",-0.115778787850964,1
"polygenic_bayesr_scheduled","9:34413420",-0.0558576702784943,0.98
"polygenic_bayesr_scheduled","9:89766809",-0.00389244987565439,0.13
"polygenic_bayesr_scheduled","9:93166113",0.0106232907676649,0.28
"polygenic_bayesr_scheduled","9:94604290",0.000276126314210611,0.025
"polygenic_bayesr_scheduled","9:103403174",0.000163539624134504,0.01
"polygenic_bayesr_scheduled","9:104484948",-0.0657555525153602,1
"polygenic_bayesr_scheduled","9:116094706",3.67175465530047e-05,0.015
"polygenic_bayesr_scheduled","9:118474728",0.000119160674305621,0.015
"polygenic_bayesr_scheduled","9:126391279",0,0
"polygenic_bayesr_scheduled","9:136916997",0,0
"polygenic_bayesr_scheduled","10:1322617",-1.1110432944578e-05,0.01
"polygenic_bayesr_scheduled","10:3458930",-0.000686305417665885,0.045
"polygenic_bayesr_scheduled","10:4080904",0.0947727162877197,1
"polygenic_bayesr_scheduled","10:6831550",-0.00314793541443783,0.115
"polygenic_bayesr_scheduled","10:11922505",0.0187884354150467,0.465
"polygenic_bayesr_scheduled","10:19828201",-0.000578327327530186,0.035
"polygenic_bayesr_scheduled","10:25424230",-0.000127134474823476,0.015
"polygenic_bayesr_scheduled","10:42445848",0.000118533202502648,0.01
"polygenic_bayesr_scheduled","10:43960611",-0.000249181908013326,0.025
"polygenic_bayesr_scheduled","10:49778603",0.000276229564677529,0.025
"polygenic_bayesr_scheduled","10:67607399",4.46294732911718e-05,0.01
"polygenic_bayesr_scheduled","10:75101497",0,0
"polygenic_bayesr_scheduled","10:82148747",-0.113046098769082,1
"polygenic_bayesr_scheduled","10:82573673",3.93399046895701e-05,0.005
"polygenic_bayesr_scheduled","10:85503099",-9.50348654042581e-05,0.01
"polygenic_bayesr_scheduled","10:96392368",7.00366698236335e-05,0.015
"polygenic_bayesr_scheduled","10:102323982",-5.20859838987054e-05,0.01
"polygenic_bayesr_scheduled","10:107983009",0.000105338572358773,0.01
"polygenic_bayesr_scheduled","10:113725585",9.22959363555098e-05,0.01
"polygenic_bayesr_scheduled","10:117887347",-1.41257665845226e-05,0.005
"polygenic_bayesr_scheduled","10:123908017",0.000203978624270059,0.01
"polygenic_bayesr_scheduled","10:128401270",0.0478591813210447,0.955
"polygenic_bayesr_scheduled","10:130382101",0,0
"polygenic_bayesr_scheduled","10:131018377",0.000132940132608515,0.01
"polygenic_bayesr_scheduled","10:134046682",-4.32897600707651e-05,0.01
"polygenic_bayesr_scheduled","11:10131270",-0.000171395595871567,0.015
"polygenic_bayesr_scheduled","11:11360588",0.000347865918888517,0.02
"polygenic_bayesr_scheduled","11:15473588",8.85053575924598e-06,0.005
"polygenic_bayesr_scheduled","11:16521705",-0.000189154027194054,0.015
"polygenic_bayesr_scheduled","11:20793196",3.25979451487367e-05,0.01
"polygenic_bayesr_scheduled","11:48733840",-0.000916069238148469,0.05
"polygenic_bayesr_scheduled","11:55056082",5.87210490999794e-05,0.005
"polygenic_bayesr_scheduled","11:56342751",0.0658682874861505,1
"polygenic_bayesr_scheduled","11:67333090",0,0
"polygenic_bayesr_scheduled","11:74058710",0.00909447724352288,0.26
"polygenic_bayesr_scheduled","11:80967698",-5.14456038377299e-05,0.005
"polygenic_bayesr_scheduled","11:92012181",-5.95680439223427e-05,0.005
"polygenic_bayesr_scheduled","11:94280964",0.00020205963068057,0.025
"polygenic_bayesr_scheduled","11:95234568",0.000202282971390257,0.02
"polygenic_bayesr_scheduled","11:100701493",-0.2125750129408,1
"polygenic_bayesr_scheduled","11:107902017",-0.0606901905128513,1
"polygenic_bayesr_scheduled","11:108346197",1.76943550237523e-05,0.005
"polygenic_bayesr_scheduled","11:112680695",5.651325902372e-05,0.005
"polygenic_bayesr_scheduled","11:120998225",8.75961201341319e-05,0.01
"polygenic_bayesr_scheduled","11:122340155",5.89882005832109e-05,0.02
"polygenic_bayesr_scheduled","11:123630840",-6.400464525365e-05,0.015
"polygenic_bayesr_scheduled","11:127850014",-0.000102064852450411,0.015
"polygenic_bayesr_scheduled","11:133237672",0.000119204420841317,0.01
"polygenic_bayesr_scheduled","12:6032129",6.48877585910707e-05,0.005
"polygenic_bayesr_scheduled","12:14105580",0.000146043029993068,0.005
"polygenic_bayesr_scheduled","12:18252655",0.0349264857712816,0.785
"polygenic_bayesr_scheduled","12:20500961",0.000526259907196314,0.04
"polygenic_bayesr_scheduled","12:22199053",8.21831616123002e-05,0.015
"polygenic_bayesr_scheduled","12:28753228",-0.000830492328965184,0.05
"polygenic_bayesr_scheduled","12:30071437",-0.00235954488403921,0.095
"polygenic_bayesr_scheduled","12:34304916",-0.00020119168755349,0.01
"polygenic_bayesr_scheduled","12:46793227",-0.00151105307783275,0.075
"polygenic_bayesr_scheduled","12:48562304",4.49947308274503e-06,0.005
"polygenic_bayesr_scheduled","12:53813003",0.000633605253820426,0.04
"polygenic_bayesr_scheduled","12:60977137",0.000460413132288064,0.025
"polygenic_bayesr_scheduled","12:68359650",1.21172796362249e-05,0.005
"polygenic_bayesr_scheduled","12:77985597",-2.05339865177833e-06,0.005
"polygenic_bayesr_scheduled","12:108695761",0,0
"polygenic_bayesr_scheduled","12:113202967",-0.00214524390063985,0.075
"polygenic_bayesr_scheduled","12:119653231",0.000276528620858958,0.02
"polygenic_bayesr_scheduled","12:127950838",4.77096400597629e-05,0.01
"polygenic_bayesr_scheduled","12:130077125",0.000800718277669879,0.04
"polygenic_bayesr_scheduled","13:20052987",0,0
"polygenic_bayesr_scheduled","13:25045572",0.000126150416074574,0.01
"polygenic_bayesr_scheduled","13:43374892",-0.0270837103373212,0.65
"polygenic_bayesr_scheduled","13:56237881",-5.12824540753267e-05,0.005
"polygenic_bayesr_scheduled","13:61126507",0,0
"polygenic_bayesr_scheduled","13:61616631",0.00013559608989462,0.02
"polygenic_bayesr_scheduled","13:88011048",0,0
"polygenic_bayesr_scheduled","13:89532612",-0.000489533944845944,0.02
"polygenic_bayesr_scheduled","13:90324580",-0.0163487967576525,0.41
"polygenic_bayesr_scheduled","13:91228035",-2.9930197596402e-05,0.005
"polygenic_bayesr_scheduled","13:92838400",-4.07676792142585e-05,0.005
"polygenic_bayesr_scheduled","13:93491446",0,0
"polygenic_bayesr_scheduled","13:96024473",-0.000107175886676216,0.005
"polygenic_bayesr_scheduled","13:98346673",0.000440505981218769,0.035
"polygenic_bayesr_scheduled","13:99034552",7.66293283493765e-05,0.015
"polygenic_bayesr_scheduled","13:104671009",-1.71806392259928e-05,0.01
"polygenic_bayesr_scheduled","13:114929344",0.000240091337246,0.03
"polygenic_bayesr_scheduled","14:21800284",-0.00127851860229147,0.05
"polygenic_bayesr_scheduled","14:24010897",-0.000576111375053534,0.03
"polygenic_bayesr_scheduled","14:28400556",-3.02639506966208e-06,0.02
"polygenic_bayesr_scheduled","14:29029638",0,0
"polygenic_bayesr_scheduled","14:40020022",-2.56137387693942e-06,0.005
"polygenic_bayesr_scheduled","14:44436519",0,0
"polygenic_bayesr_scheduled","14:55382224",4.72996489468534e-05,0.015
"polygenic_bayesr_scheduled","14:62986106",0.0501259139886187,0.965
"polygenic_bayesr_scheduled","14:65941624",-0.000678905755594672,0.035
"polygenic_bayesr_scheduled","14:66889419",2.46900541149546e-05,0.005
"polygenic_bayesr_scheduled","14:72704544",0.000179207775321344,0.01
"polygenic_bayesr_scheduled","14:75859513",-0.000302534707197873,0.03
"polygenic_bayesr_scheduled","14:87394194",0.00320832825408261,0.1
"polygenic_bayesr_scheduled","14:96011645",8.63527998416108e-05,0.015
"polygenic_bayesr_scheduled","14:102652138",-0.000298303562319274,0.02
"polygenic_bayesr_scheduled","14:104187906",-0.00096802189767428,0.035
"polygenic_bayesr_scheduled","14:106439620",6.74021438573719e-05,0.01
"polygenic_bayesr_scheduled","14:106759402",0.000521825353285663,0.035
"polygenic_bayesr_scheduled","14:107155250",0.000126274368103765,0.015
"polygenic_bayesr_scheduled","14:107195477",0.000120682296952219,0.005
"polygenic_bayesr_scheduled","15:24492149",0,0
"polygenic_bayesr_scheduled","15:29911946",2.812832665893e-05,0.01
"polygenic_bayesr_scheduled","15:30137027",0.000320828265802304,0.025
"polygenic_bayesr_scheduled","15:33857317",0.00654542834946462,0.21
"polygenic_bayesr_scheduled","15:50877583",-0.000232660514186472,0.02
"polygenic_bayesr_scheduled","15:54964695",-0.000202329198290643,0.025
"polygenic_bayesr_scheduled","15:56058787",-0.000112558731196568,0.01
"polygenic_bayesr_scheduled","15:69010105",-1.58170067819468e-05,0.01
"polygenic_bayesr_scheduled","15:72459971",-4.27228307012992e-06,0.005
"polygenic_bayesr_scheduled","15:73010964",-0.0514408750981106,0.98
"polygenic_bayesr_scheduled","15:73447773",0.00337003936761383,0.12
"polygenic_bayesr_scheduled","15:73971979",1.2538729243514e-05,0.005
"polygenic_bayesr_scheduled","15:76280307",0,0
"polygenic_bayesr_scheduled","15:78928946",0,0
"polygenic_bayesr_scheduled","15:80795039",3.92295669435845e-05,0.005
"polygenic_bayesr_scheduled","15:86763413",0.000466657766256606,0.035
"polygenic_bayesr_scheduled","15:93292502",4.83578359673889e-05,0.005
"polygenic_bayesr_scheduled","15:93553692",-0.000134183751895245,0.02
"polygenic_bayesr_scheduled","15:96145134",0,0
"polygenic_bayesr_scheduled","15:99254194",-0.00137565353936059,0.07
"polygenic_bayesr_scheduled","16:3380000",4.63195646028294e-06,0.01
"polygenic_bayesr_scheduled","16:4638844",0.0099982812531616,0.27
"polygenic_bayesr_scheduled","16:5063152",4.47649608621946e-05,0.01
"polygenic_bayesr_scheduled","16:7361623",-0.0319683446451458,0.71
"polygenic_bayesr_scheduled","16:11291240",-0.00982597058889438,0.265
"polygenic_bayesr_scheduled","16:13731460",0.0023074574517983,0.08
"polygenic_bayesr_scheduled","16:14154779",1.65183685754346e-05,0.01
"polygenic_bayesr_scheduled","16:14300152",0.00069309629065336,0.03
"polygenic_bayesr_scheduled","16:16141198",-2.39017017868368e-05,0.015
"polygenic_bayesr_scheduled","16:21134311",7.00080912057951e-06,0.005
"polygenic_bayesr_scheduled","16:23622324",0.000175869369997624,0.025
"polygenic_bayesr_scheduled","16:23829113",0.000466698341279312,0.035
"polygenic_bayesr_scheduled","16:25596440",3.18440116906402e-05,0.005
"polygenic_bayesr_scheduled","16:29105470",0,0
"polygenic_bayesr_scheduled","16:46434721",0,0
"polygenic_bayesr_scheduled","16:51104938",-0.00189572809829434,0.07
"polygenic_bayesr_scheduled","16:55867239",4.01650294745584e-05,0.025
"polygenic_bayesr_scheduled","16:57751021",2.11419851632685e-05,0.01
"polygenic_bayesr_scheduled","16:59158016",4.3984349412126e-05,0.005
"polygenic_bayesr_scheduled","16:62294606",0,0
"polygenic_bayesr_scheduled","16:72013539",7.24944333449097e-05,0.005
"polygenic_bayesr_scheduled","16:73319382",8.807103030113e-05,0.01
"polygenic_bayesr_scheduled","16:73708098",0.000663056634754429,0.04
"polygenic_bayesr_scheduled","16:79257696",0.000229056972280165,0.02
"polygenic_bayesr_scheduled","16:82881736",5.56625985012167e-05,0.01
"polygenic_bayesr_scheduled","16:84074875",-7.59401311244937e-05,0.005
"polygenic_bayesr_scheduled","17:10028397",2.148721383938e-06,0.005
"polygenic_bayesr_scheduled","17:11665655",2.58260891741096e-05,0.01
"polygenic_bayesr_scheduled","17:14242446",0.000164773524669333,0.015
"polygenic_bayesr_scheduled","17:14912195",5.63535432877584e-05,0.005
"polygenic_bayesr_scheduled","17:21067485",-0.000152249476127481,0.01
"polygenic_bayesr_scheduled","17:27323341",8.94355668716203e-05,0.01
"polygenic_bayesr_scheduled","17:29338347",-2.4961025968013e-05,0.005
"polygenic_bayesr_scheduled","17:38160754",-0.000384091292719109,0.03
"polygenic_bayesr_scheduled","17:39421951",0.00293664686029679,0.125
"polygenic_bayesr_scheduled","17:51096442",0.000126444412860115,0.01
"polygenic_bayesr_scheduled","17:52886167",0,0
"polygenic_bayesr_scheduled","17:60673853",-0.0809665552161667,1
"polygenic_bayesr_scheduled","17:66957351",-9.25253130999474e-05,0.02
"polygenic_bayesr_scheduled","17:72952017",-0.000280569851886909,0.025
"polygenic_bayesr_scheduled","17:74283535",-2.8596276837033e-05,0.015
"polygenic_bayesr_scheduled","17:75051065",-0.0487137129865303,0.955
"polygenic_bayesr_scheduled","18:2857670",0,0
"polygenic_bayesr_scheduled","18:7294723",-6.75085840704061e-05,0.025
"polygenic_bayesr_scheduled","18:8471457",-0.230443331848072,1
"polygenic_bayesr_scheduled","18:10891257",-0.000112322754788919,0.005
"polygenic_bayesr_scheduled","18:42663629",9.79977598887601e-05,0.01
"polygenic_bayesr_scheduled","18:44278497",4.12019508882421e-05,0.01
"polygenic_bayesr_scheduled","18:67788590",7.75093168379172e-05,0.015
"polygenic_bayesr_scheduled","18:68521630",0.074818557801986,1
"polygenic_bayesr_scheduled","18:68827034",-0.000448473983587429,0.035
"polygenic_bayesr_scheduled","18:71290002",-3.46259586155583e-05,0.01
"polygenic_bayesr_scheduled","18:74755011",-0.000640157591105588,0.035
"polygenic_bayesr_scheduled","18:75802514",-1.81487650254823e-05,0.005
"polygenic_bayesr_scheduled","18:77161840",0,0
"polygenic_bayesr_scheduled","19:6761011",-2.31275828733323e-05,0.005
"polygenic_bayesr_scheduled","19:24080537",6.37686010338314e-06,0.005
"polygenic_bayesr_scheduled","19:29391568",7.17017309744417e-05,0.005
"polygenic_bayesr_scheduled","19:34517370",-3.63095319004471e-05,0.005
"polygenic_bayesr_scheduled","19:38545238",-0.000542617669427958,0.035
"polygenic_bayesr_scheduled","19:47285589",9.75822344475329e-05,0.01
"polygenic_bayesr_scheduled","19:57486015",1.78872600249155e-05,0.005
"polygenic_bayesr_scheduled","20:1494348",-0.0542238724798687,0.985
"polygenic_bayesr_scheduled","20:4051325",-0.00011444782841828,0.025
"polygenic_bayesr_scheduled","20:8905176",-0.00165952024483088,0.07
"polygenic_bayesr_scheduled","20:9074599",-1.23095974288304e-05,0.01
"polygenic_bayesr_scheduled","20:10997709",0,0
"polygenic_bayesr_scheduled","20:14321880",3.84302950494606e-05,0.005
"polygenic_bayesr_scheduled","20:16449216",-0.000260371707031562,0.02
"polygenic_bayesr_scheduled","20:23566319",6.63797966374404e-05,0.005
"polygenic_bayesr_scheduled","20:29598227",-3.41696311973977e-05,0.005
"polygenic_bayesr_scheduled","20:29881217",0,0
"polygenic_bayesr_scheduled","20:42797173",7.66419382925497e-05,0.015
"polygenic_bayesr_scheduled","20:53011864",-4.52965490743596e-05,0.005
"polygenic_bayesr_scheduled","20:56184726",-0.0712692744888319,1
"polygenic_bayesr_scheduled","20:56371664",-0.00204121369140126,0.09
"polygenic_bayesr_scheduled","20:58877779",1.49477093019499e-05,0.005
"polygenic_bayesr_scheduled","20:62792115",-0.000264594240112073,0.015
"polygenic_bayesr_scheduled","21:18866449",0.000112141900846319,0.01
"polygenic_bayesr_scheduled","21:20081537",-0.00746394342649747,0.225
"polygenic_bayesr_scheduled","21:22245473",0.00019249417711538,0.015
"polygenic_bayesr_scheduled","21:26218884",-2.97233431406445e-05,0.005
"polygenic_bayesr_scheduled","21:28356616",-0.0376569135235365,0.82
"polygenic_bayesr_scheduled","21:42289629",0.000757993736519733,0.035
"polygenic_bayesr_scheduled","21:43121687",0.190097536400037,1
"polygenic_bayesr_scheduled","21:43703324",3.41436313966948e-05,0.005
"polygenic_bayesr_scheduled","21:43997430",-9.30199620664806e-05,0.01
"polygenic_bayesr_scheduled","21:47551225",0,0
"polygenic_bayesr_scheduled","22:22145101",9.13009309338412e-05,0.01
