"id","phenotype"
"IND1000",0.838916572623582
"IND1001",1.47166457889361
"IND1002",-0.126203460346378
"IND1003",0.0854488353741052
"IND1004",1.29046220908402
"IND1005",2.31131285618879
"IND1006",-0.0581319669514367
"IND1007",-0.421801631170537
"IND1008",0.778732675885585
"IND1009",1.1577068040957
"IND100",-1.51756814476517
"IND1010",0.872601890981201
"IND1011",0.356284237154364
"IND1012",1.83141572867904
"IND1013",-0.377128172039237
"IND1014",1.61975373750797
"IND1015",0.575480253777734
"IND1016",0.1925214446396
"IND1017",-1.13073391341371
"IND1018",-0.608331394337464
"IND1019",-0.493648511455606
"IND101",1.01422197747694
"IND1020",1.50361856528361
"IND1021",0.602010357071481
"IND1022",-0.611207456389524
"IND1023",1.24734197872742
"IND1024",0.453711524223072
"IND1025",1.07519024206469
"IND1026",-0.517840566778632
"IND1027",0.13019661832431
"IND1028",0.317486525143351
"IND1029",2.77443775373477
"IND102",0.569191906439206
"IND1030",-0.904641284909988
"IND1031",1.35471199074694
"IND1032",1.2220040976736
"IND1033",1.5183912197659
"IND1034",1.00645119603743
"IND1035",0.0380820566109226
"IND1036",-0.925370149282944
"IND1037",-2.05034616376724
"IND1038",0.310154913134726
"IND1039",0.0436341602886998
"IND103",-1.02707783162133
"IND1040",0.588797863500418
"IND1041",-1.44338284589142
"IND1042",1.35530947201969
"IND1043",0.783076487288757
"IND1044",1.38125314023196
"IND1045",1.3971340923622
"IND1046",0.466783066428226
"IND1047",-0.908559476411336
"IND1048",1.71744579195631
"IND1049",2.33972189360298
"IND104",-2.26466604923402
"IND1050",-0.0547530569952074
"IND1051",-0.624902840505497
"IND1052",1.13923295864321
"IND1053",1.61775749166039
"IND1054",0.508479024023141
"IND1055",0.608967091950226
"IND1056",0.171475384235297
"IND1057",-0.234885138010081
"IND1058",-0.173662044942992
"IND1059",1.45471735976627
"IND105",1.11985463238677
"IND1060",0.132724515077322
"IND1061",-1.23777826935714
"IND1062",2.10756163067373
"IND1063",0.614055563688359
"IND1064",-0.0494008063720521
"IND1065",-0.487654539683623
"IND1066",1.71337223510688
"IND1067",-0.243125606555073
"IND1068",1.1319323244686
"IND1069",0.516225813482397
"IND106",1.5670485778242
"IND1070",0.281604604150546
"IND1071",1.02902175411337
"IND1072",0.501949857596932
"IND1073",-0.335957719493686
"IND1074",1.12900984731483
"IND1075",0.41227363820242
"IND1076",-0.521179812114891
"IND1077",-0.330090921409138
"IND1078",2.31334819208842
"IND1079",0.624490458238768
"IND107",-0.13029290738899
"IND1080",-1.58661098636536
"IND1081",0.793632262055863
"IND1082",1.04365738858206
"IND1083",0.0827828133506858
"IND1084",-1.20551138903043
"IND1085",0.159085666300269
"IND1086",-2.54255014542974
"IND1087",1.26281623446133
"IND1088",0.493365895566377
"IND1089",0.248158325997413
"IND108",2.49962248867901
"IND1090",1.6556089392707
"IND1091",1.80957264034304
"IND1092",0.356635650288967
"IND1093",2.15765703486307
"IND1094",0.259100481150465
"IND1095",3.18443937249613
"IND1096",-0.339990733324922
"IND1097",-0.28277538569024
"IND1098",-0.299244947096928
"IND1099",1.02304727646088
"IND109",0.129887444999858
"IND10",2.01625938180829
"IND1100",0.972138731807549
"IND1101",0.689001967290961
"IND1102",-0.174428814779459
"IND1103",-2.11612866509633
"IND1104",1.38386766471675
"IND1105",0.990293649039672
"IND1106",0.184294895547134
"IND1107",-0.31124789422866
"IND1108",0.598591443873832
"IND1109",0.730475815431635
"IND110",-1.25166146594626
"IND1110",0.0766069695353228
"IND1111",0.472854676092682
"IND1112",-0.364801676635543
"IND1113",1.00971922076518
"IND1114",0.867748496702709
"IND1115",1.52160556195814
"IND1116",1.39489995327512
"IND1117",0.165781699155236
"IND1118",1.49114204904196
"IND1119",1.80051664438136
"IND111",0.147174995234992
"IND1120",0.362035457130364
"IND1121",0.643719883093252
"IND1122",1.50330902368484
"IND1123",0.306879522745751
"IND1124",0.167338851540721
"IND1125",1.15520385406502
"IND1126",-1.1285824805937
"IND1127",-0.952416333017136
"IND1128",0.473400636476848
"IND1129",-0.0476396597116781
"IND112",1.22849572925785
"IND1130",-0.813066285973106
"IND1131",-0.647243049830445
"IND1132",1.99423263836684
"IND1133",-2.4611282213782
"IND1134",0.112532890158736
"IND1135",0.160048937142195
"IND1136",0.381073630263156
"IND1137",-0.951533665745459
"IND1138",1.8844030307072
"IND1139",3.04879872447471
"IND113",-0.182677317589982
"IND1140",0.0742033143464872
"IND1141",1.65755791133479
"IND1142",0.736884592636498
"IND1143",-0.1571426108929
"IND1144",0.371742856449426
"IND1145",0.768723131587352
"IND1146",-0.405638728219227
"IND1147",1.07288290880306
"IND1148",-1.11131739923269
"IND1149",0.194489716981076
"IND114",-1.37960488236473
"IND1150",0.58676397961692
"IND1151",1.46054472318524
"IND1152",0.18848975621956
"IND1153",2.01144301753769
"IND1154",-2.10262277451589
"IND1155",0.836372456024584
"IND1156",0.264594119995598
"IND1157",0.148491168925773
"IND1158",0.837410564644935
"IND1159",-0.304411323875035
"IND115",-1.36164053374065
"IND1160",-0.614764164623834
"IND1161",0.623928865976151
"IND1162",-0.0212947573335917
"IND1163",1.0289043089861
"IND1164",-0.18631681390347
"IND1165",0.776201674049237
"IND1166",-0.0094321603453178
"IND1167",0.141651875801722
"IND1168",-0.724894886013444
"IND1169",1.30571495093431
"IND116",0.828285708430111
"IND1170",0.486081925860034
"IND1171",-0.274549311451913
"IND1172",1.18229390003254
"IND1173",-0.732560118378381
"IND1174",0.368636235043028
"IND1175",-0.203210135381705
"IND1176",0.435038393574748
"IND1177",0.753918616452629
"IND1178",-0.929634413861858
"IND1179",1.44399410287328
"IND117",-0.877874525881181
"IND1180",1.16767401486163
"IND1181",-0.344046936345237
"IND1182",0.393599987977299
"IND1183",0.688704937413867
"IND1184",1.58235791240107
"IND1185",0.329201055272305
"IND1186",0.33617162079699
"IND1187",1.46506492672979
"IND1188",2.31845969472767
"IND1189",-0.0740282270611631
"IND118",0.561305745477067
"IND1190",-0.407114663655237
"IND1191",-1.37837734657826
"IND1192",1.16726415045651
"IND1193",0.836060279040669
"IND1194",0.219010139469771
"IND1195",1.43583914970766
"IND1196",0.413020938119705
"IND1197",0.221959925061067
"IND1198",0.269858626374391
"IND1199",-0.943393143155907
"IND119",0.952563807192544
"IND11",-0.923002351422864
"IND1200",-0.233320937640579
"IND1201",0.301971641429883
"IND1202",0.8797991559461
"IND1203",0.741711988964785
"IND1204",1.54864813544404
"IND1205",0.49212730462494
"IND1206",-0.193954970675254
"IND1207",1.3859884360391
"IND1208",-0.592417592505148
"IND1209",-0.312631803543284
"IND120",0.949272369936826
"IND1210",-2.13160815600625
"IND1211",0.581606285152808
"IND1212",1.18931940417985
"IND1213",-1.2362189197023
"IND1214",-1.07128422710263
"IND1215",1.68110709092991
"IND1216",2.24138344921027
"IND1217",0.307881414330543
"IND1218",0.587008953184681
"IND1219",-1.38246321728478
"IND121",-2.12693043136812
"IND1220",1.20771186866165
"IND1221",0.111938425904551
"IND1222",-0.0761873757023709
"IND1223",2.06677152936024
"IND1224",-1.73232456988455
"IND1225",-0.433373385554237
"IND1226",-0.236658260441489
"IND1227",1.21282129813296
"IND1228",-1.78118113485593
"IND1229",-2.01928412659046
"IND122",0.388827517025091
"IND1230",-1.00249349828086
"IND1231",0.493185994311113
"IND1232",0.18832638176484
"IND1233",1.63464906763843
"IND1234",-0.935077771511839
"IND1235",-0.37094643874974
"IND1236",-0.688038309953986
"IND1237",1.85725734072916
"IND1238",1.47023216121449
"IND1239",-1.90632440611625
"IND123",-1.96690807751002
"IND1240",0.0160704715255357
"IND1241",-1.15927877861744
"IND1242",1.12231659024136
"IND1243",-0.275223399667172
"IND1244",-0.20450762674779
"IND1245",-1.12164944191798
"IND1246",0.59918161548768
"IND1247",1.06802343003958
"IND1248",0.738956327608173
"IND1249",-0.418263320279996
"IND124",-0.194245777575788
"IND1250",1.32341006933877
"IND1251",-0.886671462436447
"IND1252",-0.430212339220009
"IND1253",1.09651698879658
"IND1254",-0.325088225211491
"IND1255",1.94083337032158
"IND1256",-0.27904412178207
"IND1257",0.378009963011257
"IND1258",-1.61247655134911
"IND1259",-0.346994973941957
"IND125",-0.79994143683637
"IND1260",-0.193057693612425
"IND1261",-0.363168387159225
"IND1262",-0.151164877750863
"IND1263",0.674754387544811
"IND1264",-0.229822054045508
"IND1265",2.28528361142566
"IND1266",2.78089275902301
"IND1267",2.17759274161234
"IND1268",0.949355466082384
"IND1269",2.06301328360749
"IND126",0.244886861380097
"IND1270",-1.81604413327049
"IND1271",0.826127322534344
"IND1272",0.742336613925097
"IND1273",0.502108437775043
"IND1274",1.43934384250792
"IND1275",0.255421512380162
"IND1276",-1.16692518877515
"IND1277",1.30910501973427
"IND1278",0.348085771648807
"IND1279",1.81783119172931
"IND127",-0.410975241035871
"IND1280",-1.17930623023894
"IND1281",-0.457117010918846
"IND1282",0.701930585030221
"IND1283",0.546026890085523
"IND1284",-0.233623725235387
"IND1285",-2.09390371691088
"IND1286",-0.0607600347352071
"IND1287",1.58663215185259
"IND1288",0.858500428248456
"IND1289",1.03242600306067
"IND128",0.906854722928195
"IND1290",-0.0171741196142235
"IND1291",0.00958222982449549
"IND1292",0.397090046251191
"IND1293",1.41450989054046
"IND1294",-0.691080449353382
"IND1295",-0.230904037098055
"IND1296",-0.0687275104097001
"IND1297",2.11490650110566
"IND1298",-0.969314533711022
"IND1299",1.76942628154844
"IND129",1.7911632288186
"IND12",-0.499297020633181
"IND1300",1.81270522448153
"IND1301",0.114678840880294
"IND1302",1.67195577187972
"IND1303",-0.10462061427371
"IND1304",-0.300084191864622
"IND1305",0.241502487682386
"IND1306",1.32441924412665
"IND1307",1.19232523605563
"IND1308",0.0603805314978706
"IND1309",0.29151644068549
"IND130",1.29378883956428
"IND1310",1.32929005963768
"IND1311",-0.462840798516785
"IND1312",0.25618730398121
"IND1313",-1.41778372091406
"IND1314",-2.01982918455474
"IND1315",0.888626891665826
"IND1316",1.23827608841821
"IND1317",0.389515137489673
"IND1318",0.89412122941591
"IND1319",-0.318475110398365
"IND131",1.65262793337056
"IND1320",2.70403991350645
"IND1321",0.221384883009163
"IND1322",1.00116257717991
"IND1323",2.55918681768385
"IND1324",0.859011879556592
"IND1325",1.9345783593665
"IND1326",0.291922055330177
"IND1327",2.0761097169606
"IND1328",-1.95146539649232
"IND1329",0.322949055454716
"IND132",-0.852260353321713
"IND1330",0.411051301989563
"IND1331",0.385316563995616
"IND1332",1.94772186455728
"IND1333",-0.956900639411163
"IND1334",-1.10903370138408
"IND1335",1.10751770418134
"IND1336",-1.35298965530273
"IND1337",-1.86610176294645
"IND1338",0.1501391016379
"IND1339",0.885755811869401
"IND133",-0.840930322485781
"IND1340",-0.229701380985506
"IND1341",0.153599996735287
"IND1342",0.87042487273316
"IND1343",0.798843772094005
"IND1344",1.26648559654124
"IND1345",1.1069170731048
"IND1346",1.26786023577746
"IND1347",-0.249998216244345
"IND1348",0.0645915681535272
"IND1349",2.1669835389194
"IND134",0.496011374007515
"IND1350",0.599805791641238
"IND1351",-0.993066326972067
"IND1352",-0.965052940108409
"IND1353",-0.773818425284836
"IND1354",-0.648693773808788
"IND1355",1.67872857053156
"IND1356",0.989834904070655
"IND1357",-0.193366310321536
"IND1358",0.388523136452698
"IND1359",0.458727780800416
"IND135",-0.258827425122082
"IND1360",0.239908355141789
"IND1361",-1.34906693424934
"IND1362",0.163949893130128
"IND1363",-0.755803122382465
"IND1364",0.291951887651241
"IND1365",0.529900895173335
"IND1366",0.529852849081419
"IND1367",-1.6663597966454
"IND1368",1.11071243905112
"IND1369",2.78331594159351
"IND136",-0.337651644907766
"IND1370",1.01460638666698
"IND1371",0.137712744941128
"IND1372",-0.0644499265844272
"IND1373",2.35189644040385
"IND1374",1.10176730998589
"IND1375",0.596153986096363
"IND1376",-1.30059608171882
"IND1377",1.84777531158818
"IND1378",0.791731487591746
"IND1379",1.3770762953077
"IND137",-0.582190591748131
"IND1380",0.0862562848786442
"IND1381",-0.203052365526277
"IND1382",-0.694310978078525
"IND1383",0.927964153684448
"IND1384",-0.878536463022324
"IND1385",1.97267599124686
"IND1386",-0.643858991179623
"IND1387",0.682130666789367
"IND1388",0.890628925489636
"IND1389",0.820099309709372
"IND138",-0.764161245588245
"IND1390",-1.07514722541404
"IND1391",0.351646939606943
"IND1392",-1.48092192145105
"IND1393",0.840957677338786
"IND1394",0.542417412186332
"IND1395",-0.989827562203885
"IND1396",0.289281641632685
"IND1397",1.86280875259792
"IND1398",1.96653780460502
"IND1399",-0.446590918424606
"IND139",-0.782427314355265
"IND13",0.697560545841922
"IND1400",0.0150376663698957
"IND1401",0.924261296266917
"IND1402",-0.183518224770122
"IND1403",0.385381069435155
"IND1404",1.54483407451257
"IND1405",0.346306664948223
"IND1406",-1.27277276843844
"IND1407",0.0402794235766908
"IND1408",1.76345607342583
"IND1409",-0.597134718785449
"IND140",1.10560309341925
"IND1410",-1.21300687174225
"IND1411",0.900495986812989
"IND1412",0.681110887134733
"IND1413",-0.201061138435798
"IND1414",-0.0219695683210143
"IND1415",1.07375731153707
"IND1416",-1.06652228016813
"IND1417",1.30721725245666
"IND1418",0.578299168322035
"IND1419",2.83639920531432
"IND141",-0.237346892198775
"IND1420",1.00931942202548
"IND1421",0.746027536964528
"IND1422",1.49860464719563
"IND1423",1.07359383589654
"IND1424",-1.35999974344669
"IND1425",0.351582675860452
"IND1426",1.37646073627984
"IND1427",-0.212701645639926
"IND1428",0.785680250704223
"IND1429",0.675099575959537
"IND142",-0.506218354000323
"IND1430",-2.20372214181619
"IND1431",0.9585743853745
"IND1432",-0.0371468671187305
"IND1433",-0.0840897918597223
"IND1434",1.21025675389916
"IND1435",-0.336524098911955
"IND1436",-0.712018846586034
"IND1437",1.89772077558862
"IND1438",0.471486051127932
"IND1439",-0.410021488022556
"IND143",-0.305759125241586
"IND1440",0.0833617341996969
"IND1441",-0.330487309164277
"IND1442",1.31496009341274
"IND1443",0.515370586711373
"IND1444",2.41301764715499
"IND1445",1.0097172878077
"IND1446",-1.03409207935632
"IND1447",1.13955948848924
"IND1448",-0.70710428597161
"IND1449",1.88758650897409
"IND144",1.50716117175019
"IND1450",0.399340904602547
"IND1451",0.648704051533023
"IND1452",1.07633145269552
"IND1453",-0.685189997972824
"IND1454",0.278400156047399
"IND1455",0.894260771112368
"IND1456",0.547996415706082
"IND1457",1.0824939424268
"IND1458",1.9859945877187
"IND1459",-0.835666342715794
"IND145",-1.75531483090719
"IND1460",0.222143398392737
"IND1461",1.27282236282098
"IND1462",1.3433198125295
"IND1463",0.332014052442431
"IND1464",0.385040393765566
"IND1465",-2.49980287854665
"IND1466",-1.39670607195795
"IND1467",1.16582309614554
"IND1468",-0.446780789027118
"IND1469",1.35931198870683
"IND146",0.102284202528083
"IND1470",-2.05835974277106
"IND1471",1.75163405692364
"IND1472",-0.579082810469253
"IND1473",-0.656406699975834
"IND1474",-1.21295175997668
"IND1475",0.672482556196929
"IND1476",-0.8431144771693
"IND1477",-0.668036721182306
"IND1478",0.13769694145328
"IND1479",-0.223232010990089
"IND147",0.576011958805684
"IND1480",1.33064307058058
"IND1481",0.381342989263559
"IND1482",-0.030450645255745
"IND1483",1.04498661445484
"IND1484",-0.186760948104285
"IND1485",-0.233582318235581
"IND1486",0.495908051454951
"IND1487",1.23687707533924
"IND1488",-0.0401996147254108
"IND1489",0.366116317195169
"IND148",0.494399843985406
"IND1490",-0.0838999625052284
"IND1491",-1.08202298505224
"IND1492",-0.668015043706279
"IND1493",-0.995753515128556
"IND1494",-0.219751641334543
"IND1495",4.0693834937527
"IND1496",-1.03285230671633
"IND1497",-1.07827079823856
"IND1498",-0.987619280998965
"IND1499",-0.286324599875642
"IND149",-0.639097179159385
"IND14",0.91083174488005
"IND1500",-0.0684896384834939
"IND1501",0.887188013406639
"IND1502",1.74429696948526
"IND1503",0.407909225759014
"IND1504",-0.683480075469235
"IND1505",0.306478364832569
"IND1506",1.81128612782934
"IND1507",0.703996845978108
"IND1508",1.14714287902461
"IND1509",-0.105882086883702
"IND150",0.934843420736461
"IND1510",1.45348538434535
"IND1511",0.0640036715173633
"IND1512",1.23453828129123
"IND1513",-0.359679257985824
"IND1514",0.32936671328904
"IND1515",1.41990303939588
"IND1516",0.139202427694011
"IND1517",-0.312652072002979
"IND1518",0.726150863017862
"IND1519",0.754512237042944
"IND151",-0.455712735591608
"IND1520",0.706747397348442
"IND1521",0.0772811774301724
"IND1522",-0.653995518458185
"IND1523",-0.0602063405045519
"IND1524",0.849698261302375
"IND1525",1.16419177290649
"IND1526",0.378939953345729
"IND1527",0.127394396285727
"IND1528",0.73055196180945
"IND1529",1.20801408530212
"IND152",1.17703274778471
"IND1530",0.1019138487112
"IND1531",-0.597318518939748
"IND1532",1.41412801187022
"IND1533",0.678763860779735
"IND1534",-0.0505876755290681
"IND1535",1.51217272391885
"IND1536",1.67870128539575
"IND1537",0.912961199186718
"IND1538",0.591850515007059
"IND1539",0.169854036322146
"IND153",1.17535839789901
"IND1540",-0.650652377148502
"IND1541",-1.11312094684427
"IND1542",1.75385015669073
"IND1543",1.10328514023013
"IND1544",0.762402425493777
"IND1545",0.169930368544709
"IND1546",-0.378930422760736
"IND1547",0.0295869100398186
"IND1548",2.02347016560079
"IND1549",0.587328816979766
"IND154",-1.82977530188967
"IND1550",0.657028005866762
"IND1551",2.44682526130033
"IND1552",0.180982844005162
"IND1553",0.201830892026103
"IND1554",1.53542450942787
"IND1555",-1.20483858343442
"IND1556",0.196145593648571
"IND1557",-0.761086714107046
"IND1558",0.476124036806192
"IND1559",0.541191750494358
"IND155",0.553366420470589
"IND1560",-0.448578321131739
"IND1561",0.47937457907011
"IND1562",-0.397057950391747
"IND1563",-0.715162484569054
"IND1564",0.773334725561661
"IND1565",-0.444945108522348
"IND1566",-1.36282928883468
"IND1567",1.46058253525176
"IND1568",-0.373141876427024
"IND1569",-0.622088861870942
"IND156",-0.28107698442686
"IND1570",-0.774140029779501
"IND1571",1.96859801278811
"IND1572",0.665225051232744
"IND1573",1.15682762091292
"IND1574",1.36863165163095
"IND1575",0.348977843520321
"IND1576",1.33621221903919
"IND1577",-1.13420505180843
"IND1578",-1.05601443360282
"IND1579",0.173798668721388
"IND157",0.675803226960041
"IND1580",0.997684045629598
"IND1581",-1.10928270411189
"IND1582",0.565137079165912
"IND1583",0.823941463562627
"IND1584",-0.942001336064918
"IND1585",0.402113244473084
"IND1586",1.87403490451358
"IND1587",0.12526528467471
"IND1588",1.86076345744915
"IND1589",1.94886194577945
"IND158",2.80139700369922
"IND1590",-0.159459704354524
"IND1591",-0.358136062999106
"IND1592",2.00247090656137
"IND1593",1.21852415508033
"IND1594",1.78942479151799
"IND1595",-1.06747072760671
"IND1596",-2.33258631427568
"IND1597",2.18345300305276
"IND1598",-0.378315519462961
"IND1599",-0.490549083556695
"IND159",-0.529567495791813
"IND15",-0.608897634782612
"IND1600",-0.538457027249021
"IND1601",0.173521978381475
"IND1602",2.64126786922847
"IND1603",-1.6613118766939
"IND1604",1.28899340262414
"IND1605",1.30144355109329
"IND1606",-0.108123733287005
"IND1607",2.04144839544479
"IND1608",1.08464311359145
"IND1609",1.26184581321954
"IND160",-0.665730625769946
"IND1610",0.596376153861861
"IND1611",1.40017341943314
"IND1612",-0.0314996216307099
"IND1613",-0.617237112965777
"IND1614",-1.41795037511179
"IND1615",-0.011091856134304
"IND1616",0.0738826865469443
"IND1617",-0.997802281635052
"IND1618",-0.0800135316498084
"IND1619",1.74701443418884
"IND161",0.535545862379346
"IND1620",0.165991944387961
"IND1621",0.859953817095555
"IND1622",-0.384694902505736
"IND1623",0.214346400577475
"IND1624",0.291276666616698
"IND1625",1.34868021279861
"IND1626",-1.13728449669883
"IND1627",-0.107283526899179
"IND1628",1.72314877096317
"IND1629",1.26772914532397
"IND162",1.88967793934921
"IND1630",-0.241470352713668
"IND1631",2.14080031819621
"IND1632",-0.324251530937614
"IND1633",0.11755379833745
"IND1634",-0.643831903227063
"IND1635",-1.13105941622149
"IND1636",0.833741490583014
"IND1637",-0.290869348567711
"IND1638",2.42845958995404
"IND1639",-0.958085359375679
"IND163",-0.471307395813012
"IND1640",0.404195803279025
"IND1641",2.31189930611507
"IND1642",-0.414760284468569
"IND1643",0.0615044897896734
"IND1644",1.60520572241434
"IND1645",0.00899188209863655
"IND1646",0.501087464673521
"IND1647",-1.89667490566974
"IND1648",1.49276282611236
"IND1649",-0.211726275006847
"IND164",-0.827237759973159
"IND1650",0.615112425427113
"IND1651",1.83320117017722
"IND1652",2.16138567589486
"IND1653",1.22666809563457
"IND1654",0.652772363299042
"IND1655",-1.02967967635855
"IND1656",-0.187562465772521
"IND1657",-0.430656449789161
"IND1658",1.70807945391635
"IND1659",1.62219176906343
"IND165",-1.95662705166584
"IND1660",-0.537076528335392
"IND1661",-1.24102141228241
"IND1662",0.9129182009448
"IND1663",-0.636300678513301
"IND1664",-0.757826142477797
"IND1665",0.0610948528965453
"IND1666",-1.03491856142134
"IND1667",-0.594192028502182
"IND1668",-0.4605869967764
"IND1669",0.806069162484969
"IND166",-0.0783753437876912
"IND1670",0.0253695266609792
"IND1671",-0.123944724963925
"IND1672",-0.0853168414637157
"IND1673",-0.156925322631023
"IND1674",-0.893064115666213
"IND1675",-0.475058031237041
"IND1676",-0.86072700814822
"IND1677",0.412708684450844
"IND1678",-0.0404125496980973
"IND1679",0.89965670605529
"IND167",-1.05740198952713
"IND1680",-0.328776076637187
"IND1681",0.566880932396608
"IND1682",-1.1232048605156
"IND1683",1.39177364035828
"IND1684",-0.610330765075824
"IND1685",2.95105860917027
"IND1686",0.125828503830548
"IND1687",1.42582277363501
"IND1688",1.68003174934095
"IND1689",-0.353982460288637
"IND168",0.818299185704607
"IND1690",0.438094968868039
"IND1691",-1.70109386565966
"IND1692",0.604430563760516
"IND1693",0.663639470390796
"IND1694",-0.107045470310222
"IND1695",0.834634467138735
"IND1696",1.09164088338275
"IND1697",1.30571109527368
"IND1698",-2.52667465017007
"IND1699",0.0673556057727775
"IND169",0.277608746735363
"IND16",0.11852025741045
"IND1700",1.51514791944489
"IND1701",-1.31389656606963
"IND1702",0.624252323814043
"IND1703",0.36304851280554
"IND1704",-0.179411406630514
"IND1705",1.04019743807349
"IND1706",0.748024174921275
"IND1707",1.61297184767513
"IND1708",3.55087889725035
"IND1709",1.31529404688624
"IND170",-0.611752175054299
"IND1710",2.51052472772149
"IND1711",-0.208736827001327
"IND1712",1.77863573382267
"IND1713",0.994688090087459
"IND1714",0.893795450534909
"IND1715",0.150222933495452
"IND1716",1.47172222716266
"IND1717",1.31701247654593
"IND1718",-0.903483149079619
"IND1719",-0.276563584986341
"IND171",0.594086324595634
"IND1720",0.199506790014798
"IND1721",1.02270801698023
"IND1722",-1.89643406440962
"IND1723",1.56840009841705
"IND1724",-0.130026495915859
"IND1725",1.01575592858854
"IND1726",0.428341419572118
"IND1727",-0.235140375751893
"IND1728",-0.052047962940306
"IND1729",1.55721367354641
"IND172",-2.43523277105787
"IND1730",-0.0685258123966766
"IND1731",0.261906245734204
"IND1732",1.93237116696445
"IND1733",0.371698265213697
"IND1734",-1.82431196090235
"IND1735",-1.01962048236737
"IND1736",1.19188511608909
"IND1737",-0.193268880461769
"IND1738",1.15938503518769
"IND1739",0.107610843535207
"IND173",0.20876266821319
"IND1740",-1.75011763333485
"IND1741",0.128415319030449
"IND1742",-1.45456422439485
"IND1743",0.580541306045661
"IND1744",-0.314430798880327
"IND1745",-0.313774182654981
"IND1746",1.3233531541149
"IND1747",0.190225133956665
"IND1748",-1.09837856259918
"IND1749",0.80563146357732
"IND174",-1.16391149411286
"IND1750",-2.32634790492157
"IND1751",0.604660073902114
"IND1752",2.47214063125419
"IND1753",0.23085467331439
"IND1754",0.48082576843463
"IND1755",0.995353832839696
"IND1756",-2.25363653061808
"IND1757",-0.39307702499962
"IND1758",0.669769900535284
"IND1759",0.631440270447821
"IND175",0.376628901345476
"IND1760",1.21916414953972
"IND1761",-0.155240205404649
"IND1762",-0.0267127331667514
"IND1763",2.86764559429506
"IND1764",-0.35635891492818
"IND1765",0.452347271005989
"IND1766",-0.0193273539226431
"IND1767",0.0191612542423883
"IND1768",0.666198729002547
"IND1769",0.174952794838632
"IND176",-0.903240405748984
"IND1770",-0.577147285715568
"IND1771",0.974255597080289
"IND1772",-2.07558964231761
"IND1773",0.869243024187632
"IND1774",2.62578939979529
"IND1775",1.81947633079189
"IND1776",0.60313801664074
"IND1777",-0.274375336952718
"IND1778",-1.05703689948158
"IND1779",1.35235183326787
"IND177",-0.633834389935203
"IND1780",0.935699037946252
"IND1781",1.91900477696809
"IND1782",0.205802712004479
"IND1783",1.20838404674608
"IND1784",-0.518791947100596
"IND1785",2.30638676229729
"IND1786",1.62869779252502
"IND1787",-0.0463720817412773
"IND1788",0.903166607367976
"IND1789",-0.409554305541152
"IND178",1.39265197730465
"IND1790",0.518402527340411
"IND1791",0.35094720231848
"IND1792",1.02986329463776
"IND1793",-0.119147865748285
"IND1794",-0.171999798556806
"IND1795",0.0435621228309957
"IND1796",-0.44532972152249
"IND1797",1.15078680136559
"IND1798",1.41369713017642
"IND1799",-0.706356713985777
"IND179",-0.577286941062647
"IND17",1.30483294515067
"IND1800",-0.138740596519203
"IND1801",0.0912370594502548
"IND1802",1.33781426642014
"IND1803",0.307064357659214
"IND1804",0.868736505522863
"IND1805",1.98451166587588
"IND1806",0.626794123181505
"IND1807",-0.132793668481716
"IND1808",2.11263641954494
"IND1809",-0.127887917202749
"IND180",-0.575701147469228
"IND1810",-0.462118844695152
"IND1811",-0.828209138559469
"IND1812",-0.327610135140308
"IND1813",0.575652865002494
"IND1814",0.488597077139786
"IND1815",0.280996141113734
"IND1816",-0.327732977868906
"IND1817",1.66452799282457
"IND1818",0.512714462012898
"IND1819",-0.167168683908412
"IND181",1.96136716532049
"IND1820",-2.18766532659279
"IND1821",-0.430266326874209
"IND1822",-1.35428897148681
"IND1823",-0.0183375521234403
"IND1824",-0.51675957346933
"IND1825",-0.377026148195455
"IND1826",-0.140973744489593
"IND1827",0.487750090311124
"IND1828",-1.31527896660953
"IND1829",1.26322701711527
"IND182",1.85456111592556
"IND1830",-0.618348850578597
"IND1831",1.8009185167534
"IND1832",0.439147150060046
"IND1833",-0.999385761190632
"IND1834",0.490509850696525
"IND1835",0.290061808384878
"IND1836",0.916245498715193
"IND1837",-1.10308642945822
"IND1838",1.07731563378992
"IND1839",0.618500332290004
"IND183",0.479276490389082
"IND1840",0.222896106902672
"IND1841",1.38682867240712
"IND1842",0.764936690514857
"IND1843",1.84266776035074
"IND1844",0.795732437384828
"IND1845",-0.629560882375521
"IND1846",1.74171134488598
"IND1847",2.22113912746686
"IND1848",0.77177787944232
"IND1849",0.458039458126412
"IND184",0.2906339071022
"IND1850",0.592089617133714
"IND1851",0.252690346786225
"IND1852",1.03432152662814
"IND1853",-0.239406837461377
"IND1854",1.87974341423642
"IND1855",-1.25043987905961
"IND1856",0.0112976837180143
"IND1857",-0.125142880899194
"IND1858",0.620783583603448
"IND1859",1.10245145874404
"IND185",-0.852100314423228
"IND1860",1.93120201915811
"IND1861",0.104270719732254
"IND1862",0.224120243294051
"IND1863",0.303563251859131
"IND1864",0.297371468091556
"IND1865",2.67767735917082
"IND1866",0.221027766752293
"IND1867",1.19076837843442
"IND1868",2.07292133247903
"IND1869",0.62488985108985
"IND186",1.68196021526916
"IND1870",-0.820967383880916
"IND1871",-1.54497215264974
"IND1872",0.435216959280678
"IND1873",0.0634704959588913
"IND1874",0.632410995475163
"IND1875",1.48210255186296
"IND1876",1.3993739297288
"IND1877",-0.572818044383098
"IND1878",0.512557822548279
"IND1879",0.212890937378855
"IND187",1.41042185451977
"IND1880",-1.70563385732741
"IND1881",-0.809173764781973
"IND1882",-0.983972994180682
"IND1883",-0.0396422870559417
"IND1884",0.233786215293694
"IND1885",-0.532801377223707
"IND1886",1.14369295982752
"IND1887",1.17940989005834
"IND1888",2.03776866451363
"IND1889",-0.552124175406895
"IND188",2.08230764708759
"IND1890",-0.22825997560124
"IND1891",0.569376100374706
"IND1892",-0.570937395950716
"IND1893",-1.33103878956533
"IND1894",1.11879920933102
"IND1895",0.931229212137334
"IND1896",0.0568042001460041
"IND1897",0.431961201785427
"IND1898",0.685632329895581
"IND1899",1.0443649726142
"IND189",-0.0882356047744801
"IND18",1.86823350844799
"IND1900",-1.20234232541475
"IND1901",0.172176490159202
"IND1902",0.563411258156724
"IND1903",0.168435993809318
"IND1904",1.13911867993487
"IND1905",-1.09066931169926
"IND1906",-1.05602053771722
"IND1907",1.37187065368576
"IND1908",0.654353953286128
"IND1909",0.313082816692982
"IND190",0.613569994398626
"IND1910",1.86673399678484
"IND1911",0.130528138388076
"IND1912",1.42111210709439
"IND1913",-0.99619140086395
"IND1914",0.323909175796766
"IND1915",0.267342069496844
"IND1916",1.07100789865761
"IND1917",-0.117222351055978
"IND1918",-0.0128071196578566
"IND1919",1.3562453675821
"IND191",1.2981836223339
"IND1920",0.708409587295262
"IND1921",0.194924422229578
"IND1922",-0.0524913251416795
"IND1923",0.902826922737778
"IND1924",2.13594190725288
"IND1925",0.607997580010885
"IND1926",-0.632303271546395
"IND1927",2.73343922331772
"IND1928",0.222079635634318
"IND1929",1.16398494773048
"IND192",-0.401834176773921
"IND1930",0.590297718573515
"IND1931",0.808734337220493
"IND1932",-0.342537238928026
"IND1933",0.688817581853258
"IND1934",-0.234612327941017
"IND1935",-1.99764848449643
"IND1936",0.996181672266226
"IND1937",-0.0333347678291276
"IND1938",1.81364732799586
"IND1939",-0.366424766829312
"IND193",-0.721808624806373
"IND1940",1.5679620113424
"IND1941",-0.877821936165629
"IND1942",0.577936882506172
"IND1943",0.425554040437357
"IND1944",1.40194873471778
"IND1945",-1.42493147046774
"IND1946",-0.775873950946385
"IND1947",0.780376547150047
"IND1948",1.34979315430869
"IND1949",1.00578030438617
"IND194",-0.872263814260038
"IND1950",1.15622409553774
"IND1951",0.552103804901584
"IND1952",1.03994227863202
"IND1953",-0.766850657472309
"IND1954",1.02329530947019
"IND1955",1.10819725696941
"IND1956",-0.167197467519282
"IND1957",3.59428335458284
"IND1958",0.466727457580801
"IND1959",0.792507755758909
"IND195",-0.302132056076963
"IND1960",1.97791585803709
"IND1961",0.56071177619635
"IND1962",0.280412923459217
"IND1963",2.44546048196625
"IND1964",1.91080364937518
"IND1965",1.29671487163754
"IND1966",-0.219709500586065
"IND1967",0.132689984227264
"IND1968",1.52266460611414
"IND1969",-0.954154276793937
"IND196",1.39092697146305
"IND1970",-1.95650343130615
"IND1971",-0.273346527056532
"IND1972",-0.320724931459823
"IND1973",0.720048683145672
"IND1974",1.1395214719066
"IND1975",-0.495023498295651
"IND1976",0.29576115242981
"IND1977",-0.639082821944923
"IND1978",-0.684173804975211
"IND1979",-1.58209255005802
"IND197",0.120390729217542
"IND1980",1.98973230984557
"IND1981",2.91284427198545
"IND1982",0.620405520630375
"IND1983",1.56338335742474
"IND1984",2.12986157522288
"IND1985",1.15682517286165
"IND1986",-0.588740211736657
"IND1987",-1.03755890075
"IND1988",2.8872696446653
"IND1989",2.25529494259817
"IND198",0.366061728589735
"IND1990",-1.33876081099176
"IND1991",0.416387246551615
"IND1992",0.0717348655353863
"IND1993",-1.63559258667684
"IND1994",0.520478025492262
"IND1995",0.791081102780518
"IND1996",0.608558442669021
"IND1997",1.01115631763884
"IND1998",1.48112441697798
"IND1999",1.02812284739237
"IND199",1.1887995050802
"IND19",-0.283973452624443
"IND1",1.27699832002074
"IND2000",-0.104079836882041
"IND2001",-0.362742951225879
"IND2002",0.723194483212097
"IND2003",0.843286073279358
"IND2004",0.641358010001593
"IND2005",1.66869344279357
"IND2006",0.493268970670408
"IND2007",1.31874589419367
"IND2008",-0.0752259717895229
"IND2009",1.20118435965315
"IND200",0.85194128213065
"IND2010",0.298235837039541
"IND2011",1.22214098250368
"IND2012",-0.407839647766289
"IND2013",0.858981812411001
"IND2014",-0.770883824810932
"IND2015",0.212837520713713
"IND2016",-0.930008040939446
"IND2017",-0.297304731369517
"IND2018",1.97191604367405
"IND2019",0.13189550827184
"IND201",-0.411560676331011
"IND2020",1.03524619425762
"IND2021",-1.02357713170449
"IND2022",-1.41498002397069
"IND2023",1.36730262287904
"IND2024",-0.732667703852729
"IND2025",0.335319660971859
"IND2026",-0.808191580790855
"IND2027",-0.0228670597942107
"IND2028",1.94709162173709
"IND2029",1.04399717018165
"IND202",-0.761315101568829
"IND2030",0.833437691956495
"IND2031",1.95930472898034
"IND2032",-1.03772991600294
"IND2033",-0.156439961537492
"IND2034",-0.844979889610597
"IND2035",-0.446476943169938
"IND2036",1.30446887584579
"IND2037",-0.526116442484667
"IND2038",0.526839951855712
"IND2039",1.48332176067567
"IND203",1.62742603053702
"IND2040",1.28129309694681
"IND2041",0.261125156951395
"IND2042",0.489353069647777
"IND2043",-0.648559265416511
"IND2044",-0.429179417340621
"IND2045",-0.21154496816649
"IND2046",1.30291420951564
"IND2047",1.13371850618928
"IND2048",-0.529088216908707
"IND2049",1.96728103535703
"IND204",1.16713273370032
"IND2050",0.564213942668915
"IND2051",0.17404970891163
"IND2052",-0.111577994900943
"IND2053",0.775055347645976
"IND2054",0.560473199659586
"IND2055",-0.907062995753849
"IND2056",-0.0152303349935179
"IND2057",0.400011940399054
"IND2058",0.901094179959283
"IND2059",-0.797946168944581
"IND205",-0.130227533446451
"IND2060",0.768983882757295
"IND2061",0.206661835398298
"IND2062",-0.171684080866859
"IND2063",0.376598302674618
"IND2064",0.0483243313511333
"IND2065",0.0151143875824106
"IND2066",-0.839278220383946
"IND2067",-0.105166613059664
"IND2068",1.33516140369809
"IND2069",0.576807538301935
"IND206",-0.425400265677908
"IND2070",1.41382548258886
"IND2071",-0.361135418572849
"IND2072",0.657816071586817
"IND2073",1.27571320125254
"IND2074",0.947687590177995
"IND2075",0.0775360451154085
"IND2076",-0.181647357771076
"IND2077",0.676227192442047
"IND2078",2.11396981520582
"IND2079",-0.458545512826229
"IND207",-0.106303593373867
"IND2080",0.277791099803602
"IND2081",-0.456591630279569
"IND2082",-0.419780306039073
"IND2083",-0.137849568514995
"IND2084",-1.67613227215538
"IND2085",-0.276736790569139
"IND2086",-1.10599477480957
"IND2087",0.626088972114538
"IND2088",0.699093186141701
"IND2089",0.831123587987896
"IND208",0.589148903095991
"IND2090",-0.0685103488437007
"IND2091",1.59119189965248
"IND2092",1.69030285612673
"IND2093",0.81528821263024
"IND2094",0.895771157380823
"IND2095",-1.02352252052344
"IND2096",0.95059067809646
"IND2097",2.5754860247325
"IND2098",-1.06548037173118
"IND2099",0.652943685233138
"IND209",1.16415125999078
"IND20",-1.32055910098323
"IND2100",2.47123311268584
"IND2101",-0.302240630885021
"IND2102",-0.116078953385745
"IND2103",1.39937532673017
"IND2104",1.19592115491077
"IND2105",-0.0896050276315895
"IND2106",0.0462119514373276
"IND2107",0.805833257398313
"IND2108",-1.02810922092922
"IND2109",0.374355573077863
"IND210",-1.29542132158711
"IND2110",-0.37286137944485
"IND2111",-0.0267541556808851
"IND2112",0.320614362423295
"IND2113",0.710040080461853
"IND2114",-0.191660851824453
"IND2115",2.20479710202281
"IND2116",-1.21881703120092
"IND2117",-0.563446636921569
"IND2118",-1.68665953715194
"IND2119",1.08973331397597
"IND211",-0.38105396257017
"IND2120",1.19243936122124
"IND2121",-0.25908095971759
"IND2122",-0.252688998671895
"IND2123",-0.746658634809813
"IND2124",-1.30160389562412
"IND2125",1.10392698344142
"IND2126",-0.433730552255662
"IND2127",2.05921635569899
"IND2128",0.932980237990367
"IND2129",-1.95929612503906
"IND212",0.852326100686574
"IND2130",0.79204983891772
"IND2131",1.18753962872091
"IND2132",0.304496942151148
"IND2133",1.0575600915769
"IND2134",1.28748662112833
"IND2135",-1.3229669227753
"IND2136",1.44859765532107
"IND2137",-0.116404884659367
"IND2138",0.0534806915463513
"IND2139",1.24869654229276
"IND213",1.08121375666405
"IND2140",-0.259245978335884
"IND2141",-0.41355476732876
"IND2142",-1.09830939274922
"IND2143",1.04732322176022
"IND2144",1.40337401223894
"IND2145",2.47569792383682
"IND2146",-0.228926990350034
"IND2147",1.45531840721933
"IND2148",1.5477963978612
"IND2149",0.288467071100573
"IND214",-0.223007055937149
"IND2150",-0.602511916971881
"IND2151",-0.340642582472587
"IND2152",1.19340154872806
"IND2153",-0.380608018727849
"IND2154",0.774040136957822
"IND2155",0.0755598196223158
"IND2156",2.02363158818337
"IND2157",1.79407541464764
"IND2158",0.177274879667611
"IND2159",-0.517260913783232
"IND215",-0.714458652173302
"IND2160",0.0373809086516534
"IND2161",1.16634913330895
"IND2162",0.750668126070562
"IND2163",0.122285508185181
"IND2164",0.95302927462158
"IND2165",1.23597758833642
"IND2166",-0.30798745447066
"IND2167",-0.374394631026252
"IND2168",0.424070039755855
"IND2169",1.14824792084843
"IND216",1.84892122121124
"IND2170",0.788350448265035
"IND2171",1.47511223046192
"IND2172",0.124671332543276
"IND2173",1.25197211776279
"IND2174",0.597253622200565
"IND2175",1.30129875835205
"IND2176",1.22043227777878
"IND2177",-0.287629075748149
"IND2178",-1.01812809767317
"IND2179",1.32096957754707
"IND217",-1.88290374193735
"IND2180",-1.46885186028602
"IND2181",0.840187328195394
"IND2182",-0.0491106875825139
"IND2183",-2.47360297619035
"IND2184",0.136523111459441
"IND2185",2.06186586925764
"IND2186",-0.679610766947822
"IND2187",-0.860843530033393
"IND2188",0.62270727110125
"IND2189",0.135882496204681
"IND218",0.842974210718131
"IND2190",2.18139224137416
"IND2191",0.924676031145545
"IND2192",-0.658647088185482
"IND2193",-0.824437835707071
"IND2194",0.52192374437246
"IND2195",0.325976119653744
"IND2196",0.377934706517404
"IND2197",0.3359333862204
"IND2198",0.0980343416723141
"IND2199",-1.25084752568728
"IND219",3.01701079004842
"IND21",0.0458452524585942
"IND2200",1.55602784295515
"IND2201",0.0063140025590416
"IND2202",-0.0713897562381296
"IND2203",0.249264050253448
"IND2204",0.505248326918114
"IND2205",0.324766527858859
"IND2206",-0.329981679200089
"IND2207",1.48750142770611
"IND2208",0.421452678120847
"IND2209",-0.95688914936477
"IND220",0.644065871043124
"IND2210",2.74772435353672
"IND2211",0.743619537998916
"IND2212",0.917911794120777
"IND2213",1.0846108162537
"IND2214",0.320426445503549
"IND2215",1.55740954432655
"IND2216",1.21365549211977
"IND2217",1.11124846118691
"IND2218",2.08502154943601
"IND2219",1.75614595033762
"IND221",0.457626340573347
"IND2220",0.214304762980935
"IND2221",-1.55013558763114
"IND2222",-0.0579586212231442
"IND2223",1.456070502463
"IND2224",-2.11301128145605
"IND2225",1.22572177017701
"IND2226",1.25728768372701
"IND2227",-1.8928889030446
"IND2228",1.42105453826239
"IND2229",0.468041297826078
"IND222",1.13322112954528
"IND2230",0.435064492091418
"IND2231",0.313186306860142
"IND2232",1.30840881961455
"IND2233",0.03523236755807
"IND2234",1.67256731797241
"IND2235",0.770294790270249
"IND2236",1.36375484750401
"IND2237",-0.903101585947394
"IND2238",2.18521782991297
"IND2239",0.0347077626501762
"IND223",-0.166538128979552
"IND2240",1.65800971924907
"IND2241",-1.29598617783228
"IND2242",0.100512028980238
"IND2243",-2.05384414628467
"IND2244",1.06157045909173
"IND2245",0.336134804036208
"IND2246",-0.354850570045091
"IND2247",-0.965500529153223
"IND2248",-1.34995375275622
"IND2249",0.000130417904381064
"IND224",-1.43879264236005
"IND2250",-0.603128962610962
"IND2251",0.46831760271521
"IND2252",1.00631393627673
"IND2253",0.483832223470817
"IND2254",0.961919758273837
"IND2255",-0.0703826841905332
"IND2256",0.43096478486715
"IND2257",0.364041897531654
"IND2258",1.02542375715416
"IND2259",0.0634784529117051
"IND225",1.77706033710755
"IND2260",0.39467806756044
"IND2261",-1.67628815603156
"IND2262",1.59666677669759
"IND2263",-1.05502113641823
"IND2264",2.33942835590718
"IND2265",1.77463926257158
"IND2266",0.0950355259772774
"IND2267",0.725851717560823
"IND2268",-0.133755265894907
"IND2269",1.03241221200257
"IND226",1.16060214889879
"IND2270",-0.419385555465204
"IND2271",-0.286466674662187
"IND2272",0.340410568775017
"IND2273",-0.393916123057507
"IND2274",0.550968556163813
"IND2275",2.14825605142741
"IND2276",-0.93711655229195
"IND2277",1.81233281045699
"IND2278",0.694174634237102
"IND2279",-0.593487078089709
"IND227",0.427952724332766
"IND2280",0.286724803427412
"IND2281",0.426207058556482
"IND2282",-2.18278243629821
"IND2283",0.825979764610181
"IND2284",1.86562952899889
"IND2285",1.21940634978566
"IND2286",1.13684691645116
"IND2287",1.87517503091364
"IND2288",0.615221547508768
"IND2289",-1.2146308090776
"IND228",0.787624119786594
"IND2290",0.613611551063804
"IND2291",0.0317947340157381
"IND2292",0.26186370424424
"IND2293",0.772556955018014
"IND2294",1.19965907278873
"IND2295",0.708769766120048
"IND2296",0.772775702641854
"IND2297",1.28378313211818
"IND2298",0.766522235977244
"IND2299",-0.0612679920862549
"IND229",1.11691298287244
"IND22",-0.252125879387657
"IND2300",-1.51234205946221
"IND2301",0.581508724965322
"IND2302",-0.172433439051773
"IND2303",0.353655079103841
"IND2304",1.43771055184326
"IND2305",0.222812603540487
"IND2306",0.616284317629401
"IND2307",1.95501652746088
"IND2308",-0.202190305910231
"IND2309",-0.872650577510428
"IND230",2.52726364642764
"IND2310",0.117333623454107
"IND2311",0.037231632950254
"IND2312",-1.17049400339969
"IND2313",1.16312804577641
"IND2314",-0.387711225267442
"IND2315",0.100538369085275
"IND2316",-0.461015837681203
"IND2317",-0.63084477509528
"IND2318",-0.653561523960414
"IND2319",-1.36254538887257
"IND231",-0.108318096855505
"IND2320",0.477578951453501
"IND2321",1.0361591483328
"IND2322",-0.479336362771501
"IND2323",0.26582758413604
"IND2324",-0.254277268226471
"IND2325",1.46141276717421
"IND2326",1.01034411415036
"IND2327",1.46183035450545
"IND2328",1.50940272985637
"IND2329",0.193267709586522
"IND232",0.88569043356654
"IND2330",-0.391701675647824
"IND2331",1.15113218385946
"IND2332",0.0367990558251815
"IND2333",-1.9888781887764
"IND2334",-0.240222430918575
"IND2335",0.733730912971105
"IND2336",-1.06643200533304
"IND2337",1.05027600394941
"IND2338",-0.308167608256704
"IND2339",0.832296246222342
"IND233",-0.184028087219426
"IND2340",-0.863417787048668
"IND2341",1.64628229138339
"IND2342",-0.686460588203099
"IND2343",0.669640805214446
"IND2344",0.430315114151036
"IND2345",0.617541332267301
"IND2346",1.24532561390901
"IND2347",-1.08268625293853
"IND2348",2.25406562262993
"IND2349",-0.244008043258359
"IND234",0.352967192060936
"IND2350",1.97087807614112
"IND2351",-0.558527308149923
"IND2352",0.77119052842433
"IND2353",1.45526097647831
"IND2354",1.07077852891206
"IND2355",0.503333753352636
"IND2356",-0.274410917732918
"IND2357",1.06067957273313
"IND2358",-1.06683555639694
"IND2359",1.40198291024524
"IND235",-0.446864455904352
"IND2360",-0.506281287090937
"IND2361",0.14877267355071
"IND2362",-0.799174239556649
"IND2363",0.447826380627438
"IND2364",0.969451501082972
"IND2365",-0.732133404337675
"IND2366",-1.12924845608934
"IND2367",0.750747352088244
"IND2368",-0.118391695506282
"IND2369",-1.29493480445896
"IND236",-0.707077923881186
"IND2370",1.76502096436531
"IND2371",0.153525614157434
"IND2372",0.425819963286118
"IND2373",-0.707021943980111
"IND2374",-0.402345679225749
"IND2375",1.9526640699322
"IND2376",-0.122887232179069
"IND2377",0.626163036127445
"IND2378",1.70026240322669
"IND2379",-0.531544533135052
"IND237",0.154588441634384
"IND2380",0.698679784999895
"IND2381",0.425026085856023
"IND2382",0.928397502936633
"IND2383",-1.25328624616033
"IND2384",-0.561010948161178
"IND2385",2.02498514618229
"IND2386",0.176460373310897
"IND2387",1.76551199676754
"IND2388",-1.88036585443844
"IND2389",3.58301455396614
"IND238",0.295231238762757
"IND2390",0.142263432608165
"IND2391",-1.9022996985841
"IND2392",-0.0395542966699485
"IND2393",0.45145436521349
"IND2394",1.37511486324081
"IND2395",-0.160700457827687
"IND2396",-0.233924830838585
"IND2397",-1.5858612270513
"IND2398",-0.459207095922645
"IND2399",-0.768350374517951
"IND239",0.161836996084154
"IND23",-0.0592447176263918
"IND2400",0.570216123419449
"IND2401",-0.341175723768304
"IND2402",-0.121844307734477
"IND2403",-0.254494890975444
"IND2404",-0.765625945399413
"IND2405",-0.183386437803402
"IND2406",-3.04940292660811
"IND2407",0.664719029832785
"IND2408",0.884119024260655
"IND2409",0.387400225725591
"IND240",0.251305900791415
"IND2410",1.29851401834065
"IND2411",2.382693853884
"IND2412",0.866015318849977
"IND2413",-0.415169126192176
"IND2414",0.961852311286598
"IND2415",1.70329051004522
"IND2416",0.217022796256942
"IND2417",0.556840530558965
"IND2418",0.571553461081225
"IND2419",0.0956092926660786
"IND241",2.69544149700293
"IND2420",0.544249994323645
"IND2421",-0.455819893970102
"IND2422",0.0434457406789341
"IND2423",0.165002024633194
"IND2424",-0.237135205791267
"IND2425",-0.874123810494463
"IND2426",-0.286380379708507
"IND2427",-0.0720754141161175
"IND2428",1.59392097881629
"IND2429",-0.279730742543034
"IND242",-0.533299413106529
"IND2430",0.632687402669694
"IND2431",0.345621767292777
"IND2432",2.33129973764103
"IND2433",-0.243550102609776
"IND2434",1.06865564571562
"IND2435",0.636238067525744
"IND2436",-0.442979339636126
"IND2437",-0.958123492511662
"IND2438",0.250397905231318
"IND2439",-0.551679253212111
"IND243",0.281648222879162
"IND2440",0.979335554942982
"IND2441",1.99625122971991
"IND2442",-0.918670457615016
"IND2443",0.112601381288035
"IND2444",0.621442014654466
"IND2445",2.9163691187349
"IND2446",1.58236458036157
"IND2447",-1.07241102308401
"IND2448",-0.0388352046019737
"IND2449",-0.664169626563192
"IND244",0.358923155068649
"IND2450",0.00503837430808413
"IND2451",-0.450797150379975
"IND2452",1.49208807296289
"IND2453",1.40088723433877
"IND2454",-0.988378197467986
"IND2455",-0.447897934332688
"IND2456",0.904612206470679
"IND2457",-1.8232025316281
"IND2458",-0.441812867565492
"IND2459",1.02363382827641
"IND245",0.929497502049049
"IND2460",0.0655312394122443
"IND2461",-0.481813115097074
"IND2462",0.351004953827544
"IND2463",0.707325160016656
"IND2464",-1.97207466449133
"IND2465",1.19774919398056
"IND2466",1.06567677536476
"IND2467",-1.05837874319909
"IND2468",1.01215131438498
"IND2469",-0.310325165509262
"IND246",1.09593559599459
"IND2470",0.79659618979406
"IND2471",1.60326068621647
"IND2472",1.21910902123491
"IND2473",-0.29966181013492
"IND2474",0.401978234928056
"IND2475",-1.22252569317236
"IND2476",1.21707179567649
"IND2477",0.211969467429797
"IND2478",1.12912717342538
"IND2479",1.41294181027223
"IND247",0.266451590385459
"IND2480",-0.262755831613761
"IND2481",-0.150892036013173
"IND2482",-0.0825897913125394
"IND2483",0.903923610263238
"IND2484",2.01139504401515
"IND2485",2.83816155482622
"IND2486",-0.917207548576761
"IND2487",0.419079702313824
"IND2488",-0.229717511470872
"IND2489",-2.10530641514223
"IND248",-0.0148141222998056
"IND2490",0.99303220202899
"IND2491",-0.061076817351732
"IND2492",1.0391273148489
"IND2493",1.03492286596828
"IND2494",-0.415136875855633
"IND2495",-0.900807636829838
"IND2496",-1.59923758681514
"IND2497",0.538756751643038
"IND2498",1.49437811688138
"IND2499",1.56545809719666
"IND249",-1.01588208191122
"IND24",-0.362422075327105
"IND2500",0.852137467013248
"IND2501",-0.845005635297138
"IND2502",0.100748107535935
"IND2503",3.03863944743404
"IND2504",-0.660258204375298
"IND2505",-0.537297549275307
"IND2506",0.945607324829265
"IND2507",1.5286953438512
"IND2508",0.410119060218395
"IND2509",0.990447697862362
"IND250",2.27697714041348
"IND2510",-0.297597059403373
"IND2511",-0.399380504565673
"IND2512",-1.68499239664316
"IND2513",-1.05738881414204
"IND2514",2.5469417569203
"IND2515",1.62824953886732
"IND2516",0.153863182521297
"IND2517",-1.04848628120678
"IND2518",1.94951676309686
"IND2519",0.023844415902884
"IND251",-1.90510997560354
"IND2520",-0.255787336528666
"IND2521",1.49824417834567
"IND2522",-1.16395697308406
"IND2523",0.772969647951792
"IND2524",0.0349915602671091
"IND2525",0.636229566013114
"IND2526",1.17987577372595
"IND2527",1.95228813167361
"IND2528",-0.258040778018945
"IND2529",-0.254144982068746
"IND252",0.379118054108501
"IND2530",0.0264891625426074
"IND2531",-0.477719988936449
"IND2532",-1.12399405491074
"IND2533",-1.03421205601556
"IND2534",-0.20562858118485
"IND2535",1.44804526882543
"IND2536",2.70162690409164
"IND2537",-0.162366808353036
"IND2538",-1.85928678819287
"IND2539",-1.15601130747888
"IND253",0.00453370857080504
"IND2540",2.07685344587099
"IND2541",1.00245458543647
"IND2542",-1.3145017268438
"IND2543",0.311260371050895
"IND2544",1.58380865799115
"IND2545",-1.68495956916526
"IND2546",-0.801176210445283
"IND2547",1.692057020665
"IND2548",0.872147225800456
"IND2549",0.183455270919269
"IND254",1.49996340525774
"IND2550",0.0423073547592829
"IND2551",-0.798144554752323
"IND2552",3.19944280809992
"IND2553",0.991883717448773
"IND2554",-1.64029100405053
"IND2555",0.0184610933407852
"IND2556",-0.0109600987470217
"IND2557",-0.734866808716631
"IND2558",-1.99701402211844
"IND2559",0.495014656616601
"IND255",0.00733335990876149
"IND2560",0.527003374758895
"IND2561",-0.564544744157725
"IND2562",-0.437801992436574
"IND2563",0.702673862476426
"IND2564",-0.641500925416283
"IND2565",-0.791879599773113
"IND2566",1.06124033264684
"IND2567",-0.964782438889849
"IND2568",0.539499369724888
"IND2569",2.85132517214251
"IND256",-0.85795849149813
"IND2570",0.762902411428246
"IND2571",0.897375191884315
"IND2572",1.02120535737813
"IND2573",-0.344045227583385
"IND2574",-1.11738385892662
"IND2575",1.72686652886033
"IND2576",-0.122006607868658
"IND2577",0.865342345173661
"IND2578",0.891069758773278
"IND2579",1.50513676787375
"IND257",1.58112692401875
"IND2580",0.0242749696274347
"IND2581",0.028590110492952
"IND2582",0.56641585941966
"IND2583",0.984248104103046
"IND2584",0.639213809531615
"IND2585",0.840308112074796
"IND2586",0.315655329961403
"IND2587",1.79093199556968
"IND2588",0.300087713418216
"IND2589",-1.36061796631774
"IND258",0.155699997736145
"IND2590",0.032025075390446
"IND2591",2.00928537392748
"IND2592",0.336936720748921
"IND2593",-1.21457654851042
"IND2594",1.37106414154641
"IND2595",0.203076139671621
"IND2596",1.21264000899962
"IND2597",1.46406036342005
"IND2598",1.08349679501457
"IND2599",-0.307131001548392
"IND259",1.38467516781856
"IND25",1.896667581145
"IND2600",0.467544432794313
"IND2601",1.8808965979338
"IND2602",0.63427391338772
"IND2603",-0.102008422066135
"IND2604",1.6125009215061
"IND2605",-0.990306111900141
"IND2606",0.0433032646636561
"IND2607",-0.388371548837903
"IND2608",1.74319610699988
"IND2609",1.61577325073429
"IND260",0.0695063468599513
"IND2610",1.98244621919741
"IND2611",0.602086190113925
"IND2612",-1.25934277531106
"IND2613",0.76752663637024
"IND2614",-1.11169308530878
"IND2615",0.461703870949075
"IND2616",-2.6693657635769
"IND2617",0.587183367728899
"IND2618",0.104226854232875
"IND2619",1.35886647566248
"IND261",1.20600165641806
"IND2620",0.823818901071578
"IND2621",-0.497724356857665
"IND2622",0.704724262453809
"IND2623",2.1918572783041
"IND2624",0.404272157234385
"IND2625",-0.199081456189964
"IND2626",0.764111019740397
"IND2627",0.483102968072475
"IND2628",0.618825905607261
"IND2629",-1.09496320032314
"IND262",0.455119732317554
"IND2630",0.0038984534917984
"IND2631",-1.41724546907333
"IND2632",0.283299267657891
"IND2633",-0.106669591294403
"IND2634",1.86363239723752
"IND2635",1.19317470093839
"IND2636",2.7670976057529
"IND2637",-0.682841193859463
"IND2638",0.680259179455131
"IND2639",-0.400619177205237
"IND263",2.97281169540983
"IND2640",0.379988281526427
"IND2641",0.297912924990623
"IND2642",0.0315605607764381
"IND2643",1.91734518656309
"IND2644",1.48294964759031
"IND2645",-0.79040893055469
"IND2646",-1.35379035417626
"IND2647",1.138451602187
"IND2648",-0.165245870608467
"IND2649",0.177085850803614
"IND264",1.38663784374112
"IND2650",0.454708900927753
"IND2651",1.19360918237394
"IND2652",0.155508082599179
"IND2653",0.226449967816611
"IND2654",1.04449136783888
"IND2655",0.169652571735502
"IND2656",1.51025647319008
"IND2657",0.970091746895658
"IND2658",-0.371989304262568
"IND2659",-0.118576640462389
"IND265",-2.81709725599664
"IND2660",0.654636829496764
"IND2661",1.24092444387573
"IND2662",-0.793455428412439
"IND2663",0.129815997898299
"IND2664",1.33480725419176
"IND2665",0.922389017183086
"IND2666",-0.961239860745927
"IND2667",-0.0588903908523852
"IND2668",-1.31023199322218
"IND2669",0.803128337942614
"IND266",-0.811567420660641
"IND2670",0.021813655163798
"IND2671",0.891678638912587
"IND2672",-0.0275426489614906
"IND2673",-0.0583694849999162
"IND2674",0.403089550992051
"IND2675",0.557254006424025
"IND2676",0.424664716235376
"IND2677",-0.267171781762439
"IND2678",-0.842717674680182
"IND2679",-0.374526639776154
"IND267",1.19604916872116
"IND2680",1.21876265002991
"IND2681",-0.275212675727699
"IND2682",-0.428187428308014
"IND2683",-0.77243889480086
"IND2684",-0.0106587871746387
"IND2685",2.20724546455496
"IND2686",-0.0617873203724524
"IND2687",-1.06498705263902
"IND2688",0.705993680742506
"IND2689",1.08341066563882
"IND268",-0.645015428809055
"IND2690",-0.377998022476583
"IND2691",0.307837089775345
"IND2692",-1.52595174539598
"IND2693",-1.28223270965924
"IND2694",0.980887766321347
"IND2695",0.0706397618682604
"IND2696",-0.782449281058732
"IND2697",0.0326022521448756
"IND2698",1.53532617907354
"IND2699",0.851326424856248
"IND269",-0.489724443376917
"IND26",1.00550848423559
"IND2700",-0.378581077953939
"IND2701",0.176542003197716
"IND2702",0.198528982067839
"IND2703",-0.102238718532307
"IND2704",-0.497396965337964
"IND2705",-0.172183079577126
"IND2706",-0.681972155026412
"IND2707",1.40458841291393
"IND2708",1.27185154278502
"IND2709",1.33216721394966
"IND270",1.48244977253178
"IND2710",-0.286771694013386
"IND2711",1.41515066443091
"IND2712",-0.0991125728878751
"IND2713",-0.145673413157125
"IND2714",0.054705069986092
"IND2715",1.2764149401697
"IND2716",0.71239462007728
"IND2717",0.310233605127879
"IND2718",0.183568647174381
"IND2719",1.2967283245853
"IND271",2.1871146851946
"IND2720",0.0175682078555143
"IND2721",-0.81529504579429
"IND2722",0.991702870345958
"IND2723",-0.0111194032756762
"IND2724",2.36269235821805
"IND2725",-0.67225281740219
"IND2726",0.354843252905624
"IND2727",-0.578280996234244
"IND2728",-0.0413195508282464
"IND2729",0.130382321318061
"IND272",0.38381869933474
"IND2730",-0.192020744695254
"IND2731",0.966975384762829
"IND2732",1.8522018362963
"IND2733",0.688298879163614
"IND2734",-1.22881767434874
"IND2735",2.52274918743745
"IND2736",1.92241879978439
"IND2737",-0.0253611050485254
"IND2738",0.206887006105751
"IND2739",0.566958352353984
"IND273",0.602487073661112
"IND2740",-0.196789857365335
"IND2741",-1.73668879894885
"IND2742",0.555178662843991
"IND2743",2.15005531945249
"IND2744",0.117944295907799
"IND2745",1.00466492900149
"IND2746",-0.0264370891793324
"IND2747",0.725343257758197
"IND2748",0.818465333724422
"IND2749",-1.3807398844035
"IND274",0.226831057328469
"IND2750",1.21333841139502
"IND2751",1.03105937339393
"IND2752",0.0292252344828214
"IND2753",0.785208356673225
"IND2754",0.846776235184259
"IND2755",1.6797346461171
"IND2756",-1.67471037222876
"IND2757",-0.884617961096759
"IND2758",-0.377163245368883
"IND2759",-0.24522664297946
"IND275",1.93788051555212
"IND2760",-0.264042206987586
"IND2761",1.05535993849207
"IND2762",0.076647168747545
"IND2763",1.17573067055858
"IND2764",-0.77677119647282
"IND2765",0.141872050771237
"IND2766",-0.935123226001427
"IND2767",1.81235896843626
"IND2768",-0.665102459325774
"IND2769",2.03179790053666
"IND276",-0.807106767523814
"IND2770",-0.91373771093464
"IND2771",-1.60745125653748
"IND2772",0.2589676251937
"IND2773",-0.149833791294391
"IND2774",0.880785715728895
"IND2775",1.5671033312578
"IND2776",0.562861044756778
"IND2777",-1.99465439201621
"IND2778",0.268348388472371
"IND2779",0.0271643433115929
"IND277",1.19256534541346
"IND2780",1.2528441905718
"IND2781",0.256780719251644
"IND2782",1.58634062982639
"IND2783",-0.695594737871171
"IND2784",1.11239508450955
"IND2785",1.21095986427928
"IND2786",2.76489105399942
"IND2787",1.30345978929905
"IND2788",0.902278513190785
"IND2789",-0.604805378053824
"IND278",-1.55777886303967
"IND2790",-1.63428566316266
"IND2791",0.503268471339837
"IND2792",-1.19267012635192
"IND2793",0.855976039778904
"IND2794",-0.938332293148948
"IND2795",0.539554228820328
"IND2796",0.307534193156132
"IND2797",0.256760912205059
"IND2798",0.614946414250441
"IND2799",2.29654421478553
"IND279",-0.234549294976028
"IND27",-0.161673490469994
"IND2800",1.41319963110222
"IND2801",0.55501283641197
"IND2802",-1.18619955924486
"IND2803",-0.0345513176495258
"IND2804",1.66046819834912
"IND2805",1.54268784689588
"IND2806",-0.070039468416492
"IND2807",-0.265032672059293
"IND2808",0.764168721193839
"IND2809",1.36690292237752
"IND280",0.559401571015745
"IND2810",-0.342548366236949
"IND2811",0.316318618611032
"IND2812",0.74705641617359
"IND2813",-2.0218603122979
"IND2814",0.993469556896893
"IND2815",0.490414053197064
"IND2816",0.816609504384951
"IND2817",-0.312258303316048
"IND2818",-0.30184140085154
"IND2819",0.567284297102832
"IND281",-0.41559596783369
"IND2820",1.01250002584444
"IND2821",-1.8754192245681
"IND2822",1.1928905946578
"IND2823",-0.0261806135059799
"IND2824",-1.25465906109171
"IND2825",1.0922352302008
"IND2826",0.742215728260375
"IND2827",1.51849711881064
"IND2828",-1.77374174801002
"IND2829",-1.71791913001952
"IND282",-0.527527682959175
"IND2830",0.933936365675059
"IND2831",-1.57579140130135
"IND2832",-2.25785511379768
"IND2833",0.600646969828755
"IND2834",-1.77765251649911
"IND2835",1.27571826523185
"IND2836",1.15722715336764
"IND2837",2.02683274883084
"IND2838",-0.564010793445459
"IND2839",1.32722815331666
"IND283",1.76733819823198
"IND2840",2.01987364256694
"IND2841",0.488199797270145
"IND2842",-0.725494394134277
"IND2843",0.739955063651882
"IND2844",1.71189340418426
"IND2845",2.19278709779677
"IND2846",0.624924679994077
"IND2847",0.922785931770903
"IND2848",1.99251890457964
"IND2849",0.597707984004612
"IND284",1.61285842550624
"IND2850",-0.670299224765148
"IND2851",0.810300296098456
"IND2852",0.557460235776229
"IND2853",-0.098606492995731
"IND2854",2.09106885579855
"IND2855",1.16840335357189
"IND2856",-1.29042455442569
"IND2857",-0.264547730329967
"IND2858",0.719534531020457
"IND2859",-0.0594683389766455
"IND285",0.576700726220952
"IND2860",0.737305661525998
"IND2861",-0.493157994367456
"IND2862",-0.00262040946544634
"IND2863",-2.15360634144408
"IND2864",1.58158277518171
"IND2865",0.359597756779921
"IND2866",1.56135180677957
"IND2867",0.385934455899644
"IND2868",1.46015869472033
"IND2869",0.0036729832838976
"IND286",1.03694467704712
"IND2870",1.08644515785488
"IND2871",-0.387580139179644
"IND2872",-0.781514257007641
"IND2873",1.43861076386854
"IND2874",-2.04182408371815
"IND2875",-0.562115734298088
"IND2876",1.10279358943654
"IND2877",-1.24801261271818
"IND2878",-0.278260384692957
"IND2879",1.56021993451273
"IND287",0.716553669642996
"IND2880",-1.84874281814134
"IND2881",-0.842485780437433
"IND2882",-0.380617946078848
"IND2883",-0.0736359547595027
"IND2884",1.25921903779378
"IND2885",-0.578700285010534
"IND2886",-2.08328927682047
"IND2887",0.753018927443904
"IND2888",-0.418766603615362
"IND2889",1.12304912507494
"IND288",1.47861004267045
"IND2890",0.79414581352682
"IND2891",-0.821676512401129
"IND2892",-1.42654437837177
"IND2893",-0.675561222559852
"IND2894",-0.193898762761188
"IND2895",-1.02729088122453
"IND2896",0.425252804984925
"IND2897",-0.808183631174107
"IND2898",0.34780497196594
"IND2899",2.52755569559214
"IND289",-0.652735493159825
"IND28",0.601751646962426
"IND2900",1.5566435312929
"IND2901",1.46699222914725
"IND2902",-1.17897279551428
"IND2903",-0.777929172406864
"IND2904",1.10017765173908
"IND2905",-1.01776305368191
"IND2906",0.0352193026144921
"IND2907",-0.410812078086598
"IND2908",1.6533849774824
"IND2909",1.72855767317045
"IND290",-1.11350895050874
"IND2910",0.380055427713421
"IND2911",-0.882825151723239
"IND2912",0.705437058473577
"IND2913",-0.0208618119804652
"IND2914",0.877139134336002
"IND2915",-1.72744618979113
"IND2916",2.76223038891171
"IND2917",0.692033437165148
"IND2918",1.02460234845702
"IND2919",0.596210390538128
"IND291",-0.648994608192551
"IND2920",0.441931788716033
"IND2921",-0.50206192038465
"IND2922",-0.225169759906757
"IND2923",-0.634171356012486
"IND2924",1.19374560705799
"IND2925",-0.355099041532115
"IND2926",0.906738487226123
"IND2927",0.505835447670802
"IND2928",-0.266873007924024
"IND2929",2.46612476958459
"IND292",-0.535454550991474
"IND2930",-1.30904876699557
"IND2931",-0.13430347979323
"IND2932",0.732346998106554
"IND2933",0.999907041428643
"IND2934",0.0878822944859946
"IND2935",0.809642851177903
"IND2936",0.161718654899631
"IND2937",1.43653671367447
"IND2938",-0.35015327235931
"IND2939",1.35617607507164
"IND293",0.548737293897349
"IND2940",0.142637823036208
"IND2941",1.28622010031659
"IND2942",0.76468466364944
"IND2943",0.748931035855982
"IND2944",0.85985344725724
"IND2945",1.20323632332685
"IND2946",0.146986251730586
"IND2947",-0.0623278534631829
"IND2948",1.2181514620602
"IND2949",-0.224163440460367
"IND294",0.525925180889621
"IND2950",-1.10673383252632
"IND2951",1.75480121375647
"IND2952",0.378226930841792
"IND2953",0.781214948457766
"IND2954",0.394824014772163
"IND2955",1.68002164621165
"IND2956",-0.500428157015688
"IND2957",2.82916434901717
"IND2958",-0.457313210194894
"IND2959",-0.393742655876279
"IND295",-0.797352061731476
"IND2960",0.372504895683029
"IND2961",-0.647974758381572
"IND2962",-0.491969939795054
"IND2963",-0.143323375675868
"IND2964",-0.522336673800339
"IND2965",0.605689296494333
"IND2966",0.48751761997398
"IND2967",-1.2988517496659
"IND2968",-0.552355429216701
"IND2969",0.10966793196947
"IND296",0.57682637229897
"IND2970",-2.00676244813092
"IND2971",1.53560469296814
"IND2972",2.11037126812646
"IND2973",0.506381547742039
"IND2974",0.736691313638162
"IND2975",0.521755566278455
"IND2976",-0.367530451431122
"IND2977",2.98366740077361
"IND2978",-0.738172635679788
"IND2979",1.22398084684447
"IND297",1.81283312943346
"IND2980",2.25858057958984
"IND2981",0.704793286386579
"IND2982",0.971955974129418
"IND2983",0.171172916273236
"IND2984",0.191831891439393
"IND2985",-0.64493111600029
"IND2986",1.51878830780317
"IND2987",-0.153242302004001
"IND2988",0.610837339815641
"IND2989",1.08298903714052
"IND298",0.225027369447592
"IND2990",0.0797349526856019
"IND2991",-0.773881842463996
"IND2992",-2.28480767688456
"IND2993",0.443763059010336
"IND2994",-1.01490677028478
"IND2995",0.728584823991654
"IND2996",0.587138613239495
"IND2997",-0.497136731471557
"IND2998",1.29487665268095
"IND2999",2.16466958484235
"IND299",-0.820415178452105
"IND29",0.612323115073158
"IND2",-1.50286976876661
"IND3000",1.73159117544487
"IND3001",1.83840940777916
"IND3002",0.251985829960943
"IND3003",1.29790826084385
"IND3004",0.652930739287966
"IND3005",1.29925621166099
"IND3006",0.225582189048265
"IND3007",0.177529383809192
"IND3008",0.191859349259769
"IND3009",-0.280578832614504
"IND300",-1.87944949746831
"IND3010",-0.0940999799151675
"IND3011",-0.309456296417731
"IND3012",-0.163578466043331
"IND3013",-0.835532512416519
"IND3014",-1.31726701261291
"IND3015",-0.621965755497355
"IND3016",-0.12352464496683
"IND3017",-0.743183154497067
"IND3018",-1.1047627561097
"IND3019",0.376240041171797
"IND301",0.00751610627702437
"IND3020",0.173726698001225
"IND3021",1.39052952062696
"IND3022",-2.16138274423342
"IND3023",1.86367866708171
"IND3024",-1.66257881324073
"IND3025",0.667367404817172
"IND3026",-0.590328861152788
"IND3027",0.835561535234841
"IND3028",-0.8736854767073
"IND3029",0.236973378971228
"IND302",0.0299140314603188
"IND3030",1.63500108969659
"IND3031",-0.449088432212457
"IND3032",-2.4392033180961
"IND3033",0.863551055839511
"IND3034",0.818918213925263
"IND3035",-0.26413475771312
"IND3036",-0.227981230767262
"IND3037",2.09079458061238
"IND3038",0.139984609898522
"IND3039",1.16841029331864
"IND303",-0.0281847435542473
"IND3040",1.6569085948492
"IND3041",0.953939416283937
"IND3042",0.883572162647665
"IND3043",1.87712777133941
"IND3044",-0.727007894217218
"IND3045",0.683970729132818
"IND3046",-1.07456723188896
"IND3047",0.500973373019074
"IND3048",-0.354569139933898
"IND3049",-1.78002309201263
"IND304",-0.725245570539477
"IND3050",-0.521145477806324
"IND3051",1.18224188917672
"IND3052",1.1262880212219
"IND3053",-0.516056132225403
"IND3054",0.890825224470633
"IND3055",-1.27055245616438
"IND3056",1.1673433888725
"IND3057",2.20137627198786
"IND3058",-0.9809084258047
"IND3059",-0.595604823748173
"IND305",-0.336096865910356
"IND3060",0.995726552954359
"IND3061",-0.223313294708294
"IND3062",0.540830056169426
"IND3063",-0.599959498331025
"IND3064",2.44777679737267
"IND3065",1.42956805532479
"IND3066",0.501578852178659
"IND3067",0.880716760732329
"IND3068",0.0143854049621488
"IND3069",0.399617687726573
"IND306",-0.366628681317832
"IND3070",-0.376422429310423
"IND3071",1.08969501486345
"IND3072",0.801197361920548
"IND3073",0.416471780006148
"IND3074",1.76967891867462
"IND3075",1.4027036814955
"IND3076",-1.2815191535609
"IND3077",-0.41976729123864
"IND3078",2.19713529498252
"IND3079",-0.681808478377749
"IND307",-1.18285502250401
"IND3080",0.964393047517919
"IND3081",0.439732632940384
"IND3082",0.668265999504826
"IND3083",-0.0608443833186126
"IND3084",0.951345488291748
"IND3085",1.12108002611052
"IND3086",1.50806568958043
"IND3087",-0.212344013702441
"IND3088",-0.263870661243112
"IND3089",1.59252024626666
"IND308",-1.69765689731683
"IND3090",-0.294283305773625
"IND3091",-0.667519305744756
"IND3092",1.43482997205334
"IND3093",0.973549043076751
"IND3094",1.60911799750957
"IND3095",-0.335263782318259
"IND3096",0.206425737317759
"IND3097",0.200702583569877
"IND3098",1.0915130934328
"IND3099",-0.0887009384618421
"IND309",-0.946125566567194
"IND30",0.474218618562171
"IND3100",1.7012035705572
"IND3101",-1.36132719439526
"IND3102",0.365744736244152
"IND3103",2.50979782983406
"IND3104",-0.633688454881891
"IND3105",3.08510051980625
"IND3106",1.95588056627325
"IND3107",0.0206891602708212
"IND3108",0.739940878828356
"IND3109",-1.40930794197141
"IND310",0.134634859287352
"IND3110",1.91945120019224
"IND3111",0.861324065410404
"IND3112",1.69772350931243
"IND3113",2.25841535655166
"IND3114",0.450505675685973
"IND3115",0.94376611892778
"IND3116",0.0573874935022765
"IND3117",1.45004673803075
"IND3118",-1.11361375410004
"IND3119",1.56642849575722
"IND311",1.17207073834207
"IND3120",0.387280677873274
"IND3121",-0.191170104923173
"IND3122",2.72154245537876
"IND3123",-0.790999894222945
"IND3124",-0.564636410606792
"IND3125",0.621671809867786
"IND3126",0.372889165640803
"IND3127",-0.110907698145229
"IND3128",-1.00746346806532
"IND3129",-0.365619371449635
"IND312",-0.101660610268844
"IND3130",1.23317317907266
"IND3131",0.0245250968037479
"IND3132",0.143584469891379
"IND3133",-0.24473105211986
"IND3134",-0.633345909377267
"IND3135",-0.0619614060158678
"IND3136",-1.52485306379805
"IND3137",1.02283486373052
"IND3138",2.2664460150859
"IND3139",0.697413044534168
"IND313",1.68379150250725
"IND3140",1.33882124234191
"IND3141",0.605910158610397
"IND3142",0.810529348428731
"IND3143",0.435382561330399
"IND3144",1.49201182424474
"IND3145",0.426665273954182
"IND3146",0.730631867794773
"IND3147",-0.392386957122558
"IND3148",-0.128324786167532
"IND3149",-0.0983695561941741
"IND314",2.75497745017452
"IND3150",3.90724343137299
"IND3151",2.20445748476613
"IND3152",0.0628837029627439
"IND3153",-0.29183382226931
"IND3154",-0.829653367986887
"IND3155",-1.17781238238247
"IND3156",-1.05376635651881
"IND3157",1.4754142542931
"IND3158",-2.95351255771757
"IND3159",1.12990120739291
"IND315",0.230543079388896
"IND3160",-1.97233339394578
"IND3161",-0.315220265806475
"IND3162",1.48424222185209
"IND3163",-0.184858528026073
"IND3164",1.85329338371368
"IND3165",-1.216342963932
"IND3166",1.34760247541796
"IND3167",-0.845443174172499
"IND3168",-1.78966454200613
"IND3169",0.638010471087942
"IND316",-1.56000869997688
"IND3170",-0.218776453663447
"IND3171",2.18453758485887
"IND3172",-0.291027911973518
"IND3173",2.07127325490108
"IND3174",-0.153455634231955
"IND3175",-0.603549394531034
"IND3176",-0.955843275981086
"IND3177",-0.0872572781026852
"IND3178",0.491059568389885
"IND3179",-1.52679540649205
"IND317",2.50110373720074
"IND3180",-0.41014952958906
"IND3181",1.14432881237913
"IND3182",2.63405911142894
"IND3183",2.10881181114563
"IND3184",1.78787343221217
"IND3185",2.78559503754217
"IND3186",0.370960875290755
"IND3187",-1.41656064435339
"IND3188",1.0139553706832
"IND3189",-0.643322420147654
"IND318",2.19574190908937
"IND3190",-1.03938608064211
"IND3191",0.287552497779473
"IND3192",0.738234608709413
"IND3193",-0.414662761613792
"IND3194",0.364583480057946
"IND3195",0.942492406260892
"IND3196",-0.37614471015705
"IND3197",0.588656530325582
"IND3198",0.374344664704928
"IND3199",-0.256097714938091
"IND319",0.591667755205284
"IND31",-0.151003590132773
"IND3200",-0.741387618712097
"IND3201",-0.28394424618366
"IND3202",0.997327074855779
"IND3203",-1.16879094067059
"IND3204",0.328852745550079
"IND3205",1.64051449763142
"IND3206",0.618523861235899
"IND3207",0.209801073848248
"IND3208",0.904630669790645
"IND3209",1.7249339555985
"IND320",0.0117770003238666
"IND3210",0.517889059881183
"IND3211",1.11150218297798
"IND3212",0.676038650638566
"IND3213",0.573532855147481
"IND3214",-0.855300747762173
"IND3215",-0.72996924729259
"IND3216",-0.456331415108614
"IND3217",-0.0956630822206428
"IND3218",1.77029699830693
"IND3219",2.03188000798301
"IND321",-2.2370499597698
"IND3220",-0.423814082510371
"IND3221",0.104214982287052
"IND3222",0.010362554360125
"IND3223",1.91676924611582
"IND3224",-0.88942212877143
"IND3225",-1.25632136307471
"IND3226",0.359062129283344
"IND3227",-0.53557733375981
"IND3228",0.631188713545764
"IND3229",1.23067690133212
"IND322",2.84813250423485
"IND3230",-0.780761182602129
"IND3231",-0.660485930837629
"IND3232",1.55611695514286
"IND3233",-1.76483816181462
"IND3234",0.130632626060217
"IND3235",0.21929519317046
"IND3236",0.175456666613943
"IND3237",1.32030304122917
"IND3238",-0.186171666328969
"IND3239",1.19710952607437
"IND323",-0.525701339315613
"IND3240",0.940164002951874
"IND3241",0.229107056192538
"IND3242",0.726840346631589
"IND3243",-0.795926158715857
"IND3244",1.03872749074151
"IND3245",-0.284996539333706
"IND3246",0.487339679321235
"IND3247",0.47340859782568
"IND3248",0.573376945971606
"IND3249",-0.935102981993436
"IND324",0.000757359964214701
"IND3250",2.15613905252334
"IND3251",-1.48529325441358
"IND3252",1.07387439288109
"IND3253",-0.42968324662381
"IND3254",0.867424023730393
"IND3255",0.364259238018306
"IND3256",1.81535052672681
"IND3257",0.413933537627869
"IND3258",-1.37329991494106
"IND3259",1.58607291695571
"IND325",0.833212471883576
"IND3260",0.506421546822754
"IND3261",1.41891816451819
"IND3262",0.248995015415478
"IND3263",0.209113522557223
"IND3264",1.9874024765243
"IND3265",-0.0286302426919095
"IND3266",0.857605503854998
"IND3267",0.943857584882927
"IND3268",-1.90697342859058
"IND3269",-0.213764452631037
"IND326",-0.844841648251937
"IND3270",-0.370580713058792
"IND3271",0.933679481373977
"IND3272",-0.525770563869578
"IND3273",-0.0682758136257443
"IND3274",0.617946653461508
"IND3275",1.26589833720979
"IND3276",1.33947113040964
"IND3277",-0.209274306916219
"IND3278",-1.06540557889691
"IND3279",1.01267279017958
"IND327",0.124274251098412
"IND3280",-1.05984269998928
"IND3281",0.299753640916471
"IND3282",-0.877472830308834
"IND3283",-1.05501087702809
"IND3284",0.806736516361323
"IND3285",1.67668647688282
"IND3286",-0.43420156228567
"IND3287",-1.27707007182743
"IND3288",2.48953718612259
"IND3289",0.904904529287475
"IND328",-0.564964234594435
"IND3290",-1.38130685857304
"IND3291",-0.812060184295453
"IND3292",2.00310403844521
"IND3293",1.15026164177846
"IND3294",0.995689017930743
"IND3295",-0.309836883954538
"IND3296",1.26936617715762
"IND3297",2.80246650107748
"IND3298",-1.41532297000985
"IND3299",2.54211811896359
"IND329",0.756131172296554
"IND32",-0.186889427960833
"IND3300",0.181951363688626
"IND3301",0.465355622254999
"IND3302",0.76728069112372
"IND3303",1.04635174794998
"IND3304",-1.0342368036222
"IND3305",-1.81411451872563
"IND3306",0.929547170566503
"IND3307",-0.937334480801079
"IND3308",-1.63373333109657
"IND3309",0.936613095274757
"IND330",-0.604788423660481
"IND3310",-0.222475393099191
"IND3311",-0.0848024914767678
"IND3312",0.0753688452016892
"IND3313",2.24723376469323
"IND3314",1.41537098022269
"IND3315",1.0875036818715
"IND3316",-1.17697308322477
"IND3317",2.17614925607129
"IND3318",1.32286403642224
"IND3319",1.30308034879072
"IND331",-1.34724317416244
"IND3320",0.378554093675932
"IND3321",0.947323023947054
"IND3322",1.2450470554388
"IND3323",1.71010031344617
"IND3324",-0.771786152476682
"IND3325",0.0858907625613738
"IND3326",1.04266517043002
"IND3327",1.30642697874607
"IND3328",-0.838684041767723
"IND3329",0.19763332483124
"IND332",-0.040311138988033
"IND3330",1.42909749718258
"IND3331",1.4537264676365
"IND3332",0.919776269529171
"IND3333",0.919695233889059
"IND3334",-0.0796403704982852
"IND3335",-0.207431858345206
"IND3336",0.0104438418725781
"IND3337",1.42658416054156
"IND3338",1.37675100370234
"IND3339",1.16939427563096
"IND333",-0.817341485176929
"IND3340",0.0490085881361277
"IND3341",0.621316739543156
"IND3342",0.258363330033189
"IND3343",1.22492344651283
"IND3344",0.129610192858759
"IND3345",0.000248254425653849
"IND3346",0.716052680498204
"IND3347",-0.726048236000948
"IND3348",2.12867565613103
"IND3349",-0.00950653630857807
"IND334",1.02048931481066
"IND3350",-0.0319518489077439
"IND3351",0.48802734498311
"IND3352",-0.939899031484351
"IND3353",-0.555695377583474
"IND3354",-0.00999122944673025
"IND3355",1.06139608448924
"IND3356",-0.731381729574684
"IND3357",-0.187192362319259
"IND3358",1.09438154595769
"IND3359",0.421438077900902
"IND335",1.43056195755569
"IND3360",-0.00112956082110545
"IND3361",2.72985412526213
"IND3362",-0.0900092470054525
"IND3363",0.1123388922253
"IND3364",1.74989432955887
"IND3365",-0.0803112851043953
"IND3366",1.47148278077064
"IND3367",-0.498394744847942
"IND3368",0.403978575306585
"IND3369",-0.485631446019676
"IND336",0.650951914524108
"IND3370",-0.412608263183853
"IND3371",-0.116437318845369
"IND3372",0.157261894481372
"IND3373",3.10048555933622
"IND3374",-0.0259981864890573
"IND3375",1.95012187669669
"IND3376",0.313917219682099
"IND3377",-0.0160795790041985
"IND3378",0.379301994736234
"IND3379",-0.877016316234557
"IND337",1.58052335719979
"IND3380",-0.325866809517505
"IND3381",-0.711193601016073
"IND3382",-0.858590871004696
"IND3383",0.2186308600465
"IND3384",-0.171232538575989
"IND3385",-0.591762359945516
"IND3386",0.341848852019806
"IND3387",0.773469701187679
"IND3388",0.583378768635721
"IND3389",1.77303186579387
"IND338",-0.87807527390981
"IND3390",1.47995768035347
"IND3391",-0.624560891622456
"IND3392",1.32814972582445
"IND3393",-2.00398239429798
"IND3394",1.34628349806897
"IND3395",-0.157311169870241
"IND3396",0.214019618963305
"IND3397",1.80878892669658
"IND3398",-1.72930275271419
"IND3399",0.816504752757078
"IND339",-1.39063846780371
"IND33",-0.0399646450435681
"IND3400",-1.28633496934447
"IND3401",1.3705184285582
"IND3402",2.54225722769971
"IND3403",2.39978280417555
"IND3404",-0.161327489391134
"IND3405",0.0395599077644274
"IND3406",0.771496274842896
"IND3407",1.31040464277022
"IND3408",0.451961335608303
"IND3409",0.658578995918813
"IND340",-1.19650304693305
"IND3410",-1.88689110541898
"IND3411",0.856829781103305
"IND3412",0.504690646961889
"IND3413",0.0762767173858193
"IND3414",-0.863306149970844
"IND3415",0.357150326748283
"IND3416",-1.09487809861186
"IND3417",-1.25713880441722
"IND3418",-0.149126499327327
"IND3419",-0.0545841126109086
"IND341",-1.7288995317416
"IND3420",0.103532747445817
"IND3421",1.89399325715594
"IND3422",-0.525075652363427
"IND3423",-1.26446429132441
"IND3424",0.321770070877238
"IND3425",0.497104932713969
"IND3426",1.17612364874832
"IND3427",-0.152176006113893
"IND3428",-2.1872087125109
"IND3429",-0.162600576984279
"IND342",0.313988698884898
"IND3430",-0.150728659882756
"IND3431",2.59961002109656
"IND3432",-1.19434420050711
"IND3433",1.29257600354606
"IND3434",-0.25068243932032
"IND3435",-1.46992918639912
"IND3436",1.73868974427436
"IND3437",0.828997495424832
"IND3438",0.285112334683741
"IND3439",0.666807266274193
"IND343",-0.0647926616716658
"IND3440",-1.34490234095171
"IND3441",0.526398925077636
"IND3442",0.636279856903575
"IND3443",0.634638542817389
"IND3444",0.883704185752048
"IND3445",-1.77902299637624
"IND3446",-0.805424410187308
"IND3447",-1.65765633958291
"IND3448",0.241269120424702
"IND3449",0.0043983916115386
"IND344",1.03730151642202
"IND3450",0.236905559808292
"IND3451",0.515498258027349
"IND3452",-0.0586840571935315
"IND3453",2.40972891220358
"IND3454",-0.184532228314802
"IND3455",0.0975085549944925
"IND3456",0.167783046723288
"IND3457",-0.895294911636391
"IND3458",-0.74120933551068
"IND3459",0.0416147684010177
"IND345",-0.345354741857707
"IND3460",-0.545830257591301
"IND3461",0.233491949426888
"IND3462",1.52821041016932
"IND3463",-0.51585463177089
"IND3464",-0.832401000283717
"IND3465",-2.27459778645179
"IND3466",0.880665964434832
"IND3467",1.6965749939078
"IND3468",0.0976444329146082
"IND3469",-0.796966000516379
"IND346",-0.989976848465082
"IND3470",0.741820030042811
"IND3471",0.650427943909431
"IND3472",0.721446465708873
"IND3473",1.76682972314758
"IND3474",1.23314376699818
"IND3475",0.522703191197153
"IND3476",-1.56542236478329
"IND3477",-1.42326329361276
"IND3478",0.970350233712848
"IND3479",1.01255199831468
"IND347",-0.566643757503532
"IND3480",1.25678727141288
"IND3481",-0.000600470283065757
"IND3482",-0.869830392527848
"IND3483",0.0386251029875019
"IND3484",-2.12982754546062
"IND3485",-0.392123766970218
"IND3486",1.07396571021694
"IND3487",0.981049919057354
"IND3488",-0.00475022889039445
"IND3489",-1.40905361045411
"IND348",-0.88551006748756
"IND3490",1.04029590352761
"IND3491",0.574666169253984
"IND3492",-1.13974367390405
"IND3493",0.253645199646194
"IND3494",1.48064445724075
"IND3495",0.180479674143889
"IND3496",-0.814759844930202
"IND3497",0.626375704254333
"IND3498",1.42494997270662
"IND3499",0.842006468811445
"IND349",1.21782421835331
"IND34",0.700283364165617
"IND3500",-1.2162820257803
"IND3501",1.92162887688303
"IND3502",-0.929255172157039
"IND3503",0.191265696428443
"IND3504",0.714680466729277
"IND3505",0.942482477661373
"IND3506",-0.790671261482249
"IND3507",1.25751586460949
"IND3508",-0.6428399774963
"IND3509",0.0406442314874478
"IND350",0.400177831428731
"IND3510",0.403640871611225
"IND3511",0.11508086515339
"IND3512",0.84869776060803
"IND3513",-0.367577468577534
"IND3514",0.563347931280023
"IND3515",0.0487881138377123
"IND3516",-0.272756476529558
"IND3517",-0.973779108551536
"IND3518",0.398966618462513
"IND3519",0.630760780513694
"IND351",0.93580550803505
"IND3520",0.463570957036177
"IND3521",0.71632643003271
"IND3522",1.28463622291964
"IND3523",-0.102206886314479
"IND3524",0.140328103276575
"IND3525",0.23578660751946
"IND3526",0.541179058428781
"IND3527",1.60426759607961
"IND3528",0.968065720244755
"IND3529",0.994435738621887
"IND352",1.65809452408774
"IND3530",0.0122595855689648
"IND3531",-1.18552340479626
"IND3532",1.60115957962317
"IND3533",0.670991077156399
"IND3534",1.40652288292651
"IND3535",-2.13540299449868
"IND3536",0.198969511488557
"IND3537",0.104222782795474
"IND3538",0.345174533297281
"IND3539",1.84220561206424
"IND353",-0.959898100670749
"IND3540",1.20054419699069
"IND3541",0.930376574637542
"IND3542",0.906864142163835
"IND3543",0.130268048782923
"IND3544",-1.2362244510554
"IND3545",1.12582532438429
"IND3546",1.5889865782797
"IND3547",2.0083050186836
"IND3548",-1.2552434491795
"IND3549",0.7745355351069
"IND354",-0.213250790701483
"IND3550",0.779242263163146
"IND3551",-0.386254404221239
"IND3552",-0.238095607056411
"IND3553",0.301091875591973
"IND3554",-1.01859463537518
"IND3555",0.724979067947735
"IND3556",-0.24917922491325
"IND3557",1.15302747492144
"IND3558",0.852905080877917
"IND3559",-0.139271609218099
"IND355",-0.174919848792689
"IND3560",0.562208018340993
"IND3561",1.00429864563076
"IND3562",0.0712345479645593
"IND3563",-1.46929919436189
"IND3564",0.627131584806406
"IND3565",1.03758595901011
"IND3566",1.44640770011549
"IND3567",1.36055190211903
"IND3568",0.990255951480399
"IND3569",0.533729304938872
"IND356",-0.0387114223340344
"IND3570",0.432190092371315
"IND3571",0.502578009517903
"IND3572",0.827054449435161
"IND3573",0.645617943789541
"IND3574",1.64031364293924
"IND3575",-2.9189691205382
"IND3576",0.162819783022565
"IND3577",-1.53210552077292
"IND3578",-0.483256119304725
"IND3579",-0.853133432072355
"IND357",1.38995639125951
"IND3580",1.40075545473591
"IND3581",-0.924864287872434
"IND3582",0.246171850797363
"IND3583",-0.000365638439693727
"IND3584",0.612155896414371
"IND3585",0.659954279879285
"IND3586",1.57490287777121
"IND3587",-1.61729583315312
"IND3588",-0.804811970342555
"IND3589",-1.57535400332266
"IND358",0.471947519041031
"IND3590",-0.894843137060698
"IND3591",1.19218747676383
"IND3592",4.33657575801694
"IND3593",0.774415993839281
"IND3594",-1.15921985308999
"IND3595",-1.34583469496159
"IND3596",-1.27319860491147
"IND3597",-0.773904211419355
"IND3598",1.22049237247209
"IND3599",-1.00878456078754
"IND359",0.181632463527075
"IND35",1.62635983121723
"IND3600",1.03831904227414
"IND3601",0.57548418814779
"IND3602",0.657508380300895
"IND3603",0.695831151213565
"IND3604",0.0834598346746553
"IND3605",0.07233218887786
"IND3606",2.04377522961987
"IND3607",2.28187694842303
"IND3608",2.22093817847854
"IND3609",-1.9343191014144
"IND360",0.551068473707674
"IND3610",0.207154351115893
"IND3611",2.84381877502121
"IND3612",0.225438459081885
"IND3613",1.76752285849829
"IND3614",2.23148629538566
"IND3615",0.169067688010506
"IND3616",0.22362867849678
"IND3617",0.177466072606057
"IND3618",1.06378905833007
"IND3619",-1.90106334801332
"IND361",0.646157169894037
"IND3620",0.0996616856999506
"IND3621",-0.231836967360674
"IND3622",0.664881943097833
"IND3623",-0.502800312819447
"IND3624",-0.989296640876907
"IND3625",4.41374426728538
"IND3626",-0.105638844794713
"IND3627",-0.62127985008184
"IND3628",-0.253182019406476
"IND3629",1.10086810238077
"IND362",1.58278172585563
"IND3630",1.52201405236515
"IND3631",1.06721064335042
"IND3632",1.37721062167313
"IND3633",0.2344879855283
"IND3634",-0.901207532933902
"IND3635",1.0536587803463
"IND3636",2.16272428421348
"IND3637",0.417775881837384
"IND3638",1.5326101230238
"IND3639",-0.339183588383279
"IND363",0.645482888911174
"IND3640",0.72519724549389
"IND3641",0.0647623718621626
"IND3642",0.107443592500846
"IND3643",-0.689159817836148
"IND3644",-1.11506736527879
"IND3645",-0.686406465903235
"IND3646",0.41351775748015
"IND3647",-0.018410277942811
"IND3648",0.0630455954821105
"IND3649",0.143991514354419
"IND364",-0.305108559318845
"IND3650",-0.497638149634869
"IND3651",-1.80294529660176
"IND3652",-0.332980744915407
"IND3653",-0.5329826479142
"IND3654",1.25179759064093
"IND3655",0.0390306415281881
"IND3656",1.29857312585141
"IND3657",-1.07918331321129
"IND3658",0.498631100031457
"IND3659",-0.0237620358316419
"IND365",-2.27264919052055
"IND3660",0.973353418063789
"IND3661",1.36233018770994
"IND3662",2.13798492164706
"IND3663",-0.0429704925277261
"IND3664",0.972680938245637
"IND3665",-0.330778616260876
"IND3666",0.41483802282205
"IND3667",2.74913493241968
"IND3668",0.486309768272177
"IND3669",-0.303527928616755
"IND366",-0.793266833492792
"IND3670",2.11373077344535
"IND3671",1.11097880247018
"IND3672",2.51829943702966
"IND3673",0.108178527054896
"IND3674",-0.489591618556229
"IND3675",0.810755953212753
"IND3676",1.79791427154849
"IND3677",1.77000641424435
"IND3678",-1.47049171094318
"IND3679",1.51141927174987
"IND367",-0.519470776058698
"IND3680",0.591443468145682
"IND3681",-0.26180209512151
"IND3682",1.82089378489306
"IND3683",0.471816007910122
"IND3684",-1.19803088627738
"IND3685",0.931044738351612
"IND3686",3.04341821390155
"IND3687",1.1008372605858
"IND3688",0.486013377698399
"IND3689",1.29534411143867
"IND368",0.942801364066012
"IND3690",0.858333259363014
"IND3691",2.43663814642121
"IND3692",-2.61248805365345
"IND3693",0.905440701002614
"IND3694",-0.989073393674196
"IND3695",-2.48859451320948
"IND3696",-0.738130874744326
"IND3697",0.408676210048815
"IND3698",0.798802019325155
"IND3699",2.04993555679355
"IND369",-0.0863481228857339
"IND36",1.53662748067283
"IND3700",0.0117099253058914
"IND3701",-0.7027642659104
"IND3702",0.552280782968775
"IND3703",-1.20954770832542
"IND3704",1.25618041652401
"IND3705",-2.81448031491424
"IND3706",0.114339098713848
"IND3707",1.23263554669456
"IND3708",-2.47183923842571
"IND3709",-0.65338811128985
"IND370",0.985806332715463
"IND3710",0.69543725543995
"IND3711",-0.198009373127568
"IND3712",0.87555958788543
"IND3713",-0.0522374063533401
"IND3714",1.34460972492857
"IND3715",0.0830274836619559
"IND3716",-0.949823844911075
"IND3717",1.26186614388434
"IND3718",-1.14282684291648
"IND3719",-0.995767613429725
"IND371",-0.18050864426072
"IND3720",-1.19974560410657
"IND3721",1.52340314706327
"IND3722",-0.735915268970516
"IND3723",1.03927413607139
"IND3724",-0.72399221461155
"IND3725",0.123481329921882
"IND3726",0.645481989293403
"IND3727",-0.966724189108134
"IND3728",-0.400488814367423
"IND3729",-1.1625731098433
"IND372",0.772026922751491
"IND3730",0.910085625685851
"IND3731",1.29200877867062
"IND3732",-0.122102800856018
"IND3733",2.34373283555478
"IND3734",0.239222259208173
"IND3735",2.04840217220039
"IND3736",1.41079428493009
"IND3737",0.965004592462139
"IND3738",1.13825251476169
"IND3739",1.18126460250837
"IND373",0.124250468405868
"IND3740",1.06196694021202
"IND3741",1.65544726038789
"IND3742",-0.38121076751894
"IND3743",0.53812768672283
"IND3744",-0.00324630360090502
"IND3745",0.693732271573191
"IND3746",2.16739321975129
"IND3747",0.836505560502364
"IND3748",-0.321141105641192
"IND3749",-0.112692913028293
"IND374",2.66663917608225
"IND3750",0.224926916957252
"IND3751",-0.871359432742688
"IND3752",0.850181338054374
"IND3753",-0.634704132047373
"IND3754",0.276660759042282
"IND3755",-0.954341147931247
"IND3756",0.723158398558789
"IND3757",1.09400714340778
"IND3758",1.93925360839592
"IND3759",0.244884902937469
"IND375",0.973804645323268
"IND3760",-0.104418658209559
"IND3761",0.80030581451044
"IND3762",0.452073622906691
"IND3763",1.93008146594597
"IND3764",1.52323687481498
"IND3765",0.292592703251577
"IND3766",0.473503766343427
"IND3767",1.18599171503315
"IND3768",-0.751089976671321
"IND3769",-1.40251646128373
"IND376",-0.0415757478376989
"IND3770",-1.7405094090624
"IND3771",1.10794830979436
"IND3772",0.512196834083664
"IND3773",0.163290548538279
"IND3774",1.02116375864016
"IND3775",-0.865627815123654
"IND3776",0.35397657072179
"IND3777",-1.50752936685538
"IND3778",0.105161950144414
"IND3779",0.680600578488445
"IND377",0.894053165490888
"IND3780",0.23958090382502
"IND3781",2.37919738011156
"IND3782",-0.0917075167570949
"IND3783",0.662425345723293
"IND3784",0.59532454981232
"IND3785",1.42646884897066
"IND3786",-0.78834823183371
"IND3787",0.645650485431625
"IND3788",-0.163122583691253
"IND3789",1.72099416945604
"IND378",1.51027237563875
"IND3790",-1.33565328219377
"IND3791",0.457798091882351
"IND3792",0.299036240185972
"IND3793",0.723820015231552
"IND3794",-0.436992985715782
"IND3795",1.52014264450642
"IND3796",-0.613425320145887
"IND3797",-1.93414373205028
"IND3798",-1.29616613005566
"IND3799",1.20895525889296
"IND379",2.86967308190485
"IND37",1.40362079588633
"IND3800",2.39350429609171
"IND3801",1.43703063176741
"IND3802",-0.0671794752565786
"IND3803",-0.835975773125731
"IND3804",-1.33919916964834
"IND3805",-1.5929006233336
"IND3806",-0.573921131289795
"IND3807",0.692240359962818
"IND3808",-0.740103572419261
"IND3809",0.632668163374324
"IND380",1.78504932237224
"IND3810",1.86030352912944
"IND3811",-0.135100379147354
"IND3812",-2.30044048230509
"IND3813",0.121774561472421
"IND3814",0.0761963235119485
"IND3815",0.131173657186806
"IND3816",-2.32071154370405
"IND3817",0.0672813554413008
"IND3818",0.191875246886653
"IND3819",-0.631934164971875
"IND381",0.49808047987396
"IND3820",0.242304600003555
"IND3821",-0.0693482535501438
"IND3822",1.9522856765414
"IND3823",-0.841931759143021
"IND3824",0.928467698650418
"IND3825",-1.16657931471754
"IND3826",-0.0491659755933792
"IND3827",0.411621374036479
"IND3828",1.06441189788201
"IND3829",0.100449126217785
"IND382",-0.0014363298417292
"IND3830",0.753005097292083
"IND3831",0.354366969958819
"IND3832",0.147447346618641
"IND3833",0.358245779849756
"IND3834",-0.929898656134799
"IND3835",-0.609409019480639
"IND3836",1.33919336308127
"IND3837",1.79676300840492
"IND3838",-0.951413368936924
"IND3839",1.53403316834076
"IND383",0.0214541419008177
"IND3840",1.62449851618801
"IND3841",0.0852522587339242
"IND3842",0.959886017656346
"IND3843",0.865713601206388
"IND3844",1.03490533005207
"IND3845",0.0164184125967529
"IND3846",0.308327753951161
"IND3847",-0.117472088920268
"IND3848",-0.487814295244923
"IND3849",1.39025806520576
"IND384",-0.56486361766904
"IND3850",-1.37491126921206
"IND3851",1.07853004655189
"IND3852",0.700126176682618
"IND3853",0.229991875505376
"IND3854",1.14630770199709
"IND3855",-0.207319370121839
"IND3856",-1.25630063212671
"IND3857",0.857818252133874
"IND3858",0.812797768101723
"IND3859",-0.856899124829565
"IND385",0.0655877682143801
"IND3860",0.974477591274561
"IND3861",0.961240649430987
"IND3862",1.03772322871206
"IND3863",0.793337860621452
"IND3864",1.00741822791473
"IND3865",0.856314116591641
"IND3866",2.06928277368051
"IND3867",1.99571600987283
"IND3868",0.697171894348006
"IND3869",0.691709764654617
"IND386",1.44469116948555
"IND3870",1.04519936661072
"IND3871",-0.042549848238886
"IND3872",-0.322210502598145
"IND3873",0.676849990614843
"IND3874",1.68340881236724
"IND3875",0.330812036563735
"IND3876",-0.494069830326196
"IND3877",1.1880724190012
"IND3878",-0.080672867810188
"IND3879",0.306787840888045
"IND387",-0.799608124453937
"IND3880",1.06241858716328
"IND3881",-2.43239229939303
"IND3882",0.892179247625141
"IND3883",-0.973060720169361
"IND3884",0.77317213905238
"IND3885",-0.404067807089444
"IND3886",1.10421579602803
"IND3887",1.38173417805803
"IND3888",-0.354246333413331
"IND3889",1.97074363412194
"IND388",0.92612183645063
"IND3890",1.64345357409302
"IND3891",0.424365948311808
"IND3892",-0.708997523448961
"IND3893",-0.656583358288234
"IND3894",1.98797761669965
"IND3895",-0.93385940882076
"IND3896",0.678695347647837
"IND3897",0.444472641099719
"IND3898",1.44507770653889
"IND3899",-0.0550400779599293
"IND389",-0.785726382945151
"IND38",-0.297031741348975
"IND3900",0.679961948126861
"IND3901",0.978842419957675
"IND3902",-0.613215659362686
"IND3903",0.579766931086698
"IND3904",-1.86603985931129
"IND3905",0.847094013956165
"IND3906",0.483320063566599
"IND3907",1.6434418369465
"IND3908",0.806855194301453
"IND3909",1.80191844492717
"IND390",1.33117698599881
"IND3910",1.5429799422341
"IND3911",-0.202937398917006
"IND3912",-0.0662112836587004
"IND3913",1.82523386896879
"IND3914",1.35414337361741
"IND3915",0.528232882197071
"IND3916",0.605419037262316
"IND3917",-0.027973565085085
"IND3918",1.05240695418878
"IND3919",1.28365645481142
"IND391",0.775440606413831
"IND3920",0.784291655941518
"IND3921",0.121917109615518
"IND3922",0.142638574370171
"IND3923",2.91653459857982
"IND3924",0.430381889790668
"IND3925",0.634230117396584
"IND3926",-0.0688757557675725
"IND3927",-2.2838392696522
"IND3928",1.35054462453551
"IND3929",1.20129074052698
"IND392",1.77592911309605
"IND3930",-1.47226384260766
"IND3931",0.0758369796395948
"IND3932",1.70984212612797
"IND3933",0.422026651607232
"IND3934",0.532488107142072
"IND3935",2.6596754687518
"IND3936",-1.86626958232712
"IND3937",1.61862813880925
"IND3938",-0.453649155865316
"IND3939",0.769265572793238
"IND393",-1.45516979835738
"IND3940",1.7986128561139
"IND3941",0.695780017930802
"IND3942",0.885249002164657
"IND3943",1.83303303195448
"IND3944",0.546409366619545
"IND3945",-1.1076614030013
"IND3946",-0.818194715132506
"IND3947",-1.03807523638692
"IND3948",1.75241334817155
"IND3949",1.05041317994091
"IND394",1.27564849505608
"IND3950",1.7447436678296
"IND3951",1.09900270210215
"IND3952",-0.731441137658761
"IND3953",0.141074714615648
"IND3954",-0.695367597277728
"IND3955",2.33949955974958
"IND3956",0.638107933809335
"IND3957",0.778234854871243
"IND3958",-0.595201421446312
"IND3959",-0.86419162005916
"IND395",-1.16143893743394
"IND3960",-0.972508991370431
"IND3961",1.74101418549958
"IND3962",0.0857967370686387
"IND3963",-1.38153981606011
"IND3964",0.685123381805403
"IND3965",0.228468779186826
"IND3966",0.516628485579904
"IND3967",-0.348147712917645
"IND3968",-0.394150115672485
"IND3969",-0.482981229880942
"IND396",0.204289461975285
"IND3970",-0.0710726796077948
"IND3971",-1.39261859080558
"IND3972",-0.703930187693827
"IND3973",-0.184759253497815
"IND3974",-0.145929034979907
"IND3975",1.62526976748297
"IND3976",1.11373393204131
"IND3977",-1.13870542761425
"IND3978",0.581673018173951
"IND3979",0.922822019556018
"IND397",-0.537270184757978
"IND3980",0.129996214447977
"IND3981",1.97040013083876
"IND3982",1.05189739159654
"IND3983",1.38577337376287
"IND3984",1.22861166148837
"IND3985",0.851529398507433
"IND3986",-1.46299670011672
"IND3987",-1.26219120589994
"IND3988",-0.94676141670509
"IND3989",0.922808286466918
"IND398",0.195175213518467
"IND3990",-1.1644058740163
"IND3991",-1.73183783513982
"IND3992",-0.372874479377015
"IND3993",-0.0106119691220258
"IND3994",1.42796400403775
"IND3995",-0.526133594995403
"IND3996",0.544809557680558
"IND3997",-1.76493667087789
"IND3998",-0.459714977892935
"IND3999",0.934393632300987
"IND399",-0.0446639437507622
"IND39",2.3419094591911
"IND3",-1.24448695740719
"IND4000",-1.06581858388519
"IND4001",0.445211431128121
"IND4002",-1.39346081835498
"IND4003",0.0512220791863842
"IND4004",-0.373370990462465
"IND4005",0.128922976701355
"IND4006",1.24611713117693
"IND4007",1.12106879505774
"IND4008",0.0115757168887906
"IND4009",0.481528293551926
"IND400",-0.388247173698706
"IND4010",1.04932851631101
"IND4011",1.08561091272916
"IND4012",0.581137733291599
"IND4013",0.0105922438443264
"IND4014",0.41300215292799
"IND4015",0.347903340314145
"IND4016",1.30416668720656
"IND4017",2.33417209368329
"IND4018",-1.87850443633604
"IND4019",0.363764605090241
"IND401",0.572053226294391
"IND4020",1.08273626454523
"IND4021",2.32724118592191
"IND4022",2.38023475111556
"IND4023",-0.999818182469963
"IND4024",-0.261691776655556
"IND4025",1.24355351409731
"IND4026",-0.552808480604662
"IND4027",0.478924729911996
"IND4028",0.304856031522127
"IND4029",2.13875041352637
"IND402",1.15694811924166
"IND4030",0.175394753428215
"IND4031",0.990522420680253
"IND4032",1.11560184891796
"IND4033",0.025028768736036
"IND4034",3.34020845214126
"IND4035",0.245657093020816
"IND4036",0.38833752572891
"IND4037",-0.533804086693509
"IND4038",0.713733240422062
"IND4039",0.0219184290916532
"IND403",-0.196367837497411
"IND4040",-0.976943097937432
"IND4041",-1.66084451147143
"IND4042",-0.904519125514122
"IND4043",0.133409654789578
"IND4044",-0.0665287948109886
"IND4045",1.82022774079835
"IND4046",-2.10332147243491
"IND4047",1.77048908818629
"IND4048",-0.437674671033809
"IND4049",-0.946234170370287
"IND404",0.145719085063804
"IND4050",0.923615450412699
"IND4051",1.39345644729961
"IND4052",-0.263778185598501
"IND4053",1.9939480429457
"IND4054",0.138765493747962
"IND4055",0.893635283084051
"IND4056",-0.0395317264020985
"IND4057",-0.436148489125332
"IND4058",0.0434628906822959
"IND4059",0.703460137193178
"IND405",-0.0859155864086146
"IND4060",-0.191936027094197
"IND4061",-1.73557036634121
"IND4062",-0.362339666196967
"IND4063",2.49703179650026
"IND4064",0.384624374457581
"IND4065",1.74816913471019
"IND4066",1.86276835427138
"IND4067",0.36569781570072
"IND4068",1.29772968559076
"IND4069",2.70270066275964
"IND406",0.447745680175454
"IND4070",1.00001148978308
"IND4071",-0.126843540588288
"IND4072",1.01517876510973
"IND4073",0.203119450204486
"IND4074",1.59159825489955
"IND4075",1.40077743246953
"IND4076",-0.901122303681858
"IND4077",-0.241412864717908
"IND4078",-1.37524619994558
"IND4079",0.707702058607858
"IND407",2.18096909745862
"IND4080",-1.32129444300793
"IND4081",-0.224792800810353
"IND4082",0.702610173072854
"IND4083",0.515611328026852
"IND4084",0.560620527185201
"IND4085",-0.541026396179685
"IND4086",-1.19127324873746
"IND4087",1.44536805355922
"IND4088",0.173469436091145
"IND4089",0.372429530847635
"IND408",2.66325969924823
"IND4090",1.07919583797645
"IND4091",0.546387834286907
"IND4092",0.279504930469151
"IND4093",0.355904573043304
"IND4094",-0.764117652656166
"IND4095",-2.63017967667256
"IND4096",0.306431692266093
"IND4097",-0.789534835203429
"IND4098",0.198874294964736
"IND4099",1.93022873892112
"IND409",0.313670494836304
"IND40",0.111713942246992
"IND4100",-0.0180388529133748
"IND4101",-2.12742462076505
"IND4102",-0.0613710667675575
"IND4103",1.26823200136431
"IND4104",0.517039077945951
"IND4105",-1.48590301333607
"IND4106",-0.695758701297513
"IND4107",-2.55868426395851
"IND4108",-0.906686483634262
"IND4109",0.847640832268911
"IND410",2.86575494664897
"IND4110",0.386489471422433
"IND4111",-0.0627088128683472
"IND4112",0.26179025544903
"IND4113",0.0357411811564426
"IND4114",-1.5077373704026
"IND4115",1.17687347829134
"IND4116",0.661629264609649
"IND4117",-0.778238614032623
"IND4118",-0.382955293683379
"IND4119",0.912776039895745
"IND411",-1.42917914730781
"IND4120",0.534500593078059
"IND4121",1.09260491327498
"IND4122",0.706970516702083
"IND4123",0.075148917094125
"IND4124",1.65288470484783
"IND4125",-0.756683652043715
"IND4126",2.02303702889021
"IND4127",0.0628009975557122
"IND4128",0.93692696589788
"IND4129",-0.92847456533059
"IND412",-0.319326702088913
"IND4130",0.463113985999885
"IND4131",0.496712378988888
"IND4132",0.837003618461745
"IND4133",1.30428991662651
"IND4134",-1.56372659111985
"IND4135",0.832716013792898
"IND4136",0.222148005299615
"IND4137",-0.749174532136488
"IND4138",-2.05018918131131
"IND4139",0.108305594973819
"IND413",0.430869157699785
"IND4140",1.12122075206387
"IND4141",-2.21239218347432
"IND4142",1.35296373065644
"IND4143",1.06743640394881
"IND4144",1.82861583801186
"IND4145",0.852896548418568
"IND4146",0.575599632759519
"IND4147",0.596163603083022
"IND4148",2.04041515383797
"IND4149",0.727682792526329
"IND414",0.322740349833178
"IND4150",-1.13194686788495
"IND4151",1.31562706094218
"IND4152",1.10316241407914
"IND4153",-1.02797154869633
"IND4154",-0.732607204957722
"IND4155",-1.15105807306763
"IND4156",0.211900084657887
"IND4157",0.160116352945787
"IND4158",0.747005548690863
"IND4159",1.45254749914427
"IND415",-0.241473280238763
"IND4160",-1.04754302095767
"IND4161",1.03145221211503
"IND4162",0.111675816957167
"IND4163",0.841867543378472
"IND4164",-0.343133461682423
"IND4165",0.531569016398505
"IND4166",-1.58688786758802
"IND4167",1.41157306490033
"IND4168",0.394486269143548
"IND4169",1.3026139951284
"IND416",0.0493442439415528
"IND4170",0.947910640980991
"IND4171",0.0681208187424138
"IND4172",0.530500986139094
"IND4173",0.771628087814389
"IND4174",0.135408862655285
"IND4175",-1.59793955176537
"IND4176",2.25765046434029
"IND4177",-0.531184091194312
"IND4178",-0.243002983341846
"IND4179",0.815223424113432
"IND417",-0.0250040614066669
"IND4180",1.42463147371556
"IND4181",0.870092316380963
"IND4182",0.687648936065954
"IND4183",0.849002897279668
"IND4184",-0.816246580133811
"IND4185",1.4456049503246
"IND4186",1.10767152488186
"IND4187",0.0924961212105684
"IND4188",1.00406690827533
"IND4189",-0.74050726935104
"IND418",-0.429195106940629
"IND4190",0.462252140585404
"IND4191",1.31909238825588
"IND4192",1.75818252004953
"IND4193",-0.353561035137939
"IND4194",0.30114267433747
"IND4195",0.114513929384814
"IND4196",1.30895042982348
"IND4197",0.395041489709182
"IND4198",-0.415296211303151
"IND4199",0.31314309628226
"IND419",-0.987955507167669
"IND41",1.84578511872156
"IND4200",1.31832849462863
"IND4201",1.87546517508335
"IND4202",-0.528502317975671
"IND4203",-1.94192520552662
"IND4204",0.0324855367821263
"IND4205",1.06838866799394
"IND4206",1.29914200579389
"IND4207",0.150907295990687
"IND4208",2.00700900165929
"IND4209",0.394146511697339
"IND420",0.834942493110539
"IND4210",-1.01299570970774
"IND4211",1.52281990224042
"IND4212",-0.603932043718082
"IND4213",0.784221616574794
"IND4214",0.848345775379153
"IND4215",-1.15881869729747
"IND4216",-0.706833229593775
"IND4217",0.398627840839014
"IND4218",0.668303292038348
"IND4219",-1.76229591714539
"IND421",1.01431711928378
"IND4220",-0.186066697546566
"IND4221",1.12973728662389
"IND4222",1.73924839920316
"IND4223",1.07894932160214
"IND4224",-0.297697784943972
"IND4225",1.77917460144435
"IND4226",0.875443519195502
"IND4227",1.7753842624527
"IND4228",1.35041382354852
"IND4229",0.195722773739845
"IND422",-0.555992998144315
"IND4230",0.203151681594126
"IND4231",1.99432126310246
"IND4232",1.30202851547637
"IND4233",-1.24915678490069
"IND4234",0.580966459572142
"IND4235",-1.06177784656906
"IND4236",-0.681622983417714
"IND4237",0.459155111477933
"IND4238",-0.354942055684198
"IND4239",0.412090926606312
"IND423",-0.791244138574518
"IND4240",2.62584103338174
"IND4241",0.851287656233694
"IND4242",0.420131092434646
"IND4243",1.36725330861933
"IND4244",0.324420481809238
"IND4245",-1.33573061769676
"IND4246",2.56180107132515
"IND4247",0.177305456146357
"IND4248",0.0511523590836642
"IND4249",1.48245563798944
"IND424",-0.151404297382786
"IND4250",-0.558224611292758
"IND4251",1.73214198548722
"IND4252",-1.90720446426159
"IND4253",-0.211467451843665
"IND4254",0.649376403475385
"IND4255",0.662450005850854
"IND4256",0.00697898060221608
"IND4257",-0.119652754282073
"IND4258",1.06505366374541
"IND4259",-2.33665436278443
"IND425",-0.624474515615621
"IND4260",0.0528919628427474
"IND4261",1.36689157763545
"IND4262",0.34598186019991
"IND4263",1.15967801701082
"IND4264",-0.265042155024631
"IND4265",-0.956149668182115
"IND4266",0.300862625426556
"IND4267",-0.443220826982143
"IND4268",-0.0400479421324259
"IND4269",0.472241569324485
"IND426",1.31415100509554
"IND4270",-0.286156932767453
"IND4271",0.615790099167105
"IND4272",-0.570309154949608
"IND4273",-1.69057931140387
"IND4274",-0.0346870987846506
"IND4275",1.06158296310864
"IND4276",0.919954451593057
"IND4277",0.24186762653377
"IND4278",0.260582785943036
"IND4279",1.79382980994121
"IND427",1.20102657850233
"IND4280",0.586703903105614
"IND4281",-0.339795802669054
"IND4282",0.702755925934692
"IND4283",-0.602781422591484
"IND4284",-0.114803125872772
"IND4285",0.50710251902275
"IND4286",-1.60914215123389
"IND4287",-0.369106987501015
"IND4288",-1.41364919883812
"IND4289",-0.0111883267018592
"IND428",2.30973426828424
"IND4290",-0.213746322677849
"IND4291",-0.0692990900983813
"IND4292",0.530068158892261
"IND4293",0.366340884574977
"IND4294",2.81539018808383
"IND4295",0.640458212459209
"IND4296",1.14776314122551
"IND4297",2.38452417306765
"IND4298",-0.85081871119511
"IND4299",-2.15345020642912
"IND429",1.10043095999125
"IND42",0.762250919112997
"IND4300",1.10929092815089
"IND4301",0.308052854132929
"IND4302",-0.915155029157771
"IND4303",2.50393366251809
"IND4304",1.72092716634449
"IND4305",1.48685594316827
"IND4306",-0.486338594886941
"IND4307",0.160237875410672
"IND4308",1.08749791464486
"IND4309",1.05655566217337
"IND430",-0.365479983371579
"IND4310",0.526271040241934
"IND4311",0.417614898174169
"IND4312",0.650725709715751
"IND4313",0.142543554270329
"IND4314",4.5964655296122
"IND4315",-0.688284799669059
"IND4316",2.11483920914749
"IND4317",1.78320245892202
"IND4318",0.497679170070989
"IND4319",0.0378568670460527
"IND431",1.85729125785851
"IND4320",0.865678286851309
"IND4321",0.586763304584275
"IND4322",2.26661561706063
"IND4323",0.440702748001394
"IND4324",-0.793067264736642
"IND4325",-0.628929833713436
"IND4326",0.547948718354361
"IND4327",1.58558795519057
"IND4328",2.86012413878262
"IND4329",0.571949507699208
"IND432",1.15020893261308
"IND4330",1.68955629393265
"IND4331",1.39805679971825
"IND4332",0.899652991357761
"IND4333",-0.0834666946922347
"IND4334",0.467181632060485
"IND4335",1.0623338101001
"IND4336",-1.03305921882447
"IND4337",1.74880301777193
"IND4338",0.98218567271894
"IND4339",1.73945376206291
"IND433",0.866695205513573
"IND4340",2.09768637880618
"IND4341",2.15323442897289
"IND4342",1.04864119040401
"IND4343",-0.256047847219723
"IND4344",0.427646004276589
"IND4345",-0.584477014538451
"IND4346",0.285378922325687
"IND4347",-0.922341119251234
"IND4348",0.250966427535757
"IND4349",1.55635394225914
"IND434",0.341972587250402
"IND4350",1.24703996056516
"IND4351",0.302879910775424
"IND4352",-0.624741765954042
"IND4353",0.891592704453488
"IND4354",2.02968537234453
"IND4355",-0.561510440158721
"IND4356",-0.0909729210228344
"IND4357",0.967114648196796
"IND4358",0.377548600682832
"IND4359",0.187918563038265
"IND435",-0.419025800675988
"IND4360",0.0413167792787758
"IND4361",-0.452421101233634
"IND4362",-0.251407630865567
"IND4363",0.000990080297196434
"IND4364",2.0862373297617
"IND4365",0.224846203254998
"IND4366",0.701835922532674
"IND4367",-0.184561786532896
"IND4368",0.237971404623736
"IND4369",0.883649102276074
"IND436",-0.374438413323293
"IND4370",2.95842080864055
"IND4371",1.83382895614338
"IND4372",-0.0504012933123238
"IND4373",1.89204702227237
"IND4374",-0.561856347667008
"IND4375",0.611570368436985
"IND4376",0.903745033106079
"IND4377",0.342257167695674
"IND4378",0.613429304850326
"IND4379",2.7826127419218
"IND437",0.0299705109528733
"IND4380",0.685924726184695
"IND4381",1.4034810367183
"IND4382",-1.19208958909796
"IND4383",-0.631795485239214
"IND4384",2.1631675847316
"IND4385",0.439825925538004
"IND4386",0.748563726192521
"IND4387",-1.19451489336518
"IND4388",1.92376031839532
"IND4389",-1.03108697022045
"IND438",-0.317483804192601
"IND4390",1.46207158838315
"IND4391",-0.263509012260545
"IND4392",1.36556511374509
"IND4393",0.490380828870953
"IND4394",0.153074794855278
"IND4395",0.146968171994631
"IND4396",1.36707730426456
"IND4397",0.214561719469642
"IND4398",-0.909705650082951
"IND4399",-0.106017136133571
"IND439",0.532738359429859
"IND43",1.46645091949274
"IND4400",0.456975633206769
"IND4401",-0.215696593293343
"IND4402",0.85297510566029
"IND4403",-1.13399870919546
"IND4404",-0.357435150344567
"IND4405",0.933472098458856
"IND4406",0.887552262274334
"IND4407",0.691207420410077
"IND4408",0.334537794526714
"IND4409",-0.847797560735834
"IND440",-0.112112647390342
"IND4410",-0.219103576218922
"IND4411",1.91718697473405
"IND4412",1.21293842440437
"IND4413",0.678550896628123
"IND4414",-0.1330928669577
"IND4415",2.50625562551875
"IND4416",0.539324516125473
"IND4417",-0.180051889245008
"IND4418",1.00275882977312
"IND4419",-2.117169079026
"IND441",0.697129329148825
"IND4420",0.522295683270093
"IND4421",1.84725894210607
"IND4422",0.262745743339214
"IND4423",0.475866213863643
"IND4424",0.537468299161323
"IND4425",-1.01438914353175
"IND4426",0.787496859052176
"IND4427",-0.875300062774264
"IND4428",1.16362249198197
"IND4429",0.889360882851516
"IND442",0.901088865291763
"IND4430",0.874602384728291
"IND4431",0.326654766439902
"IND4432",-1.34090057332377
"IND4433",-0.771838433141096
"IND4434",-1.78555743871687
"IND4435",1.47277211966432
"IND4436",-0.534773952742798
"IND4437",0.880424814999695
"IND4438",2.62433885467435
"IND4439",0.420847479173126
"IND443",0.475022771025716
"IND4440",1.88030880553675
"IND4441",0.0853839845920494
"IND4442",-0.75932069021532
"IND4443",-0.913251140733905
"IND4444",1.09218699247435
"IND4445",1.47810791784113
"IND4446",-1.0209210745913
"IND4447",-1.85610419078856
"IND4448",0.950304782467119
"IND4449",-1.13737975817733
"IND444",0.458467676094531
"IND4450",-0.346886196993275
"IND4451",1.56273487887218
"IND4452",0.370711804286819
"IND4453",0.385758265007549
"IND4454",0.324441168472316
"IND4455",0.681117630296888
"IND4456",0.61128123128126
"IND4457",0.859537704793214
"IND4458",1.12306274778387
"IND4459",2.0221752223922
"IND445",1.06673649194592
"IND4460",-1.33942893543387
"IND4461",-0.993734337791208
"IND4462",0.433711903142525
"IND4463",0.58723522851323
"IND4464",1.26446279330631
"IND4465",-0.27078275760215
"IND4466",-1.54918195603269
"IND4467",0.934979944345961
"IND4468",0.382835463216749
"IND4469",0.266885473988756
"IND446",-0.559617573970501
"IND4470",0.152883051983788
"IND4471",1.51118930048581
"IND4472",0.985532049125739
"IND4473",-0.990667220543406
"IND4474",-0.533859079386156
"IND4475",0.831228663958355
"IND4476",0.367969698345329
"IND4477",-0.858562348794937
"IND4478",0.128736636346803
"IND4479",0.79777275879683
"IND447",-0.475147123500681
"IND4480",-0.987469676346651
"IND4481",0.173348615437426
"IND4482",-0.306511340167024
"IND4483",0.666534352078429
"IND4484",1.33976454878496
"IND4485",1.15950995571543
"IND4486",1.20049234819174
"IND4487",0.961019194909498
"IND4488",-0.167840994553524
"IND4489",-0.795270166983627
"IND448",2.70739316703848
"IND4490",-0.2402694204612
"IND4491",-1.17421383460957
"IND4492",0.480732532928969
"IND4493",1.10513083706343
"IND4494",-1.27134406884842
"IND4495",1.11094715578714
"IND4496",1.27556753394859
"IND4497",0.154465574080643
"IND4498",-0.080285828559673
"IND4499",0.0225694595273821
"IND449",1.05756881309086
"IND44",-0.28414984798246
"IND4500",0.18157547757224
"IND4501",-0.54249450103259
"IND4502",-0.979726655313646
"IND4503",-0.217195051423087
"IND4504",0.559146099779934
"IND4505",-0.208868297703562
"IND4506",-1.33124828127733
"IND4507",-1.17608616798137
"IND4508",-1.19984384253006
"IND4509",-0.23450525419636
"IND450",-0.313439472951274
"IND4510",-0.379577449596726
"IND4511",1.16883955709502
"IND4512",0.947678799701157
"IND4513",-0.187556181344807
"IND4514",-0.24370004756341
"IND4515",-1.2766647681596
"IND4516",-0.955400182691094
"IND4517",2.79793931441634
"IND4518",-1.31580433532502
"IND4519",-1.16508388188113
"IND451",2.50924117930945
"IND4520",0.684817722946363
"IND4521",-0.455240676814158
"IND4522",-1.53646243813589
"IND4523",-3.07182789419942
"IND4524",0.519273577524987
"IND4525",-1.22928532972504
"IND4526",1.22952313196284
"IND4527",2.4532914328681
"IND4528",0.463163314492572
"IND4529",-0.883200187751519
"IND452",1.28797378824249
"IND4530",-0.979875718558684
"IND4531",1.26108617755768
"IND4532",3.15308389121192
"IND4533",0.867616537075389
"IND4534",0.0407871331702107
"IND4535",0.492633228810587
"IND4536",-0.312485784093132
"IND4537",1.09221724680549
"IND4538",1.27994091680875
"IND4539",0.825620223409503
"IND453",1.1463775181453
"IND4540",-0.817062522637129
"IND4541",-0.11101190449045
"IND4542",-0.74028328769559
"IND4543",0.102179907845092
"IND4544",0.215927290337026
"IND4545",0.63199361424317
"IND4546",1.3744975038977
"IND4547",0.662136228434087
"IND4548",-0.773456717109591
"IND4549",0.580679218239932
"IND454",1.33097741391579
"IND4550",0.621888216182592
"IND4551",-0.144067372756765
"IND4552",1.11852629390679
"IND4553",-0.245541481775628
"IND4554",-2.18154473565685
"IND4555",0.785648134592513
"IND4556",-0.286079106995996
"IND4557",-1.61284887339394
"IND4558",-0.331154951091848
"IND4559",1.32583847180955
"IND455",-0.726496229711644
"IND4560",1.55487500649183
"IND4561",2.56077101508082
"IND4562",1.42214492595036
"IND4563",0.122528220850099
"IND4564",0.38732355460134
"IND4565",-1.13119953139135
"IND4566",-0.805137696777649
"IND4567",-2.09565540443629
"IND4568",0.71025694020685
"IND4569",-0.822274586373482
"IND456",1.31181253733656
"IND4570",0.112868604340824
"IND4571",2.20572096488856
"IND4572",0.672642640219616
"IND4573",-0.737960531701055
"IND4574",-1.98343247522723
"IND4575",2.7576060298151
"IND4576",0.193969587032203
"IND4577",-0.51286901185601
"IND4578",0.707122282562338
"IND4579",0.549347419934331
"IND457",1.14274396545121
"IND4580",-0.695233146914309
"IND4581",0.0598832587988533
"IND4582",0.21957548178062
"IND4583",-0.343808795353908
"IND4584",0.496584334633415
"IND4585",-0.0342701673564603
"IND4586",1.57612860136568
"IND4587",-0.541236013426946
"IND4588",0.722002596680348
"IND4589",0.98587609026558
"IND458",1.7543497020237
"IND4590",-0.313083413039022
"IND4591",2.17333645867637
"IND4592",-1.21954142348268
"IND4593",0.314055979909469
"IND4594",-1.22191972847067
"IND4595",-0.0234757785705801
"IND4596",0.650834811791554
"IND4597",-1.05879864290379
"IND4598",-0.46085259447624
"IND4599",0.0992612492270976
"IND459",-0.865189112387703
"IND45",1.30890593600853
"IND4600",0.600549696353116
"IND4601",1.40309756460071
"IND4602",-0.129323364541895
"IND4603",0.841110300453212
"IND4604",-0.876304058532663
"IND4605",-2.58044575394514
"IND4606",2.33886143517632
"IND4607",2.28441845409149
"IND4608",-2.37876169683618
"IND4609",-0.826636250722505
"IND460",-0.445329163461594
"IND4610",-0.707179821958679
"IND4611",-0.652498466091409
"IND4612",-1.05999461633189
"IND4613",1.69361304206002
"IND4614",1.31930050799775
"IND4615",1.46255598112616
"IND4616",-0.599544854852128
"IND4617",-0.791939718007995
"IND4618",1.66195117239088
"IND4619",1.06405602979921
"IND461",-0.597283524237274
"IND4620",-0.52865240657804
"IND4621",2.00998567398317
"IND4622",2.98279643774018
"IND4623",0.44358209314992
"IND4624",-2.26875528736698
"IND4625",0.274613338259879
"IND4626",-0.326613189629459
"IND4627",1.27652850099501
"IND4628",0.420682162622101
"IND4629",2.24184133184008
"IND462",-0.757836199348383
"IND4630",0.46531988594886
"IND4631",1.31929345755072
"IND4632",-0.423101195136122
"IND4633",0.434729801952432
"IND4634",-1.20176800084129
"IND4635",-0.572011052842894
"IND4636",-0.718781764206476
"IND4637",1.49005649217717
"IND4638",0.63399963986923
"IND4639",-0.658419288585816
"IND463",-0.296602667559423
"IND4640",1.94177226405269
"IND4641",-0.322965685765245
"IND4642",0.575120182523059
"IND4643",0.684342561163497
"IND4644",-0.0548019119075115
"IND4645",1.66874517716093
"IND4646",1.02046255588523
"IND4647",0.266842360022252
"IND4648",-0.102703161006282
"IND4649",-0.710104427670103
"IND464",0.629743919784501
"IND4650",0.603783287592204
"IND4651",0.261354806798384
"IND4652",0.739101365299985
"IND4653",0.625511264755996
"IND4654",0.786654639716444
"IND4655",-1.11760787878034
"IND4656",0.545013094249598
"IND4657",-1.82783633483763
"IND4658",0.658617979936244
"IND4659",0.457096396252361
"IND465",-0.706465796441367
"IND4660",0.650484835917292
"IND4661",1.19764687146672
"IND4662",-1.93658184598742
"IND4663",-0.501351265913131
"IND4664",1.07143473926992
"IND4665",-1.33387634095444
"IND4666",1.81367616887668
"IND4667",-0.13552369654417
"IND4668",-0.115739684564174
"IND4669",-0.893980917501435
"IND466",2.36356341988531
"IND4670",-0.38190234580827
"IND4671",-1.25351233399482
"IND4672",1.10920710116009
"IND4673",2.27256695915599
"IND4674",-1.99678635177652
"IND4675",0.98862815903246
"IND4676",-1.57954376056368
"IND4677",0.901010486941068
"IND4678",2.14545472855251
"IND4679",1.02249783419925
"IND467",-0.283651774352998
"IND4680",-0.329622472401863
"IND4681",-1.30728000281507
"IND4682",1.55105659948836
"IND4683",1.27830768554437
"IND4684",-0.0598188912871909
"IND4685",-1.9225886690748
"IND4686",1.69238709785008
"IND4687",0.624004825702442
"IND4688",2.20024529272599
"IND4689",0.221837894164808
"IND468",-0.138381154644136
"IND4690",-0.633437233336489
"IND4691",-0.245841093529902
"IND4692",-0.145506134703922
"IND4693",0.777629883562424
"IND4694",0.776522525315121
"IND4695",0.170585010164587
"IND4696",0.955624733130874
"IND4697",0.413358610858652
"IND4698",2.30784728403211
"IND4699",-0.397729935370377
"IND469",-1.14812715758193
"IND46",2.23090071872432
"IND4700",0.178508766863458
"IND4701",-0.379487519445767
"IND4702",1.16155040374458
"IND4703",-0.46721877485506
"IND4704",1.59590439196635
"IND4705",0.716414283022253
"IND4706",1.77449017304936
"IND4707",-0.339789848234419
"IND4708",-0.102856562607785
"IND4709",2.15277037445355
"IND470",-0.155964927652572
"IND4710",1.02922643577413
"IND4711",-0.55469034968136
"IND4712",1.51229182130304
"IND4713",0.393275370187831
"IND4714",0.305441425778331
"IND4715",2.31832690917535
"IND4716",-0.241867258637883
"IND4717",-1.13485568443352
"IND4718",0.435893608064472
"IND4719",0.3544533596618
"IND471",-0.566854644083724
"IND4720",-0.464239396285127
"IND4721",0.653853665997861
"IND4722",0.0161810830123466
"IND4723",2.64163816146563
"IND4724",0.00766169055593141
"IND4725",1.08571750964167
"IND4726",1.01316772353474
"IND4727",-1.21728935040148
"IND4728",-1.26972779981408
"IND4729",-0.982701915255366
"IND472",0.845714071431066
"IND4730",-0.68452917222104
"IND4731",-0.13470998181256
"IND4732",-0.878003063308983
"IND4733",-1.38447737051118
"IND4734",0.224581026363673
"IND4735",0.0491046481796218
"IND4736",0.00854484234895636
"IND4737",-0.613428104788315
"IND4738",1.41159893825128
"IND4739",1.02956438032328
"IND473",0.88172569557193
"IND4740",0.483534858530944
"IND4741",0.724315450954933
"IND4742",0.378815822789465
"IND4743",-0.0351455829389788
"IND4744",-2.0757231810956
"IND4745",-0.644288647323211
"IND4746",2.26600891334684
"IND4747",-0.484315254416377
"IND4748",-0.494353699078176
"IND4749",0.736682706789108
"IND474",1.12351101732155
"IND4750",0.680003570700032
"IND4751",0.420276629813881
"IND4752",0.0187564777896325
"IND4753",1.87993883301976
"IND4754",2.12924617437495
"IND4755",-1.72295827044716
"IND4756",1.40835135805327
"IND4757",1.39865527988315
"IND4758",1.17432677478663
"IND4759",-0.312031000730554
"IND475",0.322584240624478
"IND4760",-0.587193587949842
"IND4761",-0.46202340956241
"IND4762",1.37788538836167
"IND4763",-1.08898200275536
"IND4764",-1.61336512897256
"IND4765",-0.424024770689448
"IND4766",-0.158667408987363
"IND4767",1.5754114371366
"IND4768",-0.581565760729311
"IND4769",1.02053812663566
"IND476",-0.123192412266427
"IND4770",0.755572738844355
"IND4771",1.73458194316116
"IND4772",-1.56365393913958
"IND4773",-0.133271917486362
"IND4774",0.929321857215498
"IND4775",-1.67801188383655
"IND4776",0.0674903298812553
"IND4777",-1.75532291817545
"IND4778",-0.174577582679393
"IND4779",1.69700081569249
"IND477",0.00430528450182174
"IND4780",0.775701326008942
"IND4781",-1.88258277536504
"IND4782",-0.0789215125598569
"IND4783",0.219330017125293
"IND4784",2.16352754453346
"IND4785",0.0716036096328142
"IND4786",0.883921292935794
"IND4787",-0.0355767452880244
"IND4788",0.730648020308096
"IND4789",2.91184575806033
"IND478",1.42162266259013
"IND4790",0.92937973753468
"IND4791",-0.809307128840295
"IND4792",-0.315202964004386
"IND4793",0.73171188553677
"IND4794",-0.725288538580174
"IND4795",0.261214753626626
"IND4796",1.06051708493582
"IND4797",-1.83891339062014
"IND4798",1.42572112929382
"IND4799",0.783535043312921
"IND479",-0.700836797618183
"IND47",-0.517452187550753
"IND4800",-0.305831092596122
"IND4801",0.431750430669129
"IND4802",-0.357172242710718
"IND4803",2.2252359556328
"IND4804",1.70039691187363
"IND4805",-0.643352781685084
"IND4806",0.134247850649759
"IND4807",-0.0609622974876601
"IND4808",-0.573883239155044
"IND4809",0.00310394392642603
"IND480",-1.28472432066518
"IND4810",0.9498049183194
"IND4811",1.28438412129895
"IND4812",1.93444987329609
"IND4813",0.280082278780627
"IND4814",1.6820865281587
"IND4815",0.876865858651593
"IND4816",1.26602062335245
"IND4817",0.693650117549914
"IND4818",1.05989742633378
"IND4819",0.383874923166322
"IND481",0.500504604033588
"IND4820",-0.353285000865119
"IND4821",1.91327863322087
"IND4822",-1.2913121097653
"IND4823",-0.671288203332818
"IND4824",1.62964253993894
"IND4825",-0.950407426944307
"IND4826",0.785395551037625
"IND4827",0.41752816210228
"IND4828",2.64745166493539
"IND4829",0.971602001803269
"IND482",-0.0244565496919304
"IND4830",-0.0398300496689218
"IND4831",-0.878581567871541
"IND4832",0.0192892621785415
"IND4833",-0.905063804496051
"IND4834",0.224735110255187
"IND4835",-0.424621804011983
"IND4836",-0.783536970295623
"IND4837",-0.785970221482071
"IND4838",-0.9044724044325
"IND4839",1.65130537083851
"IND483",-0.312304709846441
"IND4840",0.979570612438021
"IND4841",1.95413629509188
"IND4842",0.168242130578018
"IND4843",0.583563579327539
"IND4844",1.26682054163833
"IND4845",-1.92783660231285
"IND4846",-0.252197579075161
"IND4847",-1.80086495900785
"IND4848",1.59591881491321
"IND4849",-0.300665769103961
"IND484",-0.213907412942959
"IND4850",1.40479895456212
"IND4851",-0.504440536246618
"IND4852",-0.337775673167542
"IND4853",0.822130222168621
"IND4854",-0.868318662522441
"IND4855",0.369069636020734
"IND4856",1.70616648714053
"IND4857",-0.271887434622402
"IND4858",-0.0167935889184525
"IND4859",-0.232389954817348
"IND485",1.6356860129114
"IND4860",1.60585986644943
"IND4861",-1.27208028915507
"IND4862",0.62373873219775
"IND4863",0.826738001610714
"IND4864",-0.884286204362495
"IND4865",-0.012096828496668
"IND4866",0.460930764256144
"IND4867",0.698281885370726
"IND4868",1.3406813691424
"IND4869",2.36590049831324
"IND486",0.502135536775038
"IND4870",0.0936718709170559
"IND4871",-1.75801024136111
"IND4872",0.987919241357799
"IND4873",2.10277187190753
"IND4874",-0.156416087622793
"IND4875",-0.112394983468404
"IND4876",0.332038056571242
"IND4877",0.65150268415189
"IND4878",-0.00581605472759106
"IND4879",0.209186836630365
"IND487",0.607787221559517
"IND4880",-0.646156560670572
"IND4881",0.578229241359785
"IND4882",1.72856237223745
"IND4883",1.55343463499418
"IND4884",-0.772830927733978
"IND4885",0.560827650538809
"IND4886",-0.0877592168634069
"IND4887",-0.81396185556801
"IND4888",1.60335431316284
"IND4889",-0.56581182554176
"IND488",-0.0959131585568084
"IND4890",0.276129724806661
"IND4891",-0.98176298473718
"IND4892",0.300402832131219
"IND4893",-2.34859400864328
"IND4894",-0.216065936772118
"IND4895",0.439401223769597
"IND4896",0.115959295218244
"IND4897",0.152997226889738
"IND4898",-0.609076870176627
"IND4899",-0.537944219430329
"IND489",-1.21004706417748
"IND48",-0.31753692007172
"IND4900",1.10834452654626
"IND4901",2.84236146461077
"IND4902",0.951322719850834
"IND4903",-0.886777149893024
"IND4904",2.00368941928316
"IND4905",0.832247859775351
"IND4906",1.80714235836623
"IND4907",-0.88084173349707
"IND4908",0.960955774195077
"IND4909",0.921010695974475
"IND490",-1.11309123411792
"IND4910",1.12021386126947
"IND4911",-1.02531852822141
"IND4912",1.14432932878904
"IND4913",-1.15960229838192
"IND4914",-0.354981806146602
"IND4915",0.372745131612641
"IND4916",1.22465481429038
"IND4917",-0.0588566644472414
"IND4918",1.57118842315548
"IND4919",0.235902601342424
"IND491",1.34229909135809
"IND4920",0.0725751188317769
"IND4921",-0.867951050567418
"IND4922",1.52560846179913
"IND4923",1.86214364957706
"IND4924",0.935734351225857
"IND4925",-0.645266345039878
"IND4926",-0.167015714403497
"IND4927",-1.43564010838318
"IND4928",-0.36283290182801
"IND4929",2.47340065165182
"IND492",0.414249616526547
"IND4930",0.254800830722162
"IND4931",2.0014513578707
"IND4932",1.78677492717655
"IND4933",1.89089503952091
"IND4934",0.491785253525701
"IND4935",1.00806081101137
"IND4936",-0.176851072266604
"IND4937",0.158732192561271
"IND4938",-1.02238204551309
"IND4939",-1.0893135577332
"IND493",2.09837231313368
"IND4940",-0.280067958303805
"IND4941",2.11001949274359
"IND4942",0.565225088017595
"IND4943",1.30847294757556
"IND4944",0.673060575946069
"IND4945",-1.34858463760946
"IND4946",-0.638203561529306
"IND4947",-0.00698108734720498
"IND4948",1.44512572310943
"IND4949",0.189574014925874
"IND494",-0.94084169612784
"IND4950",-0.112862430894873
"IND4951",-1.27584317416268
"IND4952",-0.533199941873907
"IND4953",1.00299654929407
"IND4954",0.390331080445845
"IND4955",1.40598833378035
"IND4956",-0.403480615912914
"IND4957",1.25007631499426
"IND4958",0.651315295076041
"IND4959",0.466513051098097
"IND495",-0.327435444247864
"IND4960",0.637926461663354
"IND4961",0.405060006361346
"IND4962",2.44578065585987
"IND4963",-0.386627159195071
"IND4964",-0.0140226369034613
"IND4965",1.43195709789883
"IND4966",0.234723476712047
"IND4967",-1.89758595864733
"IND4968",1.06542794794044
"IND4969",0.330091444374936
"IND496",0.92010088938215
"IND4970",1.73484238417452
"IND4971",1.90003177094736
"IND4972",-1.86099670560478
"IND4973",1.14364182604259
"IND4974",1.52449950477825
"IND4975",1.32030944480463
"IND4976",0.732513884428512
"IND4977",-0.784812090178018
"IND4978",0.990743699952127
"IND4979",-0.43016298084661
"IND497",-0.651081143939434
"IND4980",1.21019957781476
"IND4981",0.863727619183091
"IND4982",0.162502830567667
"IND4983",-1.15021813846007
"IND4984",0.0142286071989981
"IND4985",0.723775512922017
"IND4986",2.33381038101959
"IND4987",-0.355291780478114
"IND4988",-1.30286750383274
"IND4989",0.422776035244236
"IND498",0.326975911170749
"IND4990",0.23524919290051
"IND4991",1.67274201453168
"IND4992",1.60345597401121
"IND4993",1.66917134926541
"IND4994",-0.767987831618846
"IND4995",0.537971264043483
"IND4996",-0.959007593003824
"IND4997",1.79010565759232
"IND4998",1.24277472623235
"IND4999",0.782038432136871
"IND499",1.27011881847017
"IND49",0.724618858146751
"IND4",1.2772612215471
"IND5000",-0.336116402664663
"IND500",0.955867550432833
"IND501",-0.300256098015877
"IND502",1.52026904337224
"IND503",-0.0383795806042468
"IND504",-0.804846685048501
"IND505",0.316061204579184
"IND506",0.380600951044389
"IND507",-0.00382162688118404
"IND508",-1.05637377241424
"IND509",0.828620480443046
"IND50",0.731206880303203
"IND510",1.01019931354396
"IND511",-1.39141363164385
"IND512",0.839574186942087
"IND513",-0.976872333053322
"IND514",-0.424881959072729
"IND515",-0.0950398084934
"IND516",-0.739102938751211
"IND517",1.11794783015867
"IND518",2.15985340545562
"IND519",0.5266133425716
"IND51",0.738425017803905
"IND520",-1.31294756879395
"IND521",1.65745385173844
"IND522",0.586209017625522
"IND523",0.547615108191338
"IND524",0.389698133067967
"IND525",1.00665219479452
"IND526",1.02303937056052
"IND527",0.444485000337718
"IND528",0.0907759302726553
"IND529",-0.184855986043741
"IND52",0.404760238919902
"IND530",-0.122598687863844
"IND531",-0.0520125679064538
"IND532",0.850247825709084
"IND533",-0.113113250437546
"IND534",1.05541992196468
"IND535",1.50918505083735
"IND536",1.39067509901319
"IND537",1.50474155098179
"IND538",-0.483128637387908
"IND539",-0.721898440402682
"IND53",0.605447600101914
"IND540",0.849503630917044
"IND541",0.918907846737928
"IND542",1.36268500943524
"IND543",-0.272778297834539
"IND544",0.541217478287672
"IND545",1.16548201622779
"IND546",-0.388561962261101
"IND547",-0.783986727933697
"IND548",-0.578515501192533
"IND549",-0.579720745374004
"IND54",1.13344115752348
"IND550",-1.44533209673543
"IND551",0.716634654718297
"IND552",-0.578704079160442
"IND553",-0.408825094047899
"IND554",0.186646222341029
"IND555",0.00542353348873369
"IND556",-1.3749730168306
"IND557",0.303451620717354
"IND558",-0.350974763896664
"IND559",-0.331242565212416
"IND55",0.100119421067351
"IND560",0.240348741345592
"IND561",0.732712685543757
"IND562",-0.725249742522867
"IND563",-0.24658722123003
"IND564",0.872888273500176
"IND565",0.977508729463391
"IND566",-1.75895875843839
"IND567",-0.12346360489842
"IND568",-0.831600784619984
"IND569",1.35166496749573
"IND56",-0.560510153699524
"IND570",1.21673654642154
"IND571",0.4643571179525
"IND572",-1.01662127552925
"IND573",2.28214133013538
"IND574",0.506622169240046
"IND575",1.23903321585423
"IND576",-1.46745412598127
"IND577",0.184370302136132
"IND578",0.207831581589002
"IND579",-0.592013903520114
"IND57",-0.765694479391768
"IND580",0.269198299529786
"IND581",0.525113555211395
"IND582",0.731291761092576
"IND583",-0.414014854838511
"IND584",-0.120940486987959
"IND585",0.370420779126014
"IND586",1.62381541105499
"IND587",1.92329989021523
"IND588",-0.236531668075853
"IND589",-0.652470662608924
"IND58",0.557509594074033
"IND590",0.584648414159218
"IND591",0.966187447145502
"IND592",0.412924617256794
"IND593",3.43164425181821
"IND594",-0.052660508849711
"IND595",-0.562782268648
"IND596",0.0144919076824047
"IND597",1.58274373248278
"IND598",-0.233280323454999
"IND599",-1.63445252966355
"IND59",-0.0650544924391191
"IND5",1.2338107817103
"IND600",3.12056989540159
"IND601",-1.16789084744954
"IND602",-0.772783446749767
"IND603",0.630162965295695
"IND604",-0.267949420593412
"IND605",0.927364125817684
"IND606",-0.18979373516756
"IND607",0.605732874549159
"IND608",-1.03467740709868
"IND609",0.0679556499143824
"IND60",0.786831409840621
"IND610",-1.24624954003719
"IND611",0.572075615425034
"IND612",0.0820053246614524
"IND613",-1.06555802352179
"IND614",0.220827831108059
"IND615",-0.513761215529838
"IND616",0.506516199986769
"IND617",2.62303892078321
"IND618",-1.82830143021624
"IND619",0.565479174481744
"IND61",-1.62626791393776
"IND620",-0.528637575250075
"IND621",1.41261915505653
"IND622",0.968077089029215
"IND623",1.45368815129934
"IND624",0.317042060558328
"IND625",0.622024304467872
"IND626",-0.274803861898117
"IND627",-0.064018737184541
"IND628",0.999830879296792
"IND629",0.620309158314625
"IND62",2.41951201550152
"IND630",3.0123062539433
"IND631",-0.779814349276673
"IND632",0.668967287508111
"IND633",1.78153960342337
"IND634",-0.0909541984248615
"IND635",-0.00244686830547737
"IND636",-0.497981686367677
"IND637",-0.719725249733691
"IND638",0.120469663785513
"IND639",-0.206298389749923
"IND63",0.684154128578571
"IND640",-0.27564073946555
"IND641",0.683497363378007
"IND642",1.90295007773047
"IND643",-0.105024987650069
"IND644",0.442673590957646
"IND645",0.987574688169218
"IND646",-0.271115795801587
"IND647",-1.4845691520621
"IND648",-0.622950447750557
"IND649",-0.0511931657896795
"IND64",1.12202443466147
"IND650",2.37635258136687
"IND651",-1.49303194973212
"IND652",-0.720160741371903
"IND653",0.377747268946683
"IND654",-0.500557323850702
"IND655",1.59408592977059
"IND656",1.07527615737881
"IND657",1.6551542253715
"IND658",-0.200303956044105
"IND659",-0.77411437516885
"IND65",0.665711960523036
"IND660",0.557719177261094
"IND661",-1.03649709418971
"IND662",1.80967014015197
"IND663",-1.88610144884827
"IND664",-0.76168102665577
"IND665",-0.132043366365503
"IND666",-2.47332688041613
"IND667",-0.00749459837598754
"IND668",2.27460759808372
"IND669",0.531625772762066
"IND66",1.09313993759681
"IND670",-0.529665765929971
"IND671",-0.0716484878220912
"IND672",1.31601631999013
"IND673",-1.03105086936618
"IND674",3.10929634243408
"IND675",-0.64311514774177
"IND676",0.0804739942418574
"IND677",-2.18601353862388
"IND678",-0.420663421676448
"IND679",0.0353635610231122
"IND67",-1.20140788809957
"IND680",-0.24275982537888
"IND681",-0.519840307361927
"IND682",1.141856075794
"IND683",-0.16297534145012
"IND684",-0.428357138670435
"IND685",0.797441585381083
"IND686",-0.920341112912664
"IND687",0.440034620594748
"IND688",0.792220324556691
"IND689",-1.77863995413758
"IND68",-0.0407529141966396
"IND690",0.0416777203649074
"IND691",0.117329503118489
"IND692",-0.710878296903853
"IND693",1.67357449708247
"IND694",0.739828440188875
"IND695",-1.06629614709773
"IND696",-0.34958890538757
"IND697",-0.120308505745281
"IND698",-0.283773706194335
"IND699",1.15609988799373
"IND69",0.125860520624199
"IND6",0.363638693555612
"IND700",0.736163153323878
"IND701",-0.0579531137478098
"IND702",-2.54739600430236
"IND703",-1.03264837562
"IND704",2.4682791950742
"IND705",-0.140635759693004
"IND706",-0.515645199486928
"IND707",0.08000725110869
"IND708",-0.689556101168588
"IND709",-0.173745639718612
"IND70",-0.366173007990527
"IND710",0.0146992379775156
"IND711",2.66736980850681
"IND712",0.4587059142887
"IND713",-0.218958300439063
"IND714",-0.949142951051966
"IND715",0.717255681533321
"IND716",0.145785280576813
"IND717",1.14547380188461
"IND718",-0.766407002374824
"IND719",0.705592893523126
"IND71",0.0980848655483221
"IND720",1.4528655319573
"IND721",-2.21030518736997
"IND722",1.8362587097563
"IND723",2.14666058003123
"IND724",-1.04466140679491
"IND725",1.72257093710437
"IND726",-0.373967638809217
"IND727",0.43656403240488
"IND728",0.502300031251102
"IND729",-0.47553998487481
"IND72",-1.56832956173919
"IND730",1.06512748048433
"IND731",1.352226918144
"IND732",0.911109061958807
"IND733",-0.782982687710287
"IND734",-1.74536633303054
"IND735",0.226607731149391
"IND736",2.21016572380461
"IND737",0.0287420861604263
"IND738",-0.206331254235076
"IND739",-0.261068495026245
"IND73",0.478437506038083
"IND740",0.791341645606857
"IND741",1.17478660802759
"IND742",-0.693318921387165
"IND743",2.03573246159421
"IND744",0.278617173832503
"IND745",0.274587948398932
"IND746",1.13317817680631
"IND747",2.18481242953497
"IND748",2.36655413169787
"IND749",1.53357829887402
"IND74",-0.033597208134118
"IND750",0.796478011872624
"IND751",0.169404335851332
"IND752",1.13825819493063
"IND753",-0.76055600764851
"IND754",-0.17582505629197
"IND755",-0.676445883632965
"IND756",-2.64408026159838
"IND757",-2.46961126371062
"IND758",-2.16490725311174
"IND759",1.24325211830927
"IND75",-0.241937409281532
"IND760",0.487574707583408
"IND761",-0.297188032255534
"IND762",1.89575821189251
"IND763",-0.201895703072674
"IND764",0.971159728176464
"IND765",0.946856711413137
"IND766",0.356762207687908
"IND767",2.39316545543217
"IND768",0.458887869626963
"IND769",0.973892072594332
"IND76",0.771414369726224
"IND770",0.529675813133455
"IND771",0.171911689663599
"IND772",-0.367740390926961
"IND773",1.82864451305618
"IND774",0.876662468203109
"IND775",2.11935192214374
"IND776",2.08321209784092
"IND777",2.29775882314494
"IND778",-1.30659259319528
"IND779",-1.16176381828035
"IND77",0.286888564294307
"IND780",0.733824048030188
"IND781",1.27042920704053
"IND782",0.186666920131147
"IND783",-1.62263931806297
"IND784",0.0471887152134118
"IND785",0.951317865273897
"IND786",0.749521728381435
"IND787",1.50599593637399
"IND788",0.410183884184896
"IND789",-1.11918904349089
"IND78",0.15791961674166
"IND790",0.528355563135684
"IND791",0.63467185612914
"IND792",0.927047967390417
"IND793",-0.04777979805846
"IND794",1.20557287321945
"IND795",1.94848830429242
"IND796",-0.100910291030077
"IND797",-0.438055948095064
"IND798",1.30692162034337
"IND799",-1.35083779511635
"IND79",0.93385123750665
"IND7",1.64338580760423
"IND800",-1.01261300522478
"IND801",1.41767211215737
"IND802",1.9304814096314
"IND803",-0.297353071378204
"IND804",1.38337617536072
"IND805",1.10497119321289
"IND806",2.5132398777631
"IND807",-2.0761247810125
"IND808",-0.9799445873701
"IND809",-0.0945921863381897
"IND80",0.656435063849551
"IND810",0.417004506943519
"IND811",1.06144077335549
"IND812",-0.375526430117147
"IND813",0.231482465740902
"IND814",-0.59545663283435
"IND815",0.248659974498573
"IND816",-1.31508331219861
"IND817",-0.0844910027015212
"IND818",0.43093939085916
"IND819",-1.3309585138438
"IND81",2.14083437514153
"IND820",0.441794889005316
"IND821",-0.892096401165196
"IND822",-0.165555328586392
"IND823",1.26408825948127
"IND824",1.46311645022471
"IND825",0.49853521519232
"IND826",0.91543751561673
"IND827",0.700350514357906
"IND828",1.09687262966596
"IND829",0.0545335525519002
"IND82",-0.0349317517227854
"IND830",0.0742339755428651
"IND831",0.0112230447364683
"IND832",1.18495335600193
"IND833",2.19640226843423
"IND834",-1.16835279010147
"IND835",0.327330690680955
"IND836",0.917519736297659
"IND837",-0.457778928320643
"IND838",-0.409334719561323
"IND839",1.90438227488016
"IND83",-1.25731337217446
"IND840",0.0507280389323111
"IND841",-1.19675385894694
"IND842",-0.844532280708263
"IND843",-0.49616573554017
"IND844",-0.611305991242535
"IND845",0.603324194822948
"IND846",1.62322258497081
"IND847",-1.51034062535765
"IND848",-1.94692818211197
"IND849",0.550740502624727
"IND84",2.10947868485314
"IND850",-0.645067126018175
"IND851",1.85880653415311
"IND852",-1.06736508545701
"IND853",0.677333893208367
"IND854",-0.516541098485337
"IND855",1.70356931084729
"IND856",-0.932840662383373
"IND857",1.3678934853705
"IND858",1.57036497181214
"IND859",-0.473852334226616
"IND85",-0.0283095629165838
"IND860",-0.527987348937125
"IND861",1.20368196243806
"IND862",1.36782275886745
"IND863",-1.95589848432696
"IND864",0.640239942421053
"IND865",-0.0770921700733429
"IND866",1.3568177267011
"IND867",0.947936251060713
"IND868",-0.0245952446184263
"IND869",-1.61018473794948
"IND86",-0.655080782063646
"IND870",1.15038961823695
"IND871",-0.150676255900244
"IND872",-0.369398214293527
"IND873",0.959465831439123
"IND874",0.271802440133394
"IND875",1.68999855688775
"IND876",0.797077964831899
"IND877",0.514503984529587
"IND878",0.0306060639483987
"IND879",0.264171989732016
"IND87",1.82557196744433
"IND880",0.89414161156937
"IND881",0.462930156504682
"IND882",1.52827894092254
"IND883",0.864218423382442
"IND884",1.58773428809567
"IND885",0.656356531347527
"IND886",0.828982162008682
"IND887",-0.389172248526158
"IND888",-1.18850359212395
"IND889",-0.556973325189899
"IND88",1.05149414592778
"IND890",2.4392957019138
"IND891",2.07124617884109
"IND892",0.152558567822229
"IND893",0.432855210808554
"IND894",1.37215155658776
"IND895",2.46758200368936
"IND896",0.925074027421359
"IND897",1.39698658025607
"IND898",-1.89353133945399
"IND899",2.03143336593161
"IND89",-0.813808298748357
"IND8",-1.96552381128502
"IND900",-0.0292090238976728
"IND901",1.75351234632842
"IND902",-1.24893266984595
"IND903",2.25047244766541
"IND904",1.23114283211095
"IND905",0.0566405526666707
"IND906",2.27186126326203
"IND907",0.263048225735472
"IND908",0.248073174506455
"IND909",0.0249828773427789
"IND90",0.358511827488602
"IND910",1.30693269526796
"IND911",0.701161847846788
"IND912",1.76799049834943
"IND913",0.0570804335266535
"IND914",2.22146993117726
"IND915",-0.784194082965849
"IND916",0.78505128319774
"IND917",0.223265148053889
"IND918",0.551452746698192
"IND919",-0.585704861956146
"IND91",-0.514870580908928
"IND920",1.12290983182616
"IND921",-0.416946346078275
"IND922",-0.672493715970215
"IND923",1.35528510934211
"IND924",0.111981501155604
"IND925",1.46554565829725
"IND926",1.97641554110048
"IND927",0.426464834534519
"IND928",1.39672508751977
"IND929",1.71388032598213
"IND92",-0.370731613838838
"IND930",-0.812809789749821
"IND931",-1.76475725745465
"IND932",-0.675331573089905
"IND933",-0.565144962140636
"IND934",-0.286662174576372
"IND935",1.43011569360229
"IND936",1.37178637055389
"IND937",0.432434823326727
"IND938",-0.864672773390959
"IND939",0.771699867369608
"IND93",2.17774443899796
"IND940",-1.33122696995735
"IND941",-0.0426496814448418
"IND942",0.472517973899135
"IND943",2.57467354149948
"IND944",2.28555034673222
"IND945",-1.60069928119247
"IND946",2.23456171252958
"IND947",2.24866662688959
"IND948",1.1075521550499
"IND949",-0.248419390964843
"IND94",1.06267361261515
"IND950",-0.487679345945833
"IND951",-1.64691869660329
"IND952",1.93878092883633
"IND953",0.79042390065535
"IND954",-0.0831673658395723
"IND955",1.55509315708529
"IND956",1.39537879252989
"IND957",0.113385829715729
"IND958",-0.859946245856175
"IND959",1.37041949528675
"IND95",0.347349746176758
"IND960",0.589802432755947
"IND961",1.25566425361033
"IND962",1.9229687792603
"IND963",-0.862763483442117
"IND964",0.0524951272995098
"IND965",1.56575124131772
"IND966",0.599881746905669
"IND967",0.783552307065836
"IND968",1.20034565828307
"IND969",-0.284328946392202
"IND96",-1.18441561271522
"IND970",0.734280351294089
"IND971",-0.259896818275544
"IND972",-0.940721921464907
"IND973",-0.206314415815913
"IND974",-1.16545605339572
"IND975",0.00389779935692161
"IND976",-0.33398442170445
"IND977",-0.236410532616903
"IND978",-0.0966882573099982
"IND979",-0.135906368452524
"IND97",0.215172872732122
"IND980",0.264278044259567
"IND981",0.0110617315061548
"IND982",0.385747560386077
"IND983",1.15546219065029
"IND984",-0.155927509981329
"IND985",-0.768535428276256
"IND986",0.829305453593673
"IND987",-0.285224546214365
"IND988",1.30193529735019
"IND989",-0.519077409887776
"IND98",2.29637148465997
"IND990",0.130024998864326
"IND991",2.84924245551474
"IND992",-0.680780700541128
"IND993",-1.76825893704297
"IND994",1.21427076519384
"IND995",-1.86693103949461
"IND996",1.77768549231227
"IND997",0.245042930158987
"IND998",0.826314380195883
"IND999",0.0278693848360451
"IND99",2.83978296035866
"IND9",1.02814133771283
